nct_id,study_type,phase,overall_status,enrollment,start_date,completion_date
NCT100000000,Interventional,Phase 3,Completed,27,2022-08-10,2025-09-24
NCT100000001,Interventional,Phase 3,Completed,10,2012-05-30,2015-01-03
NCT100000002,Interventional,Phase 1,Completed,33,2012-12-02,2015-10-05
NCT100000003,Interventional,Phase 1,"Active, not recruiting",276,2020-08-28,
NCT100000004,Interventional,Phase 2,Unknown status,33,2017-08-26,
NCT100000005,Interventional,Phase 1,Withdrawn,16,2019-04-27,2020-07-27
NCT100000006,Interventional,Phase 4,Completed,41,2022-05-15,2025-10-21
NCT100000007,Interventional,Phase 1,Withdrawn,60,2022-09-03,2023-09-24
NCT100000008,Interventional,Phase 3,Completed,93,2013-04-25,2015-06-21
NCT100000009,Interventional,Phase 2,Completed,329,2018-01-16,2020-03-19
NCT100000010,Interventional,Phase 2,Completed,190,2014-05-28,2017-04-11
NCT100000011,Interventional,Phase 3,Completed,107,2021-07-03,2023-07-27
NCT100000012,Interventional,Phase 1,Terminated,71,2016-10-23,2018-01-22
NCT100000013,Interventional,Phase 2,Completed,59,2013-12-31,2016-06-22
NCT100000014,Interventional,Phase 2,Completed,36,2021-07-29,2023-07-06
NCT100000015,Interventional,Phase 4,Completed,502,2013-02-04,2014-11-20
NCT100000016,Interventional,Phase 1,Recruiting,61,2019-06-24,
NCT100000017,Interventional,Phase 2,Completed,176,2020-07-08,2023-05-12
NCT100000018,Interventional,Phase 3,Completed,52,2011-06-18,2014-09-09
NCT100000019,Interventional,Phase 2,Unknown status,24,2023-10-19,
NCT100000020,Interventional,Phase 3,Completed,159,2011-11-16,2014-06-25
NCT100000021,Interventional,Phase 2,Recruiting,108,2019-05-10,
NCT100000022,Interventional,Phase 2,Completed,63,2020-12-18,2023-07-31
NCT100000023,Interventional,Phase 4,Completed,33,2011-05-05,2012-12-19
NCT100000024,Interventional,Phase 1,Terminated,91,2013-06-02,2014-06-13
NCT100000025,Interventional,Phase 2,Completed,80,2017-09-10,2019-08-29
NCT100000026,Interventional,Phase 4,Completed,8,2016-06-05,2017-12-31
NCT100000027,Interventional,Phase 1,Terminated,31,2024-08-17,2025-04-17
NCT100000028,Interventional,Phase 1,Completed,137,2022-09-05,2024-03-09
NCT100000029,Interventional,Phase 1,Completed,35,2012-06-12,2015-04-01
NCT100000030,Interventional,Phase 2,Recruiting,73,2015-08-04,
NCT100000031,Interventional,Phase 2,"Active, not recruiting",17,2013-08-26,
NCT100000032,Interventional,Phase 2,"Active, not recruiting",48,2022-05-18,
NCT100000033,Interventional,Phase 2,Completed,92,2017-06-25,2021-04-08
NCT100000034,Interventional,Phase 3,Completed,68,2012-04-07,2014-12-07
NCT100000035,Interventional,Phase 1,Completed,135,2015-12-12,2019-05-29
NCT100000036,Interventional,Phase 4,Recruiting,31,2013-07-23,
NCT100000037,Interventional,Phase 3,Completed,18,2019-09-19,2022-09-26
NCT100000038,Interventional,Phase 3,Completed,27,2025-05-17,2025-12-31
NCT100000039,Interventional,Phase 4,Completed,2568,2018-04-19,2020-12-16
NCT100000040,Interventional,Phase 2,Terminated,76,2018-02-06,2018-09-19
NCT100000041,Interventional,Phase 1,Terminated,45,2017-08-01,2018-12-14
NCT100000042,Interventional,Phase 1,Withdrawn,27,2013-02-07,2013-06-19
NCT100000043,Interventional,Phase 1,Terminated,77,2015-03-21,2017-02-10
NCT100000044,Interventional,Phase 2,Completed,50,2012-08-13,2014-03-02
NCT100000045,Interventional,Phase 1,Recruiting,781,2019-04-28,
NCT100000046,Interventional,Phase 2,Unknown status,155,2023-06-12,
NCT100000047,Interventional,Phase 3,Completed,262,2015-10-04,2018-07-23
NCT100000048,Interventional,Phase 2,"Active, not recruiting",42,2014-11-03,
NCT100000049,Interventional,Phase 3,Completed,53,2013-06-20,2015-03-31
NCT100000050,Interventional,Phase 3,Completed,508,2024-05-16,2026-12-29
NCT100000051,Interventional,Phase 2,Terminated,279,2018-10-13,2019-10-08
NCT100000052,Interventional,Phase 2,Recruiting,93,2016-08-08,
NCT100000053,Interventional,Phase 3,Completed,111,2022-03-14,2023-12-24
NCT100000054,Interventional,Phase 4,"Active, not recruiting",470,2012-11-03,
NCT100000055,Interventional,Phase 3,Terminated,57,2013-04-19,2015-02-25
NCT100000056,Interventional,Phase 3,"Active, not recruiting",32,2013-12-12,
NCT100000057,Interventional,Phase 2,"Active, not recruiting",33,2022-08-29,
NCT100000058,Interventional,Phase 2,Completed,74,2018-07-06,2021-01-10
NCT100000059,Interventional,Phase 2,Terminated,122,2012-12-23,2013-05-17
NCT100000060,Interventional,Phase 1,Completed,11,2021-05-31,2022-12-14
NCT100000061,Interventional,Phase 3,Completed,19,2021-09-24,2024-04-02
NCT100000062,Interventional,Phase 1,Completed,51,2024-11-29,2026-10-10
NCT100000063,Interventional,Phase 2,Unknown status,290,2020-12-10,
NCT100000064,Interventional,Phase 3,Completed,40,2015-04-19,2017-08-21
NCT100000065,Interventional,Phase 2,Withdrawn,25,2020-07-04,2021-06-08
NCT100000066,Interventional,Phase 2,Completed,779,2025-06-29,2025-12-31
NCT100000067,Interventional,Phase 2,Completed,45,2018-01-04,2020-07-04
NCT100000068,Interventional,Phase 3,Recruiting,24,2023-06-10,
NCT100000069,Interventional,Phase 3,Completed,48,2014-06-28,2016-05-05
NCT100000070,Interventional,Phase 1,Completed,48,2020-01-17,2021-08-01
NCT100000071,Interventional,Phase 2,Completed,8,2024-01-05,2025-12-31
NCT100000072,Interventional,Phase 1,Completed,542,2022-03-10,2025-12-31
NCT100000073,Interventional,Phase 1,Recruiting,83,2019-12-01,
NCT100000074,Interventional,Phase 4,Completed,28,2023-05-15,2025-07-13
NCT100000075,Interventional,Phase 4,Terminated,34,2013-06-25,2014-05-11
NCT100000076,Interventional,Phase 2,"Active, not recruiting",66,2011-04-26,
NCT100000077,Interventional,Phase 3,Recruiting,47,2013-08-14,
NCT100000078,Interventional,Phase 1,Completed,288,2019-11-13,2022-01-27
NCT100000079,Interventional,Phase 1,Completed,90,2018-07-26,2020-03-10
NCT100000080,Interventional,Phase 2,Completed,2289,2013-09-21,2018-02-20
NCT100000081,Interventional,Phase 4,"Active, not recruiting",37,2017-03-30,
NCT100000082,Interventional,Phase 4,Completed,121,2016-08-08,2018-04-09
NCT100000083,Interventional,Phase 3,Completed,99,2011-10-12,2013-05-07
NCT100000084,Interventional,Phase 2,Recruiting,13,2024-07-15,
NCT100000085,Interventional,Phase 4,Completed,75,2023-01-11,2025-05-27
NCT100000086,Interventional,Phase 1,"Active, not recruiting",67,2013-01-07,
NCT100000087,Interventional,Phase 2,Completed,488,2018-09-17,2019-10-18
NCT100000088,Interventional,Phase 1,Completed,126,2020-08-04,2022-06-04
NCT100000089,Interventional,Phase 1,Unknown status,656,2017-04-02,
NCT100000090,Interventional,Phase 3,Completed,160,2016-07-06,2018-10-14
NCT100000091,Interventional,Phase 2,Completed,61,2021-04-14,2024-09-21
NCT100000092,Interventional,Phase 4,Completed,348,2018-03-19,2020-11-23
NCT100000093,Interventional,Phase 2,Completed,153,2020-10-14,2022-10-31
NCT100000094,Interventional,Phase 3,Withdrawn,280,2015-04-28,2015-12-23
NCT100000095,Interventional,Phase 2,Completed,97,2023-11-29,2025-12-31
NCT100000096,Interventional,Phase 3,Unknown status,208,2021-11-19,
NCT100000097,Interventional,Phase 2,Unknown status,50,2025-01-14,
NCT100000098,Interventional,Phase 2,Terminated,28,2025-05-19,2025-12-31
NCT100000099,Interventional,Phase 4,Completed,28,2022-12-04,2025-04-14
NCT100000100,Interventional,Phase 2,Completed,128,2012-06-04,2015-09-16
NCT100000101,Interventional,Phase 4,Completed,79,2017-12-27,2020-05-17
NCT100000102,Interventional,Phase 1,Terminated,5,2018-05-20,2018-12-24
NCT100000103,Interventional,Phase 3,Recruiting,491,2012-10-03,
NCT100000104,Interventional,Phase 3,Completed,238,2020-11-12,2022-12-26
NCT100000105,Interventional,Phase 2,Completed,73,2016-01-02,2018-06-08
NCT100000106,Interventional,Phase 1,Completed,75,2016-06-18,2018-06-11
NCT100000107,Interventional,Phase 1,Recruiting,26,2025-01-15,
NCT100000108,Interventional,Phase 4,Completed,347,2016-09-30,2018-08-09
NCT100000109,Interventional,Phase 3,Completed,237,2022-09-14,2025-03-18
NCT100000110,Interventional,Phase 3,Completed,156,2021-10-06,2024-09-16
NCT100000111,Interventional,Phase 2,Unknown status,8,2020-07-21,
NCT100000112,Interventional,Phase 2,Terminated,53,2019-10-28,2020-10-03
NCT100000113,Interventional,Phase 4,Completed,21,2023-05-19,2024-11-01
NCT100000114,Interventional,Phase 3,"Active, not recruiting",164,2015-07-12,
NCT100000115,Interventional,Phase 2,Unknown status,17,2022-09-19,
NCT100000116,Interventional,Phase 3,Completed,95,2025-12-14,2025-12-31
NCT100000117,Interventional,Phase 2,Completed,72,2012-08-05,2015-06-26
NCT100000118,Interventional,Phase 3,Withdrawn,40,2011-06-08,2012-05-17
NCT100000119,Interventional,Phase 2,Withdrawn,57,2013-12-21,2015-02-08
NCT100000120,Interventional,Phase 1,Recruiting,233,2011-01-30,
NCT100000121,Interventional,Phase 3,Unknown status,10,2020-02-02,
NCT100000122,Interventional,Phase 1,Completed,6,2014-07-30,2016-03-23
NCT100000123,Interventional,Phase 1,"Active, not recruiting",69,2024-11-30,
NCT100000124,Interventional,Phase 3,Completed,414,2021-06-21,2023-12-03
NCT100000125,Interventional,Phase 3,Completed,426,2018-07-26,2021-02-18
NCT100000126,Interventional,Phase 3,Completed,8,2013-04-30,2015-04-10
NCT100000127,Interventional,Phase 3,Completed,615,2021-08-24,2023-05-10
NCT100000128,Interventional,Phase 4,Completed,155,2020-03-30,2022-06-26
NCT100000129,Interventional,Phase 2,Completed,44,2013-08-06,2015-06-30
NCT100000130,Interventional,Phase 3,Completed,147,2017-11-16,2020-03-29
NCT100000131,Interventional,Phase 1,Withdrawn,284,2013-03-06,2013-11-09
NCT100000132,Interventional,Phase 1,Completed,61,2021-06-30,2024-07-27
NCT100000133,Interventional,Phase 3,Unknown status,134,2018-08-16,
NCT100000134,Interventional,Phase 2,Completed,980,2018-02-10,2020-06-01
NCT100000135,Interventional,Phase 1,Recruiting,19,2015-07-28,
NCT100000136,Interventional,Phase 2,Completed,52,2020-02-29,2022-08-29
NCT100000137,Interventional,Phase 3,Withdrawn,5,2014-04-07,2014-12-07
NCT100000138,Interventional,Phase 2,Terminated,824,2017-04-10,2018-10-02
NCT100000139,Interventional,Phase 1,Completed,32,2019-06-27,2021-05-17
NCT100000140,Interventional,Phase 2,"Active, not recruiting",35,2015-09-29,
NCT100000141,Interventional,Phase 1,Completed,13,2019-03-28,2021-05-01
NCT100000142,Interventional,Phase 2,Recruiting,467,2018-09-09,
NCT100000143,Interventional,Phase 2,Completed,112,2024-04-17,2026-07-04
NCT100000144,Interventional,Phase 3,"Active, not recruiting",93,2022-12-30,
NCT100000145,Interventional,Phase 2,Withdrawn,193,2023-07-24,2025-01-09
NCT100000146,Interventional,Phase 3,Completed,96,2015-03-18,2017-06-29
NCT100000147,Interventional,Phase 2,Completed,61,2022-02-20,2023-05-19
NCT100000148,Interventional,Phase 2,Completed,167,2016-08-01,2018-05-16
NCT100000149,Interventional,Phase 2,"Active, not recruiting",48,2016-06-22,
NCT100000150,Interventional,Phase 2,"Active, not recruiting",94,2025-12-06,
NCT100000151,Interventional,Phase 2,Terminated,153,2015-08-31,2016-02-15
NCT100000152,Interventional,Phase 1,Terminated,81,2020-08-11,2021-10-23
NCT100000153,Interventional,Phase 2,Completed,23,2013-06-16,2016-06-23
NCT100000154,Interventional,Phase 2,Recruiting,18,2019-05-04,
NCT100000155,Interventional,Phase 2,Terminated,72,2025-11-07,2025-12-31
NCT100000156,Interventional,Phase 3,Withdrawn,64,2012-03-14,2013-04-29
NCT100000157,Interventional,Phase 2,"Active, not recruiting",30,2013-04-05,
NCT100000158,Interventional,Phase 1,Unknown status,151,2024-08-09,
NCT100000159,Interventional,Phase 3,Recruiting,187,2014-06-29,
NCT100000160,Interventional,Phase 2,Recruiting,336,2018-05-09,
NCT100000161,Interventional,Phase 2,Completed,20,2018-05-26,2019-09-28
NCT100000162,Interventional,Phase 3,Terminated,43,2020-07-24,2021-06-23
NCT100000163,Interventional,Phase 1,Terminated,15,2011-11-15,2013-01-08
NCT100000164,Interventional,Phase 3,Withdrawn,170,2023-09-01,2024-10-23
NCT100000165,Interventional,Phase 1,Unknown status,63,2018-07-28,
NCT100000166,Interventional,Phase 1,Recruiting,27,2019-10-22,
NCT100000167,Interventional,Phase 2,"Active, not recruiting",17,2016-02-09,
NCT100000168,Interventional,Phase 2,Completed,82,2016-12-23,2019-04-09
NCT100000169,Interventional,Phase 2,Completed,210,2016-01-31,2018-03-22
NCT100000170,Interventional,Phase 1,Unknown status,111,2017-09-21,
NCT100000171,Interventional,Phase 3,Completed,55,2019-12-23,2022-09-04
NCT100000172,Interventional,Phase 3,Recruiting,16,2020-07-03,
NCT100000173,Interventional,Phase 3,Recruiting,378,2020-04-21,
NCT100000174,Interventional,Phase 4,Recruiting,136,2022-06-03,
NCT100000175,Interventional,Phase 1,Completed,12,2021-10-22,2023-09-10
NCT100000176,Interventional,Phase 1,Terminated,662,2012-09-17,2013-02-28
NCT100000177,Interventional,Phase 3,Completed,574,2020-10-23,2022-08-04
NCT100000178,Interventional,Phase 1,"Active, not recruiting",6,2022-01-02,
NCT100000179,Interventional,Phase 1,Completed,55,2011-08-13,2013-05-10
NCT100000180,Interventional,Phase 1,Terminated,11,2017-12-22,2019-01-08
NCT100000181,Interventional,Phase 3,Completed,43,2012-04-09,2014-05-09
NCT100000182,Interventional,Phase 2,Recruiting,150,2023-05-04,
NCT100000183,Interventional,Phase 2,Completed,106,2016-08-03,2018-03-18
NCT100000184,Interventional,Phase 2,Completed,150,2021-09-12,2023-06-10
NCT100000185,Interventional,Phase 1,Completed,118,2023-01-05,2024-09-11
NCT100000186,Interventional,Phase 1,Terminated,56,2023-11-14,2024-10-17
NCT100000187,Interventional,Phase 4,Completed,28,2011-06-12,2013-07-01
NCT100000188,Interventional,Phase 2,Terminated,5,2014-07-25,2016-05-30
NCT100000189,Interventional,Phase 1,"Active, not recruiting",9,2015-06-26,
NCT100000190,Interventional,Phase 2,"Active, not recruiting",38,2016-12-14,
NCT100000191,Interventional,Phase 1,"Active, not recruiting",13,2024-04-18,
NCT100000192,Interventional,Phase 3,Completed,164,2012-04-09,2013-12-07
NCT100000193,Interventional,Phase 2,Completed,109,2025-12-24,2025-12-31
NCT100000194,Interventional,Phase 2,Completed,12,2019-08-16,2021-12-31
NCT100000195,Interventional,Phase 4,Recruiting,73,2018-06-15,
NCT100000196,Interventional,Phase 3,Completed,25,2016-06-24,2019-06-16
NCT100000197,Interventional,Phase 1,Completed,110,2017-10-19,2020-12-23
NCT100000198,Interventional,Phase 3,Completed,88,2025-05-21,2025-12-31
NCT100000199,Interventional,Phase 2,Completed,12,2024-06-14,2025-10-27
NCT100000200,Interventional,Phase 1,Completed,5,2018-12-10,2021-09-08
NCT100000201,Interventional,Phase 2,Recruiting,10,2015-06-29,
NCT100000202,Interventional,Phase 2,Completed,134,2015-11-02,2020-08-30
NCT100000203,Interventional,Phase 2,Completed,44,2022-11-17,2025-10-26
NCT100000204,Interventional,Phase 1,Terminated,28,2025-12-01,2026-07-25
NCT100000205,Interventional,Phase 1,Terminated,456,2019-06-07,2020-01-26
NCT100000206,Interventional,Phase 2,Completed,67,2018-09-09,2021-10-06
NCT100000207,Interventional,Phase 4,Withdrawn,36,2012-07-18,2012-12-16
NCT100000208,Interventional,Phase 1,Terminated,71,2017-10-29,2019-03-25
NCT100000209,Interventional,Phase 4,Completed,50,2012-09-03,2015-12-06
NCT100000210,Interventional,Phase 3,Completed,109,2014-02-08,2016-06-13
NCT100000211,Interventional,Phase 1,Completed,201,2011-01-10,2012-06-25
NCT100000212,Interventional,Phase 2,Completed,22,2018-08-15,2020-01-04
NCT100000213,Interventional,Phase 1,"Active, not recruiting",15,2022-09-16,
NCT100000214,Interventional,Phase 2,Recruiting,276,2014-11-27,
NCT100000215,Interventional,Phase 3,Completed,16,2014-08-21,2016-07-24
NCT100000216,Interventional,Phase 4,Completed,217,2015-12-17,2017-08-12
NCT100000217,Interventional,Phase 4,Completed,96,2021-09-02,2024-06-12
NCT100000218,Interventional,Phase 2,Recruiting,66,2024-10-12,
NCT100000219,Interventional,Phase 2,Completed,179,2013-10-28,2015-03-12
NCT100000220,Interventional,Phase 2,Completed,299,2014-08-16,2016-04-02
NCT100000221,Interventional,Phase 1,Completed,174,2011-01-26,2014-12-07
NCT100000222,Interventional,Phase 3,"Active, not recruiting",17,2022-08-05,
NCT100000223,Interventional,Phase 2,Completed,63,2014-10-24,2016-06-11
NCT100000224,Interventional,Phase 1,Completed,225,2025-10-07,2025-12-31
NCT100000225,Interventional,Phase 3,"Active, not recruiting",94,2022-12-27,
NCT100000226,Interventional,Phase 2,Completed,186,2014-03-31,2017-02-11
NCT100000227,Interventional,Phase 1,Recruiting,11,2011-06-13,
NCT100000228,Interventional,Phase 2,Recruiting,47,2011-04-15,
NCT100000229,Interventional,Phase 2,Completed,622,2021-11-16,2025-10-26
NCT100000230,Interventional,Phase 3,Completed,295,2024-05-07,2026-11-09
NCT100000231,Interventional,Phase 4,Completed,103,2021-05-24,2023-10-10
NCT100000232,Interventional,Phase 3,"Active, not recruiting",82,2011-01-22,
NCT100000233,Interventional,Phase 3,Unknown status,166,2025-11-23,
NCT100000234,Interventional,Phase 2,Completed,119,2012-11-26,2015-03-11
NCT100000235,Interventional,Phase 3,Recruiting,45,2020-04-29,
NCT100000236,Interventional,Phase 3,Withdrawn,21,2011-10-04,2013-01-03
NCT100000237,Interventional,Phase 1,Terminated,46,2023-07-17,2024-11-12
NCT100000238,Interventional,Phase 3,Completed,94,2024-02-09,2026-01-27
NCT100000239,Interventional,Phase 2,"Active, not recruiting",139,2016-12-10,
NCT100000240,Interventional,Phase 2,Completed,215,2021-11-19,2024-01-16
NCT100000241,Interventional,Phase 2,Completed,71,2017-04-15,2019-05-26
NCT100000242,Interventional,Phase 2,Terminated,29,2018-10-20,2019-06-21
NCT100000243,Interventional,Phase 1,Completed,119,2016-12-03,2019-03-23
NCT100000244,Interventional,Phase 2,Withdrawn,329,2013-09-04,2014-03-18
NCT100000245,Interventional,Phase 1,Completed,93,2022-01-01,2024-02-11
NCT100000246,Interventional,Phase 4,Completed,5,2022-02-15,2024-10-08
NCT100000247,Interventional,Phase 1,Recruiting,58,2012-07-27,
NCT100000248,Interventional,Phase 2,Terminated,17,2023-12-25,2024-09-30
NCT100000249,Interventional,Phase 2,Completed,35,2022-02-25,2026-04-27
NCT100000250,Interventional,Phase 3,Completed,80,2021-10-15,2024-05-21
NCT100000251,Interventional,Phase 4,Completed,239,2020-02-17,2022-01-03
NCT100000252,Interventional,Phase 3,Completed,51,2025-01-11,2025-12-31
NCT100000253,Interventional,Phase 1,Completed,91,2016-11-28,2019-04-05
NCT100000254,Interventional,Phase 3,Completed,193,2016-02-03,2017-12-26
NCT100000255,Interventional,Phase 3,Completed,60,2022-04-20,2024-05-07
NCT100000256,Interventional,Phase 3,Unknown status,32,2013-10-14,
NCT100000257,Interventional,Phase 1,Withdrawn,85,2018-01-09,2018-12-15
NCT100000258,Interventional,Phase 1,Completed,96,2025-05-22,2026-06-30
NCT100000259,Interventional,Phase 2,Completed,69,2014-10-14,2016-12-18
NCT100000260,Interventional,Phase 1,Terminated,267,2024-07-10,2024-12-26
NCT100000261,Interventional,Phase 3,Completed,125,2012-01-29,2015-09-14
NCT100000262,Interventional,Phase 1,Completed,12,2012-06-15,2014-01-06
NCT100000263,Interventional,Phase 3,Unknown status,57,2013-06-24,
NCT100000264,Interventional,Phase 2,Completed,300,2013-05-28,2015-03-21
NCT100000265,Interventional,Phase 2,Completed,15,2015-06-10,2017-12-31
NCT100000266,Interventional,Phase 1,Completed,515,2022-08-01,2024-04-05
NCT100000267,Interventional,Phase 1,Recruiting,20,2024-06-09,
NCT100000268,Interventional,Phase 3,Unknown status,26,2014-12-20,
NCT100000269,Interventional,Phase 3,"Active, not recruiting",142,2013-09-10,
NCT100000270,Interventional,Phase 1,Terminated,25,2017-09-30,2019-01-25
NCT100000271,Interventional,Phase 2,Unknown status,29,2024-02-12,
NCT100000272,Interventional,Phase 4,Completed,300,2018-12-17,2020-04-26
NCT100000273,Interventional,Phase 2,Withdrawn,103,2025-02-05,2025-10-13
NCT100000274,Interventional,Phase 3,"Active, not recruiting",47,2018-05-11,
NCT100000275,Interventional,Phase 1,Terminated,68,2019-01-18,2019-11-20
NCT100000276,Interventional,Phase 2,Terminated,234,2025-04-13,2025-12-31
NCT100000277,Interventional,Phase 1,Completed,23,2019-04-26,2021-05-05
NCT100000278,Interventional,Phase 2,Recruiting,114,2012-10-13,
NCT100000279,Interventional,Phase 3,Completed,158,2015-10-28,2019-05-27
NCT100000280,Interventional,Phase 2,Completed,132,2018-12-23,2021-08-03
NCT100000281,Interventional,Phase 4,Recruiting,22,2016-02-14,
NCT100000282,Interventional,Phase 2,Completed,51,2016-02-19,2020-10-04
NCT100000283,Interventional,Phase 4,Unknown status,577,2022-11-26,
NCT100000284,Interventional,Phase 1,"Active, not recruiting",28,2024-11-08,
NCT100000285,Interventional,Phase 1,Completed,86,2020-08-01,2021-11-21
NCT100000286,Interventional,Phase 1,Terminated,260,2011-12-06,2012-10-01
NCT100000287,Interventional,Phase 2,Terminated,116,2020-06-25,2021-08-31
NCT100000288,Interventional,Phase 4,Recruiting,320,2021-11-22,
NCT100000289,Interventional,Phase 3,Completed,17,2020-11-24,2023-10-01
NCT100000290,Interventional,Phase 1,Terminated,117,2016-02-21,2017-04-22
NCT100000291,Interventional,Phase 1,Completed,9,2011-08-09,2013-12-13
NCT100000292,Interventional,Phase 2,Completed,63,2025-11-16,2025-12-31
NCT100000293,Interventional,Phase 2,Unknown status,514,2025-03-18,
NCT100000294,Interventional,Phase 2,Withdrawn,79,2022-01-28,2023-02-15
NCT100000295,Interventional,Phase 3,Completed,71,2018-08-19,2021-10-29
NCT100000296,Interventional,Phase 3,Completed,55,2016-02-19,2019-02-25
NCT100000297,Interventional,Phase 2,Completed,194,2012-05-17,2014-05-16
NCT100000298,Interventional,Phase 4,Recruiting,11,2011-04-19,
NCT100000299,Interventional,Phase 2,Terminated,29,2013-12-19,2014-05-31
NCT100000300,Interventional,Phase 2,Terminated,95,2021-01-06,2021-10-19
NCT100000301,Interventional,Phase 1,Terminated,133,2015-04-03,2016-03-14
NCT100000302,Interventional,Phase 3,Completed,7,2019-02-17,2021-05-18
NCT100000303,Interventional,Phase 2,"Active, not recruiting",89,2014-10-29,
NCT100000304,Interventional,Phase 1,Completed,240,2015-10-22,2018-01-18
NCT100000305,Interventional,Phase 1,Unknown status,49,2011-05-08,
NCT100000306,Interventional,Phase 2,Completed,228,2024-02-15,2026-01-02
NCT100000307,Interventional,Phase 1,Terminated,30,2023-10-23,2025-02-13
NCT100000308,Interventional,Phase 4,Completed,37,2020-06-25,2022-04-11
NCT100000309,Interventional,Phase 3,Completed,29,2024-11-08,2025-12-31
NCT100000310,Interventional,Phase 2,Unknown status,62,2022-06-20,
NCT100000311,Interventional,Phase 4,Recruiting,18,2018-03-17,
NCT100000312,Interventional,Phase 4,Completed,106,2014-08-08,2017-04-05
NCT100000313,Interventional,Phase 4,Completed,75,2019-10-15,2023-06-26
NCT100000314,Interventional,Phase 1,Completed,42,2023-11-28,2025-12-14
NCT100000315,Interventional,Phase 3,Terminated,332,2022-12-17,2023-12-10
NCT100000316,Interventional,Phase 3,"Active, not recruiting",40,2012-09-25,
NCT100000317,Interventional,Phase 3,Completed,31,2025-12-23,2025-12-31
NCT100000318,Interventional,Phase 1,Unknown status,26,2020-04-17,
NCT100000319,Interventional,Phase 1,Recruiting,74,2025-09-16,
NCT100000320,Interventional,Phase 1,Unknown status,93,2013-01-25,
NCT100000321,Interventional,Phase 2,Unknown status,102,2015-01-22,
NCT100000322,Interventional,Phase 2,"Active, not recruiting",9,2020-12-13,
NCT100000323,Interventional,Phase 3,Terminated,123,2023-06-27,2024-05-23
NCT100000324,Interventional,Phase 3,Completed,224,2018-07-06,2021-02-23
NCT100000325,Interventional,Phase 2,Completed,83,2025-12-27,2025-12-31
NCT100000326,Interventional,Phase 3,"Active, not recruiting",375,2025-08-25,
NCT100000327,Interventional,Phase 2,Completed,182,2017-12-01,2020-08-28
NCT100000328,Interventional,Phase 2,Recruiting,131,2016-04-19,
NCT100000329,Interventional,Phase 2,Unknown status,36,2023-06-25,
NCT100000330,Interventional,Phase 2,Recruiting,156,2017-04-01,
NCT100000331,Interventional,Phase 4,"Active, not recruiting",65,2022-03-26,
NCT100000332,Interventional,Phase 1,Completed,40,2018-05-15,2020-07-14
NCT100000333,Interventional,Phase 3,Completed,59,2012-06-10,2015-03-20
NCT100000334,Interventional,Phase 2,Completed,54,2011-10-17,2013-07-25
NCT100000335,Interventional,Phase 4,Completed,38,2011-07-10,2015-08-07
NCT100000336,Interventional,Phase 1,Terminated,8,2013-03-15,2013-09-19
NCT100000337,Interventional,Phase 1,Completed,440,2023-04-15,2025-04-04
NCT100000338,Interventional,Phase 1,Completed,57,2014-11-11,2016-11-19
NCT100000339,Interventional,Phase 2,Completed,5,2017-12-20,2019-03-17
NCT100000340,Interventional,Phase 2,Terminated,199,2022-04-09,2023-05-18
NCT100000341,Interventional,Phase 2,Completed,294,2013-08-18,2016-01-09
NCT100000342,Interventional,Phase 3,Completed,47,2013-01-21,2016-02-19
NCT100000343,Interventional,Phase 3,Withdrawn,489,2024-02-15,2024-08-11
NCT100000344,Interventional,Phase 2,Completed,59,2014-04-24,2016-05-21
NCT100000345,Interventional,Phase 4,Completed,18,2019-06-30,2024-07-07
NCT100000346,Interventional,Phase 2,Completed,36,2011-05-26,2012-12-18
NCT100000347,Interventional,Phase 3,Completed,15,2014-11-26,2017-05-04
NCT100000348,Interventional,Phase 1,Recruiting,106,2019-06-02,
NCT100000349,Interventional,Phase 2,Completed,145,2015-01-22,2016-07-19
NCT100000350,Interventional,Phase 3,Completed,186,2021-02-23,2023-08-22
NCT100000351,Interventional,Phase 3,Completed,137,2024-06-01,2025-12-31
NCT100000352,Interventional,Phase 4,Completed,192,2018-01-18,2020-03-15
NCT100000353,Interventional,Phase 1,Completed,857,2014-03-24,2015-08-05
NCT100000354,Interventional,Phase 1,Unknown status,14,2014-03-18,
NCT100000355,Interventional,Phase 3,Completed,51,2014-02-07,2016-12-07
NCT100000356,Interventional,Phase 4,Completed,23,2023-11-26,2025-10-11
NCT100000357,Interventional,Phase 1,Completed,79,2016-05-11,2019-03-16
NCT100000358,Interventional,Phase 2,Terminated,39,2024-04-28,2024-09-04
NCT100000359,Interventional,Phase 2,Completed,6,2012-09-23,2014-04-10
NCT100000360,Interventional,Phase 1,Recruiting,274,2022-04-24,
NCT100000361,Interventional,Phase 2,Terminated,221,2018-11-21,2019-06-26
NCT100000362,Interventional,Phase 1,Terminated,26,2015-11-10,2016-12-05
NCT100000363,Interventional,Phase 3,Recruiting,13,2013-07-22,
NCT100000364,Interventional,Phase 2,Completed,99,2018-06-24,2020-12-26
NCT100000365,Interventional,Phase 3,Unknown status,173,2012-12-02,
NCT100000366,Interventional,Phase 1,"Active, not recruiting",379,2013-11-24,
NCT100000367,Interventional,Phase 3,Completed,28,2023-12-28,2025-12-31
NCT100000368,Interventional,Phase 1,Completed,97,2017-06-21,2019-04-12
NCT100000369,Interventional,Phase 1,"Active, not recruiting",14,2016-11-14,
NCT100000370,Interventional,Phase 2,Recruiting,363,2017-10-06,
NCT100000371,Interventional,Phase 1,"Active, not recruiting",127,2017-12-04,
NCT100000372,Interventional,Phase 4,Completed,43,2019-04-25,2022-04-19
NCT100000373,Interventional,Phase 2,Completed,51,2012-06-02,2015-07-17
NCT100000374,Interventional,Phase 3,Completed,31,2014-03-21,2016-09-06
NCT100000375,Interventional,Phase 3,Completed,192,2023-05-27,2026-06-08
NCT100000376,Interventional,Phase 1,Completed,476,2011-10-16,2013-08-15
NCT100000377,Interventional,Phase 1,Terminated,92,2019-09-07,2020-04-11
NCT100000378,Interventional,Phase 4,Completed,70,2019-06-10,2022-11-05
NCT100000379,Interventional,Phase 4,Completed,147,2018-06-12,2020-10-28
NCT100000380,Interventional,Phase 1,Completed,87,2015-12-17,2020-02-03
NCT100000381,Interventional,Phase 2,Completed,31,2015-01-20,2017-01-13
NCT100000382,Interventional,Phase 2,Completed,238,2019-01-17,2020-06-06
NCT100000383,Interventional,Phase 2,Completed,16,2013-10-24,2016-02-08
NCT100000384,Interventional,Phase 2,Recruiting,138,2012-07-07,
NCT100000385,Interventional,Phase 4,Withdrawn,67,2018-03-24,2018-08-18
NCT100000386,Interventional,Phase 2,Completed,5,2017-05-17,2019-05-22
NCT100000387,Interventional,Phase 1,Completed,23,2022-12-02,2025-04-29
NCT100000388,Interventional,Phase 2,Recruiting,71,2024-02-11,
NCT100000389,Interventional,Phase 1,Recruiting,8,2018-10-22,
NCT100000390,Interventional,Phase 2,Completed,37,2021-05-08,2023-03-26
NCT100000391,Interventional,Phase 3,"Active, not recruiting",117,2020-04-12,
NCT100000392,Interventional,Phase 1,Recruiting,126,2017-12-04,
NCT100000393,Interventional,Phase 4,Completed,46,2014-03-20,2017-03-03
NCT100000394,Interventional,Phase 1,Completed,246,2012-06-14,2014-10-01
NCT100000395,Interventional,Phase 3,Completed,154,2025-08-12,2025-12-31
NCT100000396,Interventional,Phase 1,Terminated,20,2020-07-06,2021-07-07
NCT100000397,Interventional,Phase 1,Completed,15,2019-01-07,2023-07-29
NCT100000398,Interventional,Phase 2,Completed,258,2021-08-02,2023-10-05
NCT100000399,Interventional,Phase 2,Completed,10,2025-01-13,2025-12-31
NCT100000400,Interventional,Phase 2,Completed,36,2013-05-03,2015-04-02
NCT100000401,Interventional,Phase 1,Completed,34,2016-12-16,2019-11-01
NCT100000402,Interventional,Phase 2,Recruiting,58,2015-08-29,
NCT100000403,Interventional,Phase 2,Terminated,13,2015-04-16,2016-12-02
NCT100000404,Interventional,Phase 1,Terminated,8,2021-08-13,2022-11-02
NCT100000405,Interventional,Phase 2,Completed,58,2025-02-23,2025-12-31
NCT100000406,Interventional,Phase 1,Completed,125,2019-02-25,2022-08-16
NCT100000407,Interventional,Phase 3,Completed,62,2018-03-30,2020-08-16
NCT100000408,Interventional,Phase 1,Recruiting,260,2016-11-14,
NCT100000409,Interventional,Phase 2,Completed,132,2012-02-29,2013-11-04
NCT100000410,Interventional,Phase 2,Completed,48,2020-03-07,2022-10-20
NCT100000411,Interventional,Phase 2,Recruiting,180,2025-08-20,
NCT100000412,Interventional,Phase 2,Completed,112,2018-09-26,2020-03-09
NCT100000413,Interventional,Phase 2,Terminated,42,2011-09-27,2012-06-12
NCT100000414,Interventional,Phase 1,Recruiting,120,2019-07-12,
NCT100000415,Interventional,Phase 3,Completed,89,2019-01-21,2021-12-19
NCT100000416,Interventional,Phase 2,Completed,7,2020-04-07,2023-08-30
NCT100000417,Interventional,Phase 4,Recruiting,1168,2012-05-11,
NCT100000418,Interventional,Phase 4,Completed,223,2017-07-26,2019-12-03
NCT100000419,Interventional,Phase 3,Terminated,88,2019-02-08,2020-11-30
NCT100000420,Interventional,Phase 1,Completed,153,2021-02-02,2023-12-20
NCT100000421,Interventional,Phase 4,Completed,38,2013-07-14,2015-04-17
NCT100000422,Interventional,Phase 4,"Active, not recruiting",118,2018-06-19,
NCT100000423,Interventional,Phase 3,Withdrawn,31,2018-08-15,2020-03-26
NCT100000424,Interventional,Phase 3,Completed,18,2012-01-02,2015-11-05
NCT100000425,Interventional,Phase 3,"Active, not recruiting",999,2011-10-06,
NCT100000426,Interventional,Phase 4,Completed,37,2018-01-13,2019-12-24
NCT100000427,Interventional,Phase 3,Unknown status,79,2023-05-02,
NCT100000428,Interventional,Phase 3,Completed,486,2022-09-22,2025-02-21
NCT100000429,Interventional,Phase 1,"Active, not recruiting",508,2020-06-18,
NCT100000430,Interventional,Phase 2,Unknown status,272,2020-12-08,
NCT100000431,Interventional,Phase 4,Completed,18,2025-05-29,2025-12-31
NCT100000432,Interventional,Phase 3,Completed,10,2018-08-02,2020-04-21
NCT100000433,Interventional,Phase 2,Completed,102,2022-03-06,2025-06-05
NCT100000434,Interventional,Phase 2,Completed,72,2022-03-17,2024-05-05
NCT100000435,Interventional,Phase 3,Completed,57,2025-05-04,2025-12-31
NCT100000436,Interventional,Phase 2,Completed,63,2018-12-10,2021-06-13
NCT100000437,Interventional,Phase 1,Withdrawn,197,2013-08-17,2014-01-14
NCT100000438,Interventional,Phase 3,Completed,44,2015-02-06,2017-08-01
NCT100000439,Interventional,Phase 1,Recruiting,59,2021-07-29,
NCT100000440,Interventional,Phase 2,Completed,130,2018-03-20,2019-10-13
NCT100000441,Interventional,Phase 2,Recruiting,28,2017-09-21,
NCT100000442,Interventional,Phase 1,Completed,361,2014-08-11,2016-12-15
NCT100000443,Interventional,Phase 3,Completed,5,2016-11-17,2019-05-07
NCT100000444,Interventional,Phase 3,"Active, not recruiting",97,2015-02-03,
NCT100000445,Interventional,Phase 4,Completed,202,2017-07-31,2018-11-25
NCT100000446,Interventional,Phase 4,Completed,22,2022-06-12,2025-12-24
NCT100000447,Interventional,Phase 1,Recruiting,20,2024-01-03,
NCT100000448,Interventional,Phase 3,Completed,68,2020-03-14,2022-07-26
NCT100000449,Interventional,Phase 1,Completed,357,2017-11-29,2019-11-17
NCT100000450,Interventional,Phase 2,"Active, not recruiting",109,2018-05-31,
NCT100000451,Interventional,Phase 3,Completed,186,2019-07-10,2021-04-30
NCT100000452,Interventional,Phase 2,Recruiting,139,2014-05-18,
NCT100000453,Interventional,Phase 3,Unknown status,30,2023-09-19,
NCT100000454,Interventional,Phase 1,Recruiting,66,2024-02-03,
NCT100000455,Interventional,Phase 2,Completed,118,2015-09-18,2017-11-21
NCT100000456,Interventional,Phase 2,Completed,11,2025-01-29,2026-10-27
NCT100000457,Interventional,Phase 1,Terminated,14,2013-07-19,2014-02-08
NCT100000458,Interventional,Phase 1,Completed,9,2017-01-15,2018-09-19
NCT100000459,Interventional,Phase 4,Unknown status,228,2013-08-19,
NCT100000460,Interventional,Phase 1,Unknown status,57,2014-12-21,
NCT100000461,Interventional,Phase 2,Withdrawn,35,2013-02-06,2013-08-21
NCT100000462,Interventional,Phase 4,Completed,12,2015-02-22,2017-08-08
NCT100000463,Interventional,Phase 1,Completed,92,2017-06-27,2019-06-03
NCT100000464,Interventional,Phase 3,Completed,16,2016-09-03,2018-06-08
NCT100000465,Interventional,Phase 1,Completed,5,2019-07-26,2021-12-03
NCT100000466,Interventional,Phase 4,Completed,169,2018-10-13,2020-08-29
NCT100000467,Interventional,Phase 2,Completed,6,2022-03-16,2025-04-08
NCT100000468,Interventional,Phase 1,"Active, not recruiting",18,2017-02-24,
NCT100000469,Interventional,Phase 4,Completed,73,2023-12-05,2025-10-16
NCT100000470,Interventional,Phase 2,Withdrawn,130,2017-03-06,2018-03-04
NCT100000471,Interventional,Phase 3,Completed,50,2021-12-11,2025-06-13
NCT100000472,Interventional,Phase 1,Completed,62,2014-01-03,2017-05-07
NCT100000473,Interventional,Phase 1,Completed,70,2022-12-09,2024-10-06
NCT100000474,Interventional,Phase 2,"Active, not recruiting",85,2015-02-10,
NCT100000475,Interventional,Phase 3,Completed,23,2013-01-09,2015-12-14
NCT100000476,Interventional,Phase 4,Completed,130,2023-09-13,2025-07-19
NCT100000477,Interventional,Phase 1,Completed,216,2020-08-02,2023-09-23
NCT100000478,Interventional,Phase 2,Completed,5,2023-10-06,2025-12-31
NCT100000479,Interventional,Phase 1,Completed,11,2024-01-04,2025-07-28
NCT100000480,Interventional,Phase 4,Unknown status,124,2012-12-03,
NCT100000481,Interventional,Phase 4,Completed,6,2025-01-28,2025-12-31
NCT100000482,Interventional,Phase 3,Completed,16,2018-11-29,2021-10-24
NCT100000483,Interventional,Phase 1,Completed,189,2015-04-26,2016-07-27
NCT100000484,Interventional,Phase 2,Terminated,235,2018-07-30,2019-05-25
NCT100000485,Interventional,Phase 1,Completed,389,2024-09-11,2025-12-31
NCT100000486,Interventional,Phase 3,Recruiting,7,2018-11-05,
NCT100000487,Interventional,Phase 2,Completed,5,2022-12-05,2025-10-22
NCT100000488,Interventional,Phase 2,Recruiting,25,2025-10-05,
NCT100000489,Interventional,Phase 2,Unknown status,516,2020-07-28,
NCT100000490,Interventional,Phase 1,Unknown status,22,2025-10-18,
NCT100000491,Interventional,Phase 3,Completed,54,2017-03-08,2019-11-25
NCT100000492,Interventional,Phase 2,Completed,7,2016-09-27,2019-02-04
NCT100000493,Interventional,Phase 4,Completed,6,2022-07-21,2025-09-29
NCT100000494,Interventional,Phase 2,Completed,65,2023-06-11,2024-11-08
NCT100000495,Interventional,Phase 2,Terminated,369,2019-06-14,2020-02-12
NCT100000496,Interventional,Phase 4,Completed,74,2023-12-23,2026-03-18
NCT100000497,Interventional,Phase 3,"Active, not recruiting",7,2011-10-06,
NCT100000498,Interventional,Phase 2,Completed,48,2023-12-31,2025-07-09
NCT100000499,Interventional,Phase 3,Unknown status,1381,2022-09-08,
NCT100000500,Interventional,Phase 1,Completed,79,2014-06-18,2015-11-16
NCT100000501,Interventional,Phase 1,Recruiting,6,2020-07-13,
NCT100000502,Interventional,Phase 1,Unknown status,787,2018-12-22,
NCT100000503,Interventional,Phase 1,Completed,121,2017-09-28,2020-09-22
NCT100000504,Interventional,Phase 1,Completed,5,2023-03-05,2025-10-15
NCT100000505,Interventional,Phase 1,Recruiting,104,2025-08-01,
NCT100000506,Interventional,Phase 3,Completed,49,2024-10-29,2025-12-31
NCT100000507,Interventional,Phase 2,"Active, not recruiting",18,2012-05-08,
NCT100000508,Interventional,Phase 2,Completed,604,2012-01-26,2015-04-28
NCT100000509,Interventional,Phase 1,Completed,48,2023-05-29,2025-07-20
NCT100000510,Interventional,Phase 2,"Active, not recruiting",52,2024-03-25,
NCT100000511,Interventional,Phase 2,Completed,17,2018-10-31,2020-09-26
NCT100000512,Interventional,Phase 2,Unknown status,46,2018-01-05,
NCT100000513,Interventional,Phase 2,Completed,102,2022-12-12,2024-12-07
NCT100000514,Interventional,Phase 2,Completed,19,2023-08-18,2026-06-08
NCT100000515,Interventional,Phase 1,Withdrawn,129,2012-03-01,2012-10-16
NCT100000516,Interventional,Phase 2,Completed,44,2021-05-01,2023-02-26
NCT100000517,Interventional,Phase 2,Completed,185,2015-05-07,2019-04-07
NCT100000518,Interventional,Phase 2,"Active, not recruiting",97,2020-05-08,
NCT100000519,Interventional,Phase 1,Terminated,36,2021-05-27,2021-12-27
NCT100000520,Interventional,Phase 1,Terminated,76,2017-09-13,2018-02-21
NCT100000521,Interventional,Phase 4,Completed,2277,2017-08-12,2019-08-23
NCT100000522,Interventional,Phase 4,Withdrawn,460,2018-02-01,2019-08-13
NCT100000523,Interventional,Phase 1,Unknown status,71,2018-05-18,
NCT100000524,Interventional,Phase 1,Completed,339,2020-01-11,2022-10-19
NCT100000525,Interventional,Phase 1,Unknown status,15,2018-03-23,
NCT100000526,Interventional,Phase 2,Completed,363,2018-05-27,2021-08-20
NCT100000527,Interventional,Phase 3,Completed,289,2013-09-17,2015-04-24
NCT100000528,Interventional,Phase 4,Completed,40,2017-06-24,2018-11-05
NCT100000529,Interventional,Phase 1,Terminated,45,2019-07-20,2020-02-26
NCT100000530,Interventional,Phase 2,Recruiting,109,2020-05-25,
NCT100000531,Interventional,Phase 3,Completed,56,2020-08-15,2023-03-11
NCT100000532,Interventional,Phase 3,Completed,89,2024-08-01,2025-12-31
NCT100000533,Interventional,Phase 1,Terminated,5,2025-12-24,2026-11-28
NCT100000534,Interventional,Phase 2,Completed,52,2014-12-11,2017-09-28
NCT100000535,Interventional,Phase 3,Completed,66,2018-11-25,2022-07-02
NCT100000536,Interventional,Phase 3,Completed,195,2023-06-29,2026-09-21
NCT100000537,Interventional,Phase 3,Completed,69,2025-10-10,2025-12-31
NCT100000538,Interventional,Phase 3,Terminated,145,2015-10-24,2017-02-05
NCT100000539,Interventional,Phase 2,Unknown status,66,2020-07-19,
NCT100000540,Interventional,Phase 2,Completed,17,2022-03-27,2024-02-06
NCT100000541,Interventional,Phase 2,Terminated,16,2013-10-30,2014-05-02
NCT100000542,Interventional,Phase 1,Completed,24,2022-05-22,2024-03-18
NCT100000543,Interventional,Phase 3,Completed,82,2013-08-27,2015-12-12
NCT100000544,Interventional,Phase 2,Completed,40,2011-10-28,2013-12-15
NCT100000545,Interventional,Phase 3,Completed,9,2013-05-01,2016-05-14
NCT100000546,Interventional,Phase 2,Completed,240,2012-01-29,2014-07-22
NCT100000547,Interventional,Phase 2,Completed,196,2013-09-05,2015-09-05
NCT100000548,Interventional,Phase 1,Completed,47,2014-01-15,2015-09-22
NCT100000549,Interventional,Phase 3,Recruiting,5,2025-04-18,
NCT100000550,Interventional,Phase 1,Completed,720,2015-07-03,2018-12-02
NCT100000551,Interventional,Phase 3,Withdrawn,461,2011-09-09,2012-07-14
NCT100000552,Interventional,Phase 4,Completed,76,2017-08-02,2019-04-11
NCT100000553,Interventional,Phase 2,Recruiting,168,2023-02-27,
NCT100000554,Interventional,Phase 3,Completed,36,2012-07-17,2014-05-12
NCT100000555,Interventional,Phase 2,Terminated,27,2011-08-22,2012-02-07
NCT100000556,Interventional,Phase 2,Terminated,14,2013-08-25,2014-05-04
NCT100000557,Interventional,Phase 2,"Active, not recruiting",77,2024-12-10,
NCT100000558,Interventional,Phase 2,"Active, not recruiting",12,2024-11-14,
NCT100000559,Interventional,Phase 3,Terminated,106,2011-03-08,2012-01-09
NCT100000560,Interventional,Phase 1,Recruiting,161,2025-07-23,
NCT100000561,Interventional,Phase 2,Completed,5,2012-03-04,2015-06-30
NCT100000562,Interventional,Phase 2,Completed,196,2017-04-04,2019-04-16
NCT100000563,Interventional,Phase 4,Recruiting,197,2012-02-15,
NCT100000564,Interventional,Phase 3,Withdrawn,329,2023-09-25,2024-09-21
NCT100000565,Interventional,Phase 2,Completed,15,2025-07-16,2025-12-31
NCT100000566,Interventional,Phase 2,Completed,56,2014-04-17,2016-01-01
NCT100000567,Interventional,Phase 4,Recruiting,569,2014-03-25,
NCT100000568,Interventional,Phase 1,Completed,12,2016-09-02,2018-04-27
NCT100000569,Interventional,Phase 1,Recruiting,61,2024-11-24,
NCT100000570,Interventional,Phase 3,Completed,5,2021-05-23,2023-08-19
NCT100000571,Interventional,Phase 3,Completed,31,2021-02-10,2023-01-24
NCT100000572,Interventional,Phase 1,Completed,74,2022-04-22,2023-06-15
NCT100000573,Interventional,Phase 3,Completed,15,2018-10-19,2022-01-28
NCT100000574,Interventional,Phase 1,Completed,45,2020-10-05,2022-12-22
NCT100000575,Interventional,Phase 4,Completed,68,2013-02-14,2014-12-26
NCT100000576,Interventional,Phase 4,Completed,48,2015-04-19,2017-05-04
NCT100000577,Interventional,Phase 4,Withdrawn,37,2018-10-29,2019-10-20
NCT100000578,Interventional,Phase 4,Completed,142,2016-08-09,2017-12-16
NCT100000579,Interventional,Phase 1,Completed,157,2014-09-22,2016-12-10
NCT100000580,Interventional,Phase 2,"Active, not recruiting",67,2016-08-31,
NCT100000581,Interventional,Phase 3,Completed,64,2019-11-26,2022-07-21
NCT100000582,Interventional,Phase 3,Completed,18,2017-04-26,2020-02-15
NCT100000583,Interventional,Phase 3,Completed,273,2011-05-02,2013-11-24
NCT100000584,Interventional,Phase 4,Completed,48,2022-10-24,2024-10-16
NCT100000585,Interventional,Phase 3,Completed,41,2011-08-20,2014-06-23
NCT100000586,Interventional,Phase 4,Completed,327,2016-01-17,2018-04-24
NCT100000587,Interventional,Phase 1,Terminated,119,2023-08-22,2024-01-26
NCT100000588,Interventional,Phase 1,"Active, not recruiting",53,2018-02-14,
NCT100000589,Interventional,Phase 1,Completed,66,2025-03-06,2025-12-31
NCT100000590,Interventional,Phase 3,Unknown status,114,2017-05-09,
NCT100000591,Interventional,Phase 2,Completed,36,2018-07-15,2020-11-19
NCT100000592,Interventional,Phase 2,Completed,16,2023-11-22,2026-08-08
NCT100000593,Interventional,Phase 2,Completed,51,2016-11-05,2020-04-17
NCT100000594,Interventional,Phase 2,Completed,57,2015-07-10,2017-11-10
NCT100000595,Interventional,Phase 2,Completed,231,2021-03-14,2022-11-04
NCT100000596,Interventional,Phase 4,Withdrawn,147,2016-04-29,2018-06-22
NCT100000597,Interventional,Phase 3,Recruiting,28,2016-06-02,
NCT100000598,Interventional,Phase 3,Recruiting,159,2019-07-31,
NCT100000599,Interventional,Phase 3,Completed,13,2024-07-01,2025-12-31
NCT100000600,Interventional,Phase 1,Completed,2406,2012-11-09,2015-03-26
NCT100000601,Interventional,Phase 1,Completed,11,2025-01-19,2026-09-29
NCT100000602,Interventional,Phase 3,Completed,652,2025-11-21,2025-12-31
NCT100000603,Interventional,Phase 3,Terminated,73,2018-12-31,2020-07-05
NCT100000604,Interventional,Phase 1,Terminated,42,2024-11-29,2025-08-04
NCT100000605,Interventional,Phase 3,Recruiting,39,2014-08-09,
NCT100000606,Interventional,Phase 2,"Active, not recruiting",27,2011-06-29,
NCT100000607,Interventional,Phase 1,Unknown status,52,2013-11-22,
NCT100000608,Interventional,Phase 2,Terminated,5,2016-10-10,2017-05-14
NCT100000609,Interventional,Phase 3,Terminated,12,2011-05-19,2012-06-17
NCT100000610,Interventional,Phase 3,Completed,48,2024-12-04,2025-12-31
NCT100000611,Interventional,Phase 2,Recruiting,69,2022-08-10,
NCT100000612,Interventional,Phase 2,Recruiting,64,2023-08-30,
NCT100000613,Interventional,Phase 4,Completed,100,2017-07-07,2020-07-04
NCT100000614,Interventional,Phase 1,Completed,11,2024-12-08,2025-12-31
NCT100000615,Interventional,Phase 3,Recruiting,39,2012-05-25,
NCT100000616,Interventional,Phase 1,Recruiting,38,2011-07-07,
NCT100000617,Interventional,Phase 1,"Active, not recruiting",314,2022-12-27,
NCT100000618,Interventional,Phase 2,Unknown status,20,2023-11-07,
NCT100000619,Interventional,Phase 1,"Active, not recruiting",88,2015-02-20,
NCT100000620,Interventional,Phase 2,Recruiting,206,2011-08-21,
NCT100000621,Interventional,Phase 4,Unknown status,158,2014-12-23,
NCT100000622,Interventional,Phase 1,Completed,96,2017-05-17,2019-07-18
NCT100000623,Interventional,Phase 1,Unknown status,170,2017-05-22,
NCT100000624,Interventional,Phase 2,Withdrawn,19,2018-07-15,2019-06-15
NCT100000625,Interventional,Phase 2,Recruiting,1138,2013-04-11,
NCT100000626,Interventional,Phase 2,Completed,92,2019-06-27,2022-09-05
NCT100000627,Interventional,Phase 2,Recruiting,34,2025-07-18,
NCT100000628,Interventional,Phase 4,Completed,20,2025-07-06,2025-12-31
NCT100000629,Interventional,Phase 3,"Active, not recruiting",129,2013-07-20,
NCT100000630,Interventional,Phase 2,Completed,48,2019-10-06,2021-10-14
NCT100000631,Interventional,Phase 1,Recruiting,39,2019-06-16,
NCT100000632,Interventional,Phase 1,Completed,16,2011-11-19,2014-10-11
NCT100000633,Interventional,Phase 1,Terminated,50,2018-09-07,2019-11-07
NCT100000634,Interventional,Phase 4,Completed,116,2025-01-20,2025-12-31
NCT100000635,Interventional,Phase 3,Completed,196,2019-10-25,2021-11-01
NCT100000636,Interventional,Phase 1,Terminated,277,2012-07-24,2013-09-02
NCT100000637,Interventional,Phase 2,Completed,1836,2012-04-25,2013-08-25
NCT100000638,Interventional,Phase 2,Withdrawn,18,2015-09-21,2016-04-10
NCT100000639,Interventional,Phase 2,Completed,132,2013-11-07,2016-02-22
NCT100000640,Interventional,Phase 2,Completed,116,2012-01-03,2014-01-01
NCT100000641,Interventional,Phase 2,Completed,10,2020-10-30,2022-06-20
NCT100000642,Interventional,Phase 2,Unknown status,46,2024-02-22,
NCT100000643,Interventional,Phase 4,Completed,909,2015-10-20,2018-07-31
NCT100000644,Interventional,Phase 2,Completed,28,2011-11-29,2014-03-11
NCT100000645,Interventional,Phase 4,Completed,43,2013-12-14,2016-04-19
NCT100000646,Interventional,Phase 1,Recruiting,48,2016-03-07,
NCT100000647,Interventional,Phase 3,Withdrawn,99,2022-07-30,2023-11-17
NCT100000648,Interventional,Phase 2,Completed,53,2018-10-30,2021-06-05
NCT100000649,Interventional,Phase 2,Completed,146,2017-06-08,2020-07-15
NCT100000650,Interventional,Phase 3,Completed,33,2012-05-23,2014-11-26
NCT100000651,Interventional,Phase 1,Recruiting,42,2018-08-13,
NCT100000652,Interventional,Phase 1,"Active, not recruiting",61,2024-01-15,
NCT100000653,Interventional,Phase 2,Withdrawn,99,2020-03-08,2020-10-21
NCT100000654,Interventional,Phase 1,Withdrawn,65,2011-07-19,2012-08-17
NCT100000655,Interventional,Phase 3,Recruiting,100,2020-09-21,
NCT100000656,Interventional,Phase 1,Completed,20,2013-10-27,2017-06-03
NCT100000657,Interventional,Phase 2,Recruiting,86,2012-05-27,
NCT100000658,Interventional,Phase 2,Completed,31,2022-06-18,2024-07-02
NCT100000659,Interventional,Phase 3,Completed,18,2021-08-15,2024-12-06
NCT100000660,Interventional,Phase 1,Completed,7,2011-08-05,2013-03-15
NCT100000661,Interventional,Phase 3,Recruiting,27,2021-12-10,
NCT100000662,Interventional,Phase 4,Completed,195,2022-05-07,2023-07-24
NCT100000663,Interventional,Phase 3,Completed,131,2015-11-14,2018-07-23
NCT100000664,Interventional,Phase 2,"Active, not recruiting",5,2024-06-20,
NCT100000665,Interventional,Phase 2,"Active, not recruiting",105,2012-03-07,
NCT100000666,Interventional,Phase 2,Completed,155,2013-09-16,2016-08-16
NCT100000667,Interventional,Phase 1,Completed,10,2022-06-17,2024-03-28
NCT100000668,Interventional,Phase 3,Completed,120,2012-01-02,2015-04-13
NCT100000669,Interventional,Phase 1,Completed,11,2025-10-15,2025-12-31
NCT100000670,Interventional,Phase 1,Completed,255,2018-06-21,2020-07-26
NCT100000671,Interventional,Phase 1,Unknown status,152,2013-01-29,
NCT100000672,Interventional,Phase 1,Terminated,154,2021-05-06,2023-09-16
NCT100000673,Interventional,Phase 2,"Active, not recruiting",95,2012-01-14,
NCT100000674,Interventional,Phase 1,Unknown status,245,2012-01-14,
NCT100000675,Interventional,Phase 2,Completed,343,2015-04-27,2018-05-15
NCT100000676,Interventional,Phase 3,Completed,30,2023-07-14,2025-10-26
NCT100000677,Interventional,Phase 2,Completed,5,2023-10-21,2025-10-05
NCT100000678,Interventional,Phase 2,Completed,833,2022-12-06,2025-03-11
NCT100000679,Interventional,Phase 3,Completed,232,2013-04-02,2015-12-19
NCT100000680,Interventional,Phase 1,Completed,159,2024-04-17,2026-09-01
NCT100000681,Interventional,Phase 2,Recruiting,1175,2017-04-11,
NCT100000682,Interventional,Phase 2,Completed,145,2018-10-27,2022-03-19
NCT100000683,Interventional,Phase 1,Completed,5,2014-10-06,2017-04-07
NCT100000684,Interventional,Phase 2,Completed,67,2020-01-12,2023-02-25
NCT100000685,Interventional,Phase 2,Terminated,121,2014-07-25,2015-06-10
NCT100000686,Interventional,Phase 3,Withdrawn,1735,2022-06-07,2023-11-12
NCT100000687,Interventional,Phase 1,Recruiting,493,2012-01-29,
NCT100000688,Interventional,Phase 2,Recruiting,5,2022-05-04,
NCT100000689,Interventional,Phase 2,Completed,228,2011-03-01,2012-10-25
NCT100000690,Interventional,Phase 2,Recruiting,506,2013-11-04,
NCT100000691,Interventional,Phase 3,Completed,190,2019-04-30,2022-05-02
NCT100000692,Interventional,Phase 1,Terminated,12,2024-05-21,2024-09-08
NCT100000693,Interventional,Phase 1,Completed,361,2015-06-18,2019-01-18
NCT100000694,Interventional,Phase 2,Completed,60,2025-08-13,2025-12-31
NCT100000695,Interventional,Phase 2,Terminated,221,2012-08-10,2013-05-09
NCT100000696,Interventional,Phase 1,Terminated,13,2024-12-20,2025-09-07
NCT100000697,Interventional,Phase 1,Terminated,59,2012-06-15,2012-09-26
NCT100000698,Interventional,Phase 3,"Active, not recruiting",57,2021-05-17,
NCT100000699,Interventional,Phase 4,Recruiting,41,2022-05-11,
NCT100000700,Interventional,Phase 3,"Active, not recruiting",8,2021-10-10,
NCT100000701,Interventional,Phase 2,Completed,128,2015-11-02,2017-09-07
NCT100000702,Interventional,Phase 2,Completed,327,2020-12-18,2023-03-09
NCT100000703,Interventional,Phase 1,"Active, not recruiting",6,2013-05-28,
NCT100000704,Interventional,Phase 2,"Active, not recruiting",32,2019-02-03,
NCT100000705,Interventional,Phase 2,Recruiting,54,2019-07-29,
NCT100000706,Interventional,Phase 3,Completed,24,2017-01-23,2020-01-15
NCT100000707,Interventional,Phase 3,Terminated,77,2021-10-20,2022-07-29
NCT100000708,Interventional,Phase 2,"Active, not recruiting",33,2019-01-23,
NCT100000709,Interventional,Phase 4,Completed,78,2012-07-08,2014-08-11
NCT100000710,Interventional,Phase 2,Unknown status,31,2021-03-08,
NCT100000711,Interventional,Phase 4,Completed,6,2019-11-19,2021-05-27
NCT100000712,Interventional,Phase 3,Completed,38,2019-11-25,2021-12-25
NCT100000713,Interventional,Phase 2,Terminated,10,2023-12-17,2024-09-27
NCT100000714,Interventional,Phase 2,Completed,101,2011-10-03,2015-01-06
NCT100000715,Interventional,Phase 3,Completed,88,2025-02-28,2025-12-31
NCT100000716,Interventional,Phase 3,"Active, not recruiting",15,2016-01-28,
NCT100000717,Interventional,Phase 2,Completed,68,2016-09-30,2018-05-29
NCT100000718,Interventional,Phase 3,Completed,29,2020-02-17,2022-11-04
NCT100000719,Interventional,Phase 3,Recruiting,97,2024-11-05,
NCT100000720,Interventional,Phase 3,Completed,29,2018-10-31,2021-12-12
NCT100000721,Interventional,Phase 2,Withdrawn,58,2018-06-24,2019-03-14
NCT100000722,Interventional,Phase 3,Unknown status,48,2023-06-09,
NCT100000723,Interventional,Phase 2,"Active, not recruiting",107,2011-10-20,
NCT100000724,Interventional,Phase 4,Unknown status,32,2025-01-20,
NCT100000725,Interventional,Phase 3,Completed,282,2020-08-19,2022-09-25
NCT100000726,Interventional,Phase 3,Completed,11,2012-06-14,2014-03-11
NCT100000727,Interventional,Phase 2,Completed,40,2014-05-26,2016-02-27
NCT100000728,Interventional,Phase 3,Recruiting,124,2019-06-13,
NCT100000729,Interventional,Phase 1,"Active, not recruiting",52,2020-05-23,
NCT100000730,Interventional,Phase 2,Completed,82,2013-04-07,2015-12-29
NCT100000731,Interventional,Phase 2,Completed,8,2020-06-20,2022-11-19
NCT100000732,Interventional,Phase 3,Terminated,727,2011-04-01,2011-12-21
NCT100000733,Interventional,Phase 4,Completed,80,2016-08-28,2018-11-29
NCT100000734,Interventional,Phase 2,Withdrawn,305,2017-07-21,2018-06-10
NCT100000735,Interventional,Phase 2,Completed,217,2013-08-05,2015-05-11
NCT100000736,Interventional,Phase 2,Completed,78,2018-06-28,2019-09-02
NCT100000737,Interventional,Phase 2,Recruiting,170,2021-05-23,
NCT100000738,Interventional,Phase 3,Terminated,192,2014-12-08,2016-03-04
NCT100000739,Interventional,Phase 2,Completed,470,2021-03-04,2023-09-15
NCT100000740,Interventional,Phase 1,Withdrawn,45,2016-12-09,2018-10-13
NCT100000741,Interventional,Phase 2,Recruiting,63,2025-12-06,
NCT100000742,Interventional,Phase 1,Withdrawn,91,2019-05-13,2020-12-28
NCT100000743,Interventional,Phase 2,Completed,70,2020-04-18,2024-04-21
NCT100000744,Interventional,Phase 2,Completed,70,2024-11-21,2026-03-12
NCT100000745,Interventional,Phase 1,Completed,83,2013-12-02,2015-10-03
NCT100000746,Interventional,Phase 1,Completed,229,2013-06-28,2016-01-06
NCT100000747,Interventional,Phase 2,"Active, not recruiting",73,2024-05-24,
NCT100000748,Interventional,Phase 2,Completed,18,2012-11-12,2014-07-29
NCT100000749,Interventional,Phase 2,Terminated,120,2017-02-06,2018-03-19
NCT100000750,Interventional,Phase 3,Completed,222,2021-01-04,2023-06-24
NCT100000751,Interventional,Phase 4,Completed,682,2013-02-28,2014-07-27
NCT100000752,Interventional,Phase 2,Completed,79,2016-04-07,2018-03-23
NCT100000753,Interventional,Phase 1,Recruiting,58,2022-08-04,
NCT100000754,Interventional,Phase 3,Completed,236,2018-05-31,2022-04-02
NCT100000755,Interventional,Phase 2,Completed,94,2024-07-12,2025-12-31
NCT100000756,Interventional,Phase 2,Withdrawn,16,2024-12-22,2025-12-14
NCT100000757,Interventional,Phase 1,Recruiting,154,2016-02-20,
NCT100000758,Interventional,Phase 2,Completed,187,2014-08-14,2018-04-03
NCT100000759,Interventional,Phase 2,"Active, not recruiting",139,2020-06-13,
NCT100000760,Interventional,Phase 2,Recruiting,29,2017-06-05,
NCT100000761,Interventional,Phase 3,Recruiting,436,2014-02-20,
NCT100000762,Interventional,Phase 2,Unknown status,274,2013-12-22,
NCT100000763,Interventional,Phase 3,Completed,133,2022-05-26,2025-04-06
NCT100000764,Interventional,Phase 2,"Active, not recruiting",455,2024-03-22,
NCT100000765,Interventional,Phase 1,Completed,184,2022-12-24,2024-07-16
NCT100000766,Interventional,Phase 2,Completed,133,2017-04-20,2018-09-03
NCT100000767,Interventional,Phase 1,Recruiting,78,2024-11-25,
NCT100000768,Interventional,Phase 2,"Active, not recruiting",199,2019-06-25,
NCT100000769,Interventional,Phase 2,"Active, not recruiting",318,2014-05-21,
NCT100000770,Interventional,Phase 3,Completed,113,2016-12-12,2020-07-02
NCT100000771,Interventional,Phase 2,Recruiting,46,2023-02-01,
NCT100000772,Interventional,Phase 3,Completed,19,2012-01-20,2013-08-25
NCT100000773,Interventional,Phase 2,Unknown status,57,2017-09-16,
NCT100000774,Interventional,Phase 3,Terminated,41,2018-01-28,2019-02-01
NCT100000775,Interventional,Phase 2,Recruiting,605,2023-04-08,
NCT100000776,Interventional,Phase 2,Recruiting,41,2016-02-14,
NCT100000777,Interventional,Phase 1,Completed,71,2023-10-21,2025-07-11
NCT100000778,Interventional,Phase 1,Recruiting,341,2022-02-01,
NCT100000779,Interventional,Phase 1,Completed,85,2021-01-25,2023-03-23
NCT100000780,Interventional,Phase 1,Completed,90,2016-09-19,2019-10-27
NCT100000781,Interventional,Phase 3,Recruiting,246,2013-06-27,
NCT100000782,Interventional,Phase 3,Terminated,70,2011-06-26,2012-10-25
NCT100000783,Interventional,Phase 1,Recruiting,81,2018-12-28,
NCT100000784,Interventional,Phase 4,Recruiting,29,2023-03-08,
NCT100000785,Interventional,Phase 3,Completed,44,2018-01-09,2022-02-07
NCT100000786,Interventional,Phase 2,Recruiting,1410,2020-08-22,
NCT100000787,Interventional,Phase 4,Completed,5,2014-09-16,2018-03-20
NCT100000788,Interventional,Phase 3,Completed,45,2018-07-19,2021-04-02
NCT100000789,Interventional,Phase 2,Completed,151,2018-09-07,2020-04-26
NCT100000790,Interventional,Phase 2,Completed,17,2013-07-08,2015-06-26
NCT100000791,Interventional,Phase 4,Completed,65,2016-11-25,2019-03-23
NCT100000792,Interventional,Phase 1,Terminated,328,2019-04-29,2019-12-18
NCT100000793,Interventional,Phase 2,Completed,137,2013-09-21,2017-06-19
NCT100000794,Interventional,Phase 2,Completed,96,2012-05-25,2015-10-06
NCT100000795,Interventional,Phase 1,Unknown status,40,2016-05-29,
NCT100000796,Interventional,Phase 2,Completed,65,2014-02-03,2015-05-30
NCT100000797,Interventional,Phase 3,Completed,10,2014-05-19,2016-02-19
NCT100000798,Interventional,Phase 3,Recruiting,34,2024-03-25,
NCT100000799,Interventional,Phase 4,Completed,269,2024-01-17,2026-10-10
NCT100000800,Interventional,Phase 1,Unknown status,33,2020-10-15,
NCT100000801,Interventional,Phase 3,Completed,13,2012-07-04,2015-09-18
NCT100000802,Interventional,Phase 1,Unknown status,73,2017-09-05,
NCT100000803,Interventional,Phase 1,Completed,5,2023-08-13,2025-12-08
NCT100000804,Interventional,Phase 4,Completed,202,2024-04-23,2026-08-04
NCT100000805,Interventional,Phase 3,Completed,97,2020-09-23,2023-04-25
NCT100000806,Interventional,Phase 3,"Active, not recruiting",14,2012-10-02,
NCT100000807,Interventional,Phase 2,Completed,396,2020-07-25,2021-11-21
NCT100000808,Interventional,Phase 4,Completed,34,2021-04-20,2023-01-26
NCT100000809,Interventional,Phase 4,Completed,21,2023-07-15,2025-03-05
NCT100000810,Interventional,Phase 3,Completed,52,2023-09-12,2026-03-06
NCT100000811,Interventional,Phase 2,Recruiting,40,2021-03-11,
NCT100000812,Interventional,Phase 2,Completed,311,2025-12-21,2025-12-31
NCT100000813,Interventional,Phase 3,Completed,5,2012-10-14,2016-03-05
NCT100000814,Interventional,Phase 1,Completed,52,2013-10-03,2015-09-22
NCT100000815,Interventional,Phase 2,Terminated,102,2021-05-27,2022-02-22
NCT100000816,Interventional,Phase 3,Completed,311,2015-03-28,2017-01-10
NCT100000817,Interventional,Phase 1,Terminated,213,2015-04-26,2016-07-25
NCT100000818,Interventional,Phase 2,Unknown status,28,2025-09-16,
NCT100000819,Interventional,Phase 3,"Active, not recruiting",48,2017-12-23,
NCT100000820,Interventional,Phase 4,Completed,5,2023-03-09,2025-12-31
NCT100000821,Interventional,Phase 3,Unknown status,273,2017-12-10,
NCT100000822,Interventional,Phase 3,Completed,40,2021-04-04,2023-08-22
NCT100000823,Interventional,Phase 4,Completed,170,2016-07-29,2018-08-06
NCT100000824,Interventional,Phase 2,Completed,358,2017-07-28,2019-05-24
NCT100000825,Interventional,Phase 3,Completed,140,2014-06-27,2017-01-21
NCT100000826,Interventional,Phase 4,Completed,46,2016-09-13,2018-09-25
NCT100000827,Interventional,Phase 3,Recruiting,20,2022-05-15,
NCT100000828,Interventional,Phase 2,Terminated,319,2020-11-29,2022-02-16
NCT100000829,Interventional,Phase 1,"Active, not recruiting",111,2018-11-17,
NCT100000830,Interventional,Phase 1,Completed,66,2012-07-25,2015-06-29
NCT100000831,Interventional,Phase 2,Recruiting,33,2019-05-09,
NCT100000832,Interventional,Phase 1,Recruiting,655,2011-07-18,
NCT100000833,Interventional,Phase 3,Completed,77,2017-11-12,2019-07-30
NCT100000834,Interventional,Phase 4,Recruiting,55,2015-02-13,
NCT100000835,Interventional,Phase 2,"Active, not recruiting",90,2018-12-08,
NCT100000836,Interventional,Phase 2,Terminated,16,2013-06-05,2014-09-14
NCT100000837,Interventional,Phase 1,"Active, not recruiting",7,2019-03-24,
NCT100000838,Interventional,Phase 1,Completed,195,2011-05-13,2012-10-27
NCT100000839,Interventional,Phase 2,Completed,748,2013-03-13,2017-05-22
NCT100000840,Interventional,Phase 2,Terminated,17,2025-10-19,2025-12-31
NCT100000841,Interventional,Phase 3,Completed,158,2020-05-06,2022-10-08
NCT100000842,Interventional,Phase 4,Recruiting,243,2013-03-28,
NCT100000843,Interventional,Phase 1,Completed,44,2016-09-07,2019-09-28
NCT100000844,Interventional,Phase 3,Completed,24,2024-11-03,2026-09-15
NCT100000845,Interventional,Phase 3,Recruiting,174,2018-12-31,
NCT100000846,Interventional,Phase 3,Completed,75,2017-11-04,2021-09-04
NCT100000847,Interventional,Phase 2,Recruiting,34,2011-07-08,
NCT100000848,Interventional,Phase 4,Completed,83,2025-12-27,2025-12-31
NCT100000849,Interventional,Phase 2,Recruiting,8,2011-11-25,
NCT100000850,Interventional,Phase 1,Recruiting,36,2021-04-04,
NCT100000851,Interventional,Phase 3,Completed,25,2016-06-23,2018-03-29
NCT100000852,Interventional,Phase 3,Completed,96,2019-06-12,2022-05-29
NCT100000853,Interventional,Phase 3,Recruiting,26,2015-10-28,
NCT100000854,Interventional,Phase 3,Completed,63,2014-09-02,2016-01-31
NCT100000855,Interventional,Phase 4,Recruiting,34,2023-03-22,
NCT100000856,Interventional,Phase 2,Completed,79,2015-04-03,2018-04-09
NCT100000857,Interventional,Phase 3,"Active, not recruiting",54,2025-05-13,
NCT100000858,Interventional,Phase 2,Unknown status,162,2013-04-21,
NCT100000859,Interventional,Phase 2,Terminated,57,2013-03-21,2013-12-25
NCT100000860,Interventional,Phase 3,Completed,80,2013-05-10,2015-06-04
NCT100000861,Interventional,Phase 1,Completed,277,2012-07-05,2014-08-28
NCT100000862,Interventional,Phase 2,"Active, not recruiting",27,2015-10-22,
NCT100000863,Interventional,Phase 3,Recruiting,291,2019-08-10,
NCT100000864,Interventional,Phase 3,Recruiting,56,2018-01-13,
NCT100000865,Interventional,Phase 1,Completed,334,2012-12-03,2015-01-10
NCT100000866,Interventional,Phase 4,Recruiting,51,2020-10-22,
NCT100000867,Interventional,Phase 3,Completed,54,2021-09-27,2023-02-26
NCT100000868,Interventional,Phase 2,Recruiting,391,2012-06-29,
NCT100000869,Interventional,Phase 1,Terminated,15,2011-12-30,2013-04-08
NCT100000870,Interventional,Phase 2,Unknown status,20,2013-05-28,
NCT100000871,Interventional,Phase 1,Completed,24,2022-11-11,2025-09-19
NCT100000872,Interventional,Phase 2,Completed,10,2019-06-12,2021-06-25
NCT100000873,Interventional,Phase 1,Withdrawn,296,2025-09-08,2025-12-31
NCT100000874,Interventional,Phase 2,Recruiting,5,2014-09-03,
NCT100000875,Interventional,Phase 2,Recruiting,56,2012-04-07,
NCT100000876,Interventional,Phase 2,Recruiting,425,2019-11-06,
NCT100000877,Interventional,Phase 1,Completed,56,2012-03-11,2014-01-28
NCT100000878,Interventional,Phase 3,Completed,403,2022-06-06,2025-04-06
NCT100000879,Interventional,Phase 2,Completed,23,2025-03-21,2025-12-31
NCT100000880,Interventional,Phase 1,"Active, not recruiting",5,2016-11-24,
NCT100000881,Interventional,Phase 3,Completed,27,2018-02-10,2021-01-14
NCT100000882,Interventional,Phase 2,Completed,625,2015-01-02,2016-07-07
NCT100000883,Interventional,Phase 2,Terminated,21,2022-11-06,2023-10-01
NCT100000884,Interventional,Phase 1,Recruiting,23,2025-10-11,
NCT100000885,Interventional,Phase 1,Completed,57,2020-04-07,2023-04-03
NCT100000886,Interventional,Phase 4,Completed,45,2016-09-11,2019-02-13
NCT100000887,Interventional,Phase 2,Completed,10,2022-03-29,2023-12-29
NCT100000888,Interventional,Phase 3,Completed,1267,2024-10-11,2025-12-31
NCT100000889,Interventional,Phase 1,Completed,75,2020-09-22,2022-01-19
NCT100000890,Interventional,Phase 3,Unknown status,71,2020-04-04,
NCT100000891,Interventional,Phase 2,Completed,116,2014-03-26,2017-10-06
NCT100000892,Interventional,Phase 3,"Active, not recruiting",84,2014-09-01,
NCT100000893,Interventional,Phase 2,Completed,51,2016-08-10,2018-05-16
NCT100000894,Interventional,Phase 3,Completed,230,2021-12-21,2024-03-28
NCT100000895,Interventional,Phase 1,Recruiting,637,2023-03-27,
NCT100000896,Interventional,Phase 1,Recruiting,39,2024-01-13,
NCT100000897,Interventional,Phase 4,Withdrawn,5,2016-01-23,2017-07-20
NCT100000898,Interventional,Phase 2,Completed,1042,2014-04-30,2016-05-03
NCT100000899,Interventional,Phase 1,Recruiting,280,2022-05-31,
NCT100000900,Interventional,Phase 4,Completed,25,2014-01-29,2017-05-05
NCT100000901,Interventional,Phase 1,Recruiting,48,2024-02-14,
NCT100000902,Interventional,Phase 2,"Active, not recruiting",21,2023-10-02,
NCT100000903,Interventional,Phase 3,Completed,142,2017-12-25,2019-12-29
NCT100000904,Interventional,Phase 2,Completed,48,2014-11-12,2017-09-23
NCT100000905,Interventional,Phase 2,Recruiting,76,2025-05-22,
NCT100000906,Interventional,Phase 3,Terminated,111,2020-08-12,2021-04-04
NCT100000907,Interventional,Phase 2,Completed,100,2013-10-19,2016-02-27
NCT100000908,Interventional,Phase 1,"Active, not recruiting",82,2021-08-31,
NCT100000909,Interventional,Phase 2,Completed,47,2017-10-08,2019-06-19
NCT100000910,Interventional,Phase 3,Completed,58,2015-01-22,2017-12-11
NCT100000911,Interventional,Phase 3,Completed,323,2015-12-20,2019-05-02
NCT100000912,Interventional,Phase 3,Completed,82,2019-02-15,2021-04-26
NCT100000913,Interventional,Phase 1,Completed,30,2017-05-26,2019-01-19
NCT100000914,Interventional,Phase 1,Terminated,113,2021-10-26,2024-05-18
NCT100000915,Interventional,Phase 2,Terminated,54,2022-08-26,2023-08-27
NCT100000916,Interventional,Phase 1,Terminated,18,2025-12-09,2025-12-31
NCT100000917,Interventional,Phase 3,"Active, not recruiting",218,2022-01-09,
NCT100000918,Interventional,Phase 2,Completed,18,2023-11-16,2026-02-13
NCT100000919,Interventional,Phase 1,Terminated,248,2016-04-22,2016-12-10
NCT100000920,Interventional,Phase 2,Unknown status,28,2012-01-20,
NCT100000921,Interventional,Phase 3,Completed,210,2024-09-26,2026-07-18
NCT100000922,Interventional,Phase 3,Completed,274,2013-02-20,2016-10-03
NCT100000923,Interventional,Phase 3,Unknown status,20,2012-06-10,
NCT100000924,Interventional,Phase 1,Completed,13,2012-02-24,2015-06-16
NCT100000925,Interventional,Phase 4,Completed,114,2021-08-29,2023-05-17
NCT100000926,Interventional,Phase 4,Completed,302,2024-01-02,2026-04-15
NCT100000927,Interventional,Phase 1,Recruiting,104,2025-01-19,
NCT100000928,Interventional,Phase 1,Completed,19,2018-05-16,2020-08-21
NCT100000929,Interventional,Phase 2,Completed,220,2021-11-26,2024-05-18
NCT100000930,Interventional,Phase 1,Unknown status,45,2013-12-04,
NCT100000931,Interventional,Phase 1,Completed,11,2019-04-20,2021-08-25
NCT100000932,Interventional,Phase 1,Unknown status,108,2019-04-29,
NCT100000933,Interventional,Phase 3,Terminated,109,2013-04-25,2014-04-23
NCT100000934,Interventional,Phase 2,Recruiting,86,2024-09-30,
NCT100000935,Interventional,Phase 2,Recruiting,23,2024-12-02,
NCT100000936,Interventional,Phase 2,Completed,43,2011-01-20,2012-12-14
NCT100000937,Interventional,Phase 3,"Active, not recruiting",306,2016-04-10,
NCT100000938,Interventional,Phase 2,Withdrawn,642,2022-11-10,2023-09-04
NCT100000939,Interventional,Phase 2,Completed,41,2016-04-27,2018-10-08
NCT100000940,Interventional,Phase 1,Completed,155,2015-02-11,2017-02-13
NCT100000941,Interventional,Phase 3,Unknown status,122,2013-01-31,
NCT100000942,Interventional,Phase 1,Completed,92,2021-02-26,2023-02-24
NCT100000943,Interventional,Phase 2,"Active, not recruiting",1540,2017-08-03,
NCT100000944,Interventional,Phase 1,Withdrawn,16,2018-10-10,2019-05-05
NCT100000945,Interventional,Phase 3,Completed,170,2025-04-23,2025-12-31
NCT100000946,Interventional,Phase 3,Recruiting,32,2024-06-21,
NCT100000947,Interventional,Phase 1,Terminated,17,2024-10-14,2025-03-26
NCT100000948,Interventional,Phase 4,Completed,225,2016-03-07,2018-07-18
NCT100000949,Interventional,Phase 2,Completed,242,2025-07-27,2025-12-31
NCT100000950,Interventional,Phase 2,Unknown status,28,2011-07-24,
NCT100000951,Interventional,Phase 2,"Active, not recruiting",39,2012-07-09,
NCT100000952,Interventional,Phase 4,Terminated,129,2019-06-24,2020-01-05
NCT100000953,Interventional,Phase 3,Terminated,59,2012-01-29,2012-09-11
NCT100000954,Interventional,Phase 4,Completed,67,2013-10-31,2015-06-20
NCT100000955,Interventional,Phase 3,Completed,10,2025-05-24,2025-12-31
NCT100000956,Interventional,Phase 1,Completed,46,2021-07-24,2024-09-08
NCT100000957,Interventional,Phase 1,Recruiting,93,2015-11-09,
NCT100000958,Interventional,Phase 3,Unknown status,99,2020-12-19,
NCT100000959,Interventional,Phase 3,Terminated,291,2015-02-18,2015-12-13
NCT100000960,Interventional,Phase 2,Recruiting,131,2020-06-04,
NCT100000961,Interventional,Phase 4,Recruiting,289,2012-05-08,
NCT100000962,Interventional,Phase 4,Terminated,10,2016-04-16,2017-11-17
NCT100000963,Interventional,Phase 1,Completed,464,2018-04-21,2020-06-15
NCT100000964,Interventional,Phase 4,Completed,120,2018-03-10,2020-02-18
NCT100000965,Interventional,Phase 4,Completed,182,2014-11-03,2016-05-10
NCT100000966,Interventional,Phase 3,Completed,14,2019-12-29,2023-03-26
NCT100000967,Interventional,Phase 1,"Active, not recruiting",317,2019-03-11,
NCT100000968,Interventional,Phase 1,Completed,256,2015-05-18,2016-10-11
NCT100000969,Interventional,Phase 3,"Active, not recruiting",121,2012-04-13,
NCT100000970,Interventional,Phase 2,Completed,157,2011-03-10,2013-09-14
NCT100000971,Interventional,Phase 2,"Active, not recruiting",195,2020-01-24,
NCT100000972,Interventional,Phase 4,Completed,337,2017-02-04,2019-05-26
NCT100000973,Interventional,Phase 2,Recruiting,58,2025-02-28,
NCT100000974,Interventional,Phase 1,Recruiting,24,2011-05-24,
NCT100000975,Interventional,Phase 1,Completed,18,2016-07-01,2018-05-10
NCT100000976,Interventional,Phase 3,Completed,82,2015-05-21,2019-06-07
NCT100000977,Interventional,Phase 4,Recruiting,5,2013-05-13,
NCT100000978,Interventional,Phase 2,Terminated,36,2018-07-18,2019-02-28
NCT100000979,Interventional,Phase 3,Terminated,47,2022-08-10,2023-06-24
NCT100000980,Interventional,Phase 3,Unknown status,271,2011-08-01,
NCT100000981,Interventional,Phase 1,Withdrawn,37,2018-06-07,2019-02-02
NCT100000982,Interventional,Phase 3,Recruiting,28,2021-03-02,
NCT100000983,Interventional,Phase 3,Recruiting,21,2015-10-09,
NCT100000984,Interventional,Phase 2,Terminated,9,2019-10-11,2021-03-26
NCT100000985,Interventional,Phase 2,Completed,70,2021-05-29,2023-11-16
NCT100000986,Interventional,Phase 3,Completed,46,2024-05-22,2025-12-31
NCT100000987,Interventional,Phase 1,Completed,31,2018-08-10,2020-10-23
NCT100000988,Interventional,Phase 1,Recruiting,265,2017-10-28,
NCT100000989,Interventional,Phase 2,Completed,2593,2015-04-20,2017-12-19
NCT100000990,Interventional,Phase 2,Recruiting,28,2014-01-15,
NCT100000991,Interventional,Phase 1,"Active, not recruiting",28,2019-03-27,
NCT100000992,Interventional,Phase 2,Completed,43,2017-08-03,2019-12-12
NCT100000993,Interventional,Phase 2,Completed,74,2025-08-11,2025-12-31
NCT100000994,Interventional,Phase 1,Completed,14,2012-02-14,2013-12-28
NCT100000995,Interventional,Phase 2,Unknown status,256,2012-01-13,
NCT100000996,Interventional,Phase 4,Withdrawn,113,2018-11-07,2019-10-23
NCT100000997,Interventional,Phase 1,Terminated,55,2018-09-27,2019-07-14
NCT100000998,Interventional,Phase 1,Recruiting,58,2020-11-18,
NCT100000999,Interventional,Phase 2,Completed,67,2018-09-01,2021-04-23
NCT100001000,Interventional,Phase 3,Unknown status,35,2020-04-19,
NCT100001001,Interventional,Phase 4,Withdrawn,626,2011-11-10,2013-03-05
NCT100001002,Interventional,Phase 3,"Active, not recruiting",75,2020-11-19,
NCT100001003,Interventional,Phase 1,Completed,124,2013-04-24,2014-10-30
NCT100001004,Interventional,Phase 2,Terminated,232,2024-11-11,2025-06-25
NCT100001005,Interventional,Phase 3,Completed,25,2025-10-07,2025-12-31
NCT100001006,Interventional,Phase 3,Unknown status,50,2015-11-01,
NCT100001007,Interventional,Phase 2,Completed,115,2019-12-11,2021-08-14
NCT100001008,Interventional,Phase 3,Completed,93,2016-06-18,2018-10-07
NCT100001009,Interventional,Phase 2,Terminated,67,2022-05-07,2022-10-24
NCT100001010,Interventional,Phase 3,Recruiting,89,2019-05-22,
NCT100001011,Interventional,Phase 3,Completed,140,2011-07-12,2013-10-31
NCT100001012,Interventional,Phase 4,Unknown status,116,2024-07-13,
NCT100001013,Interventional,Phase 2,Completed,571,2022-11-16,2024-09-10
NCT100001014,Interventional,Phase 3,Completed,87,2015-04-28,2017-06-26
NCT100001015,Interventional,Phase 1,"Active, not recruiting",14,2015-07-09,
NCT100001016,Interventional,Phase 1,Completed,20,2025-07-01,2026-12-13
NCT100001017,Interventional,Phase 2,Recruiting,31,2017-02-21,
NCT100001018,Interventional,Phase 2,Terminated,5,2017-06-26,2018-03-12
NCT100001019,Interventional,Phase 2,Withdrawn,39,2019-06-19,2020-11-27
NCT100001020,Interventional,Phase 3,Completed,203,2019-06-12,2023-07-25
NCT100001021,Interventional,Phase 2,Completed,7,2018-06-23,2020-09-12
NCT100001022,Interventional,Phase 3,Completed,64,2020-02-24,2022-05-27
NCT100001023,Interventional,Phase 2,Completed,63,2022-05-16,2025-06-09
NCT100001024,Interventional,Phase 2,"Active, not recruiting",55,2019-07-23,
NCT100001025,Interventional,Phase 1,"Active, not recruiting",253,2020-09-02,
NCT100001026,Interventional,Phase 2,Completed,2290,2019-07-04,2022-01-19
NCT100001027,Interventional,Phase 2,Recruiting,570,2015-03-04,
NCT100001028,Interventional,Phase 3,Recruiting,7,2021-08-10,
NCT100001029,Interventional,Phase 1,Completed,60,2025-07-26,2025-12-31
NCT100001030,Interventional,Phase 1,Unknown status,42,2013-08-01,
NCT100001031,Interventional,Phase 3,Recruiting,64,2022-06-24,
NCT100001032,Interventional,Phase 3,Completed,879,2024-01-09,2026-07-22
NCT100001033,Interventional,Phase 1,Recruiting,217,2017-06-26,
NCT100001034,Interventional,Phase 3,Completed,55,2013-04-21,2016-08-25
NCT100001035,Interventional,Phase 3,Recruiting,7,2011-04-01,
NCT100001036,Interventional,Phase 1,Completed,838,2013-06-19,2016-02-25
NCT100001037,Interventional,Phase 1,Recruiting,118,2019-11-18,
NCT100001038,Interventional,Phase 1,Completed,44,2015-07-22,2018-04-16
NCT100001039,Interventional,Phase 4,Unknown status,19,2014-05-18,
NCT100001040,Interventional,Phase 3,Withdrawn,158,2018-01-23,2020-06-03
NCT100001041,Interventional,Phase 4,Completed,461,2023-10-12,2026-12-02
NCT100001042,Interventional,Phase 1,Completed,317,2018-10-15,2021-04-27
NCT100001043,Interventional,Phase 2,Completed,7,2024-11-19,2026-12-24
NCT100001044,Interventional,Phase 2,Unknown status,50,2018-07-23,
NCT100001045,Interventional,Phase 2,Completed,184,2013-10-07,2017-03-20
NCT100001046,Interventional,Phase 1,Terminated,136,2018-03-30,2019-03-02
NCT100001047,Interventional,Phase 3,Completed,22,2013-02-08,2015-01-06
NCT100001048,Interventional,Phase 1,Completed,330,2016-10-21,2018-11-12
NCT100001049,Interventional,Phase 1,Terminated,68,2012-02-08,2013-03-12
NCT100001050,Interventional,Phase 1,Recruiting,120,2021-11-01,
NCT100001051,Interventional,Phase 4,Completed,66,2023-01-04,2026-12-08
NCT100001052,Interventional,Phase 1,Withdrawn,168,2015-05-22,2015-11-13
NCT100001053,Interventional,Phase 3,Completed,43,2012-04-20,2015-10-01
NCT100001054,Interventional,Phase 1,Completed,85,2024-03-29,2026-02-12
NCT100001055,Interventional,Phase 3,Terminated,91,2012-12-13,2014-04-12
NCT100001056,Interventional,Phase 2,Terminated,36,2011-01-22,2011-07-08
NCT100001057,Interventional,Phase 4,Completed,140,2014-05-21,2015-12-15
NCT100001058,Interventional,Phase 1,"Active, not recruiting",496,2024-05-08,
NCT100001059,Interventional,Phase 2,Completed,404,2021-06-01,2023-12-11
NCT100001060,Interventional,Phase 3,Terminated,176,2025-06-18,2026-05-07
NCT100001061,Interventional,Phase 2,Completed,110,2023-07-13,2026-01-21
NCT100001062,Interventional,Phase 2,Completed,66,2021-01-31,2022-11-30
NCT100001063,Interventional,Phase 1,Completed,21,2025-06-23,2025-12-31
NCT100001064,Interventional,Phase 2,Completed,295,2011-12-05,2013-04-06
NCT100001065,Interventional,Phase 4,Completed,70,2019-01-06,2021-09-03
NCT100001066,Interventional,Phase 2,"Active, not recruiting",205,2013-08-24,
NCT100001067,Interventional,Phase 1,Withdrawn,11,2022-05-03,2023-01-28
NCT100001068,Interventional,Phase 2,Completed,205,2023-11-20,2025-06-07
NCT100001069,Interventional,Phase 2,Completed,135,2014-01-17,2016-12-15
NCT100001070,Interventional,Phase 1,Unknown status,51,2017-04-03,
NCT100001071,Interventional,Phase 2,Unknown status,10,2011-11-10,
NCT100001072,Interventional,Phase 3,Terminated,77,2024-08-15,2025-11-24
NCT100001073,Interventional,Phase 2,Recruiting,955,2017-04-18,
NCT100001074,Interventional,Phase 2,Completed,83,2012-12-05,2015-06-03
NCT100001075,Interventional,Phase 2,Completed,70,2020-02-29,2021-11-27
NCT100001076,Interventional,Phase 2,Unknown status,423,2024-03-04,
NCT100001077,Interventional,Phase 4,Completed,95,2019-07-28,2021-08-24
NCT100001078,Interventional,Phase 1,Recruiting,26,2013-07-25,
NCT100001079,Interventional,Phase 3,Completed,312,2018-04-22,2021-08-23
NCT100001080,Interventional,Phase 2,Completed,481,2025-04-13,2025-12-31
NCT100001081,Interventional,Phase 2,Completed,342,2020-01-02,2022-12-01
NCT100001082,Interventional,Phase 1,Recruiting,37,2017-05-09,
NCT100001083,Interventional,Phase 4,Completed,52,2011-09-17,2013-01-28
NCT100001084,Interventional,Phase 4,Completed,22,2021-04-06,2023-11-14
NCT100001085,Interventional,Phase 4,Completed,24,2021-01-18,2022-10-31
NCT100001086,Interventional,Phase 4,Recruiting,920,2022-05-17,
NCT100001087,Interventional,Phase 1,Recruiting,31,2022-04-25,
NCT100001088,Interventional,Phase 4,Completed,185,2023-06-26,2026-06-03
NCT100001089,Interventional,Phase 4,Completed,77,2018-02-16,2020-05-04
NCT100001090,Interventional,Phase 2,Completed,418,2017-06-20,2019-11-26
NCT100001091,Interventional,Phase 3,Unknown status,610,2014-09-25,
NCT100001092,Interventional,Phase 3,Completed,24,2022-05-09,2024-08-29
NCT100001093,Interventional,Phase 4,Completed,33,2019-09-08,2023-04-14
NCT100001094,Interventional,Phase 4,Unknown status,120,2021-11-14,
NCT100001095,Interventional,Phase 2,Completed,134,2017-08-13,2020-05-18
NCT100001096,Interventional,Phase 1,Recruiting,814,2018-08-29,
NCT100001097,Interventional,Phase 4,Completed,90,2021-10-02,2024-02-06
NCT100001098,Interventional,Phase 1,Recruiting,129,2014-01-02,
NCT100001099,Interventional,Phase 3,Completed,7,2018-09-03,2021-03-06
NCT100001100,Interventional,Phase 2,Completed,64,2016-02-27,2018-10-19
NCT100001101,Interventional,Phase 2,"Active, not recruiting",5,2013-06-23,
NCT100001102,Interventional,Phase 3,Completed,643,2015-11-26,2017-10-06
NCT100001103,Interventional,Phase 1,Completed,67,2022-11-06,2024-07-09
NCT100001104,Interventional,Phase 2,Completed,53,2020-06-16,2022-01-27
NCT100001105,Interventional,Phase 4,Terminated,93,2023-04-07,2026-02-12
NCT100001106,Interventional,Phase 1,Withdrawn,53,2012-03-04,2012-07-02
NCT100001107,Interventional,Phase 1,Completed,20,2023-07-17,2025-03-05
NCT100001108,Interventional,Phase 3,Completed,21,2024-11-30,2025-12-31
NCT100001109,Interventional,Phase 2,Completed,36,2021-06-21,2024-02-22
NCT100001110,Interventional,Phase 2,Completed,178,2013-04-20,2015-06-15
NCT100001111,Interventional,Phase 2,Completed,125,2022-09-03,2024-10-26
NCT100001112,Interventional,Phase 4,Completed,33,2014-02-05,2017-01-28
NCT100001113,Interventional,Phase 1,Completed,88,2013-05-12,2015-06-26
NCT100001114,Interventional,Phase 4,Unknown status,170,2022-12-21,
NCT100001115,Interventional,Phase 1,Completed,392,2013-01-23,2015-04-30
NCT100001116,Interventional,Phase 1,Completed,119,2016-11-07,2018-06-20
NCT100001117,Interventional,Phase 2,Completed,58,2023-08-12,2025-12-01
NCT100001118,Interventional,Phase 2,Completed,376,2011-06-20,2013-04-13
NCT100001119,Interventional,Phase 2,Completed,37,2015-12-01,2017-04-02
NCT100001120,Interventional,Phase 1,Completed,59,2020-04-24,2021-07-01
NCT100001121,Interventional,Phase 3,Unknown status,401,2017-08-06,
NCT100001122,Interventional,Phase 4,Completed,25,2011-08-07,2013-10-22
NCT100001123,Interventional,Phase 2,Completed,50,2020-08-21,2022-10-01
NCT100001124,Interventional,Phase 4,Terminated,5,2021-07-31,2022-05-07
NCT100001125,Interventional,Phase 1,Completed,114,2015-03-02,2017-03-17
NCT100001126,Interventional,Phase 2,Completed,95,2014-04-19,2017-05-07
NCT100001127,Interventional,Phase 3,Completed,19,2012-03-22,2015-01-20
NCT100001128,Interventional,Phase 2,Unknown status,30,2016-02-26,
NCT100001129,Interventional,Phase 4,"Active, not recruiting",97,2015-11-11,
NCT100001130,Interventional,Phase 3,Recruiting,10,2014-11-10,
NCT100001131,Interventional,Phase 2,Completed,10,2018-01-02,2019-09-03
NCT100001132,Interventional,Phase 3,Recruiting,22,2012-10-18,
NCT100001133,Interventional,Phase 2,Recruiting,57,2017-03-08,
NCT100001134,Interventional,Phase 3,Completed,29,2025-04-17,2025-12-31
NCT100001135,Interventional,Phase 2,Completed,159,2024-09-19,2026-02-21
NCT100001136,Interventional,Phase 2,Completed,13,2011-08-04,2013-03-15
NCT100001137,Interventional,Phase 3,Recruiting,36,2014-10-27,
NCT100001138,Interventional,Phase 1,Completed,69,2020-12-12,2023-04-09
NCT100001139,Interventional,Phase 3,Completed,34,2020-04-19,2022-12-02
NCT100001140,Interventional,Phase 2,Terminated,76,2013-11-19,2014-08-28
NCT100001141,Interventional,Phase 2,"Active, not recruiting",229,2018-12-15,
NCT100001142,Interventional,Phase 3,Recruiting,83,2023-03-12,
NCT100001143,Interventional,Phase 3,Completed,541,2019-03-16,2021-06-29
NCT100001144,Interventional,Phase 3,Completed,50,2023-12-24,2026-04-30
NCT100001145,Interventional,Phase 1,Unknown status,240,2018-10-12,
NCT100001146,Interventional,Phase 2,Completed,117,2020-11-27,2022-06-26
NCT100001147,Interventional,Phase 4,Terminated,43,2016-03-10,2016-11-09
NCT100001148,Interventional,Phase 2,Recruiting,112,2019-01-18,
NCT100001149,Interventional,Phase 1,"Active, not recruiting",62,2013-01-30,
NCT100001150,Interventional,Phase 3,Completed,9,2018-12-21,2021-05-29
NCT100001151,Interventional,Phase 1,Completed,60,2018-06-16,2019-06-08
NCT100001152,Interventional,Phase 4,Completed,161,2018-06-19,2020-04-14
NCT100001153,Interventional,Phase 2,Terminated,18,2013-11-11,2014-08-15
NCT100001154,Interventional,Phase 1,Terminated,12,2014-02-23,2014-12-16
NCT100001155,Interventional,Phase 4,Completed,22,2017-05-19,2020-04-22
NCT100001156,Interventional,Phase 4,"Active, not recruiting",6,2012-01-13,
NCT100001157,Interventional,Phase 2,Completed,145,2025-11-01,2025-12-31
NCT100001158,Interventional,Phase 1,Recruiting,55,2015-09-25,
NCT100001159,Interventional,Phase 2,Completed,51,2021-06-03,2022-12-17
NCT100001160,Interventional,Phase 4,Completed,56,2018-06-20,2020-02-17
NCT100001161,Interventional,Phase 3,Completed,126,2025-04-22,2025-12-31
NCT100001162,Interventional,Phase 3,Terminated,255,2012-02-23,2012-11-25
NCT100001163,Interventional,Phase 1,Terminated,55,2018-05-27,2019-02-09
NCT100001164,Interventional,Phase 1,Unknown status,8,2019-09-20,
NCT100001165,Interventional,Phase 1,Terminated,14,2016-07-31,2017-09-08
NCT100001166,Interventional,Phase 2,Completed,705,2025-11-08,2025-12-31
NCT100001167,Interventional,Phase 1,Recruiting,192,2012-03-17,
NCT100001168,Interventional,Phase 4,Completed,69,2014-07-26,2016-01-07
NCT100001169,Interventional,Phase 3,"Active, not recruiting",14,2016-02-04,
NCT100001170,Interventional,Phase 1,"Active, not recruiting",8,2021-09-27,
NCT100001171,Interventional,Phase 3,Completed,1127,2023-10-11,2025-12-15
NCT100001172,Interventional,Phase 2,"Active, not recruiting",67,2018-06-06,
NCT100001173,Interventional,Phase 2,Completed,42,2013-06-04,2015-11-05
NCT100001174,Interventional,Phase 3,Recruiting,62,2024-12-11,
NCT100001175,Interventional,Phase 1,Unknown status,193,2019-06-23,
NCT100001176,Interventional,Phase 2,Recruiting,165,2014-10-04,
NCT100001177,Interventional,Phase 2,Completed,9,2012-04-25,2013-10-03
NCT100001178,Interventional,Phase 1,Recruiting,140,2015-09-21,
NCT100001179,Interventional,Phase 2,Terminated,215,2022-12-12,2024-01-06
NCT100001180,Interventional,Phase 1,Terminated,154,2018-03-14,2019-01-13
NCT100001181,Interventional,Phase 4,Terminated,37,2020-08-08,2021-04-03
NCT100001182,Interventional,Phase 4,Completed,84,2023-09-13,2025-12-31
NCT100001183,Interventional,Phase 4,Completed,85,2022-04-20,2024-03-02
NCT100001184,Interventional,Phase 3,Completed,56,2014-11-24,2017-06-01
NCT100001185,Interventional,Phase 3,Completed,278,2025-03-29,2025-12-31
NCT100001186,Interventional,Phase 3,Completed,420,2023-06-03,2026-05-02
NCT100001187,Interventional,Phase 2,Completed,20,2016-12-04,2018-07-27
NCT100001188,Interventional,Phase 3,Completed,27,2013-06-03,2015-01-21
NCT100001189,Interventional,Phase 3,Completed,636,2015-03-22,2017-04-14
NCT100001190,Interventional,Phase 3,Completed,67,2016-11-22,2020-01-05
NCT100001191,Interventional,Phase 1,"Active, not recruiting",67,2011-06-09,
NCT100001192,Interventional,Phase 2,Terminated,18,2020-09-26,2021-05-10
NCT100001193,Interventional,Phase 2,Completed,149,2016-07-16,2019-11-13
NCT100001194,Interventional,Phase 1,Recruiting,27,2019-02-06,
NCT100001195,Interventional,Phase 3,Completed,40,2019-02-02,2022-01-29
NCT100001196,Interventional,Phase 1,Completed,67,2012-07-07,2014-03-07
NCT100001197,Interventional,Phase 2,Completed,252,2014-04-16,2016-10-02
NCT100001198,Interventional,Phase 2,Completed,37,2021-04-20,2023-05-02
NCT100001199,Interventional,Phase 1,Completed,344,2019-05-25,2021-10-07
NCT100001200,Interventional,Phase 2,Completed,652,2021-09-05,2024-01-23
NCT100001201,Interventional,Phase 1,Withdrawn,273,2015-10-28,2016-07-04
NCT100001202,Interventional,Phase 1,Completed,85,2022-07-08,2023-10-29
NCT100001203,Interventional,Phase 1,Terminated,29,2015-10-08,2016-05-07
NCT100001204,Interventional,Phase 4,Completed,69,2024-04-21,2025-12-02
NCT100001205,Interventional,Phase 3,Unknown status,178,2018-10-12,
NCT100001206,Interventional,Phase 4,Recruiting,108,2022-12-22,
NCT100001207,Interventional,Phase 1,Recruiting,88,2021-12-19,
NCT100001208,Interventional,Phase 1,Completed,73,2017-05-30,2019-07-27
NCT100001209,Interventional,Phase 2,Completed,17,2018-07-18,2020-03-15
NCT100001210,Interventional,Phase 1,Terminated,26,2016-11-09,2017-08-05
NCT100001211,Interventional,Phase 3,Unknown status,80,2018-02-11,
NCT100001212,Interventional,Phase 4,Withdrawn,48,2011-06-21,2012-09-01
NCT100001213,Interventional,Phase 1,Completed,33,2014-10-01,2017-07-29
NCT100001214,Interventional,Phase 3,Completed,52,2019-09-18,2022-05-26
NCT100001215,Interventional,Phase 1,Terminated,43,2017-10-06,2018-08-25
NCT100001216,Interventional,Phase 3,Completed,49,2023-11-25,2026-05-01
NCT100001217,Interventional,Phase 3,Completed,75,2011-04-17,2013-09-04
NCT100001218,Interventional,Phase 1,Completed,19,2025-06-05,2026-05-04
NCT100001219,Interventional,Phase 4,Completed,30,2022-11-01,2026-02-24
NCT100001220,Interventional,Phase 1,Terminated,34,2020-10-22,2022-02-25
NCT100001221,Interventional,Phase 4,Completed,6,2021-06-28,2023-07-11
NCT100001222,Interventional,Phase 3,Completed,65,2012-07-24,2014-07-28
NCT100001223,Interventional,Phase 4,Completed,6,2012-03-18,2014-12-28
NCT100001224,Interventional,Phase 4,Completed,41,2015-03-13,2017-12-27
NCT100001225,Interventional,Phase 4,"Active, not recruiting",755,2013-08-16,
NCT100001226,Interventional,Phase 1,Completed,219,2014-01-28,2015-01-12
NCT100001227,Interventional,Phase 2,Withdrawn,56,2022-03-11,2023-05-06
NCT100001228,Interventional,Phase 3,Recruiting,168,2017-09-24,
NCT100001229,Interventional,Phase 3,Unknown status,25,2021-06-27,
NCT100001230,Interventional,Phase 2,Completed,276,2017-09-27,2019-07-15
NCT100001231,Interventional,Phase 1,Completed,162,2021-03-08,2022-08-29
NCT100001232,Interventional,Phase 4,Completed,81,2013-09-22,2016-12-09
NCT100001233,Interventional,Phase 1,Completed,16,2014-04-11,2017-04-02
NCT100001234,Interventional,Phase 1,Recruiting,82,2019-05-08,
NCT100001235,Interventional,Phase 1,Completed,44,2025-08-22,2025-12-31
NCT100001236,Interventional,Phase 1,Unknown status,79,2012-01-03,
NCT100001237,Interventional,Phase 3,Completed,4095,2016-10-06,2019-06-26
NCT100001238,Interventional,Phase 2,Completed,5,2023-06-03,2025-09-29
NCT100001239,Interventional,Phase 2,"Active, not recruiting",6,2014-12-13,
NCT100001240,Interventional,Phase 2,Completed,479,2011-04-24,2013-11-09
NCT100001241,Interventional,Phase 3,Completed,27,2013-03-31,2016-01-11
NCT100001242,Interventional,Phase 4,Completed,152,2012-01-23,2013-08-17
NCT100001243,Interventional,Phase 2,Terminated,10,2015-03-09,2015-12-27
NCT100001244,Interventional,Phase 2,"Active, not recruiting",15,2023-04-03,
NCT100001245,Interventional,Phase 4,Terminated,102,2018-09-04,2020-03-01
NCT100001246,Interventional,Phase 2,Completed,38,2022-05-09,2023-12-16
NCT100001247,Interventional,Phase 3,Recruiting,132,2011-08-19,
NCT100001248,Interventional,Phase 1,Terminated,20,2023-11-07,2025-04-24
NCT100001249,Interventional,Phase 2,"Active, not recruiting",1351,2016-04-30,
NCT100001250,Interventional,Phase 2,Terminated,140,2012-12-11,2014-01-06
NCT100001251,Interventional,Phase 2,Completed,1032,2014-03-31,2017-05-15
NCT100001252,Interventional,Phase 2,"Active, not recruiting",15,2011-12-24,
NCT100001253,Interventional,Phase 2,Completed,19,2019-11-06,2022-04-27
NCT100001254,Interventional,Phase 1,Completed,129,2019-11-03,2021-05-31
NCT100001255,Interventional,Phase 4,Completed,772,2021-09-15,2025-04-30
NCT100001256,Interventional,Phase 4,Completed,249,2012-11-19,2016-03-19
NCT100001257,Interventional,Phase 3,Completed,90,2020-05-30,2023-05-11
NCT100001258,Interventional,Phase 3,Completed,95,2023-04-18,2025-12-31
NCT100001259,Interventional,Phase 3,Completed,614,2022-10-25,2025-01-18
NCT100001260,Interventional,Phase 1,Unknown status,3257,2019-04-06,
NCT100001261,Interventional,Phase 3,Completed,23,2011-11-19,2014-09-17
NCT100001262,Interventional,Phase 3,Completed,41,2022-02-13,2025-05-24
NCT100001263,Interventional,Phase 2,Completed,16,2025-02-03,2025-12-31
NCT100001264,Interventional,Phase 4,Unknown status,113,2012-01-21,
NCT100001265,Interventional,Phase 1,Completed,82,2011-05-17,2013-12-26
NCT100001266,Interventional,Phase 1,Unknown status,13,2012-11-13,
NCT100001267,Interventional,Phase 3,Completed,14,2014-07-07,2016-07-12
NCT100001268,Interventional,Phase 2,Completed,115,2024-02-27,2026-10-23
NCT100001269,Interventional,Phase 1,Completed,39,2012-01-10,2013-10-26
NCT100001270,Interventional,Phase 3,Completed,36,2021-05-16,2024-09-20
NCT100001271,Interventional,Phase 3,"Active, not recruiting",464,2022-02-14,
NCT100001272,Interventional,Phase 1,"Active, not recruiting",78,2019-02-16,
NCT100001273,Interventional,Phase 3,Terminated,30,2025-09-05,2025-12-31
NCT100001274,Interventional,Phase 2,Completed,35,2013-03-14,2015-09-20
NCT100001275,Interventional,Phase 3,Completed,20,2018-09-05,2020-07-10
NCT100001276,Interventional,Phase 1,Terminated,89,2021-11-07,2022-07-07
NCT100001277,Interventional,Phase 2,Completed,58,2018-10-30,2020-06-27
NCT100001278,Interventional,Phase 1,Completed,225,2023-08-18,2025-05-27
NCT100001279,Interventional,Phase 2,Completed,22,2021-10-19,2023-08-11
NCT100001280,Interventional,Phase 3,Completed,54,2018-10-13,2020-05-31
NCT100001281,Interventional,Phase 3,Completed,98,2013-09-14,2016-07-24
NCT100001282,Interventional,Phase 3,Completed,444,2022-12-20,2025-05-02
NCT100001283,Interventional,Phase 1,Completed,39,2018-01-09,2019-09-20
NCT100001284,Interventional,Phase 3,Unknown status,75,2024-02-15,
NCT100001285,Interventional,Phase 1,"Active, not recruiting",132,2016-07-26,
NCT100001286,Interventional,Phase 3,Unknown status,82,2022-02-19,
NCT100001287,Interventional,Phase 2,Recruiting,94,2014-11-08,
NCT100001288,Interventional,Phase 2,"Active, not recruiting",87,2011-03-18,
NCT100001289,Interventional,Phase 2,Completed,117,2018-08-29,2020-07-20
NCT100001290,Interventional,Phase 2,Terminated,22,2014-06-05,2015-05-11
NCT100001291,Interventional,Phase 2,Completed,17,2013-01-26,2015-01-09
NCT100001292,Interventional,Phase 2,Completed,129,2024-07-11,2025-11-02
NCT100001293,Interventional,Phase 2,"Active, not recruiting",368,2019-07-06,
NCT100001294,Interventional,Phase 4,Completed,174,2014-07-18,2016-05-04
NCT100001295,Interventional,Phase 4,Completed,56,2015-09-20,2017-11-17
NCT100001296,Interventional,Phase 1,Withdrawn,49,2017-11-14,2018-07-02
NCT100001297,Interventional,Phase 4,Completed,32,2011-04-21,2012-07-19
NCT100001298,Interventional,Phase 1,Completed,71,2020-11-26,2022-04-22
NCT100001299,Interventional,Phase 1,Recruiting,27,2019-10-05,
NCT100001300,Interventional,Phase 2,Recruiting,156,2023-05-14,
NCT100001301,Interventional,Phase 1,Terminated,31,2017-03-22,2019-04-12
NCT100001302,Interventional,Phase 2,Terminated,34,2013-04-08,2013-12-12
NCT100001303,Interventional,Phase 4,Completed,150,2014-07-13,2016-09-26
NCT100001304,Interventional,Phase 2,Recruiting,7,2011-08-10,
NCT100001305,Interventional,Phase 1,Recruiting,13,2020-10-25,
NCT100001306,Interventional,Phase 3,Withdrawn,246,2014-07-26,2015-01-27
NCT100001307,Interventional,Phase 1,Completed,30,2020-07-15,2021-11-10
NCT100001308,Interventional,Phase 2,Completed,98,2015-03-15,2017-01-02
NCT100001309,Interventional,Phase 2,Completed,38,2019-01-02,2021-10-03
NCT100001310,Interventional,Phase 1,Withdrawn,111,2012-08-10,2014-02-15
NCT100001311,Interventional,Phase 3,Completed,12,2018-05-29,2021-02-05
NCT100001312,Interventional,Phase 2,Terminated,15,2017-10-28,2018-05-03
NCT100001313,Interventional,Phase 3,Completed,40,2016-12-17,2020-12-05
NCT100001314,Interventional,Phase 2,Completed,48,2015-10-27,2018-04-05
NCT100001315,Interventional,Phase 3,Completed,465,2012-10-30,2015-03-26
NCT100001316,Interventional,Phase 3,Completed,44,2015-06-24,2017-06-07
NCT100001317,Interventional,Phase 2,Completed,137,2017-03-16,2020-09-16
NCT100001318,Interventional,Phase 3,Completed,9,2019-05-15,2021-06-01
NCT100001319,Interventional,Phase 2,Completed,67,2019-04-06,2020-09-20
NCT100001320,Interventional,Phase 4,Recruiting,84,2018-03-22,
NCT100001321,Interventional,Phase 1,"Active, not recruiting",165,2012-05-08,
NCT100001322,Interventional,Phase 3,Completed,68,2023-12-26,2025-12-31
NCT100001323,Interventional,Phase 1,Completed,230,2011-06-12,2012-09-26
NCT100001324,Interventional,Phase 1,Withdrawn,7,2015-02-14,2015-11-30
NCT100001325,Interventional,Phase 1,Completed,26,2015-04-04,2017-09-05
NCT100001326,Interventional,Phase 3,"Active, not recruiting",55,2021-02-18,
NCT100001327,Interventional,Phase 2,Recruiting,40,2022-03-11,
NCT100001328,Interventional,Phase 3,Completed,90,2021-11-10,2024-11-02
NCT100001329,Interventional,Phase 1,Terminated,39,2014-08-22,2015-03-30
NCT100001330,Interventional,Phase 2,Completed,51,2020-11-27,2024-02-13
NCT100001331,Interventional,Phase 1,Completed,167,2019-08-21,2021-09-19
NCT100001332,Interventional,Phase 2,Completed,35,2016-06-18,2018-12-12
NCT100001333,Interventional,Phase 4,"Active, not recruiting",249,2012-03-09,
NCT100001334,Interventional,Phase 2,Withdrawn,103,2012-02-17,2013-02-17
NCT100001335,Interventional,Phase 2,Completed,140,2025-09-19,2025-12-31
NCT100001336,Interventional,Phase 2,Completed,117,2024-09-08,2026-12-26
NCT100001337,Interventional,Phase 1,Unknown status,14,2018-06-14,
NCT100001338,Interventional,Phase 2,Completed,36,2014-01-15,2018-01-08
NCT100001339,Interventional,Phase 2,Completed,16,2013-09-22,2016-03-25
NCT100001340,Interventional,Phase 2,Completed,5,2024-11-04,2025-12-31
NCT100001341,Interventional,Phase 2,Completed,313,2015-10-29,2017-04-27
NCT100001342,Interventional,Phase 3,Completed,404,2025-08-06,2025-12-31
NCT100001343,Interventional,Phase 3,Terminated,116,2018-01-02,2018-12-01
NCT100001344,Interventional,Phase 1,Completed,38,2019-03-29,2021-05-25
NCT100001345,Interventional,Phase 1,Completed,74,2025-01-28,2026-12-18
NCT100001346,Interventional,Phase 3,Completed,222,2020-05-04,2022-03-14
NCT100001347,Interventional,Phase 2,Completed,59,2014-12-22,2018-02-19
NCT100001348,Interventional,Phase 1,Completed,111,2015-01-26,2016-09-13
NCT100001349,Interventional,Phase 3,Completed,125,2021-05-06,2025-08-13
NCT100001350,Interventional,Phase 1,Withdrawn,86,2011-01-06,2011-07-11
NCT100001351,Interventional,Phase 1,Recruiting,199,2025-12-02,
NCT100001352,Interventional,Phase 4,Completed,76,2014-03-24,2015-08-05
NCT100001353,Interventional,Phase 2,"Active, not recruiting",62,2023-01-14,
NCT100001354,Interventional,Phase 1,Unknown status,63,2012-11-12,
NCT100001355,Interventional,Phase 3,Unknown status,64,2024-01-19,
NCT100001356,Interventional,Phase 3,Completed,282,2012-08-11,2014-09-02
NCT100001357,Interventional,Phase 3,Completed,697,2024-09-29,2025-12-31
NCT100001358,Interventional,Phase 3,Completed,223,2017-02-15,2018-11-21
NCT100001359,Interventional,Phase 2,Completed,122,2015-02-08,2016-11-19
NCT100001360,Interventional,Phase 2,Completed,102,2015-03-21,2017-07-23
NCT100001361,Interventional,Phase 4,Completed,121,2012-12-26,2015-09-04
NCT100001362,Interventional,Phase 1,Completed,128,2022-01-21,2024-06-28
NCT100001363,Interventional,Phase 1,Recruiting,32,2021-12-05,
NCT100001364,Interventional,Phase 3,Completed,30,2014-09-01,2017-10-20
NCT100001365,Interventional,Phase 2,Unknown status,106,2021-01-10,
NCT100001366,Interventional,Phase 2,Completed,37,2018-03-06,2020-10-20
NCT100001367,Interventional,Phase 2,Completed,12,2017-08-31,2019-08-10
NCT100001368,Interventional,Phase 4,Recruiting,118,2012-04-18,
NCT100001369,Interventional,Phase 4,Withdrawn,215,2013-07-05,2014-11-17
NCT100001370,Interventional,Phase 3,Completed,238,2019-07-03,2023-11-24
NCT100001371,Interventional,Phase 1,Completed,84,2018-08-07,2021-02-19
NCT100001372,Interventional,Phase 1,Recruiting,26,2015-01-04,
NCT100001373,Interventional,Phase 4,"Active, not recruiting",13,2012-01-20,
NCT100001374,Interventional,Phase 1,Terminated,100,2023-01-23,2025-02-24
NCT100001375,Interventional,Phase 1,Completed,27,2015-09-30,2019-06-09
NCT100001376,Interventional,Phase 4,Completed,2081,2024-08-21,2025-12-31
NCT100001377,Interventional,Phase 1,Completed,59,2012-12-19,2015-10-10
NCT100001378,Interventional,Phase 3,Withdrawn,27,2022-09-08,2024-02-02
NCT100001379,Interventional,Phase 3,Recruiting,11,2017-08-24,
NCT100001380,Interventional,Phase 3,Recruiting,32,2024-01-12,
NCT100001381,Interventional,Phase 3,Completed,129,2013-12-13,2015-09-28
NCT100001382,Interventional,Phase 3,Recruiting,30,2024-11-10,
NCT100001383,Interventional,Phase 3,Terminated,364,2017-03-24,2018-01-09
NCT100001384,Interventional,Phase 2,Unknown status,51,2018-07-11,
NCT100001385,Interventional,Phase 3,Completed,55,2024-10-29,2026-11-02
NCT100001386,Interventional,Phase 2,Completed,16,2020-11-17,2023-12-29
NCT100001387,Interventional,Phase 1,Recruiting,106,2020-08-29,
NCT100001388,Interventional,Phase 2,Completed,18,2011-01-25,2013-05-16
NCT100001389,Interventional,Phase 2,Completed,7,2017-06-16,2019-06-19
NCT100001390,Interventional,Phase 3,Completed,1275,2015-08-18,2018-11-19
NCT100001391,Interventional,Phase 3,Completed,553,2025-07-02,2025-12-31
NCT100001392,Interventional,Phase 2,Completed,53,2013-01-19,2015-10-03
NCT100001393,Interventional,Phase 2,Recruiting,411,2015-02-11,
NCT100001394,Interventional,Phase 1,Recruiting,225,2015-09-27,
NCT100001395,Interventional,Phase 3,Completed,13,2013-10-24,2017-11-11
NCT100001396,Interventional,Phase 1,Completed,25,2017-07-21,2019-03-21
NCT100001397,Interventional,Phase 1,"Active, not recruiting",8,2023-03-22,
NCT100001398,Interventional,Phase 1,Completed,26,2017-02-16,2020-03-13
NCT100001399,Interventional,Phase 3,Unknown status,22,2018-10-05,
NCT100001400,Interventional,Phase 1,Completed,136,2018-08-13,2021-04-19
NCT100001401,Interventional,Phase 4,Completed,55,2014-07-18,2017-07-18
NCT100001402,Interventional,Phase 1,Terminated,122,2021-09-19,2022-11-17
NCT100001403,Interventional,Phase 1,Recruiting,35,2017-03-02,
NCT100001404,Interventional,Phase 2,Completed,169,2013-09-07,2016-04-10
NCT100001405,Interventional,Phase 3,Completed,32,2019-11-26,2022-01-06
NCT100001406,Interventional,Phase 1,Terminated,34,2015-12-25,2016-11-30
NCT100001407,Interventional,Phase 4,Completed,17,2012-11-04,2015-02-21
NCT100001408,Interventional,Phase 2,Completed,329,2015-02-15,2017-02-25
NCT100001409,Interventional,Phase 1,Recruiting,61,2013-01-25,
NCT100001410,Interventional,Phase 4,Unknown status,64,2013-01-18,
NCT100001411,Interventional,Phase 1,"Active, not recruiting",5,2014-01-09,
NCT100001412,Interventional,Phase 2,Terminated,54,2023-01-31,2023-09-16
NCT100001413,Interventional,Phase 3,Completed,51,2017-12-11,2020-04-03
NCT100001414,Interventional,Phase 3,Completed,82,2018-07-31,2020-12-11
NCT100001415,Interventional,Phase 1,Terminated,11,2020-12-06,2021-05-29
NCT100001416,Interventional,Phase 3,Completed,120,2017-08-21,2020-07-17
NCT100001417,Interventional,Phase 1,Completed,25,2021-06-09,2023-08-27
NCT100001418,Interventional,Phase 2,Terminated,27,2014-04-30,2015-04-18
NCT100001419,Interventional,Phase 2,Completed,406,2013-03-31,2016-08-01
NCT100001420,Interventional,Phase 1,Terminated,304,2023-11-24,2024-04-14
NCT100001421,Interventional,Phase 2,Completed,5,2016-11-27,2018-12-04
NCT100001422,Interventional,Phase 2,Completed,133,2015-01-12,2016-09-30
NCT100001423,Interventional,Phase 2,Terminated,56,2018-08-05,2019-05-09
NCT100001424,Interventional,Phase 3,Terminated,80,2015-04-30,2016-05-14
NCT100001425,Interventional,Phase 1,Completed,55,2019-08-01,2023-09-07
NCT100001426,Interventional,Phase 2,Terminated,5,2014-04-02,2015-07-02
NCT100001427,Interventional,Phase 3,Completed,18,2025-02-11,2025-12-31
NCT100001428,Interventional,Phase 3,Completed,53,2021-01-06,2023-03-24
NCT100001429,Interventional,Phase 4,Completed,107,2013-05-31,2015-09-27
NCT100001430,Interventional,Phase 3,Completed,19,2016-02-13,2020-08-16
NCT100001431,Interventional,Phase 3,Completed,83,2015-04-20,2017-11-06
NCT100001432,Interventional,Phase 1,Unknown status,85,2014-10-06,
NCT100001433,Interventional,Phase 2,Unknown status,5,2013-04-22,
NCT100001434,Interventional,Phase 2,Recruiting,45,2021-11-12,
NCT100001435,Interventional,Phase 3,Recruiting,18,2013-10-26,
NCT100001436,Interventional,Phase 4,"Active, not recruiting",23,2011-10-20,
NCT100001437,Interventional,Phase 3,Unknown status,45,2025-10-03,
NCT100001438,Interventional,Phase 2,"Active, not recruiting",42,2023-01-04,
NCT100001439,Interventional,Phase 2,Completed,67,2022-09-29,2026-03-02
NCT100001440,Interventional,Phase 4,Unknown status,5,2022-02-15,
NCT100001441,Interventional,Phase 4,Completed,19,2025-09-15,2025-12-31
NCT100001442,Interventional,Phase 2,"Active, not recruiting",27,2014-08-24,
NCT100001443,Interventional,Phase 1,Completed,143,2021-09-19,2023-12-13
NCT100001444,Interventional,Phase 4,Recruiting,24,2014-08-27,
NCT100001445,Interventional,Phase 2,"Active, not recruiting",244,2011-02-20,
NCT100001446,Interventional,Phase 3,Completed,185,2015-10-10,2017-10-18
NCT100001447,Interventional,Phase 4,Completed,42,2012-01-23,2016-06-25
NCT100001448,Interventional,Phase 2,Completed,362,2017-03-06,2018-08-10
NCT100001449,Interventional,Phase 4,Completed,41,2024-09-15,2026-03-02
NCT100001450,Interventional,Phase 2,"Active, not recruiting",103,2013-05-29,
NCT100001451,Interventional,Phase 1,Completed,99,2015-12-29,2017-07-08
NCT100001452,Interventional,Phase 3,Withdrawn,100,2012-07-18,2013-03-13
NCT100001453,Interventional,Phase 3,Completed,22,2016-04-30,2018-03-12
NCT100001454,Interventional,Phase 1,Terminated,175,2018-01-24,2019-02-12
NCT100001455,Interventional,Phase 4,Completed,76,2020-12-10,2022-11-12
NCT100001456,Interventional,Phase 3,Completed,60,2017-08-05,2020-04-07
NCT100001457,Interventional,Phase 1,Completed,349,2017-01-15,2019-08-01
NCT100001458,Interventional,Phase 1,Completed,34,2021-11-22,2023-06-11
NCT100001459,Interventional,Phase 2,Completed,381,2018-04-20,2020-10-16
NCT100001460,Interventional,Phase 1,Completed,97,2023-08-07,2025-09-15
NCT100001461,Interventional,Phase 1,Withdrawn,374,2020-02-20,2021-05-02
NCT100001462,Interventional,Phase 2,Completed,53,2011-05-20,2013-02-20
NCT100001463,Interventional,Phase 1,Recruiting,14,2018-11-14,
NCT100001464,Interventional,Phase 3,Recruiting,101,2013-12-21,
NCT100001465,Interventional,Phase 1,"Active, not recruiting",84,2013-11-07,
NCT100001466,Interventional,Phase 1,"Active, not recruiting",184,2022-06-11,
NCT100001467,Interventional,Phase 4,Completed,233,2013-04-05,2015-09-27
NCT100001468,Interventional,Phase 4,Withdrawn,327,2025-12-24,2025-12-31
NCT100001469,Interventional,Phase 2,"Active, not recruiting",303,2025-09-13,
NCT100001470,Interventional,Phase 4,Completed,31,2017-04-29,2021-05-09
NCT100001471,Interventional,Phase 3,Completed,41,2015-02-13,2017-10-25
NCT100001472,Interventional,Phase 3,Withdrawn,30,2011-10-31,2013-01-04
NCT100001473,Interventional,Phase 2,Completed,21,2013-03-04,2015-04-24
NCT100001474,Interventional,Phase 1,Recruiting,135,2016-05-12,
NCT100001475,Interventional,Phase 1,Completed,156,2018-07-19,2021-08-21
NCT100001476,Interventional,Phase 1,Completed,11,2018-08-02,2021-09-02
NCT100001477,Interventional,Phase 4,Recruiting,7,2013-03-30,
NCT100001478,Interventional,Phase 1,Terminated,31,2021-10-04,2022-05-02
NCT100001479,Interventional,Phase 1,"Active, not recruiting",51,2011-10-10,
NCT100001480,Interventional,Phase 3,Completed,104,2017-03-15,2019-06-04
NCT100001481,Interventional,Phase 2,Recruiting,83,2015-05-11,
NCT100001482,Interventional,Phase 4,Completed,17,2022-05-20,2025-07-29
NCT100001483,Interventional,Phase 1,Terminated,44,2019-05-02,2020-03-15
NCT100001484,Interventional,Phase 1,Completed,22,2023-12-05,2026-06-29
NCT100001485,Interventional,Phase 2,Completed,587,2020-03-19,2021-08-27
NCT100001486,Interventional,Phase 3,Completed,123,2015-04-28,2017-06-27
NCT100001487,Interventional,Phase 1,Completed,83,2020-03-07,2021-11-23
NCT100001488,Interventional,Phase 3,Terminated,209,2024-11-22,2025-10-10
NCT100001489,Interventional,Phase 3,Withdrawn,17,2018-08-04,2019-07-03
NCT100001490,Interventional,Phase 1,Withdrawn,93,2019-04-25,2020-03-22
NCT100001491,Interventional,Phase 3,Completed,146,2014-03-17,2016-03-10
NCT100001492,Interventional,Phase 3,Completed,20,2013-08-17,2015-04-29
NCT100001493,Interventional,Phase 3,Recruiting,134,2018-07-02,
NCT100001494,Interventional,Phase 2,Completed,16,2011-08-07,2013-07-05
NCT100001495,Interventional,Phase 2,Completed,36,2019-06-11,2022-08-29
NCT100001496,Interventional,Phase 2,Completed,32,2023-07-10,2025-08-27
NCT100001497,Interventional,Phase 2,Unknown status,342,2012-04-26,
NCT100001498,Interventional,Phase 1,Terminated,379,2014-04-05,2015-01-17
NCT100001499,Interventional,Phase 3,"Active, not recruiting",204,2019-11-04,
NCT100001500,Interventional,Phase 3,Unknown status,6,2015-07-12,
NCT100001501,Interventional,Phase 2,Recruiting,54,2025-02-02,
NCT100001502,Interventional,Phase 2,Completed,87,2017-03-23,2018-07-11
NCT100001503,Interventional,Phase 2,Recruiting,254,2022-03-12,
NCT100001504,Interventional,Phase 3,Completed,54,2021-09-29,2025-02-18
NCT100001505,Interventional,Phase 2,Recruiting,317,2013-08-13,
NCT100001506,Interventional,Phase 2,"Active, not recruiting",56,2013-11-18,
NCT100001507,Interventional,Phase 1,Completed,38,2018-07-25,2020-05-20
NCT100001508,Interventional,Phase 4,Completed,26,2011-01-18,2014-01-21
NCT100001509,Interventional,Phase 1,Unknown status,37,2011-05-05,
NCT100001510,Interventional,Phase 1,Unknown status,7,2024-06-03,
NCT100001511,Interventional,Phase 3,Completed,41,2020-02-15,2023-09-21
NCT100001512,Interventional,Phase 3,Completed,597,2024-03-15,2026-07-05
NCT100001513,Interventional,Phase 1,"Active, not recruiting",105,2022-04-19,
NCT100001514,Interventional,Phase 3,Completed,157,2014-11-10,2016-11-29
NCT100001515,Interventional,Phase 2,"Active, not recruiting",100,2013-07-20,
NCT100001516,Interventional,Phase 1,Completed,203,2011-10-13,2015-01-23
NCT100001517,Interventional,Phase 4,Withdrawn,17,2017-10-07,2020-01-06
NCT100001518,Interventional,Phase 2,Recruiting,10,2017-01-26,
NCT100001519,Interventional,Phase 1,Terminated,103,2016-08-16,2017-05-02
NCT100001520,Interventional,Phase 2,"Active, not recruiting",16,2012-07-14,
NCT100001521,Interventional,Phase 3,Completed,32,2012-06-25,2016-07-09
NCT100001522,Interventional,Phase 1,Terminated,93,2013-01-23,2013-08-06
NCT100001523,Interventional,Phase 3,Completed,66,2023-01-01,2025-12-30
NCT100001524,Interventional,Phase 4,Completed,61,2021-09-07,2024-09-08
NCT100001525,Interventional,Phase 1,Unknown status,226,2017-07-25,
NCT100001526,Interventional,Phase 2,Completed,39,2013-01-29,2015-11-14
NCT100001527,Interventional,Phase 4,Completed,61,2017-11-29,2020-03-09
NCT100001528,Interventional,Phase 3,"Active, not recruiting",156,2012-07-17,
NCT100001529,Interventional,Phase 3,Terminated,121,2018-03-10,2019-03-27
NCT100001530,Interventional,Phase 3,Recruiting,55,2022-04-10,
NCT100001531,Interventional,Phase 4,Recruiting,48,2020-01-12,
NCT100001532,Interventional,Phase 3,"Active, not recruiting",144,2017-05-26,
NCT100001533,Interventional,Phase 4,Unknown status,27,2020-10-05,
NCT100001534,Interventional,Phase 3,"Active, not recruiting",73,2013-04-28,
NCT100001535,Interventional,Phase 1,Unknown status,51,2016-07-11,
NCT100001536,Interventional,Phase 2,Completed,13,2015-12-02,2018-04-04
NCT100001537,Interventional,Phase 4,Completed,54,2025-05-05,2026-12-03
NCT100001538,Interventional,Phase 2,Completed,94,2016-09-22,2020-03-23
NCT100001539,Interventional,Phase 2,Completed,24,2013-08-31,2016-04-24
NCT100001540,Interventional,Phase 1,Recruiting,51,2025-10-16,
NCT100001541,Interventional,Phase 1,Completed,411,2013-12-30,2016-03-21
NCT100001542,Interventional,Phase 1,Recruiting,5,2015-08-10,
NCT100001543,Interventional,Phase 4,Completed,289,2015-12-25,2020-09-03
NCT100001544,Interventional,Phase 3,Completed,54,2022-06-08,2024-05-05
NCT100001545,Interventional,Phase 2,Terminated,768,2014-12-07,2016-08-12
NCT100001546,Interventional,Phase 1,Withdrawn,41,2021-11-20,2022-08-30
NCT100001547,Interventional,Phase 3,Recruiting,140,2025-12-23,
NCT100001548,Interventional,Phase 4,Withdrawn,72,2013-10-04,2014-12-25
NCT100001549,Interventional,Phase 1,Completed,102,2016-03-15,2017-08-28
NCT100001550,Interventional,Phase 2,Completed,82,2011-08-08,2014-04-25
NCT100001551,Interventional,Phase 2,Completed,59,2012-04-18,2013-11-07
NCT100001552,Interventional,Phase 3,Withdrawn,120,2013-03-06,2014-01-06
NCT100001553,Interventional,Phase 2,Completed,6,2017-07-26,2019-08-27
NCT100001554,Interventional,Phase 2,Unknown status,33,2014-09-13,
NCT100001555,Interventional,Phase 1,Completed,139,2016-05-14,2019-01-27
NCT100001556,Interventional,Phase 1,Unknown status,106,2023-06-10,
NCT100001557,Interventional,Phase 1,Completed,20,2016-02-04,2019-04-04
NCT100001558,Interventional,Phase 2,Completed,260,2015-06-22,2016-09-18
NCT100001559,Interventional,Phase 3,"Active, not recruiting",287,2020-12-28,
NCT100001560,Interventional,Phase 3,Completed,95,2024-09-11,2025-12-31
NCT100001561,Interventional,Phase 4,"Active, not recruiting",244,2024-07-25,
NCT100001562,Interventional,Phase 2,Completed,48,2019-12-07,2024-04-13
NCT100001563,Interventional,Phase 3,"Active, not recruiting",18,2020-09-01,
NCT100001564,Interventional,Phase 2,Completed,38,2013-02-17,2015-04-03
NCT100001565,Interventional,Phase 3,Recruiting,222,2017-06-01,
NCT100001566,Interventional,Phase 1,Terminated,204,2023-06-04,2024-04-16
NCT100001567,Interventional,Phase 4,Recruiting,302,2011-06-15,
NCT100001568,Interventional,Phase 1,Completed,32,2020-10-01,2022-10-08
NCT100001569,Interventional,Phase 2,"Active, not recruiting",346,2014-03-31,
NCT100001570,Interventional,Phase 1,Recruiting,21,2014-04-15,
NCT100001571,Interventional,Phase 2,Unknown status,11,2022-10-01,
NCT100001572,Interventional,Phase 1,"Active, not recruiting",73,2014-07-27,
NCT100001573,Interventional,Phase 4,"Active, not recruiting",254,2012-04-16,
NCT100001574,Interventional,Phase 1,Terminated,106,2017-10-31,2018-04-29
NCT100001575,Interventional,Phase 3,Completed,5,2025-09-03,2025-12-31
NCT100001576,Interventional,Phase 1,Completed,322,2015-09-07,2017-05-13
NCT100001577,Interventional,Phase 2,Unknown status,10,2021-03-23,
NCT100001578,Interventional,Phase 4,Recruiting,30,2016-10-05,
NCT100001579,Interventional,Phase 2,Completed,872,2019-04-16,2020-09-10
NCT100001580,Interventional,Phase 3,Unknown status,255,2014-05-25,
NCT100001581,Interventional,Phase 4,"Active, not recruiting",139,2015-01-06,
NCT100001582,Interventional,Phase 1,Completed,37,2015-12-20,2018-11-08
NCT100001583,Interventional,Phase 2,Completed,32,2011-06-21,2013-12-26
NCT100001584,Interventional,Phase 2,"Active, not recruiting",483,2016-10-08,
NCT100001585,Interventional,Phase 4,Terminated,51,2022-10-12,2024-01-03
NCT100001586,Interventional,Phase 4,Completed,35,2025-04-04,2025-12-31
NCT100001587,Interventional,Phase 3,Completed,520,2016-05-11,2018-12-17
NCT100001588,Interventional,Phase 2,"Active, not recruiting",204,2021-12-22,
NCT100001589,Interventional,Phase 1,Recruiting,27,2023-06-13,
NCT100001590,Interventional,Phase 1,Recruiting,73,2025-02-26,
NCT100001591,Interventional,Phase 2,Unknown status,208,2012-12-08,
NCT100001592,Interventional,Phase 4,Recruiting,415,2023-04-12,
NCT100001593,Interventional,Phase 4,"Active, not recruiting",120,2025-05-28,
NCT100001594,Interventional,Phase 3,Terminated,8,2023-05-26,2024-03-07
NCT100001595,Interventional,Phase 2,Completed,417,2011-02-02,2015-05-30
NCT100001596,Interventional,Phase 2,"Active, not recruiting",171,2024-12-21,
NCT100001597,Interventional,Phase 1,Completed,142,2013-09-03,2015-12-31
NCT100001598,Interventional,Phase 1,Completed,26,2021-04-12,2024-01-14
NCT100001599,Interventional,Phase 3,Completed,224,2011-10-30,2014-06-21
NCT100001600,Interventional,Phase 1,Completed,8,2018-10-10,2020-10-21
NCT100001601,Interventional,Phase 3,Recruiting,327,2025-03-01,
NCT100001602,Interventional,Phase 3,Recruiting,86,2021-03-29,
NCT100001603,Interventional,Phase 2,Completed,79,2014-02-22,2016-04-03
NCT100001604,Interventional,Phase 2,Terminated,9,2016-04-03,2017-02-13
NCT100001605,Interventional,Phase 4,Completed,29,2024-03-16,2026-08-24
NCT100001606,Interventional,Phase 4,Completed,125,2015-09-09,2020-01-21
NCT100001607,Interventional,Phase 3,Recruiting,90,2023-11-27,
NCT100001608,Interventional,Phase 2,Completed,213,2025-06-18,2025-12-31
NCT100001609,Interventional,Phase 3,Completed,60,2013-07-26,2016-10-31
NCT100001610,Interventional,Phase 1,"Active, not recruiting",309,2024-02-14,
NCT100001611,Interventional,Phase 1,"Active, not recruiting",39,2013-07-12,
NCT100001612,Interventional,Phase 1,Completed,252,2022-10-15,2024-06-10
NCT100001613,Interventional,Phase 3,Terminated,368,2018-01-08,2019-08-26
NCT100001614,Interventional,Phase 3,Unknown status,17,2013-08-22,
NCT100001615,Interventional,Phase 2,Recruiting,526,2013-03-08,
NCT100001616,Interventional,Phase 1,Completed,13,2017-08-27,2019-03-21
NCT100001617,Interventional,Phase 3,Completed,94,2024-09-22,2025-12-31
NCT100001618,Interventional,Phase 1,Completed,62,2023-08-15,2026-04-26
NCT100001619,Interventional,Phase 2,Recruiting,73,2022-04-13,
NCT100001620,Interventional,Phase 3,Completed,7,2020-02-06,2022-08-15
NCT100001621,Interventional,Phase 2,Terminated,220,2019-03-30,2020-11-04
NCT100001622,Interventional,Phase 1,Completed,430,2015-05-08,2016-07-17
NCT100001623,Interventional,Phase 4,Completed,39,2017-10-27,2019-06-11
NCT100001624,Interventional,Phase 2,Completed,73,2013-08-22,2015-11-12
NCT100001625,Interventional,Phase 1,Completed,40,2015-12-29,2018-02-26
NCT100001626,Interventional,Phase 2,Completed,15,2016-06-16,2018-12-15
NCT100001627,Interventional,Phase 2,Terminated,16,2014-09-15,2015-05-12
NCT100001628,Interventional,Phase 3,Unknown status,81,2024-03-09,
NCT100001629,Interventional,Phase 2,Completed,89,2011-04-13,2012-10-06
NCT100001630,Interventional,Phase 3,Completed,342,2012-12-03,2014-12-19
NCT100001631,Interventional,Phase 1,Completed,275,2022-04-13,2024-06-28
NCT100001632,Interventional,Phase 1,Recruiting,679,2021-10-02,
NCT100001633,Interventional,Phase 2,Completed,39,2025-04-04,2025-12-31
NCT100001634,Interventional,Phase 3,Completed,184,2020-03-15,2023-06-22
NCT100001635,Interventional,Phase 2,Terminated,14,2011-02-21,2011-12-22
NCT100001636,Interventional,Phase 1,Recruiting,227,2017-03-16,
NCT100001637,Interventional,Phase 1,Completed,138,2018-02-15,2021-01-03
NCT100001638,Interventional,Phase 2,Terminated,155,2024-08-27,2025-05-26
NCT100001639,Interventional,Phase 2,Completed,18,2019-12-20,2022-09-28
NCT100001640,Interventional,Phase 1,Recruiting,126,2021-08-30,
NCT100001641,Interventional,Phase 3,Completed,55,2020-10-10,2024-08-04
NCT100001642,Interventional,Phase 3,Completed,593,2023-07-14,2025-07-29
NCT100001643,Interventional,Phase 3,"Active, not recruiting",39,2015-09-04,
NCT100001644,Interventional,Phase 4,Completed,42,2020-03-20,2022-03-10
NCT100001645,Interventional,Phase 2,Unknown status,45,2022-07-13,
NCT100001646,Interventional,Phase 2,Terminated,206,2015-07-22,2016-03-08
NCT100001647,Interventional,Phase 2,Terminated,13,2012-01-25,2012-09-13
NCT100001648,Interventional,Phase 2,Terminated,49,2021-09-02,2022-03-11
NCT100001649,Interventional,Phase 1,Completed,142,2022-12-14,2025-01-18
NCT100001650,Interventional,Phase 1,Completed,15,2014-05-31,2016-02-04
NCT100001651,Interventional,Phase 1,Completed,98,2013-09-27,2017-02-26
NCT100001652,Interventional,Phase 4,Completed,127,2016-05-28,2019-04-07
NCT100001653,Interventional,Phase 4,Completed,74,2022-12-28,2024-07-10
NCT100001654,Interventional,Phase 2,Completed,41,2011-03-26,2013-06-16
NCT100001655,Interventional,Phase 2,Completed,51,2021-06-09,2023-10-26
NCT100001656,Interventional,Phase 1,Completed,32,2023-06-26,2024-06-29
NCT100001657,Interventional,Phase 4,Completed,104,2019-03-28,2021-11-11
NCT100001658,Interventional,Phase 2,Unknown status,83,2019-09-02,
NCT100001659,Interventional,Phase 2,Completed,646,2016-07-20,2019-08-30
NCT100001660,Interventional,Phase 3,Completed,159,2019-10-05,2022-02-23
NCT100001661,Interventional,Phase 1,Terminated,73,2013-12-05,2014-10-22
NCT100001662,Interventional,Phase 1,Terminated,26,2012-08-01,2012-12-31
NCT100001663,Interventional,Phase 1,Unknown status,1575,2015-05-14,
NCT100001664,Interventional,Phase 3,Recruiting,10,2024-07-04,
NCT100001665,Interventional,Phase 3,Completed,103,2011-10-22,2015-07-16
NCT100001666,Interventional,Phase 3,Completed,112,2022-05-18,2025-08-11
NCT100001667,Interventional,Phase 3,Unknown status,118,2023-08-03,
NCT100001668,Interventional,Phase 1,"Active, not recruiting",81,2020-03-28,
NCT100001669,Interventional,Phase 1,Terminated,52,2019-04-04,2019-10-13
NCT100001670,Interventional,Phase 2,Completed,158,2013-12-22,2017-08-23
NCT100001671,Interventional,Phase 3,"Active, not recruiting",66,2012-07-03,
NCT100001672,Interventional,Phase 3,Recruiting,221,2011-12-19,
NCT100001673,Interventional,Phase 3,Completed,28,2024-04-30,2026-11-17
NCT100001674,Interventional,Phase 4,Terminated,141,2015-11-02,2016-12-23
NCT100001675,Interventional,Phase 2,Completed,22,2024-04-17,2026-10-08
NCT100001676,Interventional,Phase 2,Completed,369,2025-04-13,2025-12-31
NCT100001677,Interventional,Phase 1,Unknown status,11,2016-09-16,
NCT100001678,Interventional,Phase 1,Terminated,101,2020-08-08,2021-07-05
NCT100001679,Interventional,Phase 2,Withdrawn,40,2012-01-06,2012-08-31
NCT100001680,Interventional,Phase 2,Completed,33,2025-07-05,2025-12-31
NCT100001681,Interventional,Phase 4,Completed,98,2022-04-17,2025-12-31
NCT100001682,Interventional,Phase 3,Terminated,12,2018-05-25,2019-03-26
NCT100001683,Interventional,Phase 2,Terminated,5,2024-08-29,2025-11-16
NCT100001684,Interventional,Phase 3,Completed,516,2020-03-30,2022-09-27
NCT100001685,Interventional,Phase 2,Recruiting,338,2018-11-27,
NCT100001686,Interventional,Phase 3,Unknown status,176,2011-07-25,
NCT100001687,Interventional,Phase 1,Completed,5,2019-03-27,2021-11-23
NCT100001688,Interventional,Phase 4,Withdrawn,9,2025-11-30,2026-06-04
NCT100001689,Interventional,Phase 2,Completed,94,2022-01-23,2024-08-16
NCT100001690,Interventional,Phase 3,Completed,179,2017-12-11,2020-01-29
NCT100001691,Interventional,Phase 3,Completed,36,2012-09-17,2015-03-21
NCT100001692,Interventional,Phase 2,Completed,74,2024-08-09,2026-09-03
NCT100001693,Interventional,Phase 1,"Active, not recruiting",80,2020-01-29,
NCT100001694,Interventional,Phase 4,Recruiting,43,2019-06-19,
NCT100001695,Interventional,Phase 4,Completed,122,2021-11-25,2023-11-13
NCT100001696,Interventional,Phase 2,Terminated,63,2022-04-28,2023-02-01
NCT100001697,Interventional,Phase 4,Withdrawn,139,2021-09-30,2022-10-12
NCT100001698,Interventional,Phase 1,"Active, not recruiting",779,2014-01-11,
NCT100001699,Interventional,Phase 2,"Active, not recruiting",32,2017-02-24,
NCT100001700,Interventional,Phase 3,Completed,12,2023-09-06,2025-12-31
NCT100001701,Interventional,Phase 1,Recruiting,32,2013-05-17,
NCT100001702,Interventional,Phase 2,Terminated,35,2014-09-21,2015-07-05
NCT100001703,Interventional,Phase 4,Terminated,855,2015-06-23,2016-07-07
NCT100001704,Interventional,Phase 1,Completed,10,2012-06-12,2014-05-05
NCT100001705,Interventional,Phase 2,"Active, not recruiting",92,2013-12-23,
NCT100001706,Interventional,Phase 1,Completed,72,2015-12-29,2018-12-18
NCT100001707,Interventional,Phase 2,Completed,35,2024-05-03,2025-12-31
NCT100001708,Interventional,Phase 2,Completed,1729,2022-10-12,2024-03-10
NCT100001709,Interventional,Phase 2,Completed,30,2014-10-08,2017-12-05
NCT100001710,Interventional,Phase 2,Recruiting,147,2018-09-15,
NCT100001711,Interventional,Phase 4,Completed,3487,2014-10-14,2017-03-26
NCT100001712,Interventional,Phase 2,Terminated,48,2022-01-06,2023-07-10
NCT100001713,Interventional,Phase 3,Completed,56,2021-09-24,2025-06-30
NCT100001714,Interventional,Phase 4,Completed,5,2015-05-05,2018-01-13
NCT100001715,Interventional,Phase 2,Recruiting,331,2018-03-02,
NCT100001716,Interventional,Phase 4,Terminated,224,2013-08-24,2014-11-08
NCT100001717,Interventional,Phase 3,Completed,244,2014-05-09,2015-11-23
NCT100001718,Interventional,Phase 3,Completed,46,2011-08-19,2014-06-08
NCT100001719,Interventional,Phase 1,Completed,229,2012-04-09,2013-10-24
NCT100001720,Interventional,Phase 1,Completed,43,2023-09-16,2026-01-17
NCT100001721,Interventional,Phase 1,Completed,172,2023-08-11,2025-04-21
NCT100001722,Interventional,Phase 1,Unknown status,64,2011-05-30,
NCT100001723,Interventional,Phase 3,Recruiting,561,2022-12-19,
NCT100001724,Interventional,Phase 4,Unknown status,65,2024-03-21,
NCT100001725,Interventional,Phase 2,Unknown status,113,2020-05-08,
NCT100001726,Interventional,Phase 2,Recruiting,218,2013-01-02,
NCT100001727,Interventional,Phase 2,Completed,81,2012-07-28,2014-11-30
NCT100001728,Interventional,Phase 1,Terminated,45,2019-12-02,2020-08-14
NCT100001729,Interventional,Phase 2,Withdrawn,49,2015-05-24,2016-04-05
NCT100001730,Interventional,Phase 1,Completed,17,2015-07-15,2017-02-25
NCT100001731,Interventional,Phase 1,Completed,92,2023-04-05,2025-01-17
NCT100001732,Interventional,Phase 1,Unknown status,141,2014-09-19,
NCT100001733,Interventional,Phase 4,Completed,67,2014-09-27,2017-03-25
NCT100001734,Interventional,Phase 1,Completed,30,2016-11-27,2018-03-14
NCT100001735,Interventional,Phase 3,Completed,62,2019-11-30,2022-02-25
NCT100001736,Interventional,Phase 2,Unknown status,47,2014-12-18,
NCT100001737,Interventional,Phase 3,Completed,776,2021-01-04,2023-11-18
NCT100001738,Interventional,Phase 2,Completed,218,2017-11-01,2019-10-22
NCT100001739,Interventional,Phase 3,Completed,94,2020-08-12,2023-05-19
NCT100001740,Interventional,Phase 4,Completed,65,2015-08-19,2017-10-27
NCT100001741,Interventional,Phase 1,Unknown status,182,2015-08-28,
NCT100001742,Interventional,Phase 3,Recruiting,57,2014-08-11,
NCT100001743,Interventional,Phase 2,Withdrawn,13,2015-04-19,2016-04-11
NCT100001744,Interventional,Phase 4,Unknown status,43,2011-09-14,
NCT100001745,Interventional,Phase 3,Completed,173,2025-12-05,2025-12-31
NCT100001746,Interventional,Phase 2,Terminated,26,2016-03-04,2016-12-15
NCT100001747,Interventional,Phase 2,Completed,471,2019-02-01,2021-12-12
NCT100001748,Interventional,Phase 3,Completed,173,2016-06-28,2018-12-18
NCT100001749,Interventional,Phase 2,"Active, not recruiting",189,2018-04-01,
NCT100001750,Interventional,Phase 2,Terminated,34,2021-04-25,2022-02-05
NCT100001751,Interventional,Phase 2,Completed,226,2016-08-23,2020-02-06
NCT100001752,Interventional,Phase 2,Completed,27,2023-04-13,2025-12-01
NCT100001753,Interventional,Phase 4,Completed,64,2018-06-24,2022-01-10
NCT100001754,Interventional,Phase 1,Completed,110,2023-11-09,2025-12-31
NCT100001755,Interventional,Phase 1,Unknown status,11,2020-05-22,
NCT100001756,Interventional,Phase 3,Completed,50,2011-11-18,2013-12-15
NCT100001757,Interventional,Phase 2,Recruiting,330,2025-03-25,
NCT100001758,Interventional,Phase 4,Recruiting,51,2024-05-25,
NCT100001759,Interventional,Phase 3,Recruiting,145,2024-03-04,
NCT100001760,Interventional,Phase 4,Completed,99,2024-01-24,2025-12-31
NCT100001761,Interventional,Phase 2,Terminated,233,2013-08-10,2015-07-14
NCT100001762,Interventional,Phase 2,Completed,352,2011-04-24,2013-08-01
NCT100001763,Interventional,Phase 2,Recruiting,617,2015-04-08,
NCT100001764,Interventional,Phase 2,"Active, not recruiting",151,2017-05-21,
NCT100001765,Interventional,Phase 1,Terminated,61,2011-01-31,2011-10-29
NCT100001766,Interventional,Phase 4,"Active, not recruiting",40,2012-06-10,
NCT100001767,Interventional,Phase 1,Recruiting,18,2018-07-13,
NCT100001768,Interventional,Phase 4,Recruiting,433,2019-03-05,
NCT100001769,Interventional,Phase 2,Unknown status,113,2014-05-18,
NCT100001770,Interventional,Phase 3,Completed,75,2011-07-29,2014-07-01
NCT100001771,Interventional,Phase 2,Completed,105,2024-04-19,2026-11-29
NCT100001772,Interventional,Phase 3,Completed,461,2017-01-07,2022-08-05
NCT100001773,Interventional,Phase 2,Recruiting,29,2014-05-24,
NCT100001774,Interventional,Phase 2,Recruiting,167,2013-01-17,
NCT100001775,Interventional,Phase 3,Completed,67,2011-10-03,2014-09-05
NCT100001776,Interventional,Phase 2,Completed,53,2018-11-07,2020-03-25
NCT100001777,Interventional,Phase 2,Completed,216,2023-11-04,2026-04-13
NCT100001778,Interventional,Phase 4,Recruiting,8,2012-04-01,
NCT100001779,Interventional,Phase 2,Completed,5,2023-01-02,2026-05-12
NCT100001780,Interventional,Phase 3,Completed,32,2021-12-08,2025-05-09
NCT100001781,Interventional,Phase 3,Withdrawn,130,2020-02-07,2020-08-25
NCT100001782,Interventional,Phase 2,Completed,104,2020-07-28,2022-04-04
NCT100001783,Interventional,Phase 2,Completed,257,2023-09-02,2025-08-23
NCT100001784,Interventional,Phase 3,Completed,50,2025-09-11,2025-12-31
NCT100001785,Interventional,Phase 2,"Active, not recruiting",81,2012-04-09,
NCT100001786,Interventional,Phase 1,Completed,520,2014-12-01,2017-05-08
NCT100001787,Interventional,Phase 4,Withdrawn,84,2016-10-19,2018-06-16
NCT100001788,Interventional,Phase 2,"Active, not recruiting",47,2011-11-03,
NCT100001789,Interventional,Phase 4,Completed,9,2021-04-20,2023-02-26
NCT100001790,Interventional,Phase 3,Withdrawn,82,2014-09-04,2016-01-12
NCT100001791,Interventional,Phase 3,Completed,74,2015-04-24,2017-06-26
NCT100001792,Interventional,Phase 2,Completed,7,2015-12-09,2018-12-25
NCT100001793,Interventional,Phase 4,Completed,29,2013-09-30,2015-04-04
NCT100001794,Interventional,Phase 3,Completed,113,2012-06-09,2014-02-23
NCT100001795,Interventional,Phase 1,"Active, not recruiting",160,2022-08-07,
NCT100001796,Interventional,Phase 4,Completed,5,2024-10-10,2025-12-31
NCT100001797,Interventional,Phase 1,Withdrawn,43,2016-05-17,2017-05-15
NCT100001798,Interventional,Phase 3,Completed,216,2017-10-08,2020-04-21
NCT100001799,Interventional,Phase 3,Completed,292,2021-05-04,2022-12-30
NCT100001800,Interventional,Phase 2,Completed,80,2024-05-16,2025-09-16
NCT100001801,Interventional,Phase 2,Terminated,117,2016-03-08,2016-09-06
NCT100001802,Interventional,Phase 3,Recruiting,24,2016-11-18,
NCT100001803,Interventional,Phase 2,Recruiting,7,2017-05-20,
NCT100001804,Interventional,Phase 1,Completed,579,2021-08-07,2025-01-12
NCT100001805,Interventional,Phase 1,Withdrawn,24,2011-07-21,2012-03-30
NCT100001806,Interventional,Phase 3,"Active, not recruiting",215,2013-12-22,
NCT100001807,Interventional,Phase 1,Completed,83,2021-10-16,2023-02-08
NCT100001808,Interventional,Phase 2,Completed,50,2023-08-06,2026-08-06
NCT100001809,Interventional,Phase 2,Completed,44,2011-08-30,2013-06-10
NCT100001810,Interventional,Phase 3,Completed,656,2017-11-24,2020-04-29
NCT100001811,Interventional,Phase 2,Completed,122,2019-05-20,2021-04-11
NCT100001812,Interventional,Phase 2,Completed,216,2016-12-08,2018-11-04
NCT100001813,Interventional,Phase 2,Terminated,101,2011-06-27,2013-05-11
NCT100001814,Interventional,Phase 2,Unknown status,205,2018-12-31,
NCT100001815,Interventional,Phase 2,Withdrawn,29,2013-12-06,2014-06-25
NCT100001816,Interventional,Phase 3,Completed,78,2019-06-23,2022-01-12
NCT100001817,Interventional,Phase 1,Recruiting,32,2018-04-13,
NCT100001818,Interventional,Phase 1,Completed,17,2017-10-13,2019-05-10
NCT100001819,Interventional,Phase 1,Completed,25,2023-04-11,2024-09-18
NCT100001820,Interventional,Phase 2,Terminated,204,2017-04-23,2019-04-28
NCT100001821,Interventional,Phase 4,Recruiting,20,2020-08-07,
NCT100001822,Interventional,Phase 2,Unknown status,28,2011-07-23,
NCT100001823,Interventional,Phase 1,Recruiting,289,2013-07-04,
NCT100001824,Interventional,Phase 1,Withdrawn,19,2025-01-22,2026-05-21
NCT100001825,Interventional,Phase 3,Completed,23,2023-07-01,2025-08-16
NCT100001826,Interventional,Phase 1,Unknown status,67,2024-09-08,
NCT100001827,Interventional,Phase 1,Completed,1161,2020-10-05,2024-01-16
NCT100001828,Interventional,Phase 2,Completed,70,2024-04-09,2026-08-20
NCT100001829,Interventional,Phase 2,Recruiting,335,2017-10-19,
NCT100001830,Interventional,Phase 2,Terminated,24,2012-02-13,2012-10-30
NCT100001831,Interventional,Phase 2,Recruiting,284,2017-12-02,
NCT100001832,Interventional,Phase 3,"Active, not recruiting",66,2019-11-27,
NCT100001833,Interventional,Phase 1,Unknown status,8,2011-07-13,
NCT100001834,Interventional,Phase 4,Completed,100,2014-02-25,2017-08-29
NCT100001835,Interventional,Phase 2,"Active, not recruiting",109,2015-01-10,
NCT100001836,Interventional,Phase 2,Completed,16,2012-04-19,2015-03-02
NCT100001837,Interventional,Phase 1,Terminated,8,2025-07-11,2026-04-12
NCT100001838,Interventional,Phase 2,"Active, not recruiting",135,2024-12-04,
NCT100001839,Interventional,Phase 1,"Active, not recruiting",85,2025-11-11,
NCT100001840,Interventional,Phase 1,Completed,31,2022-12-09,2024-09-06
NCT100001841,Interventional,Phase 1,Unknown status,395,2025-06-23,
NCT100001842,Interventional,Phase 3,Completed,37,2018-06-29,2020-07-27
NCT100001843,Interventional,Phase 3,Completed,71,2012-05-01,2016-07-25
NCT100001844,Interventional,Phase 1,Terminated,35,2021-08-22,2022-02-13
NCT100001845,Interventional,Phase 2,Completed,43,2013-04-16,2015-08-07
NCT100001846,Interventional,Phase 2,Completed,126,2021-08-06,2024-05-26
NCT100001847,Interventional,Phase 2,Completed,988,2016-09-04,2020-02-23
NCT100001848,Interventional,Phase 1,Unknown status,11,2013-10-06,
NCT100001849,Interventional,Phase 1,Completed,119,2019-09-08,2021-04-13
NCT100001850,Interventional,Phase 2,Completed,25,2018-01-15,2020-04-27
NCT100001851,Interventional,Phase 2,Completed,33,2016-01-20,2019-03-09
NCT100001852,Interventional,Phase 1,Completed,97,2024-07-31,2025-12-31
NCT100001853,Interventional,Phase 3,Recruiting,240,2020-07-26,
NCT100001854,Interventional,Phase 2,Completed,69,2021-11-26,2023-11-06
NCT100001855,Interventional,Phase 1,Terminated,109,2017-07-01,2018-01-19
NCT100001856,Interventional,Phase 3,Completed,34,2018-01-29,2020-09-08
NCT100001857,Interventional,Phase 1,Completed,6,2012-12-07,2016-05-02
NCT100001858,Interventional,Phase 3,"Active, not recruiting",25,2014-01-31,
NCT100001859,Interventional,Phase 2,Completed,46,2021-07-12,2023-05-16
NCT100001860,Interventional,Phase 2,Completed,70,2021-07-22,2024-06-11
NCT100001861,Interventional,Phase 3,Completed,23,2024-02-19,2025-12-31
NCT100001862,Interventional,Phase 2,Completed,62,2024-01-29,2026-05-06
NCT100001863,Interventional,Phase 2,Unknown status,37,2024-02-28,
NCT100001864,Interventional,Phase 2,"Active, not recruiting",166,2012-12-04,
NCT100001865,Interventional,Phase 1,Unknown status,77,2014-01-09,
NCT100001866,Interventional,Phase 3,Completed,243,2020-05-22,2022-10-26
NCT100001867,Interventional,Phase 2,Completed,68,2022-05-20,2024-07-06
NCT100001868,Interventional,Phase 1,Recruiting,29,2023-03-16,
NCT100001869,Interventional,Phase 1,Completed,86,2014-02-11,2015-11-17
NCT100001870,Interventional,Phase 3,Completed,381,2021-11-11,2023-10-28
NCT100001871,Interventional,Phase 3,Completed,73,2014-03-06,2016-06-27
NCT100001872,Interventional,Phase 2,Terminated,26,2025-03-14,2026-03-09
NCT100001873,Interventional,Phase 2,Recruiting,91,2014-01-16,
NCT100001874,Interventional,Phase 4,Completed,15,2021-05-12,2023-04-28
NCT100001875,Interventional,Phase 2,Withdrawn,42,2022-09-28,2023-08-27
NCT100001876,Interventional,Phase 2,Completed,224,2016-12-03,2019-02-13
NCT100001877,Interventional,Phase 3,Completed,5,2017-08-16,2020-07-22
NCT100001878,Interventional,Phase 3,Recruiting,78,2016-10-29,
NCT100001879,Interventional,Phase 2,Completed,426,2015-09-18,2018-10-23
NCT100001880,Interventional,Phase 2,Terminated,1733,2024-08-29,2025-11-05
NCT100001881,Interventional,Phase 2,Completed,20,2013-04-18,2016-08-29
NCT100001882,Interventional,Phase 2,Withdrawn,33,2022-05-29,2023-02-06
NCT100001883,Interventional,Phase 1,Withdrawn,47,2015-02-07,2015-07-23
NCT100001884,Interventional,Phase 2,Completed,102,2021-11-08,2024-12-15
NCT100001885,Interventional,Phase 3,Completed,39,2022-01-30,2024-05-31
NCT100001886,Interventional,Phase 1,Completed,1004,2023-10-30,2024-12-24
NCT100001887,Interventional,Phase 2,Completed,17,2020-02-09,2022-10-26
NCT100001888,Interventional,Phase 1,Recruiting,126,2011-09-06,
NCT100001889,Interventional,Phase 2,Terminated,682,2017-05-09,2019-06-27
NCT100001890,Interventional,Phase 1,Completed,31,2017-12-23,2020-11-29
NCT100001891,Interventional,Phase 4,"Active, not recruiting",101,2024-04-29,
NCT100001892,Interventional,Phase 1,Completed,77,2020-11-19,2025-10-27
NCT100001893,Interventional,Phase 4,Completed,194,2020-12-20,2023-06-28
NCT100001894,Interventional,Phase 3,Completed,67,2011-03-09,2012-09-27
NCT100001895,Interventional,Phase 3,Completed,87,2019-10-18,2021-07-06
NCT100001896,Interventional,Phase 4,Completed,40,2024-02-28,2025-12-17
NCT100001897,Interventional,Phase 3,Completed,28,2011-09-13,2015-04-07
NCT100001898,Interventional,Phase 1,Completed,121,2013-03-24,2015-04-28
NCT100001899,Interventional,Phase 3,Terminated,987,2018-01-15,2018-11-05
NCT100001900,Interventional,Phase 4,Completed,227,2015-07-24,2018-07-04
NCT100001901,Interventional,Phase 3,Completed,310,2014-04-17,2018-08-18
NCT100001902,Interventional,Phase 1,Unknown status,28,2018-09-10,
NCT100001903,Interventional,Phase 1,Terminated,463,2015-02-10,2015-08-07
NCT100001904,Interventional,Phase 2,Completed,184,2017-09-23,2022-03-08
NCT100001905,Interventional,Phase 2,Recruiting,42,2018-08-01,
NCT100001906,Interventional,Phase 2,Completed,11,2024-05-20,2025-12-31
NCT100001907,Interventional,Phase 1,Completed,57,2014-11-18,2016-05-29
NCT100001908,Interventional,Phase 2,Completed,103,2021-10-28,2026-03-20
NCT100001909,Interventional,Phase 3,Withdrawn,27,2023-08-06,2024-10-19
NCT100001910,Interventional,Phase 2,"Active, not recruiting",140,2023-10-23,
NCT100001911,Interventional,Phase 1,Terminated,597,2024-02-17,2024-11-02
NCT100001912,Interventional,Phase 3,Withdrawn,15,2012-10-09,2014-02-20
NCT100001913,Interventional,Phase 4,Completed,92,2019-08-18,2021-03-04
NCT100001914,Interventional,Phase 2,Terminated,31,2021-06-27,2022-04-13
NCT100001915,Interventional,Phase 2,Terminated,679,2017-06-30,2018-06-01
NCT100001916,Interventional,Phase 3,Withdrawn,7,2025-05-25,2026-02-01
NCT100001917,Interventional,Phase 3,Completed,791,2013-09-02,2016-02-07
NCT100001918,Interventional,Phase 2,"Active, not recruiting",5,2025-07-01,
NCT100001919,Interventional,Phase 1,Unknown status,56,2018-09-15,
NCT100001920,Interventional,Phase 4,Completed,182,2021-05-24,2022-11-01
NCT100001921,Interventional,Phase 4,"Active, not recruiting",17,2015-01-04,
NCT100001922,Interventional,Phase 1,Recruiting,42,2016-11-28,
NCT100001923,Interventional,Phase 3,Recruiting,133,2012-09-18,
NCT100001924,Interventional,Phase 3,Terminated,253,2013-05-25,2014-12-28
NCT100001925,Interventional,Phase 3,Terminated,116,2014-04-26,2015-05-27
NCT100001926,Interventional,Phase 3,Completed,93,2014-11-06,2017-05-05
NCT100001927,Interventional,Phase 2,Completed,148,2023-10-10,2026-04-09
NCT100001928,Interventional,Phase 3,Withdrawn,87,2015-02-06,2015-11-18
NCT100001929,Interventional,Phase 1,Completed,58,2024-08-23,2025-12-31
NCT100001930,Interventional,Phase 4,Recruiting,41,2021-07-01,
NCT100001931,Interventional,Phase 2,Completed,98,2011-11-28,2013-06-08
NCT100001932,Interventional,Phase 2,Completed,1396,2014-12-11,2018-07-24
NCT100001933,Interventional,Phase 2,Completed,108,2016-10-15,2018-06-05
NCT100001934,Interventional,Phase 2,Unknown status,51,2016-02-01,
NCT100001935,Interventional,Phase 2,"Active, not recruiting",48,2012-07-01,
NCT100001936,Interventional,Phase 1,Completed,41,2011-05-21,2013-01-15
NCT100001937,Interventional,Phase 1,Terminated,192,2025-11-02,2026-06-12
NCT100001938,Interventional,Phase 2,Withdrawn,21,2016-08-26,2017-04-13
NCT100001939,Interventional,Phase 3,Completed,25,2017-05-12,2019-10-30
NCT100001940,Interventional,Phase 2,Unknown status,85,2023-09-29,
NCT100001941,Interventional,Phase 4,Completed,151,2021-09-25,2026-06-04
NCT100001942,Interventional,Phase 3,Completed,1808,2023-09-02,2026-10-20
NCT100001943,Interventional,Phase 4,Completed,47,2017-07-11,2019-12-10
NCT100001944,Interventional,Phase 4,Completed,42,2024-05-16,2026-04-06
NCT100001945,Interventional,Phase 3,Completed,9,2024-04-24,2025-12-28
NCT100001946,Interventional,Phase 1,Completed,144,2016-04-16,2018-07-19
NCT100001947,Interventional,Phase 1,Terminated,308,2018-02-17,2019-03-25
NCT100001948,Interventional,Phase 3,Terminated,259,2023-04-09,2024-06-14
NCT100001949,Interventional,Phase 4,Completed,64,2012-11-05,2014-12-20
NCT100001950,Interventional,Phase 2,Completed,16,2020-05-05,2023-11-28
NCT100001951,Interventional,Phase 1,Terminated,68,2018-05-31,2019-02-06
NCT100001952,Interventional,Phase 2,Unknown status,196,2013-05-11,
NCT100001953,Interventional,Phase 1,Completed,54,2023-11-05,2025-11-26
NCT100001954,Interventional,Phase 3,Completed,5,2023-08-02,2025-06-29
NCT100001955,Interventional,Phase 2,Terminated,39,2017-09-28,2018-07-31
NCT100001956,Interventional,Phase 1,Completed,119,2012-12-09,2014-11-11
NCT100001957,Interventional,Phase 2,Unknown status,89,2015-02-16,
NCT100001958,Interventional,Phase 1,Unknown status,153,2019-09-01,
NCT100001959,Interventional,Phase 2,Recruiting,384,2019-02-20,
NCT100001960,Interventional,Phase 2,Recruiting,345,2022-12-09,
NCT100001961,Interventional,Phase 2,Unknown status,34,2025-08-27,
NCT100001962,Interventional,Phase 1,Completed,22,2019-12-14,2023-03-05
NCT100001963,Interventional,Phase 3,Completed,53,2016-06-06,2018-11-16
NCT100001964,Interventional,Phase 2,Completed,14,2012-06-23,2015-02-14
NCT100001965,Interventional,Phase 4,Unknown status,75,2021-05-18,
NCT100001966,Interventional,Phase 1,Withdrawn,45,2015-01-24,2015-09-26
NCT100001967,Interventional,Phase 1,Unknown status,42,2012-03-22,
NCT100001968,Interventional,Phase 2,Completed,88,2024-04-10,2025-12-31
NCT100001969,Interventional,Phase 2,Completed,26,2019-11-12,2021-10-07
NCT100001970,Interventional,Phase 2,Recruiting,15,2020-08-22,
NCT100001971,Interventional,Phase 4,Recruiting,248,2018-02-19,
NCT100001972,Interventional,Phase 2,Completed,188,2016-11-16,2019-04-20
NCT100001973,Interventional,Phase 1,Terminated,45,2025-08-27,2026-06-09
NCT100001974,Interventional,Phase 4,Completed,5,2019-03-21,2020-11-24
NCT100001975,Interventional,Phase 2,Withdrawn,585,2016-10-05,2017-12-04
NCT100001976,Interventional,Phase 4,Completed,217,2018-07-29,2020-07-08
NCT100001977,Interventional,Phase 4,Unknown status,409,2023-09-10,
NCT100001978,Interventional,Phase 3,"Active, not recruiting",39,2021-09-18,
NCT100001979,Interventional,Phase 1,Completed,103,2020-06-23,2022-05-23
NCT100001980,Interventional,Phase 2,Terminated,132,2019-05-03,2020-02-03
NCT100001981,Interventional,Phase 2,"Active, not recruiting",98,2018-05-25,
NCT100001982,Interventional,Phase 2,Recruiting,36,2024-04-09,
NCT100001983,Interventional,Phase 3,Completed,212,2018-11-23,2021-12-22
NCT100001984,Interventional,Phase 3,Unknown status,46,2013-07-08,
NCT100001985,Interventional,Phase 1,Unknown status,45,2016-01-27,
NCT100001986,Interventional,Phase 1,Terminated,20,2018-07-11,2019-05-17
NCT100001987,Interventional,Phase 2,Completed,230,2012-11-07,2014-10-14
NCT100001988,Interventional,Phase 1,"Active, not recruiting",146,2018-05-07,
NCT100001989,Interventional,Phase 3,Completed,56,2019-08-13,2021-12-17
NCT100001990,Interventional,Phase 2,Completed,864,2020-04-19,2025-03-20
NCT100001991,Interventional,Phase 2,Completed,22,2014-11-11,2016-12-05
NCT100001992,Interventional,Phase 2,"Active, not recruiting",47,2011-11-03,
NCT100001993,Interventional,Phase 3,"Active, not recruiting",44,2025-09-30,
NCT100001994,Interventional,Phase 1,Terminated,23,2021-07-13,2021-11-23
NCT100001995,Interventional,Phase 3,Completed,45,2020-01-07,2022-03-30
NCT100001996,Interventional,Phase 2,Completed,112,2025-04-20,2026-09-16
NCT100001997,Interventional,Phase 4,Completed,66,2017-02-11,2018-07-12
NCT100001998,Interventional,Phase 3,Completed,353,2015-12-03,2020-03-23
NCT100001999,Interventional,Phase 2,Completed,11,2024-08-01,2025-12-31
NCT100002000,Interventional,Phase 3,Completed,38,2016-04-26,2018-07-03
NCT100002001,Interventional,Phase 1,Completed,20,2019-06-14,2023-03-28
NCT100002002,Interventional,Phase 3,Completed,27,2016-04-02,2018-10-02
NCT100002003,Interventional,Phase 2,Completed,148,2015-12-04,2019-08-04
NCT100002004,Interventional,Phase 2,"Active, not recruiting",68,2020-10-12,
NCT100002005,Interventional,Phase 1,Completed,15,2023-01-10,2024-06-06
NCT100002006,Interventional,Phase 4,Completed,9,2014-12-18,2017-04-07
NCT100002007,Interventional,Phase 3,Completed,45,2015-10-29,2017-07-12
NCT100002008,Interventional,Phase 3,Completed,322,2012-11-09,2015-03-17
NCT100002009,Interventional,Phase 3,Terminated,172,2025-03-18,2026-03-08
NCT100002010,Interventional,Phase 3,Completed,178,2015-10-04,2018-10-24
NCT100002011,Interventional,Phase 3,"Active, not recruiting",45,2023-02-15,
NCT100002012,Interventional,Phase 2,Completed,18,2016-07-21,2020-03-10
NCT100002013,Interventional,Phase 4,"Active, not recruiting",164,2022-02-05,
NCT100002014,Interventional,Phase 3,Completed,63,2020-10-19,2023-11-04
NCT100002015,Interventional,Phase 3,Completed,200,2022-11-12,2025-04-05
NCT100002016,Interventional,Phase 4,Completed,50,2013-07-14,2016-04-04
NCT100002017,Interventional,Phase 2,Unknown status,662,2025-08-14,
NCT100002018,Interventional,Phase 3,Completed,164,2021-11-04,2024-01-29
NCT100002019,Interventional,Phase 1,Terminated,35,2021-08-07,2022-03-09
NCT100002020,Interventional,Phase 2,Completed,497,2015-01-23,2016-07-08
NCT100002021,Interventional,Phase 2,Completed,93,2019-12-13,2022-01-06
NCT100002022,Interventional,Phase 2,Completed,20,2021-09-17,2023-11-24
NCT100002023,Interventional,Phase 2,Unknown status,231,2025-07-03,
NCT100002024,Interventional,Phase 3,Completed,23,2020-06-23,2024-06-06
NCT100002025,Interventional,Phase 1,Withdrawn,6,2019-04-02,2019-10-31
NCT100002026,Interventional,Phase 1,Completed,211,2013-08-20,2015-06-20
NCT100002027,Interventional,Phase 3,Completed,97,2019-06-22,2023-11-27
NCT100002028,Interventional,Phase 1,Recruiting,14,2022-08-08,
NCT100002029,Interventional,Phase 1,Completed,51,2014-09-24,2017-09-27
NCT100002030,Interventional,Phase 2,Terminated,126,2023-04-23,2024-01-12
NCT100002031,Interventional,Phase 2,Completed,172,2025-07-13,2025-12-31
NCT100002032,Interventional,Phase 2,Completed,58,2015-10-02,2017-05-09
NCT100002033,Interventional,Phase 4,Recruiting,27,2011-01-29,
NCT100002034,Interventional,Phase 1,Withdrawn,64,2012-12-01,2013-07-04
NCT100002035,Interventional,Phase 3,Completed,1024,2022-12-14,2026-05-19
NCT100002036,Interventional,Phase 3,"Active, not recruiting",5,2023-12-16,
NCT100002037,Interventional,Phase 3,Completed,56,2022-02-22,2023-11-09
NCT100002038,Interventional,Phase 1,Terminated,259,2024-05-08,2024-10-22
NCT100002039,Interventional,Phase 2,Completed,84,2011-01-08,2012-12-04
NCT100002040,Interventional,Phase 2,Recruiting,661,2011-01-31,
NCT100002041,Interventional,Phase 4,Completed,211,2014-08-26,2016-12-10
NCT100002042,Interventional,Phase 2,"Active, not recruiting",37,2011-05-28,
NCT100002043,Interventional,Phase 3,Recruiting,5,2025-10-19,
NCT100002044,Interventional,Phase 1,Completed,254,2016-01-22,2020-01-14
NCT100002045,Interventional,Phase 2,Completed,32,2020-03-07,2022-06-11
NCT100002046,Interventional,Phase 2,Withdrawn,897,2014-02-23,2015-04-04
NCT100002047,Interventional,Phase 3,Completed,532,2012-07-16,2015-02-05
NCT100002048,Interventional,Phase 3,Completed,45,2020-11-25,2023-07-06
NCT100002049,Interventional,Phase 3,Recruiting,79,2025-06-07,
NCT100002050,Interventional,Phase 2,Completed,71,2015-11-20,2018-01-15
NCT100002051,Interventional,Phase 2,Completed,32,2014-04-26,2016-03-29
NCT100002052,Interventional,Phase 1,Terminated,12,2016-09-28,2017-06-17
NCT100002053,Interventional,Phase 2,Recruiting,69,2017-02-05,
NCT100002054,Interventional,Phase 4,"Active, not recruiting",46,2011-03-09,
NCT100002055,Interventional,Phase 2,Completed,52,2011-12-05,2015-01-16
NCT100002056,Interventional,Phase 4,Completed,18,2025-03-17,2025-12-31
NCT100002057,Interventional,Phase 3,Completed,100,2014-04-03,2016-01-16
NCT100002058,Interventional,Phase 3,Completed,26,2014-06-01,2018-03-01
NCT100002059,Interventional,Phase 2,Terminated,19,2023-02-18,2024-05-24
NCT100002060,Interventional,Phase 2,"Active, not recruiting",58,2020-06-27,
NCT100002061,Interventional,Phase 2,Unknown status,185,2022-03-08,
NCT100002062,Interventional,Phase 1,Completed,128,2013-09-19,2018-01-12
NCT100002063,Interventional,Phase 2,"Active, not recruiting",68,2023-07-21,
NCT100002064,Interventional,Phase 1,Completed,36,2021-02-20,2022-06-22
NCT100002065,Interventional,Phase 2,Completed,46,2014-07-10,2017-09-09
NCT100002066,Interventional,Phase 2,Completed,10,2019-07-30,2021-09-01
NCT100002067,Interventional,Phase 4,Withdrawn,17,2020-08-14,2021-12-15
NCT100002068,Interventional,Phase 2,Recruiting,330,2025-05-14,
NCT100002069,Interventional,Phase 3,Unknown status,22,2021-03-09,
NCT100002070,Interventional,Phase 3,Completed,72,2023-02-05,2025-07-13
NCT100002071,Interventional,Phase 4,Completed,27,2014-06-13,2017-01-23
NCT100002072,Interventional,Phase 3,Completed,853,2025-05-01,2025-12-31
NCT100002073,Interventional,Phase 4,Unknown status,462,2015-10-04,
NCT100002074,Interventional,Phase 3,Completed,268,2023-10-08,2026-11-07
NCT100002075,Interventional,Phase 3,Completed,61,2012-12-15,2015-12-18
NCT100002076,Interventional,Phase 2,"Active, not recruiting",5,2013-01-14,
NCT100002077,Interventional,Phase 2,Unknown status,69,2021-09-01,
NCT100002078,Interventional,Phase 3,Completed,481,2017-04-30,2020-01-23
NCT100002079,Interventional,Phase 1,Completed,1417,2023-10-12,2026-10-29
NCT100002080,Interventional,Phase 2,"Active, not recruiting",23,2021-12-03,
NCT100002081,Interventional,Phase 4,Completed,473,2019-05-18,2020-09-26
NCT100002082,Interventional,Phase 1,Completed,640,2023-02-17,2024-05-07
NCT100002083,Interventional,Phase 3,Completed,31,2013-11-23,2015-09-04
NCT100002084,Interventional,Phase 3,"Active, not recruiting",13,2019-07-24,
NCT100002085,Interventional,Phase 1,Withdrawn,23,2024-12-21,2025-05-31
NCT100002086,Interventional,Phase 4,Unknown status,38,2019-01-07,
NCT100002087,Interventional,Phase 3,Withdrawn,130,2018-07-22,2020-02-21
NCT100002088,Interventional,Phase 1,Terminated,60,2016-05-17,2017-05-26
NCT100002089,Interventional,Phase 4,Recruiting,22,2024-10-31,
NCT100002090,Interventional,Phase 3,Terminated,37,2014-11-18,2016-03-27
NCT100002091,Interventional,Phase 2,Withdrawn,35,2012-01-04,2012-10-30
NCT100002092,Interventional,Phase 3,Terminated,56,2013-06-11,2014-04-23
NCT100002093,Interventional,Phase 2,Completed,492,2019-04-23,2021-12-13
NCT100002094,Interventional,Phase 4,Recruiting,63,2012-12-16,
NCT100002095,Interventional,Phase 1,"Active, not recruiting",45,2021-07-27,
NCT100002096,Interventional,Phase 3,Completed,16,2016-08-12,2019-02-22
NCT100002097,Interventional,Phase 4,Recruiting,112,2020-02-05,
NCT100002098,Interventional,Phase 2,Completed,102,2019-02-26,2021-04-12
NCT100002099,Interventional,Phase 4,Completed,32,2018-09-18,2020-09-26
NCT100002100,Interventional,Phase 3,"Active, not recruiting",35,2023-03-25,
NCT100002101,Interventional,Phase 4,"Active, not recruiting",10,2021-05-12,
NCT100002102,Interventional,Phase 4,Completed,337,2015-02-16,2016-05-26
NCT100002103,Interventional,Phase 4,Completed,105,2018-11-09,2021-08-27
NCT100002104,Interventional,Phase 2,Recruiting,283,2011-05-28,
NCT100002105,Interventional,Phase 3,Completed,681,2013-11-17,2016-10-18
NCT100002106,Interventional,Phase 1,Completed,5,2013-12-13,2018-12-16
NCT100002107,Interventional,Phase 1,Completed,92,2016-06-20,2019-06-28
NCT100002108,Interventional,Phase 2,"Active, not recruiting",67,2019-07-15,
NCT100002109,Interventional,Phase 2,Completed,94,2021-07-21,2024-08-11
NCT100002110,Interventional,Phase 1,Completed,144,2024-03-08,2026-06-11
NCT100002111,Interventional,Phase 1,Completed,95,2019-01-08,2022-03-02
NCT100002112,Interventional,Phase 2,Completed,61,2019-01-24,2020-09-30
NCT100002113,Interventional,Phase 3,Completed,200,2021-09-03,2024-01-28
NCT100002114,Interventional,Phase 2,Withdrawn,81,2019-03-14,2019-11-06
NCT100002115,Interventional,Phase 2,Terminated,85,2015-10-22,2016-05-13
NCT100002116,Interventional,Phase 4,Completed,48,2023-11-25,2026-06-29
NCT100002117,Interventional,Phase 1,Completed,51,2021-08-24,2023-08-12
NCT100002118,Interventional,Phase 2,Completed,10,2020-03-07,2022-11-23
NCT100002119,Interventional,Phase 4,Completed,45,2013-05-16,2016-01-14
NCT100002120,Interventional,Phase 3,Completed,171,2022-12-17,2024-11-08
NCT100002121,Interventional,Phase 1,Unknown status,68,2016-07-11,
NCT100002122,Interventional,Phase 2,Recruiting,47,2023-06-07,
NCT100002123,Interventional,Phase 2,Completed,13,2020-09-09,2022-09-11
NCT100002124,Interventional,Phase 3,Unknown status,108,2024-08-13,
NCT100002125,Interventional,Phase 2,Completed,134,2017-11-04,2020-01-21
NCT100002126,Interventional,Phase 4,Completed,35,2018-12-20,2020-10-23
NCT100002127,Interventional,Phase 3,Completed,106,2012-11-23,2015-04-05
NCT100002128,Interventional,Phase 1,Completed,1609,2017-01-13,2018-08-19
NCT100002129,Interventional,Phase 4,Recruiting,92,2024-01-15,
NCT100002130,Interventional,Phase 3,Completed,237,2017-11-17,2019-10-23
NCT100002131,Interventional,Phase 2,Recruiting,31,2016-11-22,
NCT100002132,Interventional,Phase 1,Completed,129,2021-12-16,2024-11-20
NCT100002133,Interventional,Phase 1,Terminated,181,2015-02-25,2016-08-13
NCT100002134,Interventional,Phase 3,Terminated,158,2016-06-01,2017-07-09
NCT100002135,Interventional,Phase 2,Completed,11,2020-08-19,2022-10-27
NCT100002136,Interventional,Phase 2,Completed,83,2019-03-15,2021-06-21
NCT100002137,Interventional,Phase 1,Completed,67,2015-09-17,2017-01-06
NCT100002138,Interventional,Phase 1,Completed,82,2014-12-18,2016-10-24
NCT100002139,Interventional,Phase 2,Terminated,308,2025-04-17,2026-05-21
NCT100002140,Interventional,Phase 1,"Active, not recruiting",66,2021-08-16,
NCT100002141,Interventional,Phase 2,Completed,95,2015-02-21,2017-02-03
NCT100002142,Interventional,Phase 4,Completed,116,2024-06-15,2026-05-20
NCT100002143,Interventional,Phase 1,Completed,46,2013-07-17,2015-04-12
NCT100002144,Interventional,Phase 4,Completed,16,2015-06-22,2017-05-09
NCT100002145,Interventional,Phase 4,Completed,43,2019-03-23,2020-12-09
NCT100002146,Interventional,Phase 1,Unknown status,137,2017-05-21,
NCT100002147,Interventional,Phase 2,Terminated,59,2016-05-05,2017-01-16
NCT100002148,Interventional,Phase 2,Completed,216,2012-10-14,2014-08-04
NCT100002149,Interventional,Phase 4,Completed,24,2011-07-08,2013-12-26
NCT100002150,Interventional,Phase 2,Unknown status,16,2014-03-29,
NCT100002151,Interventional,Phase 2,"Active, not recruiting",58,2023-10-31,
NCT100002152,Interventional,Phase 1,"Active, not recruiting",32,2016-11-05,
NCT100002153,Interventional,Phase 3,Recruiting,103,2025-12-30,
NCT100002154,Interventional,Phase 1,Completed,83,2019-01-22,2021-08-13
NCT100002155,Interventional,Phase 1,Recruiting,102,2019-02-17,
NCT100002156,Interventional,Phase 3,Completed,107,2025-05-22,2025-12-31
NCT100002157,Interventional,Phase 1,Recruiting,206,2022-06-22,
NCT100002158,Interventional,Phase 3,"Active, not recruiting",41,2012-06-05,
NCT100002159,Interventional,Phase 3,Terminated,345,2020-11-14,2022-11-20
NCT100002160,Interventional,Phase 1,Completed,38,2017-12-02,2020-12-23
NCT100002161,Interventional,Phase 2,Completed,5,2015-03-29,2016-10-26
NCT100002162,Interventional,Phase 3,Recruiting,147,2025-11-20,
NCT100002163,Interventional,Phase 2,"Active, not recruiting",29,2019-12-28,
NCT100002164,Interventional,Phase 1,Completed,52,2023-06-27,2024-12-23
NCT100002165,Interventional,Phase 3,Completed,37,2011-02-22,2015-04-07
NCT100002166,Interventional,Phase 2,Completed,14,2014-05-10,2016-08-30
NCT100002167,Interventional,Phase 1,Completed,55,2021-09-15,2024-03-29
NCT100002168,Interventional,Phase 2,Completed,182,2020-08-19,2024-09-29
NCT100002169,Interventional,Phase 2,Completed,126,2017-04-10,2018-09-14
NCT100002170,Interventional,Phase 4,Completed,26,2021-12-19,2026-07-24
NCT100002171,Interventional,Phase 3,Completed,338,2018-03-26,2020-02-22
NCT100002172,Interventional,Phase 3,Unknown status,94,2025-04-16,
NCT100002173,Interventional,Phase 1,Completed,168,2014-03-11,2016-01-04
NCT100002174,Interventional,Phase 2,Completed,203,2013-08-29,2017-08-29
NCT100002175,Interventional,Phase 4,Recruiting,88,2016-10-22,
NCT100002176,Interventional,Phase 1,Recruiting,76,2018-03-15,
NCT100002177,Interventional,Phase 1,Terminated,67,2017-05-14,2018-03-12
NCT100002178,Interventional,Phase 2,"Active, not recruiting",108,2019-04-02,
NCT100002179,Interventional,Phase 2,Completed,27,2015-05-28,2017-07-28
NCT100002180,Interventional,Phase 2,Unknown status,130,2013-05-30,
NCT100002181,Interventional,Phase 1,Terminated,38,2025-03-16,2025-11-27
NCT100002182,Interventional,Phase 4,Completed,55,2015-12-26,2018-06-15
NCT100002183,Interventional,Phase 2,Completed,22,2018-07-10,2020-08-27
NCT100002184,Interventional,Phase 2,Completed,5,2018-12-27,2020-07-25
NCT100002185,Interventional,Phase 4,"Active, not recruiting",283,2020-04-27,
NCT100002186,Interventional,Phase 2,Completed,149,2020-01-18,2021-12-29
NCT100002187,Interventional,Phase 3,Recruiting,65,2021-09-29,
NCT100002188,Interventional,Phase 4,"Active, not recruiting",59,2024-01-20,
NCT100002189,Interventional,Phase 1,Terminated,75,2016-06-09,2017-12-29
NCT100002190,Interventional,Phase 2,Recruiting,51,2017-12-06,
NCT100002191,Interventional,Phase 2,Completed,21,2013-11-03,2016-08-22
NCT100002192,Interventional,Phase 1,Completed,170,2016-09-28,2017-11-11
NCT100002193,Interventional,Phase 3,Unknown status,106,2016-11-13,
NCT100002194,Interventional,Phase 3,Recruiting,435,2016-01-02,
NCT100002195,Interventional,Phase 2,Completed,5,2018-08-12,2020-11-27
NCT100002196,Interventional,Phase 1,Recruiting,65,2025-03-13,
NCT100002197,Interventional,Phase 2,Completed,19,2020-09-21,2023-07-13
NCT100002198,Interventional,Phase 2,Terminated,52,2018-12-24,2020-07-18
NCT100002199,Interventional,Phase 2,Completed,54,2024-04-05,2026-11-18
NCT100002200,Interventional,Phase 1,Completed,128,2021-03-30,2023-10-29
NCT100002201,Interventional,Phase 1,Recruiting,45,2023-10-24,
NCT100002202,Interventional,Phase 3,Completed,26,2024-09-16,2026-03-27
NCT100002203,Interventional,Phase 1,Completed,83,2015-06-09,2017-01-07
NCT100002204,Interventional,Phase 1,Completed,315,2024-08-04,2026-07-26
NCT100002205,Interventional,Phase 2,Completed,17,2012-02-19,2014-04-28
NCT100002206,Interventional,Phase 3,Completed,21,2024-07-16,2025-12-31
NCT100002207,Interventional,Phase 1,Terminated,5,2014-11-17,2015-12-15
NCT100002208,Interventional,Phase 1,Completed,91,2019-04-26,2021-07-18
NCT100002209,Interventional,Phase 2,Recruiting,17,2020-04-08,
NCT100002210,Interventional,Phase 2,Recruiting,38,2016-07-26,
NCT100002211,Interventional,Phase 2,Terminated,46,2023-04-26,2024-08-10
NCT100002212,Interventional,Phase 2,"Active, not recruiting",260,2017-01-24,
NCT100002213,Interventional,Phase 2,Recruiting,10,2025-12-20,
NCT100002214,Interventional,Phase 2,Completed,37,2018-09-09,2020-09-26
NCT100002215,Interventional,Phase 2,Completed,75,2022-09-05,2025-05-17
NCT100002216,Interventional,Phase 2,Terminated,8,2022-07-11,2023-08-23
NCT100002217,Interventional,Phase 1,Recruiting,202,2017-01-17,
NCT100002218,Interventional,Phase 3,Withdrawn,425,2015-05-29,2017-03-31
NCT100002219,Interventional,Phase 2,Completed,5,2015-10-19,2019-01-01
NCT100002220,Interventional,Phase 2,Completed,347,2017-04-05,2018-12-21
NCT100002221,Interventional,Phase 3,Completed,25,2011-09-26,2014-02-26
NCT100002222,Interventional,Phase 2,Recruiting,325,2024-04-20,
NCT100002223,Interventional,Phase 2,"Active, not recruiting",55,2012-09-29,
NCT100002224,Interventional,Phase 4,Completed,13,2018-06-15,2021-06-05
NCT100002225,Interventional,Phase 1,Completed,132,2011-06-19,2014-12-06
NCT100002226,Interventional,Phase 1,Completed,51,2021-05-31,2023-10-11
NCT100002227,Interventional,Phase 1,"Active, not recruiting",20,2015-10-04,
NCT100002228,Interventional,Phase 4,Completed,7,2023-04-18,2025-12-25
NCT100002229,Interventional,Phase 2,Recruiting,65,2014-03-19,
NCT100002230,Interventional,Phase 2,Completed,69,2022-11-25,2025-06-12
NCT100002231,Interventional,Phase 1,"Active, not recruiting",367,2017-05-04,
NCT100002232,Interventional,Phase 2,Completed,27,2020-10-22,2023-03-14
NCT100002233,Interventional,Phase 1,Recruiting,271,2022-07-28,
NCT100002234,Interventional,Phase 3,Completed,63,2020-06-26,2021-09-23
NCT100002235,Interventional,Phase 4,Completed,153,2025-01-10,2025-12-31
NCT100002236,Interventional,Phase 1,"Active, not recruiting",19,2014-12-24,
NCT100002237,Interventional,Phase 3,Completed,21,2024-09-02,2026-03-16
NCT100002238,Interventional,Phase 2,Unknown status,65,2017-10-10,
NCT100002239,Interventional,Phase 3,Unknown status,49,2011-05-11,
NCT100002240,Interventional,Phase 4,Completed,175,2018-06-17,2019-09-23
NCT100002241,Interventional,Phase 2,Unknown status,25,2011-06-23,
NCT100002242,Interventional,Phase 3,"Active, not recruiting",22,2017-02-14,
NCT100002243,Interventional,Phase 3,Recruiting,35,2014-09-16,
NCT100002244,Interventional,Phase 1,Unknown status,37,2015-10-07,
NCT100002245,Interventional,Phase 1,"Active, not recruiting",11,2012-09-02,
NCT100002246,Interventional,Phase 2,Recruiting,66,2013-05-26,
NCT100002247,Interventional,Phase 1,Recruiting,46,2019-04-15,
NCT100002248,Interventional,Phase 3,"Active, not recruiting",73,2017-05-30,
NCT100002249,Interventional,Phase 3,Completed,15,2013-09-18,2015-01-12
NCT100002250,Interventional,Phase 2,"Active, not recruiting",155,2017-07-09,
NCT100002251,Interventional,Phase 2,Unknown status,499,2017-05-22,
NCT100002252,Interventional,Phase 2,Completed,146,2015-02-08,2017-11-03
NCT100002253,Interventional,Phase 1,Completed,42,2022-07-15,2023-10-15
NCT100002254,Interventional,Phase 3,Completed,96,2011-11-08,2018-02-08
NCT100002255,Interventional,Phase 3,Unknown status,71,2012-10-07,
NCT100002256,Interventional,Phase 3,Completed,57,2019-12-31,2022-03-22
NCT100002257,Interventional,Phase 2,Completed,399,2016-01-06,2018-07-01
NCT100002258,Interventional,Phase 2,Completed,98,2022-01-28,2024-07-16
NCT100002259,Interventional,Phase 3,Withdrawn,149,2018-08-13,2019-12-31
NCT100002260,Interventional,Phase 1,Terminated,523,2022-10-19,2023-06-07
NCT100002261,Interventional,Phase 2,Terminated,25,2015-04-26,2015-12-08
NCT100002262,Interventional,Phase 1,Terminated,8,2024-07-16,2025-02-13
NCT100002263,Interventional,Phase 1,Completed,170,2012-10-21,2013-09-20
NCT100002264,Interventional,Phase 1,Completed,151,2016-04-09,2018-05-08
NCT100002265,Interventional,Phase 1,Recruiting,87,2020-07-09,
NCT100002266,Interventional,Phase 1,Withdrawn,53,2021-11-29,2023-04-18
NCT100002267,Interventional,Phase 3,Withdrawn,11,2011-10-14,2013-05-24
NCT100002268,Interventional,Phase 1,Completed,29,2021-04-05,2022-08-24
NCT100002269,Interventional,Phase 1,Recruiting,228,2014-01-09,
NCT100002270,Interventional,Phase 4,Completed,32,2022-06-13,2024-10-01
NCT100002271,Interventional,Phase 3,Unknown status,25,2016-09-06,
NCT100002272,Interventional,Phase 1,Completed,173,2021-05-25,2023-09-06
NCT100002273,Interventional,Phase 1,Completed,89,2021-09-10,2023-06-03
NCT100002274,Interventional,Phase 1,Completed,12,2020-07-09,2024-06-13
NCT100002275,Interventional,Phase 1,Completed,32,2016-09-10,2019-11-03
NCT100002276,Interventional,Phase 3,Completed,41,2016-04-24,2020-01-11
NCT100002277,Interventional,Phase 3,Terminated,436,2022-09-18,2024-02-04
NCT100002278,Interventional,Phase 2,Completed,82,2012-12-29,2014-09-21
NCT100002279,Interventional,Phase 3,Completed,12,2019-04-24,2021-09-04
NCT100002280,Interventional,Phase 1,Completed,10,2025-08-04,2025-12-31
NCT100002281,Interventional,Phase 2,Completed,51,2015-10-06,2019-10-16
NCT100002282,Interventional,Phase 4,Recruiting,73,2022-11-08,
NCT100002283,Interventional,Phase 2,Completed,159,2023-01-24,2024-07-19
NCT100002284,Interventional,Phase 1,Completed,252,2012-05-08,2013-05-13
NCT100002285,Interventional,Phase 2,Recruiting,10,2014-11-29,
NCT100002286,Interventional,Phase 2,"Active, not recruiting",8,2022-02-13,
NCT100002287,Interventional,Phase 3,Terminated,50,2024-02-21,2025-06-15
NCT100002288,Interventional,Phase 2,Completed,55,2012-08-09,2014-11-19
NCT100002289,Interventional,Phase 3,Completed,253,2014-03-23,2016-04-25
NCT100002290,Interventional,Phase 1,Completed,209,2019-09-20,2021-09-17
NCT100002291,Interventional,Phase 4,Completed,1058,2013-12-14,2016-06-12
NCT100002292,Interventional,Phase 2,Completed,25,2020-03-11,2022-06-19
NCT100002293,Interventional,Phase 1,Recruiting,10,2022-03-12,
NCT100002294,Interventional,Phase 2,Recruiting,43,2011-04-05,
NCT100002295,Interventional,Phase 1,Terminated,21,2019-10-31,2020-07-12
NCT100002296,Interventional,Phase 4,Completed,10,2014-12-02,2016-10-10
NCT100002297,Interventional,Phase 4,Unknown status,102,2020-09-20,
NCT100002298,Interventional,Phase 4,Unknown status,36,2025-07-22,
NCT100002299,Interventional,Phase 2,Unknown status,52,2015-02-06,
NCT100002300,Interventional,Phase 2,Completed,211,2015-12-10,2018-11-19
NCT100002301,Interventional,Phase 1,Completed,349,2015-06-21,2017-03-24
NCT100002302,Interventional,Phase 4,Completed,41,2019-01-12,2020-03-26
NCT100002303,Interventional,Phase 1,Recruiting,32,2016-10-01,
NCT100002304,Interventional,Phase 1,Recruiting,12,2019-10-05,
NCT100002305,Interventional,Phase 1,Completed,17,2025-05-17,2025-12-31
NCT100002306,Interventional,Phase 1,Unknown status,23,2025-03-05,
NCT100002307,Interventional,Phase 4,Completed,23,2025-04-27,2025-12-31
NCT100002308,Interventional,Phase 1,Completed,18,2018-08-20,2019-12-19
NCT100002309,Interventional,Phase 1,Terminated,8,2017-03-01,2017-11-06
NCT100002310,Interventional,Phase 1,Terminated,351,2024-04-09,2025-05-23
NCT100002311,Interventional,Phase 3,Completed,46,2020-10-09,2022-09-06
NCT100002312,Interventional,Phase 2,Completed,16,2023-09-06,2026-11-19
NCT100002313,Interventional,Phase 2,Completed,171,2011-01-27,2012-12-06
NCT100002314,Interventional,Phase 1,Completed,149,2012-01-19,2012-12-29
NCT100002315,Interventional,Phase 3,Completed,118,2014-03-22,2015-12-20
NCT100002316,Interventional,Phase 2,Completed,68,2013-07-07,2014-09-28
NCT100002317,Interventional,Phase 2,"Active, not recruiting",38,2024-12-27,
NCT100002318,Interventional,Phase 1,Unknown status,116,2015-04-21,
NCT100002319,Interventional,Phase 3,Terminated,5,2020-10-29,2021-11-24
NCT100002320,Interventional,Phase 1,Recruiting,156,2023-07-25,
NCT100002321,Interventional,Phase 1,Unknown status,86,2016-05-26,
NCT100002322,Interventional,Phase 3,"Active, not recruiting",17,2012-07-28,
NCT100002323,Interventional,Phase 2,Completed,84,2013-02-16,2016-06-28
NCT100002324,Interventional,Phase 2,Completed,304,2013-05-30,2015-08-07
NCT100002325,Interventional,Phase 2,Recruiting,26,2012-04-23,
NCT100002326,Interventional,Phase 1,Recruiting,134,2020-07-21,
NCT100002327,Interventional,Phase 4,Completed,72,2018-11-15,2021-01-28
NCT100002328,Interventional,Phase 2,Completed,802,2023-08-01,2025-09-05
NCT100002329,Interventional,Phase 3,Completed,59,2016-12-22,2019-03-02
NCT100002330,Interventional,Phase 2,Recruiting,56,2022-07-10,
NCT100002331,Interventional,Phase 3,Completed,22,2025-03-04,2025-12-31
NCT100002332,Interventional,Phase 3,Completed,17,2019-06-02,2023-04-07
NCT100002333,Interventional,Phase 4,Completed,183,2011-11-01,2014-01-24
NCT100002334,Interventional,Phase 3,Completed,241,2014-06-26,2016-03-31
NCT100002335,Interventional,Phase 1,Completed,100,2015-03-04,2017-08-20
NCT100002336,Interventional,Phase 2,Completed,204,2019-03-08,2021-01-08
NCT100002337,Interventional,Phase 1,Recruiting,14,2025-06-27,
NCT100002338,Interventional,Phase 2,"Active, not recruiting",446,2021-02-24,
NCT100002339,Interventional,Phase 2,"Active, not recruiting",282,2011-01-13,
NCT100002340,Interventional,Phase 1,Withdrawn,558,2022-06-16,2022-12-06
NCT100002341,Interventional,Phase 2,"Active, not recruiting",43,2013-12-05,
NCT100002342,Interventional,Phase 2,Completed,54,2025-03-17,2025-12-31
NCT100002343,Interventional,Phase 1,Completed,108,2016-10-21,2019-12-18
NCT100002344,Interventional,Phase 1,Completed,381,2019-11-13,2022-03-02
NCT100002345,Interventional,Phase 2,Completed,5,2011-01-06,2013-02-17
NCT100002346,Interventional,Phase 1,Completed,282,2012-04-02,2014-10-22
NCT100002347,Interventional,Phase 1,Recruiting,114,2023-08-08,
NCT100002348,Interventional,Phase 4,Terminated,376,2024-12-18,2025-10-01
NCT100002349,Interventional,Phase 1,Completed,55,2016-11-24,2018-10-28
NCT100002350,Interventional,Phase 1,Unknown status,27,2025-01-14,
NCT100002351,Interventional,Phase 2,Completed,34,2019-08-28,2021-03-09
NCT100002352,Interventional,Phase 1,"Active, not recruiting",36,2020-09-10,
NCT100002353,Interventional,Phase 2,Unknown status,50,2019-02-28,
NCT100002354,Interventional,Phase 3,Recruiting,71,2025-02-01,
NCT100002355,Interventional,Phase 2,"Active, not recruiting",27,2012-11-29,
NCT100002356,Interventional,Phase 1,Recruiting,132,2012-11-19,
NCT100002357,Interventional,Phase 1,Terminated,163,2017-05-13,2017-11-24
NCT100002358,Interventional,Phase 1,"Active, not recruiting",190,2025-10-08,
NCT100002359,Interventional,Phase 2,Completed,365,2011-02-18,2012-09-11
NCT100002360,Interventional,Phase 4,Completed,9,2014-02-27,2015-09-14
NCT100002361,Interventional,Phase 2,Completed,51,2012-11-20,2014-11-16
NCT100002362,Interventional,Phase 2,Completed,21,2017-12-09,2019-06-06
NCT100002363,Interventional,Phase 2,Unknown status,938,2014-12-20,
NCT100002364,Interventional,Phase 2,Completed,238,2011-09-02,2014-11-16
NCT100002365,Interventional,Phase 2,Completed,211,2017-10-12,2020-07-01
NCT100002366,Interventional,Phase 1,"Active, not recruiting",5,2022-03-25,
NCT100002367,Interventional,Phase 2,Completed,66,2021-06-27,2023-08-17
NCT100002368,Interventional,Phase 1,Completed,51,2020-01-05,2021-08-30
NCT100002369,Interventional,Phase 1,Completed,1224,2025-03-13,2025-12-31
NCT100002370,Interventional,Phase 1,Withdrawn,6,2019-09-26,2020-05-29
NCT100002371,Interventional,Phase 2,Terminated,36,2016-08-23,2017-01-19
NCT100002372,Interventional,Phase 1,Recruiting,6,2025-02-28,
NCT100002373,Interventional,Phase 3,Recruiting,21,2017-04-16,
NCT100002374,Interventional,Phase 2,Recruiting,21,2020-02-17,
NCT100002375,Interventional,Phase 2,Completed,84,2020-09-29,2023-06-25
NCT100002376,Interventional,Phase 1,Completed,105,2014-11-16,2017-08-02
NCT100002377,Interventional,Phase 3,Recruiting,8,2022-07-18,
NCT100002378,Interventional,Phase 3,Withdrawn,94,2015-03-29,2016-02-06
NCT100002379,Interventional,Phase 2,Completed,596,2020-01-27,2022-04-23
NCT100002380,Interventional,Phase 2,Recruiting,6,2023-05-24,
NCT100002381,Interventional,Phase 3,Withdrawn,82,2018-09-10,2020-01-12
NCT100002382,Interventional,Phase 1,Unknown status,7,2020-05-10,
NCT100002383,Interventional,Phase 1,Completed,13,2024-01-26,2025-12-31
NCT100002384,Interventional,Phase 4,Completed,119,2016-11-14,2018-09-08
NCT100002385,Interventional,Phase 3,Completed,97,2016-09-20,2019-01-12
NCT100002386,Interventional,Phase 1,Recruiting,77,2014-01-13,
NCT100002387,Interventional,Phase 2,Terminated,44,2025-06-20,2026-09-25
NCT100002388,Interventional,Phase 2,Terminated,71,2012-02-18,2013-01-09
NCT100002389,Interventional,Phase 2,Terminated,106,2019-02-03,2019-12-14
NCT100002390,Interventional,Phase 4,Terminated,34,2018-08-23,2019-08-20
NCT100002391,Interventional,Phase 1,"Active, not recruiting",81,2016-08-10,
NCT100002392,Interventional,Phase 2,Completed,45,2020-05-11,2022-04-10
NCT100002393,Interventional,Phase 1,Completed,146,2012-09-16,2014-12-27
NCT100002394,Interventional,Phase 4,"Active, not recruiting",68,2020-05-15,
NCT100002395,Interventional,Phase 2,Terminated,32,2017-09-19,2018-09-09
NCT100002396,Interventional,Phase 3,Completed,20,2014-11-20,2017-04-02
NCT100002397,Interventional,Phase 3,Completed,12,2016-12-18,2019-07-30
NCT100002398,Interventional,Phase 1,Recruiting,231,2017-06-06,
NCT100002399,Interventional,Phase 1,Recruiting,337,2021-01-06,
NCT100002400,Interventional,Phase 2,Terminated,37,2014-07-22,2016-04-25
NCT100002401,Interventional,Phase 4,Completed,29,2017-03-20,2018-12-22
NCT100002402,Interventional,Phase 4,Completed,257,2015-12-02,2018-06-02
NCT100002403,Interventional,Phase 2,Withdrawn,127,2021-06-21,2022-08-12
NCT100002404,Interventional,Phase 2,Completed,13,2014-06-18,2016-08-14
NCT100002405,Interventional,Phase 4,Completed,594,2024-05-27,2026-06-02
NCT100002406,Interventional,Phase 2,Withdrawn,5,2021-01-09,2021-09-22
NCT100002407,Interventional,Phase 3,Recruiting,29,2025-12-01,
NCT100002408,Interventional,Phase 1,Recruiting,191,2025-02-26,
NCT100002409,Interventional,Phase 2,Completed,248,2013-04-27,2015-09-27
NCT100002410,Interventional,Phase 1,Terminated,102,2016-12-01,2017-07-03
NCT100002411,Interventional,Phase 3,Completed,440,2021-04-25,2023-07-15
NCT100002412,Interventional,Phase 2,Completed,16,2022-05-23,2025-10-21
NCT100002413,Interventional,Phase 4,Completed,24,2023-05-31,2026-01-31
NCT100002414,Interventional,Phase 2,Completed,306,2025-01-04,2025-12-31
NCT100002415,Interventional,Phase 3,Recruiting,69,2018-04-24,
NCT100002416,Interventional,Phase 4,Completed,18,2025-08-14,2025-12-31
NCT100002417,Interventional,Phase 2,Completed,1559,2017-05-03,2019-02-12
NCT100002418,Interventional,Phase 2,Completed,12,2018-02-01,2020-03-14
NCT100002419,Interventional,Phase 1,Recruiting,182,2012-08-02,
NCT100002420,Interventional,Phase 3,Terminated,35,2017-01-06,2018-09-10
NCT100002421,Interventional,Phase 4,"Active, not recruiting",196,2022-02-21,
NCT100002422,Interventional,Phase 3,"Active, not recruiting",100,2017-11-20,
NCT100002423,Interventional,Phase 1,Completed,43,2021-04-27,2023-04-05
NCT100002424,Interventional,Phase 1,Terminated,503,2011-01-14,2012-07-12
NCT100002425,Interventional,Phase 4,Completed,290,2014-04-15,2016-08-02
NCT100002426,Interventional,Phase 3,Recruiting,292,2021-05-17,
NCT100002427,Interventional,Phase 1,"Active, not recruiting",19,2016-07-23,
NCT100002428,Interventional,Phase 1,Completed,209,2024-06-02,2026-03-01
NCT100002429,Interventional,Phase 2,Completed,52,2014-01-26,2016-10-04
NCT100002430,Interventional,Phase 2,Unknown status,214,2015-08-03,
NCT100002431,Interventional,Phase 2,Recruiting,172,2011-07-20,
NCT100002432,Interventional,Phase 4,Completed,36,2011-12-14,2015-07-17
NCT100002433,Interventional,Phase 3,Unknown status,358,2021-06-28,
NCT100002434,Interventional,Phase 1,Completed,40,2023-01-07,2024-08-03
NCT100002435,Interventional,Phase 1,Completed,29,2012-03-15,2014-10-27
NCT100002436,Interventional,Phase 1,Completed,195,2023-06-03,2025-11-14
NCT100002437,Interventional,Phase 2,Withdrawn,304,2013-06-15,2014-07-25
NCT100002438,Interventional,Phase 3,Completed,78,2023-06-24,2025-12-12
NCT100002439,Interventional,Phase 2,Completed,186,2011-05-07,2013-11-27
NCT100002440,Interventional,Phase 1,Completed,215,2023-02-10,2025-06-21
NCT100002441,Interventional,Phase 2,Completed,6,2021-02-12,2023-05-25
NCT100002442,Interventional,Phase 2,Completed,395,2024-07-06,2026-01-28
NCT100002443,Interventional,Phase 2,Completed,209,2025-09-20,2025-12-31
NCT100002444,Interventional,Phase 1,Completed,32,2012-10-03,2014-05-26
NCT100002445,Interventional,Phase 4,Terminated,52,2017-01-29,2018-03-27
NCT100002446,Interventional,Phase 2,Completed,44,2023-07-18,2025-08-28
NCT100002447,Interventional,Phase 3,Completed,14,2019-06-30,2022-04-28
NCT100002448,Interventional,Phase 1,Unknown status,22,2016-10-14,
NCT100002449,Interventional,Phase 4,Unknown status,14,2019-09-28,
NCT100002450,Interventional,Phase 2,Terminated,70,2019-06-28,2020-08-30
NCT100002451,Interventional,Phase 1,Completed,47,2021-07-09,2024-08-02
NCT100002452,Interventional,Phase 2,Recruiting,10,2022-05-08,
NCT100002453,Interventional,Phase 1,Completed,95,2022-12-08,2025-04-24
NCT100002454,Interventional,Phase 2,Terminated,19,2023-07-07,2025-02-09
NCT100002455,Interventional,Phase 1,Terminated,98,2021-09-08,2022-03-13
NCT100002456,Interventional,Phase 1,Unknown status,75,2018-07-02,
NCT100002457,Interventional,Phase 2,Recruiting,28,2015-06-01,
NCT100002458,Interventional,Phase 1,Terminated,90,2023-06-01,2023-11-18
NCT100002459,Interventional,Phase 1,Withdrawn,105,2012-05-27,2012-11-01
NCT100002460,Interventional,Phase 3,Completed,502,2025-07-01,2025-12-31
NCT100002461,Interventional,Phase 3,Completed,10,2014-07-05,2016-07-27
NCT100002462,Interventional,Phase 4,Completed,80,2011-05-18,2013-11-25
NCT100002463,Interventional,Phase 3,Recruiting,37,2022-10-04,
NCT100002464,Interventional,Phase 4,Withdrawn,82,2022-12-23,2024-02-04
NCT100002465,Interventional,Phase 1,Completed,28,2015-08-14,2018-01-07
NCT100002466,Interventional,Phase 2,Completed,32,2011-05-01,2013-10-02
NCT100002467,Interventional,Phase 2,Recruiting,13,2022-11-18,
NCT100002468,Interventional,Phase 3,Completed,111,2012-05-13,2014-06-05
NCT100002469,Interventional,Phase 1,Terminated,281,2012-03-08,2012-11-29
NCT100002470,Interventional,Phase 1,Completed,38,2019-04-09,2021-07-04
NCT100002471,Interventional,Phase 3,Completed,74,2023-08-27,2026-02-13
NCT100002472,Interventional,Phase 4,Unknown status,121,2018-07-19,
NCT100002473,Interventional,Phase 2,Recruiting,12,2016-05-30,
NCT100002474,Interventional,Phase 1,Recruiting,125,2023-01-10,
NCT100002475,Interventional,Phase 2,Unknown status,152,2011-05-21,
NCT100002476,Interventional,Phase 4,Withdrawn,182,2014-06-23,2016-01-05
NCT100002477,Interventional,Phase 4,Recruiting,39,2023-02-28,
NCT100002478,Interventional,Phase 2,Completed,143,2013-08-12,2016-03-08
NCT100002479,Interventional,Phase 2,Completed,73,2023-07-28,2026-06-05
NCT100002480,Interventional,Phase 1,Terminated,216,2021-08-18,2022-03-18
NCT100002481,Interventional,Phase 3,Recruiting,544,2024-04-24,
NCT100002482,Interventional,Phase 1,Completed,110,2018-11-25,2021-06-25
NCT100002483,Interventional,Phase 2,Unknown status,39,2011-02-03,
NCT100002484,Interventional,Phase 3,Recruiting,31,2022-08-30,
NCT100002485,Interventional,Phase 1,Withdrawn,25,2019-12-24,2021-01-19
NCT100002486,Interventional,Phase 2,Completed,104,2014-08-09,2016-01-20
NCT100002487,Interventional,Phase 3,Completed,55,2018-12-06,2020-09-04
NCT100002488,Interventional,Phase 3,Completed,19,2019-06-07,2021-07-13
NCT100002489,Interventional,Phase 2,Terminated,5,2012-08-01,2013-10-23
NCT100002490,Interventional,Phase 1,Completed,126,2023-07-05,2025-03-22
NCT100002491,Interventional,Phase 2,Completed,69,2014-12-21,2017-05-28
NCT100002492,Interventional,Phase 3,Completed,12,2024-12-25,2025-12-31
NCT100002493,Interventional,Phase 3,Completed,390,2025-03-26,2025-12-31
NCT100002494,Interventional,Phase 2,Terminated,7,2011-02-10,2012-11-15
NCT100002495,Interventional,Phase 2,Recruiting,11,2018-07-25,
NCT100002496,Interventional,Phase 3,Completed,11,2019-04-07,2022-07-30
NCT100002497,Interventional,Phase 2,Unknown status,34,2020-09-28,
NCT100002498,Interventional,Phase 1,Recruiting,118,2021-08-26,
NCT100002499,Interventional,Phase 1,Terminated,187,2013-03-08,2013-08-12
NCT100002500,Interventional,Phase 4,Completed,463,2024-02-12,2025-05-19
NCT100002501,Interventional,Phase 2,Recruiting,100,2014-09-15,
NCT100002502,Interventional,Phase 1,Completed,37,2016-07-08,2019-05-08
NCT100002503,Interventional,Phase 2,Recruiting,53,2022-11-28,
NCT100002504,Interventional,Phase 1,Recruiting,28,2025-02-25,
NCT100002505,Interventional,Phase 2,Unknown status,29,2017-01-01,
NCT100002506,Interventional,Phase 3,Unknown status,52,2018-11-13,
NCT100002507,Interventional,Phase 3,Completed,307,2014-11-25,2017-04-12
NCT100002508,Interventional,Phase 2,Completed,52,2016-06-03,2018-09-11
NCT100002509,Interventional,Phase 2,Recruiting,80,2016-06-05,
NCT100002510,Interventional,Phase 2,Recruiting,20,2017-07-26,
NCT100002511,Interventional,Phase 2,Completed,131,2020-07-23,2022-12-14
NCT100002512,Interventional,Phase 2,Completed,287,2017-11-05,2019-11-07
NCT100002513,Interventional,Phase 3,"Active, not recruiting",23,2020-09-27,
NCT100002514,Interventional,Phase 1,Completed,33,2017-02-26,2018-10-22
NCT100002515,Interventional,Phase 4,Recruiting,218,2025-10-25,
NCT100002516,Interventional,Phase 3,Completed,341,2017-04-13,2019-07-07
NCT100002517,Interventional,Phase 4,Completed,211,2013-04-26,2015-09-26
NCT100002518,Interventional,Phase 1,Unknown status,48,2012-09-22,
NCT100002519,Interventional,Phase 4,Terminated,129,2019-07-26,2020-03-26
NCT100002520,Interventional,Phase 4,Unknown status,63,2025-01-14,
NCT100002521,Interventional,Phase 1,"Active, not recruiting",73,2013-12-10,
NCT100002522,Interventional,Phase 3,Completed,146,2016-02-23,2018-11-13
NCT100002523,Interventional,Phase 1,Terminated,354,2017-03-02,2017-12-14
NCT100002524,Interventional,Phase 3,Unknown status,71,2011-01-29,
NCT100002525,Interventional,Phase 2,Completed,245,2012-08-13,2014-12-05
NCT100002526,Interventional,Phase 1,Terminated,73,2019-01-21,2020-01-01
NCT100002527,Interventional,Phase 2,Completed,25,2011-11-11,2014-12-17
NCT100002528,Interventional,Phase 2,Completed,290,2021-04-09,2024-11-23
NCT100002529,Interventional,Phase 2,Completed,217,2015-11-01,2019-05-19
NCT100002530,Interventional,Phase 2,Unknown status,908,2016-02-27,
NCT100002531,Interventional,Phase 2,Recruiting,50,2013-10-20,
NCT100002532,Interventional,Phase 2,Completed,160,2019-06-16,2021-07-07
NCT100002533,Interventional,Phase 1,Recruiting,46,2025-11-17,
NCT100002534,Interventional,Phase 4,Completed,140,2012-02-20,2014-02-12
NCT100002535,Interventional,Phase 2,Completed,39,2019-12-15,2022-10-19
NCT100002536,Interventional,Phase 3,Completed,23,2025-10-12,2025-12-31
NCT100002537,Interventional,Phase 1,Terminated,30,2022-08-29,2023-08-07
NCT100002538,Interventional,Phase 3,Completed,13,2013-01-13,2015-09-09
NCT100002539,Interventional,Phase 1,Terminated,93,2014-09-10,2015-05-31
NCT100002540,Interventional,Phase 1,Unknown status,227,2011-06-24,
NCT100002541,Interventional,Phase 1,Completed,391,2018-08-03,2020-08-04
NCT100002542,Interventional,Phase 3,Withdrawn,11,2022-11-20,2024-01-08
NCT100002543,Interventional,Phase 4,Completed,152,2013-06-24,2015-07-14
NCT100002544,Interventional,Phase 4,Completed,672,2014-02-24,2017-11-19
NCT100002545,Interventional,Phase 2,Terminated,80,2012-12-05,2013-07-24
NCT100002546,Interventional,Phase 2,Recruiting,95,2021-10-12,
NCT100002547,Interventional,Phase 1,Completed,16,2022-10-21,2024-11-12
NCT100002548,Interventional,Phase 1,Completed,58,2013-12-04,2015-10-17
NCT100002549,Interventional,Phase 2,Completed,5,2023-01-14,2024-04-11
NCT100002550,Interventional,Phase 3,Completed,90,2018-08-08,2020-09-27
NCT100002551,Interventional,Phase 2,Unknown status,33,2012-11-20,
NCT100002552,Interventional,Phase 2,Completed,62,2014-05-08,2016-07-25
NCT100002553,Interventional,Phase 3,Completed,170,2022-06-12,2025-06-22
NCT100002554,Interventional,Phase 2,"Active, not recruiting",69,2022-10-10,
NCT100002555,Interventional,Phase 1,Recruiting,26,2011-02-16,
NCT100002556,Interventional,Phase 4,Completed,927,2013-07-21,2016-12-23
NCT100002557,Interventional,Phase 2,"Active, not recruiting",33,2021-05-30,
NCT100002558,Interventional,Phase 2,Withdrawn,267,2022-09-05,2024-06-05
NCT100002559,Interventional,Phase 2,Completed,1106,2022-11-01,2025-02-27
NCT100002560,Interventional,Phase 3,Recruiting,119,2015-01-18,
NCT100002561,Interventional,Phase 2,Recruiting,177,2016-11-20,
NCT100002562,Interventional,Phase 2,Recruiting,27,2019-12-07,
NCT100002563,Interventional,Phase 3,Completed,171,2015-01-18,2017-06-15
NCT100002564,Interventional,Phase 3,Completed,320,2022-12-20,2025-02-28
NCT100002565,Interventional,Phase 1,Completed,17,2012-07-17,2014-09-22
NCT100002566,Interventional,Phase 3,Unknown status,39,2021-02-18,
NCT100002567,Interventional,Phase 2,Withdrawn,151,2017-09-22,2018-02-17
NCT100002568,Interventional,Phase 1,Completed,92,2019-12-09,2021-01-27
NCT100002569,Interventional,Phase 4,Terminated,442,2021-11-24,2022-05-13
NCT100002570,Interventional,Phase 1,Completed,22,2015-12-05,2017-12-07
NCT100002571,Interventional,Phase 2,Recruiting,39,2015-12-18,
NCT100002572,Interventional,Phase 3,Completed,5,2019-05-23,2021-05-28
NCT100002573,Interventional,Phase 4,Unknown status,42,2013-01-13,
NCT100002574,Interventional,Phase 3,Completed,73,2013-08-31,2016-03-07
NCT100002575,Interventional,Phase 4,Completed,64,2022-09-23,2025-05-18
NCT100002576,Interventional,Phase 1,Terminated,50,2024-08-22,2026-01-28
NCT100002577,Interventional,Phase 2,Unknown status,19,2019-10-18,
NCT100002578,Interventional,Phase 1,Recruiting,30,2025-03-25,
NCT100002579,Interventional,Phase 2,Unknown status,50,2023-12-13,
NCT100002580,Interventional,Phase 2,Terminated,34,2022-08-20,2023-07-26
NCT100002581,Interventional,Phase 3,Completed,5,2020-08-07,2023-02-21
NCT100002582,Interventional,Phase 2,Recruiting,405,2021-10-26,
NCT100002583,Interventional,Phase 1,Completed,230,2013-09-05,2015-02-08
NCT100002584,Interventional,Phase 1,Completed,23,2012-05-09,2014-04-24
NCT100002585,Interventional,Phase 1,Recruiting,354,2020-09-20,
NCT100002586,Interventional,Phase 3,Completed,300,2013-08-12,2015-09-08
NCT100002587,Interventional,Phase 2,Recruiting,124,2013-03-18,
NCT100002588,Interventional,Phase 4,Recruiting,38,2022-09-06,
NCT100002589,Interventional,Phase 2,Completed,475,2023-02-20,2025-01-02
NCT100002590,Interventional,Phase 4,Recruiting,61,2016-11-11,
NCT100002591,Interventional,Phase 2,Completed,109,2013-01-11,2014-12-22
NCT100002592,Interventional,Phase 1,Recruiting,487,2024-03-25,
NCT100002593,Interventional,Phase 3,Completed,21,2014-10-19,2016-08-03
NCT100002594,Interventional,Phase 3,Completed,14,2023-10-18,2026-10-25
NCT100002595,Interventional,Phase 3,Completed,126,2012-05-09,2014-12-30
NCT100002596,Interventional,Phase 1,Withdrawn,5,2019-03-29,2019-12-15
NCT100002597,Interventional,Phase 1,Unknown status,63,2015-07-25,
NCT100002598,Interventional,Phase 2,Withdrawn,98,2021-05-10,2023-02-14
NCT100002599,Interventional,Phase 2,"Active, not recruiting",42,2020-07-06,
NCT100002600,Interventional,Phase 3,Unknown status,122,2018-06-30,
NCT100002601,Interventional,Phase 4,Withdrawn,9,2011-09-19,2012-09-28
NCT100002602,Interventional,Phase 3,Terminated,397,2022-10-02,2023-10-03
NCT100002603,Interventional,Phase 2,Completed,19,2016-11-26,2018-10-13
NCT100002604,Interventional,Phase 4,Completed,30,2015-10-16,2017-12-01
NCT100002605,Interventional,Phase 2,Completed,150,2022-10-04,2025-07-15
NCT100002606,Interventional,Phase 3,Completed,245,2017-02-06,2018-10-26
NCT100002607,Interventional,Phase 2,Terminated,90,2016-07-11,2018-01-26
NCT100002608,Interventional,Phase 2,Completed,41,2017-06-20,2020-03-08
NCT100002609,Interventional,Phase 1,Completed,10,2024-01-05,2025-09-20
NCT100002610,Interventional,Phase 1,Recruiting,21,2011-02-08,
NCT100002611,Interventional,Phase 4,"Active, not recruiting",26,2017-08-08,
NCT100002612,Interventional,Phase 2,Completed,452,2022-03-25,2024-07-10
NCT100002613,Interventional,Phase 3,Completed,140,2020-02-27,2022-06-07
NCT100002614,Interventional,Phase 2,"Active, not recruiting",406,2023-02-21,
NCT100002615,Interventional,Phase 3,Completed,129,2014-04-08,2016-01-24
NCT100002616,Interventional,Phase 4,Unknown status,270,2013-01-27,
NCT100002617,Interventional,Phase 1,Unknown status,45,2012-01-13,
NCT100002618,Interventional,Phase 3,Completed,18,2022-10-15,2025-12-13
NCT100002619,Interventional,Phase 1,Completed,109,2017-09-23,2020-02-28
NCT100002620,Interventional,Phase 2,Completed,10,2015-12-11,2017-09-12
NCT100002621,Interventional,Phase 2,Withdrawn,137,2021-02-04,2021-12-21
NCT100002622,Interventional,Phase 4,Completed,60,2014-08-28,2018-12-28
NCT100002623,Interventional,Phase 1,Withdrawn,51,2016-07-12,2017-05-11
NCT100002624,Interventional,Phase 1,Unknown status,23,2024-09-10,
NCT100002625,Interventional,Phase 1,Completed,57,2023-12-27,2025-12-31
NCT100002626,Interventional,Phase 1,Completed,123,2015-06-22,2017-11-26
NCT100002627,Interventional,Phase 1,Completed,54,2021-10-02,2023-07-17
NCT100002628,Interventional,Phase 3,"Active, not recruiting",16,2020-07-30,
NCT100002629,Interventional,Phase 2,Completed,12,2019-12-14,2022-09-16
NCT100002630,Interventional,Phase 3,Completed,64,2011-06-24,2013-12-06
NCT100002631,Interventional,Phase 1,Terminated,5,2013-02-13,2013-10-21
NCT100002632,Interventional,Phase 2,"Active, not recruiting",587,2023-07-17,
NCT100002633,Interventional,Phase 2,Completed,60,2025-08-04,2026-12-24
NCT100002634,Interventional,Phase 1,Completed,134,2018-05-02,2020-07-19
NCT100002635,Interventional,Phase 4,Completed,232,2012-10-10,2015-06-22
NCT100002636,Interventional,Phase 2,Completed,230,2017-09-24,2019-11-06
NCT100002637,Interventional,Phase 4,Completed,437,2025-08-11,2025-12-31
NCT100002638,Interventional,Phase 2,"Active, not recruiting",157,2021-08-31,
NCT100002639,Interventional,Phase 2,Terminated,785,2015-07-20,2016-08-18
NCT100002640,Interventional,Phase 1,"Active, not recruiting",31,2021-11-03,
NCT100002641,Interventional,Phase 2,Withdrawn,21,2022-05-31,2023-03-27
NCT100002642,Interventional,Phase 1,"Active, not recruiting",92,2016-01-18,
NCT100002643,Interventional,Phase 1,Terminated,80,2016-12-21,2018-02-26
NCT100002644,Interventional,Phase 2,Completed,201,2024-07-04,2025-10-25
NCT100002645,Interventional,Phase 2,Terminated,78,2012-08-30,2013-03-13
NCT100002646,Interventional,Phase 4,Unknown status,6,2015-08-12,
NCT100002647,Interventional,Phase 3,Completed,55,2014-12-21,2016-08-18
NCT100002648,Interventional,Phase 3,Recruiting,14,2012-05-03,
NCT100002649,Interventional,Phase 2,Completed,148,2024-10-16,2025-12-31
NCT100002650,Interventional,Phase 1,Completed,5,2020-07-18,2022-12-10
NCT100002651,Interventional,Phase 3,Recruiting,153,2023-11-08,
NCT100002652,Interventional,Phase 1,Recruiting,49,2018-03-04,
NCT100002653,Interventional,Phase 1,Terminated,17,2013-12-04,2014-05-19
NCT100002654,Interventional,Phase 4,Completed,23,2021-02-17,2024-11-29
NCT100002655,Interventional,Phase 1,Terminated,24,2020-12-16,2023-02-06
NCT100002656,Interventional,Phase 1,"Active, not recruiting",166,2023-04-11,
NCT100002657,Interventional,Phase 1,Completed,49,2011-06-17,2014-11-24
NCT100002658,Interventional,Phase 1,Completed,169,2012-10-05,2014-10-06
NCT100002659,Interventional,Phase 3,Unknown status,10,2014-12-29,
NCT100002660,Interventional,Phase 1,Unknown status,20,2018-11-24,
NCT100002661,Interventional,Phase 3,Withdrawn,49,2020-12-06,2021-08-15
NCT100002662,Interventional,Phase 1,Completed,680,2019-12-31,2021-12-21
NCT100002663,Interventional,Phase 3,Completed,46,2025-07-20,2025-12-31
NCT100002664,Interventional,Phase 4,Completed,203,2021-09-30,2024-07-22
NCT100002665,Interventional,Phase 1,Completed,401,2017-09-26,2019-09-30
NCT100002666,Interventional,Phase 4,Unknown status,7,2016-06-21,
NCT100002667,Interventional,Phase 4,"Active, not recruiting",129,2018-02-12,
NCT100002668,Interventional,Phase 2,Completed,111,2023-09-07,2026-10-21
NCT100002669,Interventional,Phase 2,Completed,10,2023-10-07,2026-09-03
NCT100002670,Interventional,Phase 1,Unknown status,103,2016-03-25,
NCT100002671,Interventional,Phase 1,Unknown status,44,2025-05-17,
NCT100002672,Interventional,Phase 2,"Active, not recruiting",167,2020-02-25,
NCT100002673,Interventional,Phase 2,Terminated,25,2020-09-28,2021-11-24
NCT100002674,Interventional,Phase 2,Completed,128,2019-10-23,2021-05-14
NCT100002675,Interventional,Phase 1,Completed,29,2020-05-18,2022-04-06
NCT100002676,Interventional,Phase 2,Completed,17,2025-02-27,2026-10-20
NCT100002677,Interventional,Phase 3,Completed,203,2021-10-08,2023-05-18
NCT100002678,Interventional,Phase 2,Withdrawn,23,2012-09-10,2013-01-19
NCT100002679,Interventional,Phase 2,Completed,561,2025-08-01,2025-12-31
NCT100002680,Interventional,Phase 1,Completed,34,2012-08-12,2014-06-02
NCT100002681,Interventional,Phase 1,Recruiting,269,2023-12-27,
NCT100002682,Interventional,Phase 1,Recruiting,193,2019-09-03,
NCT100002683,Interventional,Phase 2,Completed,13,2016-12-16,2018-03-05
NCT100002684,Interventional,Phase 1,Recruiting,20,2013-07-26,
NCT100002685,Interventional,Phase 4,Completed,86,2011-05-16,2013-08-24
NCT100002686,Interventional,Phase 2,Completed,285,2018-04-25,2020-05-02
NCT100002687,Interventional,Phase 3,Recruiting,24,2017-05-28,
NCT100002688,Interventional,Phase 2,Recruiting,10,2017-01-05,
NCT100002689,Interventional,Phase 3,Completed,12,2022-04-21,2024-02-18
NCT100002690,Interventional,Phase 2,Recruiting,114,2022-04-24,
NCT100002691,Interventional,Phase 3,Completed,25,2017-12-17,2020-10-29
NCT100002692,Interventional,Phase 3,Completed,79,2018-04-20,2021-02-01
NCT100002693,Interventional,Phase 3,Completed,6,2015-05-28,2017-04-16
NCT100002694,Interventional,Phase 4,Completed,5,2017-09-14,2019-09-26
NCT100002695,Interventional,Phase 1,Unknown status,252,2020-05-21,
NCT100002696,Interventional,Phase 4,Completed,7,2014-09-07,2018-05-12
NCT100002697,Interventional,Phase 2,Completed,24,2013-01-08,2015-05-08
NCT100002698,Interventional,Phase 2,Completed,1652,2025-09-20,2025-12-31
NCT100002699,Interventional,Phase 2,Completed,6,2025-08-30,2025-12-31
NCT100002700,Interventional,Phase 3,Withdrawn,123,2011-09-26,2013-08-09
NCT100002701,Interventional,Phase 1,Withdrawn,97,2022-09-22,2023-04-24
NCT100002702,Interventional,Phase 2,Withdrawn,68,2019-12-16,2022-04-05
NCT100002703,Interventional,Phase 2,Completed,26,2016-05-29,2019-01-31
NCT100002704,Interventional,Phase 1,Terminated,129,2015-06-07,2016-04-04
NCT100002705,Interventional,Phase 1,Recruiting,348,2019-11-27,
NCT100002706,Interventional,Phase 3,Completed,494,2016-06-19,2018-02-25
NCT100002707,Interventional,Phase 1,Terminated,26,2016-02-22,2017-03-19
NCT100002708,Interventional,Phase 1,Recruiting,49,2014-02-20,
NCT100002709,Interventional,Phase 2,Completed,43,2024-07-01,2025-12-31
NCT100002710,Interventional,Phase 1,Completed,38,2012-09-11,2014-01-12
NCT100002711,Interventional,Phase 2,"Active, not recruiting",97,2021-09-18,
NCT100002712,Interventional,Phase 4,Completed,52,2023-10-17,2025-12-31
NCT100002713,Interventional,Phase 1,Completed,143,2022-05-09,2025-03-15
NCT100002714,Interventional,Phase 2,Completed,301,2011-09-04,2013-06-29
NCT100002715,Interventional,Phase 1,Recruiting,512,2024-11-19,
NCT100002716,Interventional,Phase 1,Unknown status,17,2025-11-16,
NCT100002717,Interventional,Phase 3,Completed,5,2013-08-29,2016-07-20
NCT100002718,Interventional,Phase 3,Completed,54,2019-05-29,2021-04-03
NCT100002719,Interventional,Phase 1,Withdrawn,23,2023-12-28,2024-07-18
NCT100002720,Interventional,Phase 2,Completed,776,2016-11-19,2018-11-13
NCT100002721,Interventional,Phase 2,Unknown status,45,2012-06-03,
NCT100002722,Interventional,Phase 2,Withdrawn,14,2016-07-11,2017-01-19
NCT100002723,Interventional,Phase 1,Terminated,5,2017-12-24,2018-08-04
NCT100002724,Interventional,Phase 3,Completed,209,2020-08-20,2022-10-31
NCT100002725,Interventional,Phase 3,Completed,96,2019-07-27,2021-07-31
NCT100002726,Interventional,Phase 3,Completed,145,2016-01-20,2018-12-19
NCT100002727,Interventional,Phase 4,Completed,78,2015-03-28,2018-01-04
NCT100002728,Interventional,Phase 1,Completed,63,2018-12-14,2021-11-04
NCT100002729,Interventional,Phase 3,Withdrawn,5,2020-01-07,2020-12-31
NCT100002730,Interventional,Phase 4,Completed,5,2020-11-06,2022-10-05
NCT100002731,Interventional,Phase 1,Unknown status,144,2019-09-05,
NCT100002732,Interventional,Phase 2,Recruiting,86,2011-10-22,
NCT100002733,Interventional,Phase 2,Withdrawn,179,2023-07-17,2024-06-20
NCT100002734,Interventional,Phase 1,Unknown status,121,2016-12-29,
NCT100002735,Interventional,Phase 2,"Active, not recruiting",47,2021-06-22,
NCT100002736,Interventional,Phase 4,Completed,79,2022-08-25,2024-05-13
NCT100002737,Interventional,Phase 3,Unknown status,182,2021-04-16,
NCT100002738,Interventional,Phase 4,"Active, not recruiting",86,2025-09-29,
NCT100002739,Interventional,Phase 3,"Active, not recruiting",178,2020-02-01,
NCT100002740,Interventional,Phase 2,Completed,30,2015-03-11,2017-07-03
NCT100002741,Interventional,Phase 3,Completed,73,2022-06-11,2024-04-15
NCT100002742,Interventional,Phase 3,Completed,113,2022-06-22,2025-01-20
NCT100002743,Interventional,Phase 2,Recruiting,270,2021-06-16,
NCT100002744,Interventional,Phase 3,Recruiting,269,2019-08-09,
NCT100002745,Interventional,Phase 1,Completed,37,2025-12-24,2025-12-31
NCT100002746,Interventional,Phase 1,Recruiting,58,2017-12-19,
NCT100002747,Interventional,Phase 1,Terminated,260,2018-05-15,2018-11-04
NCT100002748,Interventional,Phase 2,Recruiting,28,2024-04-19,
NCT100002749,Interventional,Phase 2,Completed,73,2014-08-06,2016-10-20
NCT100002750,Interventional,Phase 2,Terminated,286,2019-04-17,2019-09-26
NCT100002751,Interventional,Phase 2,Completed,547,2019-06-23,2021-03-26
NCT100002752,Interventional,Phase 2,Completed,43,2020-12-20,2023-01-13
NCT100002753,Interventional,Phase 1,Unknown status,9,2021-08-23,
NCT100002754,Interventional,Phase 3,Completed,91,2018-05-08,2019-11-17
NCT100002755,Interventional,Phase 4,Completed,424,2016-02-18,2017-10-24
NCT100002756,Interventional,Phase 1,Completed,29,2017-01-09,2018-11-24
NCT100002757,Interventional,Phase 4,Completed,38,2011-10-29,2013-07-29
NCT100002758,Interventional,Phase 3,Completed,54,2020-01-24,2022-07-13
NCT100002759,Interventional,Phase 2,Terminated,245,2021-04-30,2021-10-24
NCT100002760,Interventional,Phase 1,Completed,396,2019-10-15,2021-12-27
NCT100002761,Interventional,Phase 1,Terminated,86,2015-03-11,2016-02-02
NCT100002762,Interventional,Phase 4,Unknown status,37,2019-06-12,
NCT100002763,Interventional,Phase 1,Terminated,20,2021-07-31,2022-01-13
NCT100002764,Interventional,Phase 3,Recruiting,103,2019-02-20,
NCT100002765,Interventional,Phase 2,"Active, not recruiting",5,2014-09-17,
NCT100002766,Interventional,Phase 1,Terminated,90,2025-02-17,2026-05-06
NCT100002767,Interventional,Phase 2,Recruiting,67,2018-12-27,
NCT100002768,Interventional,Phase 1,Completed,182,2014-01-25,2016-02-21
NCT100002769,Interventional,Phase 3,Terminated,44,2015-02-08,2016-11-02
NCT100002770,Interventional,Phase 2,Withdrawn,26,2014-01-07,2015-03-18
NCT100002771,Interventional,Phase 3,Completed,21,2021-01-20,2023-07-05
NCT100002772,Interventional,Phase 3,Completed,22,2016-06-21,2019-06-08
NCT100002773,Interventional,Phase 3,Completed,17,2015-10-28,2020-11-07
NCT100002774,Interventional,Phase 3,Unknown status,50,2025-12-25,
NCT100002775,Interventional,Phase 2,Completed,86,2022-03-24,2024-06-04
NCT100002776,Interventional,Phase 3,Completed,108,2025-05-06,2025-12-31
NCT100002777,Interventional,Phase 4,Completed,16,2024-04-09,2025-09-11
NCT100002778,Interventional,Phase 2,Completed,19,2012-02-26,2014-10-31
NCT100002779,Interventional,Phase 2,Completed,108,2021-05-12,2023-08-01
NCT100002780,Interventional,Phase 2,Completed,89,2019-09-09,2021-06-30
NCT100002781,Interventional,Phase 2,Completed,13,2021-11-04,2023-06-04
NCT100002782,Interventional,Phase 3,Completed,202,2014-10-03,2016-09-06
NCT100002783,Interventional,Phase 2,Terminated,16,2024-04-07,2025-04-30
NCT100002784,Interventional,Phase 3,Completed,57,2024-09-28,2025-12-31
NCT100002785,Interventional,Phase 1,Completed,20,2012-04-15,2014-06-07
NCT100002786,Interventional,Phase 2,Completed,68,2023-03-28,2026-02-06
NCT100002787,Interventional,Phase 2,Completed,26,2025-06-07,2025-12-31
NCT100002788,Interventional,Phase 1,Completed,10,2023-11-11,2025-02-22
NCT100002789,Interventional,Phase 3,Completed,619,2025-10-15,2025-12-31
NCT100002790,Interventional,Phase 2,Completed,107,2019-12-19,2021-11-07
NCT100002791,Interventional,Phase 3,Recruiting,52,2018-11-16,
NCT100002792,Interventional,Phase 1,Terminated,5,2024-10-14,2025-08-16
NCT100002793,Interventional,Phase 4,Completed,127,2013-03-11,2014-11-09
NCT100002794,Interventional,Phase 1,Unknown status,24,2018-10-28,
NCT100002795,Interventional,Phase 1,Recruiting,45,2021-02-14,
NCT100002796,Interventional,Phase 1,Completed,90,2011-11-11,2013-10-03
NCT100002797,Interventional,Phase 3,Completed,91,2014-09-08,2016-12-03
NCT100002798,Interventional,Phase 3,Completed,31,2012-10-21,2015-01-31
NCT100002799,Interventional,Phase 2,Completed,50,2011-10-13,2013-10-15
NCT100002800,Interventional,Phase 3,Completed,42,2012-10-19,2014-04-06
NCT100002801,Interventional,Phase 1,Terminated,290,2014-05-14,2014-12-08
NCT100002802,Interventional,Phase 2,Completed,72,2015-11-22,2017-12-17
NCT100002803,Interventional,Phase 1,Terminated,89,2021-11-12,2022-06-09
NCT100002804,Interventional,Phase 3,Recruiting,74,2018-05-26,
NCT100002805,Interventional,Phase 3,Completed,167,2016-03-09,2018-11-24
NCT100002806,Interventional,Phase 1,"Active, not recruiting",205,2013-12-05,
NCT100002807,Interventional,Phase 3,Completed,22,2016-11-17,2019-09-06
NCT100002808,Interventional,Phase 2,Completed,1959,2018-12-02,2020-04-26
NCT100002809,Interventional,Phase 1,Recruiting,72,2021-06-03,
NCT100002810,Interventional,Phase 2,Terminated,29,2014-07-08,2015-02-27
NCT100002811,Interventional,Phase 4,"Active, not recruiting",33,2012-01-24,
NCT100002812,Interventional,Phase 1,Terminated,27,2021-11-12,2022-12-27
NCT100002813,Interventional,Phase 3,Completed,69,2022-02-23,2023-10-13
NCT100002814,Interventional,Phase 1,"Active, not recruiting",27,2016-05-30,
NCT100002815,Interventional,Phase 2,Completed,27,2020-12-01,2022-04-29
NCT100002816,Interventional,Phase 1,Completed,46,2015-10-29,2017-10-07
NCT100002817,Interventional,Phase 3,Terminated,132,2023-02-16,2024-05-08
NCT100002818,Interventional,Phase 4,Terminated,41,2013-03-10,2014-06-27
NCT100002819,Interventional,Phase 3,"Active, not recruiting",37,2018-06-20,
NCT100002820,Interventional,Phase 1,"Active, not recruiting",12,2018-07-05,
NCT100002821,Interventional,Phase 3,Completed,32,2017-11-12,2019-10-07
NCT100002822,Interventional,Phase 2,Completed,23,2021-02-06,2022-10-02
NCT100002823,Interventional,Phase 4,Completed,17,2011-09-21,2013-10-15
NCT100002824,Interventional,Phase 4,Completed,80,2022-05-23,2023-12-01
NCT100002825,Interventional,Phase 1,"Active, not recruiting",404,2022-02-09,
NCT100002826,Interventional,Phase 4,Withdrawn,118,2025-12-07,2026-07-31
NCT100002827,Interventional,Phase 1,Terminated,18,2025-07-01,2026-07-08
NCT100002828,Interventional,Phase 4,Recruiting,260,2012-08-21,
NCT100002829,Interventional,Phase 3,Completed,194,2021-07-04,2023-09-20
NCT100002830,Interventional,Phase 4,Completed,586,2011-06-02,2014-01-26
NCT100002831,Interventional,Phase 2,Completed,666,2011-01-31,2012-07-10
NCT100002832,Interventional,Phase 1,"Active, not recruiting",17,2013-04-13,
NCT100002833,Interventional,Phase 1,Recruiting,13,2013-10-14,
NCT100002834,Interventional,Phase 4,Recruiting,27,2011-11-14,
NCT100002835,Interventional,Phase 3,"Active, not recruiting",331,2016-09-27,
NCT100002836,Interventional,Phase 2,Completed,66,2017-05-15,2018-11-13
NCT100002837,Interventional,Phase 2,Completed,220,2012-09-23,2014-10-18
NCT100002838,Interventional,Phase 2,Recruiting,104,2012-11-27,
NCT100002839,Interventional,Phase 2,Completed,165,2024-11-10,2026-07-10
NCT100002840,Interventional,Phase 2,Completed,23,2017-01-23,2019-12-03
NCT100002841,Interventional,Phase 2,Completed,102,2018-04-26,2019-08-30
NCT100002842,Interventional,Phase 2,Terminated,734,2011-02-13,2012-07-29
NCT100002843,Interventional,Phase 2,Withdrawn,21,2016-07-26,2017-02-02
NCT100002844,Interventional,Phase 2,Completed,212,2014-10-05,2016-10-24
NCT100002845,Interventional,Phase 4,Completed,321,2016-08-25,2019-03-24
NCT100002846,Interventional,Phase 1,Recruiting,37,2019-11-05,
NCT100002847,Interventional,Phase 2,Completed,5,2013-09-15,2016-06-23
NCT100002848,Interventional,Phase 2,Unknown status,56,2016-10-03,
NCT100002849,Interventional,Phase 4,Completed,34,2020-08-25,2023-05-09
NCT100002850,Interventional,Phase 2,Recruiting,268,2024-05-30,
NCT100002851,Interventional,Phase 2,Completed,50,2012-12-30,2015-05-27
NCT100002852,Interventional,Phase 2,Terminated,7,2011-04-21,2011-11-13
NCT100002853,Interventional,Phase 1,Terminated,47,2018-11-13,2020-08-18
NCT100002854,Interventional,Phase 1,Unknown status,1033,2011-07-26,
NCT100002855,Interventional,Phase 4,Completed,37,2015-05-19,2017-04-20
NCT100002856,Interventional,Phase 3,Completed,47,2020-10-11,2024-02-18
NCT100002857,Interventional,Phase 1,Completed,19,2022-03-01,2023-12-09
NCT100002858,Interventional,Phase 1,Unknown status,2012,2012-08-12,
NCT100002859,Interventional,Phase 2,Completed,55,2020-11-10,2023-08-04
NCT100002860,Interventional,Phase 2,"Active, not recruiting",32,2018-10-01,
NCT100002861,Interventional,Phase 2,"Active, not recruiting",63,2014-05-10,
NCT100002862,Interventional,Phase 3,Completed,388,2020-07-29,2023-01-29
NCT100002863,Interventional,Phase 4,Completed,5,2024-07-17,2026-03-01
NCT100002864,Interventional,Phase 4,Recruiting,172,2011-09-04,
NCT100002865,Interventional,Phase 2,Completed,68,2020-02-14,2022-01-20
NCT100002866,Interventional,Phase 2,Recruiting,188,2017-01-20,
NCT100002867,Interventional,Phase 1,Completed,36,2020-02-11,2023-06-05
NCT100002868,Interventional,Phase 2,Completed,139,2024-01-10,2025-06-09
NCT100002869,Interventional,Phase 4,Completed,256,2022-07-07,2024-10-21
NCT100002870,Interventional,Phase 1,"Active, not recruiting",23,2011-10-31,
NCT100002871,Interventional,Phase 2,"Active, not recruiting",155,2013-08-13,
NCT100002872,Interventional,Phase 1,Completed,56,2011-01-30,2013-02-09
NCT100002873,Interventional,Phase 3,Completed,52,2024-09-05,2026-04-06
NCT100002874,Interventional,Phase 3,"Active, not recruiting",235,2011-09-12,
NCT100002875,Interventional,Phase 2,Recruiting,531,2018-06-11,
NCT100002876,Interventional,Phase 1,Completed,180,2018-09-23,2021-06-04
NCT100002877,Interventional,Phase 2,Completed,388,2021-08-29,2023-10-17
NCT100002878,Interventional,Phase 2,Terminated,220,2018-01-24,2019-11-18
NCT100002879,Interventional,Phase 2,Recruiting,183,2014-03-08,
NCT100002880,Interventional,Phase 1,Completed,18,2020-08-03,2022-12-01
NCT100002881,Interventional,Phase 2,Completed,95,2016-11-05,2019-06-23
NCT100002882,Interventional,Phase 4,Completed,5,2021-06-21,2023-12-13
NCT100002883,Interventional,Phase 2,Completed,208,2012-06-04,2016-04-24
NCT100002884,Interventional,Phase 2,Recruiting,165,2018-07-03,
NCT100002885,Interventional,Phase 3,Terminated,20,2018-07-05,2019-05-03
NCT100002886,Interventional,Phase 4,Completed,91,2017-05-09,2019-06-10
NCT100002887,Interventional,Phase 1,Recruiting,26,2024-11-14,
NCT100002888,Interventional,Phase 1,Recruiting,220,2023-04-24,
NCT100002889,Interventional,Phase 3,"Active, not recruiting",8,2014-09-30,
NCT100002890,Interventional,Phase 4,"Active, not recruiting",180,2016-05-13,
NCT100002891,Interventional,Phase 1,"Active, not recruiting",168,2023-12-05,
NCT100002892,Interventional,Phase 2,Unknown status,413,2016-04-20,
NCT100002893,Interventional,Phase 3,Completed,84,2012-11-02,2015-12-14
NCT100002894,Interventional,Phase 1,Completed,6,2023-12-27,2025-10-05
NCT100002895,Interventional,Phase 1,Recruiting,374,2024-09-22,
NCT100002896,Interventional,Phase 4,Recruiting,64,2018-07-22,
NCT100002897,Interventional,Phase 2,Completed,28,2024-06-18,2026-05-09
NCT100002898,Interventional,Phase 3,Completed,218,2022-12-13,2025-12-26
NCT100002899,Interventional,Phase 4,Completed,12,2014-01-12,2016-05-13
NCT100002900,Interventional,Phase 2,"Active, not recruiting",27,2021-08-17,
NCT100002901,Interventional,Phase 2,Completed,135,2022-10-24,2024-04-12
NCT100002902,Interventional,Phase 1,Completed,81,2020-07-05,2022-08-13
NCT100002903,Interventional,Phase 3,Completed,12,2015-08-01,2018-05-01
NCT100002904,Interventional,Phase 2,Completed,352,2024-05-14,2025-12-31
NCT100002905,Interventional,Phase 2,Completed,1110,2011-08-12,2013-06-23
NCT100002906,Interventional,Phase 2,Unknown status,180,2011-07-03,
NCT100002907,Interventional,Phase 2,"Active, not recruiting",649,2018-08-17,
NCT100002908,Interventional,Phase 1,"Active, not recruiting",317,2021-03-18,
NCT100002909,Interventional,Phase 2,Completed,86,2014-01-27,2016-10-05
NCT100002910,Interventional,Phase 1,Withdrawn,45,2015-02-03,2015-08-28
NCT100002911,Interventional,Phase 2,Completed,156,2014-06-10,2015-12-20
NCT100002912,Interventional,Phase 3,"Active, not recruiting",155,2011-07-14,
NCT100002913,Interventional,Phase 3,Terminated,48,2014-08-13,2015-11-03
NCT100002914,Interventional,Phase 1,Completed,19,2025-11-30,2026-12-21
NCT100002915,Interventional,Phase 3,Completed,5,2018-02-23,2020-07-14
NCT100002916,Interventional,Phase 2,Terminated,1012,2016-01-13,2016-08-23
NCT100002917,Interventional,Phase 4,Completed,94,2025-08-24,2025-12-31
NCT100002918,Interventional,Phase 2,"Active, not recruiting",50,2020-04-21,
NCT100002919,Interventional,Phase 4,Completed,274,2018-12-30,2020-08-14
NCT100002920,Interventional,Phase 2,Completed,253,2012-08-29,2014-01-08
NCT100002921,Interventional,Phase 1,"Active, not recruiting",95,2012-11-20,
NCT100002922,Interventional,Phase 1,Unknown status,516,2011-03-07,
NCT100002923,Interventional,Phase 1,Terminated,122,2019-12-22,2020-05-30
NCT100002924,Interventional,Phase 3,Terminated,479,2023-03-19,2025-07-14
NCT100002925,Interventional,Phase 2,Completed,5,2016-03-14,2018-04-25
NCT100002926,Interventional,Phase 4,Completed,11,2017-09-13,2019-10-31
NCT100002927,Interventional,Phase 2,Recruiting,10,2018-03-19,
NCT100002928,Interventional,Phase 2,Terminated,239,2021-09-01,2022-05-20
NCT100002929,Interventional,Phase 2,"Active, not recruiting",118,2013-05-10,
NCT100002930,Interventional,Phase 2,"Active, not recruiting",118,2025-09-08,
NCT100002931,Interventional,Phase 1,Terminated,5,2015-10-13,2016-07-16
NCT100002932,Interventional,Phase 1,Completed,42,2013-06-04,2017-05-26
NCT100002933,Interventional,Phase 1,Completed,112,2022-11-19,2025-11-04
NCT100002934,Interventional,Phase 3,Unknown status,209,2015-04-09,
NCT100002935,Interventional,Phase 3,Recruiting,5,2025-12-11,
NCT100002936,Interventional,Phase 3,Completed,42,2012-12-08,2015-11-27
NCT100002937,Interventional,Phase 1,Completed,21,2020-10-03,2022-11-02
NCT100002938,Interventional,Phase 2,"Active, not recruiting",10,2012-08-28,
NCT100002939,Interventional,Phase 2,Completed,8,2024-06-12,2026-06-09
NCT100002940,Interventional,Phase 2,Completed,6,2011-03-23,2013-01-14
NCT100002941,Interventional,Phase 2,Withdrawn,70,2018-01-25,2019-03-22
NCT100002942,Interventional,Phase 3,Unknown status,53,2021-07-31,
NCT100002943,Interventional,Phase 2,Terminated,26,2011-05-08,2012-01-29
NCT100002944,Interventional,Phase 1,Completed,61,2013-08-05,2015-08-07
NCT100002945,Interventional,Phase 1,Completed,77,2025-07-29,2026-11-09
NCT100002946,Interventional,Phase 4,Completed,237,2012-01-21,2014-01-31
NCT100002947,Interventional,Phase 4,Completed,9,2025-05-26,2025-12-31
NCT100002948,Interventional,Phase 2,Unknown status,109,2024-08-09,
NCT100002949,Interventional,Phase 2,Terminated,67,2023-01-01,2023-06-10
NCT100002950,Interventional,Phase 3,Completed,212,2013-08-16,2017-04-30
NCT100002951,Interventional,Phase 3,Completed,58,2014-05-20,2017-02-25
NCT100002952,Interventional,Phase 2,Completed,172,2023-02-20,2025-10-15
NCT100002953,Interventional,Phase 1,Completed,96,2018-06-15,2020-01-19
NCT100002954,Interventional,Phase 3,Completed,10,2020-07-04,2023-01-25
NCT100002955,Interventional,Phase 3,Completed,63,2025-07-22,2025-12-31
NCT100002956,Interventional,Phase 1,Completed,117,2023-02-05,2025-09-29
NCT100002957,Interventional,Phase 2,Completed,11,2025-03-17,2026-10-29
NCT100002958,Interventional,Phase 4,Unknown status,359,2015-06-19,
NCT100002959,Interventional,Phase 2,Completed,117,2023-11-28,2025-09-28
NCT100002960,Interventional,Phase 1,"Active, not recruiting",7,2019-02-20,
NCT100002961,Interventional,Phase 2,Completed,328,2015-09-08,2017-04-20
NCT100002962,Interventional,Phase 3,Recruiting,124,2012-11-25,
NCT100002963,Interventional,Phase 3,"Active, not recruiting",60,2015-07-13,
NCT100002964,Interventional,Phase 2,"Active, not recruiting",858,2025-04-01,
NCT100002965,Interventional,Phase 3,Recruiting,85,2016-09-29,
NCT100002966,Interventional,Phase 1,Completed,47,2012-08-06,2013-12-02
NCT100002967,Interventional,Phase 2,Unknown status,85,2014-02-26,
NCT100002968,Interventional,Phase 1,Completed,2170,2021-03-21,2022-06-28
NCT100002969,Interventional,Phase 2,Completed,21,2023-05-19,2025-06-17
NCT100002970,Interventional,Phase 1,Recruiting,119,2024-10-23,
NCT100002971,Interventional,Phase 1,Completed,93,2011-11-04,2013-04-30
NCT100002972,Interventional,Phase 1,Unknown status,29,2024-06-17,
NCT100002973,Interventional,Phase 4,Recruiting,786,2016-02-07,
NCT100002974,Interventional,Phase 3,Completed,30,2016-02-07,2019-01-23
NCT100002975,Interventional,Phase 2,Completed,59,2022-03-02,2025-08-01
NCT100002976,Interventional,Phase 1,Terminated,7,2019-02-01,2020-03-15
NCT100002977,Interventional,Phase 1,Recruiting,73,2023-05-24,
NCT100002978,Interventional,Phase 3,"Active, not recruiting",85,2013-03-14,
NCT100002979,Interventional,Phase 1,Unknown status,71,2015-10-08,
NCT100002980,Interventional,Phase 3,Recruiting,111,2013-11-03,
NCT100002981,Interventional,Phase 2,Completed,19,2021-04-19,2022-12-05
NCT100002982,Interventional,Phase 1,Recruiting,5,2020-11-29,
NCT100002983,Interventional,Phase 4,"Active, not recruiting",345,2020-02-22,
NCT100002984,Interventional,Phase 3,Completed,74,2011-09-27,2015-02-24
NCT100002985,Interventional,Phase 3,Completed,5,2016-03-22,2020-06-01
NCT100002986,Interventional,Phase 2,Completed,20,2012-10-12,2014-02-04
NCT100002987,Interventional,Phase 3,Terminated,190,2024-10-23,2026-05-23
NCT100002988,Interventional,Phase 4,Completed,164,2023-02-19,2025-04-16
NCT100002989,Interventional,Phase 2,"Active, not recruiting",383,2018-05-01,
NCT100002990,Interventional,Phase 3,Recruiting,44,2019-07-11,
NCT100002991,Interventional,Phase 4,"Active, not recruiting",75,2014-01-31,
NCT100002992,Interventional,Phase 1,Recruiting,46,2016-05-17,
NCT100002993,Interventional,Phase 1,Terminated,87,2017-04-05,2017-09-27
NCT100002994,Interventional,Phase 3,Recruiting,16,2019-06-07,
NCT100002995,Interventional,Phase 1,Terminated,269,2011-01-01,2012-04-10
NCT100002996,Interventional,Phase 4,Completed,160,2021-10-06,2025-05-14
NCT100002997,Interventional,Phase 2,Recruiting,28,2021-11-12,
NCT100002998,Interventional,Phase 1,Completed,43,2012-02-10,2015-10-03
NCT100002999,Interventional,Phase 1,Recruiting,222,2022-06-09,
NCT100003000,Interventional,Phase 4,Completed,68,2015-02-16,2018-03-26
NCT100003001,Interventional,Phase 2,Completed,153,2017-01-06,2019-04-27
NCT100003002,Interventional,Phase 4,Completed,6,2016-01-24,2019-01-16
NCT100003003,Interventional,Phase 2,Completed,90,2016-10-31,2019-09-16
NCT100003004,Interventional,Phase 3,Withdrawn,69,2025-09-24,2025-12-31
NCT100003005,Interventional,Phase 2,Recruiting,67,2015-08-07,
NCT100003006,Interventional,Phase 3,Completed,54,2017-02-28,2019-04-19
NCT100003007,Interventional,Phase 1,Terminated,37,2025-06-30,2025-11-14
NCT100003008,Interventional,Phase 1,Completed,81,2017-05-13,2019-12-10
NCT100003009,Interventional,Phase 4,Terminated,21,2014-05-07,2014-11-03
NCT100003010,Interventional,Phase 1,Completed,29,2016-04-24,2018-06-21
NCT100003011,Interventional,Phase 3,Recruiting,160,2018-01-13,
NCT100003012,Interventional,Phase 2,Completed,59,2025-10-03,2025-12-31
NCT100003013,Interventional,Phase 1,Withdrawn,37,2025-04-30,2026-05-18
NCT100003014,Interventional,Phase 4,Completed,23,2024-05-16,2026-09-13
NCT100003015,Interventional,Phase 1,Recruiting,19,2022-04-24,
NCT100003016,Interventional,Phase 2,Completed,35,2016-03-19,2018-10-10
NCT100003017,Interventional,Phase 3,Completed,35,2017-05-11,2018-10-12
NCT100003018,Interventional,Phase 1,Completed,17,2019-08-05,2022-04-02
NCT100003019,Interventional,Phase 2,Completed,66,2020-01-28,2024-11-12
NCT100003020,Interventional,Phase 2,Completed,136,2012-12-24,2014-04-20
NCT100003021,Interventional,Phase 1,Terminated,658,2025-12-25,2025-12-31
NCT100003022,Interventional,Phase 2,Recruiting,15,2018-08-19,
NCT100003023,Interventional,Phase 3,Completed,513,2017-04-05,2019-11-10
NCT100003024,Interventional,Phase 4,Completed,306,2019-09-15,2021-12-27
NCT100003025,Interventional,Phase 2,Completed,20,2013-11-24,2016-01-21
NCT100003026,Interventional,Phase 1,Completed,219,2023-09-04,2025-10-27
NCT100003027,Interventional,Phase 3,Completed,2987,2024-12-19,2025-12-31
NCT100003028,Interventional,Phase 3,Completed,70,2021-09-30,2023-04-29
NCT100003029,Interventional,Phase 4,Completed,108,2025-04-13,2026-11-03
NCT100003030,Interventional,Phase 2,Terminated,1353,2019-06-21,2020-01-09
NCT100003031,Interventional,Phase 3,Completed,33,2018-05-20,2020-06-02
NCT100003032,Interventional,Phase 1,Completed,1195,2021-03-15,2023-08-15
NCT100003033,Interventional,Phase 2,Completed,293,2021-08-22,2023-08-23
NCT100003034,Interventional,Phase 1,Terminated,7,2021-03-12,2021-08-11
NCT100003035,Interventional,Phase 1,Recruiting,371,2017-07-11,
NCT100003036,Interventional,Phase 1,Completed,165,2025-10-22,2025-12-31
NCT100003037,Interventional,Phase 2,Completed,10,2014-09-01,2017-04-07
NCT100003038,Interventional,Phase 3,Terminated,63,2014-10-29,2015-12-12
NCT100003039,Interventional,Phase 2,Completed,112,2020-03-19,2022-03-02
NCT100003040,Interventional,Phase 3,Completed,42,2015-08-16,2021-01-19
NCT100003041,Interventional,Phase 2,Completed,22,2013-11-24,2017-01-15
NCT100003042,Interventional,Phase 2,Completed,80,2019-07-08,2022-09-03
NCT100003043,Interventional,Phase 3,Recruiting,47,2016-12-12,
NCT100003044,Interventional,Phase 2,Completed,31,2023-01-27,2024-11-10
NCT100003045,Interventional,Phase 4,Completed,153,2019-10-09,2021-07-06
NCT100003046,Interventional,Phase 1,Unknown status,94,2015-01-02,
NCT100003047,Interventional,Phase 1,"Active, not recruiting",83,2011-05-07,
NCT100003048,Interventional,Phase 2,Completed,31,2018-10-09,2020-07-12
NCT100003049,Interventional,Phase 2,Completed,42,2012-04-02,2014-03-10
NCT100003050,Interventional,Phase 1,Terminated,50,2013-10-25,2014-08-01
NCT100003051,Interventional,Phase 1,Terminated,12,2018-04-14,2018-11-30
NCT100003052,Interventional,Phase 1,Completed,49,2020-02-29,2022-03-30
NCT100003053,Interventional,Phase 4,Completed,56,2018-06-01,2021-02-08
NCT100003054,Interventional,Phase 3,Unknown status,162,2024-10-07,
NCT100003055,Interventional,Phase 4,Completed,84,2015-07-24,2017-05-02
NCT100003056,Interventional,Phase 2,Completed,47,2019-03-04,2020-04-17
NCT100003057,Interventional,Phase 4,Completed,67,2011-09-15,2015-08-15
NCT100003058,Interventional,Phase 1,Completed,21,2022-11-07,2024-01-18
NCT100003059,Interventional,Phase 1,Completed,127,2018-11-27,2020-09-01
NCT100003060,Interventional,Phase 2,Recruiting,97,2025-08-06,
NCT100003061,Interventional,Phase 3,Recruiting,871,2011-03-30,
NCT100003062,Interventional,Phase 2,Recruiting,30,2014-10-06,
NCT100003063,Interventional,Phase 3,Completed,36,2016-10-03,2019-08-07
NCT100003064,Interventional,Phase 1,Completed,13,2014-07-15,2016-10-29
NCT100003065,Interventional,Phase 2,Completed,150,2016-12-18,2020-02-06
NCT100003066,Interventional,Phase 2,Completed,112,2013-12-15,2017-04-17
NCT100003067,Interventional,Phase 3,Recruiting,30,2022-12-08,
NCT100003068,Interventional,Phase 4,Completed,47,2014-12-03,2017-03-21
NCT100003069,Interventional,Phase 2,Completed,56,2025-11-25,2025-12-31
NCT100003070,Interventional,Phase 1,Completed,39,2025-04-01,2025-12-31
NCT100003071,Interventional,Phase 2,Completed,111,2016-02-29,2018-09-18
NCT100003072,Interventional,Phase 2,Recruiting,226,2016-06-27,
NCT100003073,Interventional,Phase 1,Completed,17,2013-07-25,2016-02-10
NCT100003074,Interventional,Phase 3,Completed,147,2019-10-03,2022-01-24
NCT100003075,Interventional,Phase 1,Completed,44,2019-03-29,2021-11-05
NCT100003076,Interventional,Phase 2,Completed,48,2024-10-14,2025-12-31
NCT100003077,Interventional,Phase 1,Recruiting,507,2019-12-01,
NCT100003078,Interventional,Phase 3,"Active, not recruiting",5,2024-08-05,
NCT100003079,Interventional,Phase 3,Terminated,60,2018-03-16,2018-12-06
NCT100003080,Interventional,Phase 2,Completed,276,2020-10-14,2023-02-28
NCT100003081,Interventional,Phase 3,"Active, not recruiting",63,2011-12-25,
NCT100003082,Interventional,Phase 2,Terminated,110,2021-10-03,2023-01-20
NCT100003083,Interventional,Phase 3,Completed,110,2022-08-19,2025-08-09
NCT100003084,Interventional,Phase 2,Completed,19,2018-02-06,2020-03-08
NCT100003085,Interventional,Phase 1,Completed,10,2023-08-22,2025-05-02
NCT100003086,Interventional,Phase 4,Recruiting,29,2018-12-28,
NCT100003087,Interventional,Phase 3,Completed,9,2014-03-20,2017-02-06
NCT100003088,Interventional,Phase 2,Terminated,66,2024-10-16,2026-04-14
NCT100003089,Interventional,Phase 2,"Active, not recruiting",261,2023-08-23,
NCT100003090,Interventional,Phase 1,Unknown status,126,2018-10-11,
NCT100003091,Interventional,Phase 2,Completed,86,2013-11-18,2015-11-23
NCT100003092,Interventional,Phase 2,Completed,313,2023-06-21,2025-01-07
NCT100003093,Interventional,Phase 3,Completed,37,2018-09-19,2021-02-04
NCT100003094,Interventional,Phase 3,Completed,67,2021-02-28,2024-05-15
NCT100003095,Interventional,Phase 2,Terminated,22,2012-04-20,2013-05-18
NCT100003096,Interventional,Phase 1,Recruiting,238,2018-01-15,
NCT100003097,Interventional,Phase 3,Completed,399,2021-04-04,2022-12-16
NCT100003098,Interventional,Phase 2,"Active, not recruiting",16,2019-08-08,
NCT100003099,Interventional,Phase 1,Recruiting,499,2023-02-12,
NCT100003100,Interventional,Phase 2,Completed,36,2017-06-04,2018-09-19
NCT100003101,Interventional,Phase 2,Completed,43,2018-02-01,2020-03-07
NCT100003102,Interventional,Phase 1,Completed,241,2022-05-28,2026-01-19
NCT100003103,Interventional,Phase 1,Completed,33,2025-01-03,2025-12-31
NCT100003104,Interventional,Phase 1,Recruiting,94,2013-12-01,
NCT100003105,Interventional,Phase 2,Recruiting,562,2013-02-16,
NCT100003106,Interventional,Phase 3,Completed,90,2016-09-03,2018-09-10
NCT100003107,Interventional,Phase 3,Terminated,1113,2022-08-30,2023-12-23
NCT100003108,Interventional,Phase 3,Completed,256,2019-09-02,2021-05-22
NCT100003109,Interventional,Phase 2,Recruiting,628,2011-12-16,
NCT100003110,Interventional,Phase 1,Unknown status,53,2020-02-09,
NCT100003111,Interventional,Phase 2,Completed,7,2015-06-21,2017-10-12
NCT100003112,Interventional,Phase 2,Unknown status,256,2012-01-31,
NCT100003113,Interventional,Phase 1,Terminated,170,2024-05-22,2024-12-15
NCT100003114,Interventional,Phase 3,Withdrawn,96,2023-07-02,2024-09-06
NCT100003115,Interventional,Phase 4,Completed,7,2015-10-26,2017-07-04
NCT100003116,Interventional,Phase 3,Recruiting,56,2014-06-21,
NCT100003117,Interventional,Phase 3,Completed,280,2017-08-31,2020-04-09
NCT100003118,Interventional,Phase 3,Completed,48,2015-01-08,2017-08-15
NCT100003119,Interventional,Phase 1,Recruiting,77,2018-03-03,
NCT100003120,Interventional,Phase 1,Unknown status,12,2021-07-11,
NCT100003121,Interventional,Phase 3,Completed,5,2022-09-01,2026-12-09
NCT100003122,Interventional,Phase 3,Completed,25,2011-06-15,2014-11-07
NCT100003123,Interventional,Phase 1,Recruiting,37,2022-12-07,
NCT100003124,Interventional,Phase 1,Completed,183,2022-05-10,2025-07-07
NCT100003125,Interventional,Phase 1,Completed,291,2022-04-02,2023-11-26
NCT100003126,Interventional,Phase 2,Completed,35,2023-06-19,2025-04-20
NCT100003127,Interventional,Phase 1,"Active, not recruiting",118,2018-12-16,
NCT100003128,Interventional,Phase 3,"Active, not recruiting",6,2024-02-05,
NCT100003129,Interventional,Phase 3,Completed,36,2025-10-13,2025-12-31
NCT100003130,Interventional,Phase 3,"Active, not recruiting",133,2012-08-31,
NCT100003131,Interventional,Phase 2,Recruiting,88,2020-01-27,
NCT100003132,Interventional,Phase 2,Terminated,76,2023-09-15,2024-07-03
NCT100003133,Interventional,Phase 4,Recruiting,173,2021-01-16,
NCT100003134,Interventional,Phase 1,Unknown status,244,2019-06-02,
NCT100003135,Interventional,Phase 1,Recruiting,96,2019-04-03,
NCT100003136,Interventional,Phase 3,Recruiting,200,2021-02-28,
NCT100003137,Interventional,Phase 2,"Active, not recruiting",2027,2017-07-10,
NCT100003138,Interventional,Phase 2,Terminated,130,2013-08-21,2014-08-28
NCT100003139,Interventional,Phase 3,Terminated,126,2022-07-01,2023-10-03
NCT100003140,Interventional,Phase 1,Completed,52,2015-03-11,2017-01-19
NCT100003141,Interventional,Phase 1,Recruiting,27,2025-12-22,
NCT100003142,Interventional,Phase 3,Completed,123,2020-03-05,2022-11-29
NCT100003143,Interventional,Phase 4,Completed,16,2011-07-13,2015-07-22
NCT100003144,Interventional,Phase 2,Withdrawn,308,2017-12-13,2018-09-08
NCT100003145,Interventional,Phase 1,Completed,23,2016-09-03,2018-08-19
NCT100003146,Interventional,Phase 2,Completed,61,2023-04-12,2025-05-29
NCT100003147,Interventional,Phase 3,Terminated,102,2023-07-14,2024-06-12
NCT100003148,Interventional,Phase 3,Completed,193,2014-12-23,2018-01-29
NCT100003149,Interventional,Phase 1,Withdrawn,387,2017-12-27,2019-03-16
NCT100003150,Interventional,Phase 2,Completed,118,2024-07-03,2026-03-29
NCT100003151,Interventional,Phase 2,Terminated,66,2023-05-08,2024-05-15
NCT100003152,Interventional,Phase 1,Terminated,74,2017-06-11,2019-01-04
NCT100003153,Interventional,Phase 1,Terminated,96,2015-07-14,2016-08-30
NCT100003154,Interventional,Phase 3,Completed,101,2016-01-11,2017-11-30
NCT100003155,Interventional,Phase 2,Completed,654,2018-04-09,2019-06-21
NCT100003156,Interventional,Phase 3,Completed,230,2014-09-30,2018-07-30
NCT100003157,Interventional,Phase 1,Completed,56,2013-01-21,2014-09-13
NCT100003158,Interventional,Phase 2,"Active, not recruiting",79,2023-03-30,
NCT100003159,Interventional,Phase 2,Completed,70,2025-07-12,2025-12-31
NCT100003160,Interventional,Phase 1,Completed,14,2015-08-06,2016-12-06
NCT100003161,Interventional,Phase 2,Recruiting,10,2014-09-29,
NCT100003162,Interventional,Phase 2,Completed,77,2011-12-03,2014-11-02
NCT100003163,Interventional,Phase 1,Recruiting,258,2015-05-25,
NCT100003164,Interventional,Phase 1,Recruiting,68,2025-01-12,
NCT100003165,Interventional,Phase 2,Completed,46,2019-10-12,2022-11-29
NCT100003166,Interventional,Phase 4,"Active, not recruiting",5,2012-01-28,
NCT100003167,Interventional,Phase 1,Unknown status,44,2021-11-24,
NCT100003168,Interventional,Phase 1,"Active, not recruiting",12,2016-04-28,
NCT100003169,Interventional,Phase 2,Completed,204,2012-07-25,2014-05-09
NCT100003170,Interventional,Phase 2,Completed,8,2020-09-25,2022-09-05
NCT100003171,Interventional,Phase 3,Terminated,44,2017-07-02,2018-07-24
NCT100003172,Interventional,Phase 2,Completed,47,2021-04-07,2024-12-21
NCT100003173,Interventional,Phase 4,Completed,19,2021-09-02,2023-05-20
NCT100003174,Interventional,Phase 3,"Active, not recruiting",11,2020-07-12,
NCT100003175,Interventional,Phase 1,Recruiting,272,2023-01-29,
NCT100003176,Interventional,Phase 2,Completed,23,2024-08-02,2026-05-02
NCT100003177,Interventional,Phase 2,Completed,109,2018-08-06,2021-05-04
NCT100003178,Interventional,Phase 1,"Active, not recruiting",116,2021-11-13,
NCT100003179,Interventional,Phase 1,"Active, not recruiting",80,2015-02-04,
NCT100003180,Interventional,Phase 2,Unknown status,184,2021-04-17,
NCT100003181,Interventional,Phase 3,Completed,146,2018-05-24,2020-10-24
NCT100003182,Interventional,Phase 3,Terminated,368,2014-02-13,2015-01-04
NCT100003183,Interventional,Phase 1,Completed,11,2011-10-10,2013-04-15
NCT100003184,Interventional,Phase 1,Terminated,46,2013-03-16,2013-12-17
NCT100003185,Interventional,Phase 2,"Active, not recruiting",16,2019-06-13,
NCT100003186,Interventional,Phase 2,Completed,273,2018-06-10,2020-08-01
NCT100003187,Interventional,Phase 3,Completed,69,2023-11-08,2025-12-31
NCT100003188,Interventional,Phase 3,Completed,40,2014-06-12,2020-09-18
NCT100003189,Interventional,Phase 2,Terminated,15,2011-11-27,2013-11-19
NCT100003190,Interventional,Phase 1,Terminated,119,2017-12-15,2019-06-15
NCT100003191,Interventional,Phase 1,Completed,125,2022-06-01,2025-10-13
NCT100003192,Interventional,Phase 4,Completed,59,2015-09-08,2017-02-11
NCT100003193,Interventional,Phase 2,"Active, not recruiting",58,2011-12-29,
NCT100003194,Interventional,Phase 2,Completed,234,2011-05-10,2014-11-26
NCT100003195,Interventional,Phase 3,Completed,160,2019-12-09,2022-09-02
NCT100003196,Interventional,Phase 3,Completed,270,2025-06-18,2026-10-28
NCT100003197,Interventional,Phase 1,"Active, not recruiting",36,2011-01-06,
NCT100003198,Interventional,Phase 1,Completed,746,2020-10-16,2023-11-09
NCT100003199,Interventional,Phase 4,Completed,10,2013-09-24,2016-08-25
NCT100003200,Interventional,Phase 1,Completed,69,2016-05-25,2018-11-01
NCT100003201,Interventional,Phase 4,Completed,58,2018-07-31,2022-12-08
NCT100003202,Interventional,Phase 3,Completed,48,2024-10-12,2025-12-31
NCT100003203,Interventional,Phase 2,Completed,22,2017-10-26,2019-09-03
NCT100003204,Interventional,Phase 3,Completed,205,2023-04-13,2025-12-31
NCT100003205,Interventional,Phase 1,Completed,165,2025-01-26,2025-12-31
NCT100003206,Interventional,Phase 2,Terminated,43,2025-07-21,2026-02-18
NCT100003207,Interventional,Phase 3,Recruiting,277,2025-10-24,
NCT100003208,Interventional,Phase 1,Recruiting,7,2013-10-24,
NCT100003209,Interventional,Phase 3,Completed,169,2021-05-03,2023-10-15
NCT100003210,Interventional,Phase 2,Recruiting,193,2025-02-28,
NCT100003211,Interventional,Phase 4,Recruiting,113,2017-01-25,
NCT100003212,Interventional,Phase 2,Completed,164,2024-04-16,2026-11-28
NCT100003213,Interventional,Phase 3,Completed,223,2015-03-10,2018-09-19
NCT100003214,Interventional,Phase 1,Completed,35,2019-09-03,2021-06-19
NCT100003215,Interventional,Phase 4,Completed,24,2013-02-03,2014-10-02
NCT100003216,Interventional,Phase 3,Completed,74,2025-12-24,2025-12-31
NCT100003217,Interventional,Phase 2,Completed,16,2021-09-22,2024-02-03
NCT100003218,Interventional,Phase 3,Terminated,22,2023-06-02,2024-05-05
NCT100003219,Interventional,Phase 2,Recruiting,193,2024-08-19,
NCT100003220,Interventional,Phase 1,Completed,57,2011-08-13,2013-01-16
NCT100003221,Interventional,Phase 1,Completed,144,2012-10-18,2014-08-26
NCT100003222,Interventional,Phase 4,Completed,21,2024-04-04,2025-12-31
NCT100003223,Interventional,Phase 3,Completed,314,2015-04-30,2017-03-27
NCT100003224,Interventional,Phase 3,Recruiting,63,2017-01-19,
NCT100003225,Interventional,Phase 4,Withdrawn,19,2021-04-17,2022-06-26
NCT100003226,Interventional,Phase 4,Completed,172,2022-07-07,2025-05-26
NCT100003227,Interventional,Phase 1,Completed,198,2023-05-25,2026-11-22
NCT100003228,Interventional,Phase 2,Completed,262,2014-12-12,2016-11-13
NCT100003229,Interventional,Phase 3,Unknown status,71,2024-08-30,
NCT100003230,Interventional,Phase 2,Completed,102,2017-11-01,2021-06-03
NCT100003231,Interventional,Phase 4,Completed,5,2015-12-04,2017-12-26
NCT100003232,Interventional,Phase 2,Completed,61,2023-01-26,2025-12-17
NCT100003233,Interventional,Phase 1,Terminated,96,2014-10-20,2016-10-10
NCT100003234,Interventional,Phase 2,Terminated,17,2017-04-13,2017-11-04
NCT100003235,Interventional,Phase 2,Completed,47,2014-11-04,2016-09-30
NCT100003236,Interventional,Phase 1,Recruiting,11,2019-08-26,
NCT100003237,Interventional,Phase 3,Unknown status,34,2015-03-20,
NCT100003238,Interventional,Phase 2,Unknown status,66,2016-03-05,
NCT100003239,Interventional,Phase 4,Terminated,47,2017-06-22,2018-05-07
NCT100003240,Interventional,Phase 4,Completed,26,2012-10-04,2014-07-11
NCT100003241,Interventional,Phase 4,Completed,56,2015-09-23,2018-03-31
NCT100003242,Interventional,Phase 2,Terminated,202,2022-04-17,2023-06-04
NCT100003243,Interventional,Phase 4,Completed,19,2021-08-17,2025-03-11
NCT100003244,Interventional,Phase 1,Unknown status,14,2019-11-09,
NCT100003245,Interventional,Phase 1,Recruiting,55,2019-11-03,
NCT100003246,Interventional,Phase 4,Completed,40,2014-07-24,2016-07-21
NCT100003247,Interventional,Phase 2,Completed,22,2011-10-12,2013-09-20
NCT100003248,Interventional,Phase 4,Unknown status,34,2023-11-20,
NCT100003249,Interventional,Phase 3,Recruiting,13,2021-01-02,
NCT100003250,Interventional,Phase 4,Recruiting,91,2024-01-05,
NCT100003251,Interventional,Phase 2,Recruiting,393,2022-12-30,
NCT100003252,Interventional,Phase 1,Terminated,1417,2017-06-06,2018-03-17
NCT100003253,Interventional,Phase 3,Terminated,154,2012-08-08,2013-08-31
NCT100003254,Interventional,Phase 3,Unknown status,13,2013-06-27,
NCT100003255,Interventional,Phase 1,Completed,113,2017-08-23,2019-11-02
NCT100003256,Interventional,Phase 4,Recruiting,960,2021-02-22,
NCT100003257,Interventional,Phase 1,Completed,134,2025-04-25,2026-03-04
NCT100003258,Interventional,Phase 3,Completed,49,2012-04-08,2014-01-03
NCT100003259,Interventional,Phase 3,Completed,5,2013-09-22,2015-12-23
NCT100003260,Interventional,Phase 4,Completed,93,2023-12-04,2025-07-24
NCT100003261,Interventional,Phase 1,Terminated,133,2015-11-26,2016-05-29
NCT100003262,Interventional,Phase 2,Completed,48,2013-02-17,2014-06-19
NCT100003263,Interventional,Phase 2,"Active, not recruiting",58,2012-08-21,
NCT100003264,Interventional,Phase 1,Withdrawn,105,2013-02-02,2015-05-24
NCT100003265,Interventional,Phase 2,Completed,45,2014-01-02,2016-01-28
NCT100003266,Interventional,Phase 2,Withdrawn,71,2013-10-09,2015-02-10
NCT100003267,Interventional,Phase 2,Completed,132,2014-10-01,2016-06-24
NCT100003268,Interventional,Phase 2,Terminated,74,2011-02-18,2011-07-15
NCT100003269,Interventional,Phase 2,Completed,669,2012-01-29,2014-10-16
NCT100003270,Interventional,Phase 4,Completed,50,2019-09-15,2023-02-21
NCT100003271,Interventional,Phase 1,Completed,136,2024-10-23,2025-12-31
NCT100003272,Interventional,Phase 1,Completed,693,2020-04-14,2022-11-22
NCT100003273,Interventional,Phase 3,Completed,94,2025-02-05,2025-12-31
NCT100003274,Interventional,Phase 4,Completed,20,2012-10-04,2014-04-09
NCT100003275,Interventional,Phase 2,Unknown status,62,2020-02-28,
NCT100003276,Interventional,Phase 2,Completed,158,2013-08-13,2017-11-19
NCT100003277,Interventional,Phase 3,Completed,40,2012-10-20,2015-07-29
NCT100003278,Interventional,Phase 1,Completed,94,2013-06-09,2015-06-26
NCT100003279,Interventional,Phase 1,Unknown status,157,2012-12-05,
NCT100003280,Interventional,Phase 2,Recruiting,236,2022-08-10,
NCT100003281,Interventional,Phase 1,Withdrawn,43,2012-03-12,2013-12-12
NCT100003282,Interventional,Phase 4,Completed,100,2016-08-25,2019-01-14
NCT100003283,Interventional,Phase 1,Completed,9,2020-09-25,2024-05-21
NCT100003284,Interventional,Phase 2,Completed,68,2014-09-22,2016-05-11
NCT100003285,Interventional,Phase 2,Terminated,22,2022-03-16,2022-07-29
NCT100003286,Interventional,Phase 2,Recruiting,606,2023-05-21,
NCT100003287,Interventional,Phase 1,Recruiting,305,2019-11-16,
NCT100003288,Interventional,Phase 2,"Active, not recruiting",5,2022-05-10,
NCT100003289,Interventional,Phase 2,Recruiting,183,2013-01-21,
NCT100003290,Interventional,Phase 4,Completed,88,2012-03-06,2014-05-21
NCT100003291,Interventional,Phase 1,Completed,745,2017-12-11,2021-11-27
NCT100003292,Interventional,Phase 2,Withdrawn,16,2018-12-06,2020-02-16
NCT100003293,Interventional,Phase 2,Completed,153,2013-12-31,2016-09-07
NCT100003294,Interventional,Phase 1,Terminated,695,2016-04-21,2017-01-08
NCT100003295,Interventional,Phase 3,Completed,43,2024-03-04,2026-11-18
NCT100003296,Interventional,Phase 3,"Active, not recruiting",18,2013-01-18,
NCT100003297,Interventional,Phase 1,Terminated,53,2021-04-03,2021-10-12
NCT100003298,Interventional,Phase 3,Completed,185,2015-10-18,2017-10-03
NCT100003299,Interventional,Phase 1,Recruiting,74,2016-04-17,
NCT100003300,Interventional,Phase 2,Terminated,73,2012-11-24,2014-05-25
NCT100003301,Interventional,Phase 3,Completed,92,2020-01-24,2022-01-06
NCT100003302,Interventional,Phase 4,Completed,32,2015-04-09,2018-12-06
NCT100003303,Interventional,Phase 2,Completed,346,2014-06-06,2016-02-09
NCT100003304,Interventional,Phase 4,Completed,1821,2019-04-10,2021-02-16
NCT100003305,Interventional,Phase 3,Completed,21,2024-02-21,2026-07-21
NCT100003306,Interventional,Phase 1,"Active, not recruiting",128,2025-10-23,
NCT100003307,Interventional,Phase 2,Completed,118,2023-09-25,2025-08-16
NCT100003308,Interventional,Phase 4,Unknown status,115,2024-02-17,
NCT100003309,Interventional,Phase 2,Completed,123,2014-05-30,2015-11-12
NCT100003310,Interventional,Phase 2,Terminated,222,2013-08-21,2015-04-01
NCT100003311,Interventional,Phase 4,Completed,216,2011-03-18,2012-09-21
NCT100003312,Interventional,Phase 1,Recruiting,50,2016-01-09,
NCT100003313,Interventional,Phase 3,Completed,127,2023-11-23,2025-11-06
NCT100003314,Interventional,Phase 4,Completed,29,2011-08-31,2016-03-05
NCT100003315,Interventional,Phase 2,Terminated,33,2025-05-06,2026-02-12
NCT100003316,Interventional,Phase 2,Completed,5,2011-07-14,2016-06-01
NCT100003317,Interventional,Phase 4,Unknown status,314,2014-04-06,
NCT100003318,Interventional,Phase 1,Recruiting,212,2013-09-19,
NCT100003319,Interventional,Phase 1,Completed,21,2013-12-08,2016-03-29
NCT100003320,Interventional,Phase 2,"Active, not recruiting",38,2011-11-10,
NCT100003321,Interventional,Phase 1,Completed,32,2025-07-02,2025-12-31
NCT100003322,Interventional,Phase 1,Completed,14,2013-03-14,2014-12-05
NCT100003323,Interventional,Phase 1,"Active, not recruiting",232,2024-11-02,
NCT100003324,Interventional,Phase 1,Completed,512,2012-08-10,2015-06-25
NCT100003325,Interventional,Phase 3,Completed,91,2015-08-04,2018-07-25
NCT100003326,Interventional,Phase 2,"Active, not recruiting",78,2023-01-04,
NCT100003327,Interventional,Phase 4,Completed,383,2023-03-12,2026-04-12
NCT100003328,Interventional,Phase 1,Completed,33,2025-05-26,2025-12-31
NCT100003329,Interventional,Phase 4,Recruiting,17,2015-07-06,
NCT100003330,Interventional,Phase 4,Unknown status,119,2015-04-24,
NCT100003331,Interventional,Phase 3,Completed,93,2013-11-20,2016-03-04
NCT100003332,Interventional,Phase 2,Completed,141,2014-10-10,2016-06-28
NCT100003333,Interventional,Phase 4,Unknown status,21,2015-05-20,
NCT100003334,Interventional,Phase 4,Completed,7,2017-10-25,2019-11-13
NCT100003335,Interventional,Phase 3,Terminated,610,2021-03-12,2021-10-23
NCT100003336,Interventional,Phase 3,Withdrawn,104,2025-09-01,2026-07-17
NCT100003337,Interventional,Phase 4,Completed,632,2013-08-03,2015-07-27
NCT100003338,Interventional,Phase 4,Completed,101,2016-08-02,2018-02-14
NCT100003339,Interventional,Phase 2,Recruiting,309,2012-02-19,
NCT100003340,Interventional,Phase 1,Withdrawn,142,2019-05-01,2019-09-14
NCT100003341,Interventional,Phase 2,Completed,33,2023-03-26,2025-12-31
NCT100003342,Interventional,Phase 3,Completed,3564,2020-10-06,2022-09-11
NCT100003343,Interventional,Phase 2,Completed,67,2023-07-09,2024-12-30
NCT100003344,Interventional,Phase 1,Recruiting,63,2012-12-25,
NCT100003345,Interventional,Phase 3,Completed,26,2021-10-24,2024-07-26
NCT100003346,Interventional,Phase 2,Completed,21,2016-01-20,2018-05-06
NCT100003347,Interventional,Phase 3,Completed,41,2015-10-26,2018-02-05
NCT100003348,Interventional,Phase 1,Completed,37,2015-03-20,2017-02-10
NCT100003349,Interventional,Phase 1,Completed,47,2021-05-08,2022-12-11
NCT100003350,Interventional,Phase 2,Recruiting,44,2016-07-05,
NCT100003351,Interventional,Phase 1,Recruiting,68,2022-03-30,
NCT100003352,Interventional,Phase 3,"Active, not recruiting",31,2014-05-06,
NCT100003353,Interventional,Phase 1,Completed,85,2024-06-21,2026-03-02
NCT100003354,Interventional,Phase 3,Completed,55,2020-10-15,2022-12-30
NCT100003355,Interventional,Phase 1,"Active, not recruiting",58,2023-03-28,
NCT100003356,Interventional,Phase 3,Withdrawn,9,2016-12-25,2018-05-16
NCT100003357,Interventional,Phase 1,"Active, not recruiting",79,2011-10-23,
NCT100003358,Interventional,Phase 2,Completed,1110,2013-04-17,2015-05-03
NCT100003359,Interventional,Phase 2,Completed,677,2020-05-10,2024-05-07
NCT100003360,Interventional,Phase 2,"Active, not recruiting",36,2015-03-14,
NCT100003361,Interventional,Phase 3,Completed,10,2025-04-26,2026-10-24
NCT100003362,Interventional,Phase 1,Recruiting,151,2012-07-24,
NCT100003363,Interventional,Phase 1,Terminated,153,2011-06-04,2011-10-23
NCT100003364,Interventional,Phase 1,Completed,6,2011-03-29,2013-02-12
NCT100003365,Interventional,Phase 1,Terminated,27,2018-10-13,2019-04-10
NCT100003366,Interventional,Phase 3,Withdrawn,63,2024-04-13,2024-11-24
NCT100003367,Interventional,Phase 2,Completed,105,2023-11-24,2025-11-02
NCT100003368,Interventional,Phase 3,"Active, not recruiting",21,2019-10-07,
NCT100003369,Interventional,Phase 2,Unknown status,35,2014-12-25,
NCT100003370,Interventional,Phase 2,Completed,338,2025-10-15,2025-12-31
NCT100003371,Interventional,Phase 3,Completed,141,2017-01-26,2018-08-17
NCT100003372,Interventional,Phase 3,Completed,252,2024-06-22,2026-08-20
NCT100003373,Interventional,Phase 1,Completed,340,2022-07-25,2024-07-22
NCT100003374,Interventional,Phase 1,Completed,7,2021-11-28,2022-11-25
NCT100003375,Interventional,Phase 3,Completed,126,2013-06-18,2016-09-23
NCT100003376,Interventional,Phase 4,Completed,51,2011-09-29,2015-06-05
NCT100003377,Interventional,Phase 1,Completed,131,2021-06-08,2024-09-30
NCT100003378,Interventional,Phase 2,Completed,77,2020-10-15,2022-06-10
NCT100003379,Interventional,Phase 3,Unknown status,196,2012-09-02,
NCT100003380,Interventional,Phase 1,Withdrawn,326,2017-06-19,2017-10-31
NCT100003381,Interventional,Phase 1,Completed,22,2019-11-23,2021-07-29
NCT100003382,Interventional,Phase 2,Completed,40,2013-11-03,2015-08-03
NCT100003383,Interventional,Phase 3,Completed,225,2021-12-31,2025-09-28
NCT100003384,Interventional,Phase 1,"Active, not recruiting",11,2025-11-24,
NCT100003385,Interventional,Phase 1,Recruiting,36,2024-07-11,
NCT100003386,Interventional,Phase 2,"Active, not recruiting",25,2012-01-08,
NCT100003387,Interventional,Phase 2,Completed,152,2014-04-14,2016-12-08
NCT100003388,Interventional,Phase 2,Unknown status,10,2022-06-14,
NCT100003389,Interventional,Phase 2,Completed,5,2016-09-27,2018-02-16
NCT100003390,Interventional,Phase 1,Completed,11,2014-04-04,2015-08-13
NCT100003391,Interventional,Phase 4,Completed,70,2014-07-20,2017-06-19
NCT100003392,Interventional,Phase 2,Completed,98,2015-02-08,2016-12-05
NCT100003393,Interventional,Phase 3,Completed,166,2012-05-04,2014-11-13
NCT100003394,Interventional,Phase 1,Completed,16,2025-11-25,2025-12-31
NCT100003395,Interventional,Phase 4,Completed,18,2016-11-23,2019-03-18
NCT100003396,Interventional,Phase 2,Completed,137,2018-11-03,2021-05-05
NCT100003397,Interventional,Phase 2,"Active, not recruiting",166,2013-03-04,
NCT100003398,Interventional,Phase 2,Completed,38,2013-03-13,2017-05-12
NCT100003399,Interventional,Phase 2,Completed,23,2016-03-07,2018-12-21
NCT100003400,Interventional,Phase 3,Unknown status,22,2015-07-09,
NCT100003401,Interventional,Phase 1,Recruiting,25,2025-09-03,
NCT100003402,Interventional,Phase 2,Completed,26,2021-01-24,2023-05-23
NCT100003403,Interventional,Phase 2,Unknown status,13,2013-02-13,
NCT100003404,Interventional,Phase 2,Completed,50,2018-08-30,2020-03-17
NCT100003405,Interventional,Phase 2,Terminated,10,2025-07-24,2025-12-31
NCT100003406,Interventional,Phase 2,"Active, not recruiting",43,2020-02-18,
NCT100003407,Interventional,Phase 3,Completed,37,2013-09-20,2017-08-18
NCT100003408,Interventional,Phase 3,Recruiting,296,2023-07-05,
NCT100003409,Interventional,Phase 1,Terminated,9,2018-11-29,2019-05-31
NCT100003410,Interventional,Phase 3,Completed,276,2019-12-28,2022-03-13
NCT100003411,Interventional,Phase 1,Withdrawn,44,2025-11-28,2026-06-05
NCT100003412,Interventional,Phase 1,Terminated,112,2016-10-25,2017-06-12
NCT100003413,Interventional,Phase 4,Unknown status,15,2024-05-01,
NCT100003414,Interventional,Phase 1,Recruiting,47,2021-01-15,
NCT100003415,Interventional,Phase 4,Completed,97,2018-02-14,2020-05-27
NCT100003416,Interventional,Phase 1,"Active, not recruiting",303,2015-06-12,
NCT100003417,Interventional,Phase 4,Completed,6,2018-08-09,2021-03-19
NCT100003418,Interventional,Phase 4,Unknown status,13,2024-01-06,
NCT100003419,Interventional,Phase 1,Completed,5,2023-08-30,2025-03-21
NCT100003420,Interventional,Phase 3,Completed,109,2019-12-10,2021-11-27
NCT100003421,Interventional,Phase 2,Terminated,122,2013-12-31,2015-02-11
NCT100003422,Interventional,Phase 1,Unknown status,49,2021-12-24,
NCT100003423,Interventional,Phase 2,Unknown status,5,2023-04-18,
NCT100003424,Interventional,Phase 1,Completed,34,2016-11-05,2019-12-17
NCT100003425,Interventional,Phase 1,Completed,102,2012-10-09,2014-10-08
NCT100003426,Interventional,Phase 1,Completed,98,2017-12-09,2018-12-05
NCT100003427,Interventional,Phase 1,Recruiting,11,2012-06-06,
NCT100003428,Interventional,Phase 3,Completed,202,2023-08-22,2025-09-02
NCT100003429,Interventional,Phase 2,Recruiting,982,2019-08-29,
NCT100003430,Interventional,Phase 3,Completed,36,2012-06-02,2014-04-22
NCT100003431,Interventional,Phase 4,"Active, not recruiting",24,2011-09-15,
NCT100003432,Interventional,Phase 1,Completed,112,2017-10-20,2019-04-27
NCT100003433,Interventional,Phase 1,Completed,91,2023-11-13,2025-02-04
NCT100003434,Interventional,Phase 1,"Active, not recruiting",130,2023-07-19,
NCT100003435,Interventional,Phase 2,Completed,21,2023-05-04,2024-07-23
NCT100003436,Interventional,Phase 1,"Active, not recruiting",30,2019-09-09,
NCT100003437,Interventional,Phase 1,Completed,39,2025-11-23,2025-12-31
NCT100003438,Interventional,Phase 1,Terminated,142,2015-05-03,2016-04-07
NCT100003439,Interventional,Phase 3,Completed,170,2023-11-24,2025-09-28
NCT100003440,Interventional,Phase 2,Completed,150,2021-01-11,2022-06-30
NCT100003441,Interventional,Phase 2,Unknown status,190,2015-07-01,
NCT100003442,Interventional,Phase 3,"Active, not recruiting",240,2017-06-10,
NCT100003443,Interventional,Phase 3,"Active, not recruiting",109,2012-01-15,
NCT100003444,Interventional,Phase 1,Terminated,229,2025-01-10,2026-05-16
NCT100003445,Interventional,Phase 2,Completed,561,2011-03-06,2013-05-31
NCT100003446,Interventional,Phase 3,Completed,80,2016-02-15,2018-02-07
NCT100003447,Interventional,Phase 1,Recruiting,748,2011-01-09,
NCT100003448,Interventional,Phase 3,Completed,45,2016-06-04,2019-07-13
NCT100003449,Interventional,Phase 3,"Active, not recruiting",49,2019-09-01,
NCT100003450,Interventional,Phase 3,Completed,48,2020-07-30,2023-02-14
NCT100003451,Interventional,Phase 1,Recruiting,106,2022-08-04,
NCT100003452,Interventional,Phase 1,Completed,88,2021-09-28,2023-07-20
NCT100003453,Interventional,Phase 1,Completed,313,2021-01-13,2024-01-29
NCT100003454,Interventional,Phase 3,Terminated,51,2013-07-01,2014-07-23
NCT100003455,Interventional,Phase 2,Withdrawn,364,2021-07-16,2022-09-14
NCT100003456,Interventional,Phase 2,"Active, not recruiting",61,2020-02-29,
NCT100003457,Interventional,Phase 3,Recruiting,34,2013-12-19,
NCT100003458,Interventional,Phase 2,Unknown status,534,2025-06-18,
NCT100003459,Interventional,Phase 1,Completed,410,2024-12-30,2025-12-31
NCT100003460,Interventional,Phase 4,Completed,107,2020-08-27,2023-08-09
NCT100003461,Interventional,Phase 2,Completed,432,2022-10-22,2024-11-29
NCT100003462,Interventional,Phase 3,Completed,24,2021-06-07,2023-03-04
NCT100003463,Interventional,Phase 3,Completed,56,2014-09-12,2017-03-18
NCT100003464,Interventional,Phase 4,Completed,240,2019-09-14,2021-11-13
NCT100003465,Interventional,Phase 1,Completed,173,2018-11-16,2021-02-08
NCT100003466,Interventional,Phase 2,Recruiting,215,2024-09-13,
NCT100003467,Interventional,Phase 2,Completed,110,2020-07-12,2022-03-05
NCT100003468,Interventional,Phase 2,Recruiting,113,2022-07-15,
NCT100003469,Interventional,Phase 2,Completed,34,2013-08-22,2015-11-25
NCT100003470,Interventional,Phase 3,Unknown status,149,2016-07-07,
NCT100003471,Interventional,Phase 1,Completed,643,2014-08-02,2017-05-04
NCT100003472,Interventional,Phase 2,Completed,20,2020-04-03,2023-02-17
NCT100003473,Interventional,Phase 1,Completed,199,2016-06-28,2019-01-01
NCT100003474,Interventional,Phase 1,Completed,25,2013-07-30,2014-12-14
NCT100003475,Interventional,Phase 2,Recruiting,84,2021-04-29,
NCT100003476,Interventional,Phase 3,Completed,88,2018-08-30,2020-06-26
NCT100003477,Interventional,Phase 1,Completed,9,2011-09-24,2013-06-24
NCT100003478,Interventional,Phase 4,Completed,192,2019-11-19,2021-06-19
NCT100003479,Interventional,Phase 2,Recruiting,16,2025-08-30,
NCT100003480,Interventional,Phase 4,Completed,101,2022-12-08,2026-03-27
NCT100003481,Interventional,Phase 1,Completed,143,2019-12-25,2021-10-11
NCT100003482,Interventional,Phase 2,Completed,98,2016-02-20,2018-04-29
NCT100003483,Interventional,Phase 3,Terminated,306,2012-07-08,2013-03-14
NCT100003484,Interventional,Phase 4,Unknown status,23,2015-03-06,
NCT100003485,Interventional,Phase 1,Completed,23,2020-04-07,2022-02-09
NCT100003486,Interventional,Phase 2,Completed,233,2024-05-27,2025-12-31
NCT100003487,Interventional,Phase 4,Completed,133,2025-10-12,2025-12-31
NCT100003488,Interventional,Phase 2,Unknown status,34,2025-09-30,
NCT100003489,Interventional,Phase 2,Completed,26,2022-02-14,2024-10-05
NCT100003490,Interventional,Phase 3,Completed,17,2013-11-10,2016-02-12
NCT100003491,Interventional,Phase 1,Terminated,56,2021-09-28,2022-04-30
NCT100003492,Interventional,Phase 1,Completed,94,2013-02-05,2015-05-05
NCT100003493,Interventional,Phase 3,Completed,27,2024-06-07,2026-06-18
NCT100003494,Interventional,Phase 1,Recruiting,10,2014-08-06,
NCT100003495,Interventional,Phase 2,Completed,68,2013-10-10,2015-10-26
NCT100003496,Interventional,Phase 2,Completed,40,2018-11-06,2021-10-15
NCT100003497,Interventional,Phase 2,"Active, not recruiting",76,2012-03-29,
NCT100003498,Interventional,Phase 1,Completed,57,2022-05-06,2024-07-17
NCT100003499,Interventional,Phase 3,Recruiting,114,2018-05-02,
NCT100003500,Interventional,Phase 3,Completed,20,2022-04-22,2024-11-07
NCT100003501,Interventional,Phase 1,"Active, not recruiting",47,2021-10-22,
NCT100003502,Interventional,Phase 1,Completed,572,2018-10-10,2021-04-29
NCT100003503,Interventional,Phase 4,Completed,328,2025-02-09,2025-12-31
NCT100003504,Interventional,Phase 3,"Active, not recruiting",194,2012-02-10,
NCT100003505,Interventional,Phase 4,Completed,115,2014-10-02,2016-11-29
NCT100003506,Interventional,Phase 4,Completed,25,2017-10-08,2020-09-02
NCT100003507,Interventional,Phase 1,Completed,34,2012-08-16,2014-04-13
NCT100003508,Interventional,Phase 2,Completed,81,2024-10-24,2026-03-31
NCT100003509,Interventional,Phase 2,Recruiting,159,2013-02-28,
NCT100003510,Interventional,Phase 2,Completed,42,2011-11-23,2016-01-26
NCT100003511,Interventional,Phase 3,Recruiting,22,2018-10-08,
NCT100003512,Interventional,Phase 1,Completed,43,2012-02-16,2013-08-10
NCT100003513,Interventional,Phase 3,Terminated,62,2014-07-16,2015-07-08
NCT100003514,Interventional,Phase 3,Recruiting,25,2025-04-30,
NCT100003515,Interventional,Phase 2,Withdrawn,45,2024-05-27,2025-04-05
NCT100003516,Interventional,Phase 3,Completed,138,2025-12-25,2025-12-31
NCT100003517,Interventional,Phase 3,Terminated,388,2015-02-25,2016-07-22
NCT100003518,Interventional,Phase 1,Terminated,5,2020-11-03,2021-10-11
NCT100003519,Interventional,Phase 3,Completed,112,2016-03-03,2017-12-31
NCT100003520,Interventional,Phase 3,Completed,111,2022-07-20,2024-06-26
NCT100003521,Interventional,Phase 1,Terminated,94,2018-08-01,2019-01-10
NCT100003522,Interventional,Phase 3,Completed,223,2012-01-17,2014-01-13
NCT100003523,Interventional,Phase 1,Unknown status,24,2012-10-26,
NCT100003524,Interventional,Phase 2,"Active, not recruiting",76,2020-01-25,
NCT100003525,Interventional,Phase 2,Terminated,36,2019-02-02,2019-12-11
NCT100003526,Interventional,Phase 2,Completed,25,2012-05-04,2014-03-19
NCT100003527,Interventional,Phase 2,Terminated,105,2016-05-16,2017-03-17
NCT100003528,Interventional,Phase 3,Completed,364,2012-09-30,2014-05-09
NCT100003529,Interventional,Phase 2,Completed,30,2015-11-17,2018-05-21
NCT100003530,Interventional,Phase 2,Completed,103,2012-04-16,2013-12-31
NCT100003531,Interventional,Phase 3,Recruiting,36,2016-06-24,
NCT100003532,Interventional,Phase 1,"Active, not recruiting",19,2019-05-08,
NCT100003533,Interventional,Phase 4,Completed,390,2017-06-12,2019-10-06
NCT100003534,Interventional,Phase 2,"Active, not recruiting",53,2024-07-11,
NCT100003535,Interventional,Phase 4,Recruiting,25,2015-11-08,
NCT100003536,Interventional,Phase 1,Recruiting,74,2024-04-16,
NCT100003537,Interventional,Phase 4,Completed,114,2020-06-04,2021-11-29
NCT100003538,Interventional,Phase 2,Completed,1695,2018-07-03,2020-06-28
NCT100003539,Interventional,Phase 1,Unknown status,112,2018-06-07,
NCT100003540,Interventional,Phase 3,Completed,15,2016-10-22,2020-10-02
NCT100003541,Interventional,Phase 1,Terminated,52,2013-03-11,2013-12-04
NCT100003542,Interventional,Phase 1,Completed,65,2020-02-18,2021-07-03
NCT100003543,Interventional,Phase 3,Completed,132,2015-07-29,2018-10-14
NCT100003544,Interventional,Phase 1,Completed,200,2022-01-05,2024-01-11
NCT100003545,Interventional,Phase 3,Unknown status,7,2016-09-23,
NCT100003546,Interventional,Phase 2,Recruiting,18,2012-01-27,
NCT100003547,Interventional,Phase 2,Recruiting,107,2016-11-13,
NCT100003548,Interventional,Phase 1,"Active, not recruiting",19,2025-03-17,
NCT100003549,Interventional,Phase 3,Completed,267,2023-04-13,2025-06-27
NCT100003550,Interventional,Phase 4,Completed,123,2024-01-25,2025-12-04
NCT100003551,Interventional,Phase 2,Recruiting,31,2023-01-04,
NCT100003552,Interventional,Phase 2,Completed,23,2018-10-17,2021-01-19
NCT100003553,Interventional,Phase 2,"Active, not recruiting",63,2022-06-21,
NCT100003554,Interventional,Phase 1,Completed,6,2020-08-17,2023-01-09
NCT100003555,Interventional,Phase 3,Recruiting,116,2011-11-07,
NCT100003556,Interventional,Phase 3,"Active, not recruiting",295,2022-08-01,
NCT100003557,Interventional,Phase 2,Completed,74,2019-02-16,2021-03-01
NCT100003558,Interventional,Phase 1,Terminated,428,2018-11-12,2020-12-23
NCT100003559,Interventional,Phase 2,Terminated,7,2021-09-23,2022-03-19
NCT100003560,Interventional,Phase 1,Terminated,46,2020-06-04,2020-10-16
NCT100003561,Interventional,Phase 4,Completed,392,2012-03-20,2015-07-05
NCT100003562,Interventional,Phase 2,Completed,97,2020-03-09,2024-08-14
NCT100003563,Interventional,Phase 4,Completed,269,2019-04-28,2022-09-15
NCT100003564,Interventional,Phase 4,Terminated,29,2024-04-30,2025-04-15
NCT100003565,Interventional,Phase 3,Completed,213,2023-02-21,2025-09-19
NCT100003566,Interventional,Phase 2,Completed,80,2016-11-06,2019-07-27
NCT100003567,Interventional,Phase 1,Completed,68,2012-09-26,2014-08-24
NCT100003568,Interventional,Phase 4,Completed,5,2016-09-26,2018-10-31
NCT100003569,Interventional,Phase 1,Completed,56,2014-11-04,2016-11-13
NCT100003570,Interventional,Phase 1,Recruiting,58,2022-04-09,
NCT100003571,Interventional,Phase 3,Unknown status,76,2024-08-11,
NCT100003572,Interventional,Phase 4,Completed,44,2020-07-01,2025-06-19
NCT100003573,Interventional,Phase 1,Terminated,38,2013-03-23,2013-11-16
NCT100003574,Interventional,Phase 1,Terminated,23,2023-12-19,2024-07-27
NCT100003575,Interventional,Phase 1,Unknown status,6,2016-02-24,
NCT100003576,Interventional,Phase 2,Withdrawn,162,2021-05-14,2022-05-05
NCT100003577,Interventional,Phase 2,Terminated,164,2021-11-02,2023-11-30
NCT100003578,Interventional,Phase 2,Completed,53,2018-08-24,2022-05-13
NCT100003579,Interventional,Phase 2,Completed,176,2024-11-20,2026-08-16
NCT100003580,Interventional,Phase 2,Completed,72,2024-07-16,2025-12-31
NCT100003581,Interventional,Phase 4,Recruiting,52,2022-06-24,
NCT100003582,Interventional,Phase 2,Completed,66,2014-05-06,2016-03-15
NCT100003583,Interventional,Phase 2,Withdrawn,35,2019-06-03,2020-01-16
NCT100003584,Interventional,Phase 1,Terminated,186,2017-04-07,2018-01-30
NCT100003585,Interventional,Phase 4,Completed,132,2011-05-16,2014-01-15
NCT100003586,Interventional,Phase 1,Withdrawn,35,2011-01-24,2011-10-25
NCT100003587,Interventional,Phase 2,Completed,11,2018-01-12,2021-01-26
NCT100003588,Interventional,Phase 3,"Active, not recruiting",61,2012-07-18,
NCT100003589,Interventional,Phase 2,Recruiting,42,2013-07-20,
NCT100003590,Interventional,Phase 3,"Active, not recruiting",20,2013-02-23,
NCT100003591,Interventional,Phase 4,Withdrawn,37,2013-08-22,2014-07-07
NCT100003592,Interventional,Phase 3,Recruiting,34,2017-09-06,
NCT100003593,Interventional,Phase 3,Completed,77,2020-12-18,2023-05-16
NCT100003594,Interventional,Phase 4,Completed,9,2025-04-04,2025-12-31
NCT100003595,Interventional,Phase 1,Terminated,9,2014-01-11,2014-11-30
NCT100003596,Interventional,Phase 2,Recruiting,182,2016-02-02,
NCT100003597,Interventional,Phase 1,Withdrawn,229,2021-09-29,2022-07-25
NCT100003598,Interventional,Phase 3,Completed,5,2022-06-17,2024-04-11
NCT100003599,Interventional,Phase 2,"Active, not recruiting",5,2013-04-25,
NCT100003600,Interventional,Phase 1,Completed,24,2024-03-05,2026-06-11
NCT100003601,Interventional,Phase 1,Terminated,306,2015-10-18,2016-10-24
NCT100003602,Interventional,Phase 2,Unknown status,2313,2024-09-16,
NCT100003603,Interventional,Phase 2,Terminated,28,2018-04-01,2019-08-06
NCT100003604,Interventional,Phase 2,Completed,195,2018-12-30,2020-03-16
NCT100003605,Interventional,Phase 2,Terminated,377,2017-03-20,2017-08-13
NCT100003606,Interventional,Phase 1,Completed,173,2013-09-16,2016-01-17
NCT100003607,Interventional,Phase 2,Completed,84,2019-06-01,2021-07-16
NCT100003608,Interventional,Phase 2,Terminated,65,2015-07-09,2016-01-12
NCT100003609,Interventional,Phase 4,Terminated,427,2021-11-22,2023-04-20
NCT100003610,Interventional,Phase 4,Completed,66,2013-04-17,2016-01-28
NCT100003611,Interventional,Phase 1,Terminated,84,2024-02-10,2024-08-12
NCT100003612,Interventional,Phase 3,Terminated,47,2014-03-23,2015-01-12
NCT100003613,Interventional,Phase 1,"Active, not recruiting",5,2024-10-27,
NCT100003614,Interventional,Phase 1,Recruiting,96,2011-10-12,
NCT100003615,Interventional,Phase 2,Completed,1234,2013-07-30,2017-02-19
NCT100003616,Interventional,Phase 4,Completed,415,2024-11-14,2026-12-14
NCT100003617,Interventional,Phase 3,Terminated,11,2024-06-28,2025-05-02
NCT100003618,Interventional,Phase 2,Recruiting,33,2013-09-23,
NCT100003619,Interventional,Phase 1,Recruiting,14,2012-02-29,
NCT100003620,Interventional,Phase 1,Recruiting,97,2022-09-12,
NCT100003621,Interventional,Phase 2,Completed,32,2022-09-30,2025-04-21
NCT100003622,Interventional,Phase 2,Completed,61,2019-06-21,2022-07-20
NCT100003623,Interventional,Phase 2,Completed,86,2022-04-06,2023-10-03
NCT100003624,Interventional,Phase 3,Recruiting,170,2022-06-15,
NCT100003625,Interventional,Phase 1,Completed,91,2012-01-29,2015-06-11
NCT100003626,Interventional,Phase 1,Terminated,392,2012-05-28,2012-11-08
NCT100003627,Interventional,Phase 3,Completed,124,2020-10-03,2022-10-05
NCT100003628,Interventional,Phase 3,"Active, not recruiting",160,2018-11-30,
NCT100003629,Interventional,Phase 3,Completed,143,2020-09-25,2023-05-26
NCT100003630,Interventional,Phase 4,Completed,38,2024-09-21,2025-12-31
NCT100003631,Interventional,Phase 2,Unknown status,57,2024-09-01,
NCT100003632,Interventional,Phase 2,Completed,70,2020-07-24,2022-07-09
NCT100003633,Interventional,Phase 2,Completed,76,2018-03-31,2019-12-30
NCT100003634,Interventional,Phase 3,Completed,70,2020-10-03,2022-03-28
NCT100003635,Interventional,Phase 1,Terminated,28,2014-11-26,2016-02-03
NCT100003636,Interventional,Phase 1,Completed,50,2021-09-20,2022-09-18
NCT100003637,Interventional,Phase 2,Completed,47,2019-03-02,2020-12-10
NCT100003638,Interventional,Phase 4,Completed,10,2017-06-23,2020-12-19
NCT100003639,Interventional,Phase 2,Completed,24,2021-01-01,2023-11-25
NCT100003640,Interventional,Phase 1,Unknown status,26,2015-03-07,
NCT100003641,Interventional,Phase 2,Completed,25,2021-05-13,2023-03-18
NCT100003642,Interventional,Phase 1,Completed,166,2014-06-01,2016-01-02
NCT100003643,Interventional,Phase 2,Completed,13,2023-02-13,2025-05-14
NCT100003644,Interventional,Phase 1,Recruiting,75,2023-08-24,
NCT100003645,Interventional,Phase 3,Unknown status,22,2015-04-27,
NCT100003646,Interventional,Phase 2,Recruiting,259,2014-09-16,
NCT100003647,Interventional,Phase 1,"Active, not recruiting",16,2021-12-29,
NCT100003648,Interventional,Phase 3,Terminated,64,2014-03-29,2016-02-15
NCT100003649,Interventional,Phase 4,Completed,27,2020-10-19,2023-07-12
NCT100003650,Interventional,Phase 4,"Active, not recruiting",92,2023-11-25,
NCT100003651,Interventional,Phase 1,Withdrawn,227,2012-04-06,2014-08-04
NCT100003652,Interventional,Phase 2,Completed,54,2013-09-14,2016-01-08
NCT100003653,Interventional,Phase 1,Completed,57,2011-01-01,2014-11-13
NCT100003654,Interventional,Phase 1,Completed,343,2020-08-24,2022-07-26
NCT100003655,Interventional,Phase 2,Withdrawn,17,2014-06-21,2014-11-23
NCT100003656,Interventional,Phase 4,Recruiting,63,2014-08-22,
NCT100003657,Interventional,Phase 1,Completed,51,2019-08-27,2021-06-08
NCT100003658,Interventional,Phase 1,Completed,14,2023-10-26,2025-12-20
NCT100003659,Interventional,Phase 1,Terminated,25,2014-11-14,2015-08-18
NCT100003660,Interventional,Phase 4,Terminated,56,2018-09-10,2019-04-27
NCT100003661,Interventional,Phase 3,Completed,188,2017-01-04,2020-06-22
NCT100003662,Interventional,Phase 2,Withdrawn,31,2020-12-27,2022-04-13
NCT100003663,Interventional,Phase 1,"Active, not recruiting",166,2020-11-02,
NCT100003664,Interventional,Phase 3,Terminated,432,2013-09-14,2014-09-19
NCT100003665,Interventional,Phase 2,Completed,371,2015-08-20,2017-08-06
NCT100003666,Interventional,Phase 3,Completed,37,2023-10-25,2026-11-09
NCT100003667,Interventional,Phase 1,Completed,96,2012-03-30,2013-10-13
NCT100003668,Interventional,Phase 1,Completed,134,2023-09-19,2025-12-31
NCT100003669,Interventional,Phase 3,Completed,56,2019-01-05,2021-07-12
NCT100003670,Interventional,Phase 1,"Active, not recruiting",83,2025-01-17,
NCT100003671,Interventional,Phase 1,Completed,31,2012-03-27,2015-03-18
NCT100003672,Interventional,Phase 3,Completed,420,2015-01-13,2016-07-27
NCT100003673,Interventional,Phase 4,Unknown status,71,2016-04-03,
NCT100003674,Interventional,Phase 2,Completed,31,2017-04-23,2020-10-06
NCT100003675,Interventional,Phase 4,Withdrawn,83,2021-03-10,2022-02-22
NCT100003676,Interventional,Phase 3,Terminated,87,2020-02-10,2020-11-15
NCT100003677,Interventional,Phase 2,Withdrawn,731,2015-03-07,2015-11-03
NCT100003678,Interventional,Phase 2,Completed,53,2020-01-19,2022-05-24
NCT100003679,Interventional,Phase 1,Completed,255,2011-11-23,2014-01-10
NCT100003680,Interventional,Phase 1,Recruiting,1119,2020-08-08,
NCT100003681,Interventional,Phase 3,Completed,406,2022-09-29,2025-05-05
NCT100003682,Interventional,Phase 1,Recruiting,111,2025-05-08,
NCT100003683,Interventional,Phase 1,Terminated,105,2020-09-21,2022-03-14
NCT100003684,Interventional,Phase 2,Unknown status,23,2024-10-14,
NCT100003685,Interventional,Phase 3,Completed,55,2014-01-23,2016-07-14
NCT100003686,Interventional,Phase 4,Completed,357,2015-09-15,2017-10-16
NCT100003687,Interventional,Phase 1,Unknown status,122,2012-11-23,
NCT100003688,Interventional,Phase 1,Unknown status,19,2013-05-18,
NCT100003689,Interventional,Phase 3,Completed,826,2019-05-10,2022-01-17
NCT100003690,Interventional,Phase 2,Completed,80,2021-10-31,2024-03-23
NCT100003691,Interventional,Phase 2,Completed,10,2025-02-03,2025-12-31
NCT100003692,Interventional,Phase 3,Completed,275,2015-03-24,2017-04-02
NCT100003693,Interventional,Phase 1,Terminated,17,2025-04-15,2025-08-13
NCT100003694,Interventional,Phase 2,Completed,155,2011-02-22,2013-02-04
NCT100003695,Interventional,Phase 4,Terminated,65,2019-07-17,2020-02-04
NCT100003696,Interventional,Phase 4,Unknown status,111,2017-03-24,
NCT100003697,Interventional,Phase 1,Completed,140,2013-01-11,2015-07-09
NCT100003698,Interventional,Phase 3,Completed,73,2013-01-01,2014-05-14
NCT100003699,Interventional,Phase 2,Completed,172,2015-01-06,2016-07-08
NCT100003700,Interventional,Phase 1,Withdrawn,211,2025-03-22,2025-08-17
NCT100003701,Interventional,Phase 1,Terminated,43,2019-05-14,2019-11-15
NCT100003702,Interventional,Phase 3,"Active, not recruiting",134,2012-01-07,
NCT100003703,Interventional,Phase 4,Completed,68,2017-04-01,2019-06-10
NCT100003704,Interventional,Phase 1,Withdrawn,49,2013-02-11,2013-10-05
NCT100003705,Interventional,Phase 3,Recruiting,142,2012-05-29,
NCT100003706,Interventional,Phase 3,Completed,39,2014-07-01,2016-01-13
NCT100003707,Interventional,Phase 3,Recruiting,38,2011-07-11,
NCT100003708,Interventional,Phase 4,Completed,32,2012-10-15,2014-04-14
NCT100003709,Interventional,Phase 1,Completed,99,2013-03-09,2016-05-24
NCT100003710,Interventional,Phase 2,Recruiting,181,2025-01-02,
NCT100003711,Interventional,Phase 4,Completed,80,2018-09-08,2021-01-02
NCT100003712,Interventional,Phase 1,Completed,72,2019-02-05,2022-03-31
NCT100003713,Interventional,Phase 3,Completed,83,2021-01-18,2022-11-14
NCT100003714,Interventional,Phase 3,Completed,333,2013-05-03,2015-10-23
NCT100003715,Interventional,Phase 2,"Active, not recruiting",148,2014-06-19,
NCT100003716,Interventional,Phase 1,Terminated,41,2018-09-12,2019-08-01
NCT100003717,Interventional,Phase 2,Terminated,131,2021-12-29,2023-07-14
NCT100003718,Interventional,Phase 4,Unknown status,43,2012-06-05,
NCT100003719,Interventional,Phase 1,Recruiting,21,2025-08-05,
NCT100003720,Interventional,Phase 4,Recruiting,524,2012-11-15,
NCT100003721,Interventional,Phase 1,Completed,23,2020-12-13,2023-03-23
NCT100003722,Interventional,Phase 3,Terminated,518,2012-06-28,2013-02-06
NCT100003723,Interventional,Phase 3,Completed,198,2025-11-29,2025-12-31
NCT100003724,Interventional,Phase 3,Completed,107,2021-09-22,2024-05-25
NCT100003725,Interventional,Phase 2,Terminated,19,2019-09-18,2020-07-13
NCT100003726,Interventional,Phase 2,Completed,29,2016-02-23,2017-09-20
NCT100003727,Interventional,Phase 2,Terminated,17,2012-12-17,2013-09-18
NCT100003728,Interventional,Phase 2,Withdrawn,1972,2022-12-20,2024-02-12
NCT100003729,Interventional,Phase 4,Completed,19,2017-01-29,2020-01-10
NCT100003730,Interventional,Phase 1,Recruiting,248,2021-10-16,
NCT100003731,Interventional,Phase 4,Terminated,143,2012-12-03,2013-12-26
NCT100003732,Interventional,Phase 2,Completed,30,2013-01-08,2015-03-04
NCT100003733,Interventional,Phase 2,Completed,149,2011-06-04,2013-01-08
NCT100003734,Interventional,Phase 2,"Active, not recruiting",12,2011-03-27,
NCT100003735,Interventional,Phase 1,Completed,212,2022-07-03,2023-11-09
NCT100003736,Interventional,Phase 2,Terminated,1046,2018-07-27,2019-03-23
NCT100003737,Interventional,Phase 3,Completed,45,2022-09-11,2025-04-25
NCT100003738,Interventional,Phase 2,Unknown status,6,2013-03-22,
NCT100003739,Interventional,Phase 1,Recruiting,203,2011-01-15,
NCT100003740,Interventional,Phase 1,Recruiting,213,2020-06-22,
NCT100003741,Interventional,Phase 1,Recruiting,55,2019-05-18,
NCT100003742,Interventional,Phase 3,Completed,29,2024-12-25,2026-08-28
NCT100003743,Interventional,Phase 2,Unknown status,466,2020-07-14,
NCT100003744,Interventional,Phase 2,Recruiting,33,2024-12-03,
NCT100003745,Interventional,Phase 2,Completed,42,2025-03-24,2025-12-31
NCT100003746,Interventional,Phase 3,Completed,47,2011-07-15,2014-08-18
NCT100003747,Interventional,Phase 1,Completed,25,2025-04-17,2025-12-31
NCT100003748,Interventional,Phase 3,Unknown status,28,2013-11-19,
NCT100003749,Interventional,Phase 1,Completed,120,2011-12-23,2014-06-06
NCT100003750,Interventional,Phase 2,Completed,131,2024-01-27,2025-12-31
NCT100003751,Interventional,Phase 2,Terminated,93,2016-08-09,2017-04-19
NCT100003752,Interventional,Phase 1,Completed,52,2015-01-25,2017-06-25
NCT100003753,Interventional,Phase 2,Completed,5,2018-07-08,2022-05-25
NCT100003754,Interventional,Phase 4,Withdrawn,13,2024-12-11,2025-09-30
NCT100003755,Interventional,Phase 4,"Active, not recruiting",23,2017-05-29,
NCT100003756,Interventional,Phase 1,Completed,690,2011-08-19,2014-05-31
NCT100003757,Interventional,Phase 3,Completed,69,2013-03-09,2016-01-09
NCT100003758,Interventional,Phase 4,Completed,240,2022-10-12,2026-01-28
NCT100003759,Interventional,Phase 2,Completed,64,2014-08-13,2016-01-20
NCT100003760,Interventional,Phase 1,Completed,38,2014-12-24,2017-04-02
NCT100003761,Interventional,Phase 4,Completed,12,2024-07-09,2026-09-05
NCT100003762,Interventional,Phase 1,Withdrawn,65,2016-06-08,2017-07-02
NCT100003763,Interventional,Phase 2,Completed,229,2020-10-02,2024-02-01
NCT100003764,Interventional,Phase 1,Terminated,1358,2015-10-12,2016-05-15
NCT100003765,Interventional,Phase 1,Completed,291,2015-11-01,2017-09-13
NCT100003766,Interventional,Phase 1,Completed,25,2021-08-12,2023-08-02
NCT100003767,Interventional,Phase 2,Terminated,187,2020-05-15,2021-03-10
NCT100003768,Interventional,Phase 1,Completed,2597,2022-11-08,2026-08-14
NCT100003769,Interventional,Phase 2,Completed,148,2022-10-15,2024-10-21
NCT100003770,Interventional,Phase 2,Terminated,19,2022-06-23,2023-01-15
NCT100003771,Interventional,Phase 2,Completed,39,2018-08-12,2020-05-11
NCT100003772,Interventional,Phase 3,Completed,249,2013-04-17,2015-09-27
NCT100003773,Interventional,Phase 1,"Active, not recruiting",69,2015-04-03,
NCT100003774,Interventional,Phase 3,Completed,177,2019-05-07,2021-05-07
NCT100003775,Interventional,Phase 2,Completed,466,2025-03-26,2025-12-31
NCT100003776,Interventional,Phase 2,Completed,159,2012-02-26,2013-12-08
NCT100003777,Interventional,Phase 2,Completed,18,2018-02-07,2022-07-22
NCT100003778,Interventional,Phase 2,Completed,17,2015-11-07,2017-12-11
NCT100003779,Interventional,Phase 2,Completed,42,2021-02-24,2022-10-02
NCT100003780,Interventional,Phase 1,Recruiting,24,2018-09-17,
NCT100003781,Interventional,Phase 1,Completed,85,2015-01-02,2017-02-23
NCT100003782,Interventional,Phase 2,Completed,84,2016-10-31,2018-05-28
NCT100003783,Interventional,Phase 1,Completed,173,2024-09-28,2026-09-02
NCT100003784,Interventional,Phase 4,Completed,16,2025-07-07,2025-12-31
NCT100003785,Interventional,Phase 1,Withdrawn,65,2022-11-16,2024-08-02
NCT100003786,Interventional,Phase 1,Completed,1176,2019-10-02,2021-07-01
NCT100003787,Interventional,Phase 1,"Active, not recruiting",39,2011-12-06,
NCT100003788,Interventional,Phase 2,Completed,1794,2023-06-07,2025-12-06
NCT100003789,Interventional,Phase 3,"Active, not recruiting",26,2021-01-17,
NCT100003790,Interventional,Phase 3,Completed,6,2014-03-31,2016-01-23
NCT100003791,Interventional,Phase 3,Completed,58,2021-05-22,2024-03-20
NCT100003792,Interventional,Phase 4,Completed,7,2014-04-10,2017-03-21
NCT100003793,Interventional,Phase 3,Completed,19,2013-11-08,2016-05-15
NCT100003794,Interventional,Phase 1,Completed,11,2016-04-26,2018-01-08
NCT100003795,Interventional,Phase 4,"Active, not recruiting",61,2021-07-23,
NCT100003796,Interventional,Phase 2,Terminated,58,2018-03-29,2019-08-31
NCT100003797,Interventional,Phase 1,Withdrawn,58,2017-05-19,2018-04-18
NCT100003798,Interventional,Phase 3,Completed,970,2020-01-29,2022-09-13
NCT100003799,Interventional,Phase 2,Completed,21,2013-08-26,2015-06-12
NCT100003800,Interventional,Phase 2,Completed,65,2014-01-23,2015-10-10
NCT100003801,Interventional,Phase 1,Terminated,189,2012-09-08,2013-04-26
NCT100003802,Interventional,Phase 2,Unknown status,651,2018-02-03,
NCT100003803,Interventional,Phase 2,Completed,97,2016-03-30,2020-05-12
NCT100003804,Interventional,Phase 1,Completed,88,2012-12-04,2014-08-18
NCT100003805,Interventional,Phase 2,Completed,16,2020-04-27,2021-09-17
NCT100003806,Interventional,Phase 3,"Active, not recruiting",663,2021-10-23,
NCT100003807,Interventional,Phase 2,Recruiting,14,2022-09-05,
NCT100003808,Interventional,Phase 1,Completed,451,2020-02-29,2021-09-07
NCT100003809,Interventional,Phase 4,Completed,46,2023-06-18,2025-11-16
NCT100003810,Interventional,Phase 4,Completed,46,2014-08-26,2017-07-26
NCT100003811,Interventional,Phase 1,Completed,30,2019-04-10,2020-12-16
NCT100003812,Interventional,Phase 3,Completed,159,2025-06-01,2025-12-31
NCT100003813,Interventional,Phase 1,Completed,35,2023-05-30,2025-06-29
NCT100003814,Interventional,Phase 1,"Active, not recruiting",152,2013-03-09,
NCT100003815,Interventional,Phase 1,Withdrawn,123,2014-08-25,2014-12-24
NCT100003816,Interventional,Phase 1,Terminated,910,2022-09-22,2024-05-19
NCT100003817,Interventional,Phase 1,Completed,25,2017-05-31,2019-07-04
NCT100003818,Interventional,Phase 3,Recruiting,252,2021-12-06,
NCT100003819,Interventional,Phase 3,Completed,1565,2012-12-17,2015-03-18
NCT100003820,Interventional,Phase 3,Completed,490,2021-05-09,2023-10-19
NCT100003821,Interventional,Phase 2,Completed,53,2019-01-13,2020-10-13
NCT100003822,Interventional,Phase 4,Recruiting,148,2016-09-21,
NCT100003823,Interventional,Phase 3,Terminated,33,2013-07-07,2014-02-11
NCT100003824,Interventional,Phase 2,Completed,346,2022-03-06,2025-08-29
NCT100003825,Interventional,Phase 2,Completed,35,2012-11-26,2014-05-25
NCT100003826,Interventional,Phase 1,Terminated,156,2011-12-20,2012-06-18
NCT100003827,Interventional,Phase 1,Terminated,46,2025-03-17,2026-01-18
NCT100003828,Interventional,Phase 3,Unknown status,75,2019-02-09,
NCT100003829,Interventional,Phase 3,Completed,47,2024-12-20,2026-10-16
NCT100003830,Interventional,Phase 3,Terminated,151,2020-07-27,2021-03-08
NCT100003831,Interventional,Phase 1,Recruiting,5,2022-12-26,
NCT100003832,Interventional,Phase 1,Terminated,597,2018-09-19,2019-10-13
NCT100003833,Interventional,Phase 3,Completed,38,2014-02-15,2017-03-12
NCT100003834,Interventional,Phase 2,Recruiting,48,2011-02-08,
NCT100003835,Interventional,Phase 3,Completed,46,2022-04-02,2024-08-04
NCT100003836,Interventional,Phase 3,Recruiting,76,2013-04-08,
NCT100003837,Interventional,Phase 2,Completed,281,2014-09-22,2016-11-07
NCT100003838,Interventional,Phase 4,Completed,131,2020-11-15,2024-04-01
NCT100003839,Interventional,Phase 1,Terminated,63,2017-08-15,2018-08-31
NCT100003840,Interventional,Phase 3,Unknown status,134,2014-02-01,
NCT100003841,Interventional,Phase 3,"Active, not recruiting",24,2013-04-19,
NCT100003842,Interventional,Phase 2,Completed,37,2020-06-08,2022-01-18
NCT100003843,Interventional,Phase 2,Recruiting,882,2014-06-03,
NCT100003844,Interventional,Phase 3,Unknown status,589,2013-06-14,
NCT100003845,Interventional,Phase 2,"Active, not recruiting",85,2018-01-19,
NCT100003846,Interventional,Phase 1,"Active, not recruiting",54,2012-10-11,
NCT100003847,Interventional,Phase 1,Completed,382,2016-04-20,2018-08-08
NCT100003848,Interventional,Phase 1,"Active, not recruiting",33,2024-12-06,
NCT100003849,Interventional,Phase 1,Unknown status,587,2013-10-02,
NCT100003850,Interventional,Phase 1,Terminated,63,2015-01-18,2016-10-06
NCT100003851,Interventional,Phase 1,Recruiting,153,2022-04-18,
NCT100003852,Interventional,Phase 2,Terminated,43,2025-09-03,2026-04-26
NCT100003853,Interventional,Phase 1,Completed,320,2018-07-02,2022-07-07
NCT100003854,Interventional,Phase 3,Withdrawn,45,2017-02-19,2018-02-24
NCT100003855,Interventional,Phase 3,Withdrawn,144,2014-11-22,2015-10-03
NCT100003856,Interventional,Phase 2,Completed,62,2024-05-18,2026-05-01
NCT100003857,Interventional,Phase 1,Withdrawn,550,2016-04-07,2017-02-17
NCT100003858,Interventional,Phase 1,"Active, not recruiting",39,2013-10-24,
NCT100003859,Interventional,Phase 2,Completed,15,2019-09-15,2021-10-13
NCT100003860,Interventional,Phase 3,Terminated,181,2021-01-05,2021-07-04
NCT100003861,Interventional,Phase 1,Completed,44,2016-04-26,2017-11-18
NCT100003862,Interventional,Phase 2,Unknown status,15,2022-01-07,
NCT100003863,Interventional,Phase 2,Terminated,26,2019-04-09,2019-12-28
NCT100003864,Interventional,Phase 1,Completed,241,2014-02-06,2016-09-10
NCT100003865,Interventional,Phase 1,Completed,52,2012-09-19,2014-02-05
NCT100003866,Interventional,Phase 3,Withdrawn,173,2013-05-11,2014-08-26
NCT100003867,Interventional,Phase 1,Terminated,58,2014-06-07,2015-02-19
NCT100003868,Interventional,Phase 1,Terminated,23,2011-03-13,2012-02-25
NCT100003869,Interventional,Phase 4,Completed,31,2021-06-13,2023-07-02
NCT100003870,Interventional,Phase 2,Completed,35,2013-06-24,2015-01-26
NCT100003871,Interventional,Phase 1,Completed,45,2018-08-28,2021-04-26
NCT100003872,Interventional,Phase 4,Completed,80,2022-09-22,2024-03-16
NCT100003873,Interventional,Phase 1,Completed,240,2014-04-28,2016-11-07
NCT100003874,Interventional,Phase 1,Terminated,79,2025-08-26,2026-02-06
NCT100003875,Interventional,Phase 2,Completed,15,2025-12-16,2025-12-31
NCT100003876,Interventional,Phase 4,Completed,31,2024-07-22,2026-10-11
NCT100003877,Interventional,Phase 4,Completed,533,2020-10-27,2023-01-10
NCT100003878,Interventional,Phase 4,Completed,59,2017-07-10,2019-12-29
NCT100003879,Interventional,Phase 1,Completed,131,2020-11-01,2024-05-09
NCT100003880,Interventional,Phase 2,Completed,118,2020-04-20,2023-07-06
NCT100003881,Interventional,Phase 2,Unknown status,71,2013-04-09,
NCT100003882,Interventional,Phase 1,Recruiting,223,2019-08-09,
NCT100003883,Interventional,Phase 1,Terminated,163,2011-03-14,2011-10-21
NCT100003884,Interventional,Phase 3,Completed,127,2015-10-31,2018-06-07
NCT100003885,Interventional,Phase 2,Completed,69,2013-12-12,2016-06-07
NCT100003886,Interventional,Phase 2,"Active, not recruiting",11,2020-11-21,
NCT100003887,Interventional,Phase 2,Unknown status,57,2024-08-14,
NCT100003888,Interventional,Phase 2,Completed,98,2011-12-31,2014-04-20
NCT100003889,Interventional,Phase 1,Recruiting,21,2017-11-04,
NCT100003890,Interventional,Phase 1,Completed,79,2018-04-18,2019-09-09
NCT100003891,Interventional,Phase 2,Completed,56,2012-09-26,2014-03-17
NCT100003892,Interventional,Phase 1,Completed,190,2013-05-10,2016-04-01
NCT100003893,Interventional,Phase 2,Completed,12,2020-03-21,2021-12-14
NCT100003894,Interventional,Phase 3,Unknown status,516,2021-12-25,
NCT100003895,Interventional,Phase 4,Completed,36,2023-01-22,2024-12-14
NCT100003896,Interventional,Phase 3,Completed,501,2017-04-14,2019-08-12
NCT100003897,Interventional,Phase 4,Completed,6,2015-07-03,2017-11-16
NCT100003898,Interventional,Phase 1,"Active, not recruiting",45,2017-01-19,
NCT100003899,Interventional,Phase 2,"Active, not recruiting",81,2021-02-08,
NCT100003900,Interventional,Phase 4,Completed,69,2011-05-30,2014-01-13
NCT100003901,Interventional,Phase 2,Withdrawn,71,2025-01-13,2025-09-30
NCT100003902,Interventional,Phase 1,Recruiting,773,2022-11-23,
NCT100003903,Interventional,Phase 2,Completed,12,2014-11-23,2017-12-08
NCT100003904,Interventional,Phase 3,Completed,25,2020-11-19,2024-07-19
NCT100003905,Interventional,Phase 1,Terminated,14,2018-06-08,2019-02-17
NCT100003906,Interventional,Phase 3,Recruiting,1226,2022-08-07,
NCT100003907,Interventional,Phase 3,Completed,96,2011-12-23,2014-04-15
NCT100003908,Interventional,Phase 2,Terminated,15,2020-02-24,2020-08-06
NCT100003909,Interventional,Phase 1,Completed,14,2012-02-16,2014-09-13
NCT100003910,Interventional,Phase 3,"Active, not recruiting",299,2012-09-28,
NCT100003911,Interventional,Phase 2,Completed,429,2023-01-21,2025-09-28
NCT100003912,Interventional,Phase 2,Completed,27,2014-07-11,2016-09-30
NCT100003913,Interventional,Phase 1,Withdrawn,41,2014-08-28,2015-06-23
NCT100003914,Interventional,Phase 1,"Active, not recruiting",111,2025-11-08,
NCT100003915,Interventional,Phase 2,Completed,5,2017-10-10,2020-08-05
NCT100003916,Interventional,Phase 2,Completed,313,2013-09-02,2015-01-25
NCT100003917,Interventional,Phase 3,Unknown status,290,2016-03-22,
NCT100003918,Interventional,Phase 2,"Active, not recruiting",33,2023-06-07,
NCT100003919,Interventional,Phase 2,Completed,164,2015-12-18,2018-07-17
NCT100003920,Interventional,Phase 1,Completed,148,2022-09-05,2024-11-17
NCT100003921,Interventional,Phase 2,"Active, not recruiting",34,2017-01-22,
NCT100003922,Interventional,Phase 2,Completed,88,2025-03-22,2025-12-31
NCT100003923,Interventional,Phase 4,Terminated,60,2017-03-15,2018-09-18
NCT100003924,Interventional,Phase 2,Completed,155,2014-01-22,2016-05-28
NCT100003925,Interventional,Phase 2,Recruiting,705,2019-10-04,
NCT100003926,Interventional,Phase 2,Completed,38,2011-10-27,2013-06-29
NCT100003927,Interventional,Phase 2,"Active, not recruiting",922,2014-02-17,
NCT100003928,Interventional,Phase 1,Completed,651,2013-03-17,2015-03-02
NCT100003929,Interventional,Phase 1,Completed,91,2011-10-10,2014-07-16
NCT100003930,Interventional,Phase 2,Completed,29,2017-10-21,2020-02-14
NCT100003931,Interventional,Phase 2,Completed,130,2016-03-31,2018-05-06
NCT100003932,Interventional,Phase 3,Completed,36,2016-11-29,2019-03-25
NCT100003933,Interventional,Phase 3,Recruiting,549,2018-11-02,
NCT100003934,Interventional,Phase 2,"Active, not recruiting",78,2013-10-27,
NCT100003935,Interventional,Phase 3,Completed,19,2023-05-08,2025-12-31
NCT100003936,Interventional,Phase 3,"Active, not recruiting",136,2014-12-08,
NCT100003937,Interventional,Phase 2,Completed,28,2012-06-05,2014-03-07
NCT100003938,Interventional,Phase 2,Completed,287,2019-07-01,2021-09-28
NCT100003939,Interventional,Phase 3,Completed,125,2013-01-04,2015-04-10
NCT100003940,Interventional,Phase 2,Withdrawn,236,2016-07-11,2017-05-30
NCT100003941,Interventional,Phase 1,Terminated,11,2014-01-05,2014-05-17
NCT100003942,Interventional,Phase 1,"Active, not recruiting",16,2017-03-28,
NCT100003943,Interventional,Phase 1,Completed,17,2020-02-23,2021-12-20
NCT100003944,Interventional,Phase 1,Terminated,198,2014-12-04,2016-06-02
NCT100003945,Interventional,Phase 1,Terminated,33,2020-02-01,2021-03-26
NCT100003946,Interventional,Phase 1,"Active, not recruiting",114,2014-01-16,
NCT100003947,Interventional,Phase 2,Completed,201,2019-08-01,2022-10-07
NCT100003948,Interventional,Phase 1,Unknown status,63,2014-12-11,
NCT100003949,Interventional,Phase 3,Recruiting,489,2012-08-18,
NCT100003950,Interventional,Phase 1,Completed,60,2013-06-22,2016-10-02
NCT100003951,Interventional,Phase 2,Completed,286,2025-10-05,2025-12-31
NCT100003952,Interventional,Phase 3,Withdrawn,140,2013-04-28,2014-10-06
NCT100003953,Interventional,Phase 4,Completed,36,2024-11-27,2025-12-31
NCT100003954,Interventional,Phase 1,"Active, not recruiting",17,2023-10-15,
NCT100003955,Interventional,Phase 2,Completed,19,2011-05-04,2013-02-13
NCT100003956,Interventional,Phase 3,Unknown status,335,2021-01-09,
NCT100003957,Interventional,Phase 4,Completed,52,2017-05-01,2019-07-28
NCT100003958,Interventional,Phase 4,Completed,24,2015-12-19,2017-11-09
NCT100003959,Interventional,Phase 1,Terminated,14,2019-02-10,2020-04-14
NCT100003960,Interventional,Phase 1,Completed,165,2023-11-11,2025-04-09
NCT100003961,Interventional,Phase 2,Completed,108,2020-11-20,2022-12-30
NCT100003962,Interventional,Phase 4,Recruiting,108,2018-01-31,
NCT100003963,Interventional,Phase 3,Terminated,62,2020-11-14,2022-01-01
NCT100003964,Interventional,Phase 4,Completed,1667,2020-08-21,2024-01-09
NCT100003965,Interventional,Phase 4,Recruiting,5,2016-02-24,
NCT100003966,Interventional,Phase 4,"Active, not recruiting",145,2020-04-07,
NCT100003967,Interventional,Phase 4,Recruiting,9,2017-05-05,
NCT100003968,Interventional,Phase 1,Recruiting,150,2013-12-29,
NCT100003969,Interventional,Phase 1,Completed,153,2011-03-04,2013-04-28
NCT100003970,Interventional,Phase 3,Terminated,233,2024-10-18,2025-04-25
NCT100003971,Interventional,Phase 2,Completed,53,2024-01-26,2025-12-31
NCT100003972,Interventional,Phase 2,Completed,44,2011-02-18,2012-05-20
NCT100003973,Interventional,Phase 1,Unknown status,2702,2022-10-14,
NCT100003974,Interventional,Phase 4,Completed,758,2011-09-14,2014-08-30
NCT100003975,Interventional,Phase 3,Completed,143,2024-05-23,2026-09-25
NCT100003976,Interventional,Phase 3,Unknown status,178,2025-02-21,
NCT100003977,Interventional,Phase 2,Recruiting,23,2022-04-10,
NCT100003978,Interventional,Phase 3,Completed,68,2011-02-06,2012-08-15
NCT100003979,Interventional,Phase 1,Unknown status,10,2012-12-16,
NCT100003980,Interventional,Phase 1,Completed,62,2017-02-04,2021-02-17
NCT100003981,Interventional,Phase 4,Recruiting,78,2020-05-07,
NCT100003982,Interventional,Phase 2,Completed,195,2012-06-19,2014-04-16
NCT100003983,Interventional,Phase 4,Completed,97,2013-07-15,2016-10-22
NCT100003984,Interventional,Phase 2,Completed,473,2025-04-22,2026-07-13
NCT100003985,Interventional,Phase 2,Completed,186,2020-02-24,2021-12-14
NCT100003986,Interventional,Phase 2,Completed,88,2022-09-24,2024-02-25
NCT100003987,Interventional,Phase 2,Completed,357,2020-05-17,2022-08-11
NCT100003988,Interventional,Phase 4,Completed,269,2014-02-14,2015-12-26
NCT100003989,Interventional,Phase 3,Completed,17,2018-05-09,2020-04-04
NCT100003990,Interventional,Phase 4,Terminated,68,2013-08-28,2014-06-29
NCT100003991,Interventional,Phase 3,Withdrawn,108,2015-11-18,2016-12-19
NCT100003992,Interventional,Phase 2,Unknown status,218,2016-11-22,
NCT100003993,Interventional,Phase 3,Completed,442,2011-01-22,2012-06-27
NCT100003994,Interventional,Phase 1,"Active, not recruiting",256,2013-11-08,
NCT100003995,Interventional,Phase 2,Completed,255,2013-05-27,2014-08-31
NCT100003996,Interventional,Phase 1,Completed,42,2024-01-21,2025-12-31
NCT100003997,Interventional,Phase 1,Unknown status,87,2012-11-06,
NCT100003998,Interventional,Phase 2,Withdrawn,343,2011-12-04,2013-01-26
NCT100003999,Interventional,Phase 2,Withdrawn,265,2014-01-08,2014-08-20
NCT100004000,Interventional,Phase 2,Completed,36,2020-09-23,2022-10-01
NCT100004001,Interventional,Phase 3,Completed,6,2020-03-13,2022-11-18
NCT100004002,Interventional,Phase 2,Withdrawn,5,2021-03-23,2021-09-02
NCT100004003,Interventional,Phase 3,Completed,39,2011-04-11,2013-01-05
NCT100004004,Interventional,Phase 2,Completed,51,2017-07-07,2020-06-17
NCT100004005,Interventional,Phase 4,"Active, not recruiting",10,2018-08-28,
NCT100004006,Interventional,Phase 3,Completed,48,2025-03-07,2025-12-31
NCT100004007,Interventional,Phase 2,Unknown status,1138,2020-06-12,
NCT100004008,Interventional,Phase 2,Recruiting,89,2019-04-19,
NCT100004009,Interventional,Phase 1,Completed,323,2023-11-23,2026-09-23
NCT100004010,Interventional,Phase 3,Completed,32,2020-04-23,2022-08-07
NCT100004011,Interventional,Phase 2,Unknown status,5,2015-04-24,
NCT100004012,Interventional,Phase 4,Completed,46,2025-02-02,2025-12-31
NCT100004013,Interventional,Phase 1,Terminated,122,2017-11-03,2018-09-27
NCT100004014,Interventional,Phase 2,Terminated,502,2020-10-31,2021-11-29
NCT100004015,Interventional,Phase 1,Completed,900,2016-01-18,2018-12-02
NCT100004016,Interventional,Phase 4,Unknown status,75,2020-02-03,
NCT100004017,Interventional,Phase 1,Completed,1085,2024-02-21,2025-09-30
NCT100004018,Interventional,Phase 2,Completed,8,2013-05-31,2015-07-14
NCT100004019,Interventional,Phase 2,Withdrawn,99,2021-10-26,2022-05-20
NCT100004020,Interventional,Phase 2,Terminated,396,2019-05-31,2020-05-28
NCT100004021,Interventional,Phase 1,"Active, not recruiting",46,2017-08-06,
NCT100004022,Interventional,Phase 2,Completed,73,2014-12-08,2016-05-13
NCT100004023,Interventional,Phase 4,"Active, not recruiting",43,2011-09-22,
NCT100004024,Interventional,Phase 2,Completed,267,2013-08-03,2015-04-22
NCT100004025,Interventional,Phase 2,Completed,34,2012-09-19,2014-07-30
NCT100004026,Interventional,Phase 4,Completed,81,2011-07-17,2013-03-26
NCT100004027,Interventional,Phase 1,Unknown status,31,2012-05-12,
NCT100004028,Interventional,Phase 2,Completed,82,2021-05-22,2023-07-13
NCT100004029,Interventional,Phase 3,Completed,125,2018-07-11,2021-03-02
NCT100004030,Interventional,Phase 2,Completed,165,2025-12-12,2025-12-31
NCT100004031,Interventional,Phase 2,Completed,35,2012-06-05,2015-07-29
NCT100004032,Interventional,Phase 1,Recruiting,76,2017-03-08,
NCT100004033,Interventional,Phase 2,Unknown status,39,2014-06-20,
NCT100004034,Interventional,Phase 2,Withdrawn,21,2017-05-29,2018-08-27
NCT100004035,Interventional,Phase 3,Completed,49,2023-02-08,2025-08-26
NCT100004036,Interventional,Phase 2,Completed,111,2019-12-21,2021-03-04
NCT100004037,Interventional,Phase 3,Completed,44,2012-10-13,2016-06-20
NCT100004038,Interventional,Phase 2,Completed,30,2014-09-03,2015-10-22
NCT100004039,Interventional,Phase 3,Recruiting,166,2016-06-04,
NCT100004040,Interventional,Phase 2,Completed,131,2019-07-21,2022-08-24
NCT100004041,Interventional,Phase 2,Completed,28,2023-12-05,2025-12-31
NCT100004042,Interventional,Phase 1,"Active, not recruiting",32,2017-08-08,
NCT100004043,Interventional,Phase 4,Recruiting,12,2012-11-15,
NCT100004044,Interventional,Phase 4,Completed,65,2023-05-30,2026-01-03
NCT100004045,Interventional,Phase 1,Terminated,88,2017-05-18,2018-02-27
NCT100004046,Interventional,Phase 2,Terminated,45,2015-02-25,2015-12-13
NCT100004047,Interventional,Phase 2,Completed,256,2015-11-14,2017-07-11
NCT100004048,Interventional,Phase 3,Withdrawn,93,2016-04-12,2017-09-30
NCT100004049,Interventional,Phase 2,Withdrawn,26,2024-06-30,2025-06-22
NCT100004050,Interventional,Phase 4,Completed,78,2024-05-21,2025-12-31
NCT100004051,Interventional,Phase 3,Recruiting,106,2022-04-25,
NCT100004052,Interventional,Phase 1,Completed,109,2016-03-02,2017-11-29
NCT100004053,Interventional,Phase 1,Completed,30,2021-05-07,2023-05-11
NCT100004054,Interventional,Phase 4,Completed,46,2025-01-17,2026-10-24
NCT100004055,Interventional,Phase 2,Completed,13,2016-06-22,2018-11-30
NCT100004056,Interventional,Phase 1,Terminated,45,2012-07-15,2013-12-14
NCT100004057,Interventional,Phase 4,Completed,57,2025-04-17,2025-12-31
NCT100004058,Interventional,Phase 4,Recruiting,66,2025-12-08,
NCT100004059,Interventional,Phase 4,Completed,33,2018-09-16,2021-05-23
NCT100004060,Interventional,Phase 2,Completed,21,2019-10-26,2023-01-16
NCT100004061,Interventional,Phase 4,Completed,80,2018-02-27,2020-05-11
NCT100004062,Interventional,Phase 3,Completed,544,2015-11-27,2018-07-22
NCT100004063,Interventional,Phase 1,Completed,6,2016-02-20,2017-12-15
NCT100004064,Interventional,Phase 4,"Active, not recruiting",10,2022-11-14,
NCT100004065,Interventional,Phase 3,Terminated,30,2011-05-06,2013-01-04
NCT100004066,Interventional,Phase 2,Withdrawn,112,2022-10-27,2024-03-03
NCT100004067,Interventional,Phase 1,Unknown status,6,2020-06-08,
NCT100004068,Interventional,Phase 1,Completed,87,2016-11-04,2019-02-25
NCT100004069,Interventional,Phase 3,Completed,55,2014-01-29,2016-01-02
NCT100004070,Interventional,Phase 3,Completed,193,2025-05-16,2025-12-31
NCT100004071,Interventional,Phase 1,Terminated,23,2023-01-04,2023-11-24
NCT100004072,Interventional,Phase 4,Completed,34,2017-06-20,2019-04-19
NCT100004073,Interventional,Phase 2,Unknown status,8,2025-02-25,
NCT100004074,Interventional,Phase 3,Completed,440,2024-08-18,2026-12-31
NCT100004075,Interventional,Phase 1,Completed,29,2021-07-10,2023-08-06
NCT100004076,Interventional,Phase 3,Unknown status,45,2025-12-22,
NCT100004077,Interventional,Phase 1,Completed,53,2021-11-18,2024-12-16
NCT100004078,Interventional,Phase 3,Withdrawn,195,2016-09-19,2017-11-29
NCT100004079,Interventional,Phase 1,"Active, not recruiting",417,2014-09-21,
NCT100004080,Interventional,Phase 1,Terminated,307,2019-08-29,2020-09-19
NCT100004081,Interventional,Phase 4,Completed,785,2011-08-03,2015-05-18
NCT100004082,Interventional,Phase 1,Completed,61,2025-05-24,2025-12-31
NCT100004083,Interventional,Phase 4,Completed,12,2022-10-23,2025-07-05
NCT100004084,Interventional,Phase 2,Terminated,74,2016-08-31,2018-03-17
NCT100004085,Interventional,Phase 1,Completed,50,2021-07-09,2023-04-22
NCT100004086,Interventional,Phase 3,Recruiting,728,2018-10-28,
NCT100004087,Interventional,Phase 4,Terminated,52,2021-12-19,2022-11-16
NCT100004088,Interventional,Phase 1,Completed,9,2014-07-31,2015-11-18
NCT100004089,Interventional,Phase 1,Completed,50,2024-09-04,2025-12-31
NCT100004090,Interventional,Phase 1,Terminated,305,2019-04-12,2020-08-12
NCT100004091,Interventional,Phase 4,Completed,127,2023-03-22,2025-12-31
NCT100004092,Interventional,Phase 3,"Active, not recruiting",92,2017-06-14,
NCT100004093,Interventional,Phase 1,Completed,196,2015-07-21,2017-02-08
NCT100004094,Interventional,Phase 2,Completed,384,2016-12-13,2019-01-14
NCT100004095,Interventional,Phase 3,Completed,767,2012-11-04,2015-06-17
NCT100004096,Interventional,Phase 2,Completed,99,2022-04-22,2023-09-21
NCT100004097,Interventional,Phase 2,Completed,60,2025-05-26,2025-12-31
NCT100004098,Interventional,Phase 3,Terminated,206,2021-10-15,2023-11-12
NCT100004099,Interventional,Phase 1,Unknown status,69,2017-12-03,
NCT100004100,Interventional,Phase 3,Unknown status,552,2015-01-23,
NCT100004101,Interventional,Phase 2,Completed,374,2017-06-05,2019-12-24
NCT100004102,Interventional,Phase 1,"Active, not recruiting",78,2021-08-08,
NCT100004103,Interventional,Phase 2,Recruiting,439,2011-02-13,
NCT100004104,Interventional,Phase 1,Recruiting,358,2018-06-15,
NCT100004105,Interventional,Phase 1,Recruiting,107,2018-06-02,
NCT100004106,Interventional,Phase 3,Completed,149,2024-12-31,2025-12-31
NCT100004107,Interventional,Phase 1,Unknown status,75,2022-11-25,
NCT100004108,Interventional,Phase 2,Completed,66,2024-11-15,2025-12-31
NCT100004109,Interventional,Phase 3,Completed,101,2024-08-04,2025-12-31
NCT100004110,Interventional,Phase 3,Completed,281,2022-07-13,2025-02-28
NCT100004111,Interventional,Phase 3,Completed,43,2025-07-13,2025-12-31
NCT100004112,Interventional,Phase 3,Completed,40,2017-01-17,2021-06-06
NCT100004113,Interventional,Phase 2,Completed,66,2021-04-02,2023-01-16
NCT100004114,Interventional,Phase 1,Completed,21,2016-12-31,2019-04-19
NCT100004115,Interventional,Phase 3,Completed,13,2015-12-25,2018-09-21
NCT100004116,Interventional,Phase 2,Completed,169,2023-12-22,2025-12-31
NCT100004117,Interventional,Phase 2,Withdrawn,2632,2021-10-30,2022-09-19
NCT100004118,Interventional,Phase 2,Completed,131,2018-08-05,2020-08-28
NCT100004119,Interventional,Phase 2,Withdrawn,71,2019-07-13,2020-11-03
NCT100004120,Interventional,Phase 3,Withdrawn,173,2020-09-21,2021-08-28
NCT100004121,Interventional,Phase 3,Completed,13,2024-08-22,2025-12-31
NCT100004122,Interventional,Phase 1,Recruiting,370,2022-02-26,
NCT100004123,Interventional,Phase 3,Completed,43,2022-02-02,2025-12-27
NCT100004124,Interventional,Phase 4,Completed,209,2023-09-18,2025-07-05
NCT100004125,Interventional,Phase 1,Completed,83,2019-04-16,2020-11-11
NCT100004126,Interventional,Phase 2,"Active, not recruiting",79,2023-07-25,
NCT100004127,Interventional,Phase 4,Completed,57,2020-03-28,2023-12-24
NCT100004128,Interventional,Phase 1,Completed,27,2019-03-25,2022-10-10
NCT100004129,Interventional,Phase 2,Completed,19,2018-04-23,2019-12-10
NCT100004130,Interventional,Phase 2,Completed,63,2024-10-24,2026-09-13
NCT100004131,Interventional,Phase 1,Recruiting,20,2022-01-25,
NCT100004132,Interventional,Phase 3,Completed,152,2011-11-17,2014-09-01
NCT100004133,Interventional,Phase 2,Completed,101,2024-07-03,2025-12-31
NCT100004134,Interventional,Phase 1,Recruiting,293,2025-01-16,
NCT100004135,Interventional,Phase 2,Completed,179,2019-01-30,2021-04-03
NCT100004136,Interventional,Phase 2,Completed,24,2022-05-12,2025-04-22
NCT100004137,Interventional,Phase 3,Completed,33,2022-11-28,2025-02-07
NCT100004138,Interventional,Phase 3,Completed,103,2015-11-11,2018-05-27
NCT100004139,Interventional,Phase 3,Withdrawn,70,2022-01-08,2023-05-03
NCT100004140,Interventional,Phase 3,Completed,131,2023-10-11,2026-01-24
NCT100004141,Interventional,Phase 3,Completed,316,2011-03-20,2013-12-28
NCT100004142,Interventional,Phase 1,Completed,174,2024-10-24,2026-09-10
NCT100004143,Interventional,Phase 2,Completed,40,2013-12-15,2017-05-13
NCT100004144,Interventional,Phase 1,Completed,75,2020-07-10,2022-02-02
NCT100004145,Interventional,Phase 4,Completed,325,2023-04-17,2026-03-24
NCT100004146,Interventional,Phase 1,Terminated,108,2019-10-04,2020-07-20
NCT100004147,Interventional,Phase 2,Completed,481,2022-01-30,2026-04-01
NCT100004148,Interventional,Phase 2,"Active, not recruiting",187,2024-08-14,
NCT100004149,Interventional,Phase 2,Completed,1771,2011-01-14,2012-09-15
NCT100004150,Interventional,Phase 1,"Active, not recruiting",542,2019-02-10,
NCT100004151,Interventional,Phase 4,Completed,48,2014-01-14,2015-10-30
NCT100004152,Interventional,Phase 3,Recruiting,455,2023-06-26,
NCT100004153,Interventional,Phase 1,Recruiting,103,2020-06-18,
NCT100004154,Interventional,Phase 2,Completed,43,2024-09-15,2026-11-09
NCT100004155,Interventional,Phase 1,Completed,141,2017-01-19,2020-01-01
NCT100004156,Interventional,Phase 3,Withdrawn,536,2020-07-19,2022-01-05
NCT100004157,Interventional,Phase 1,Unknown status,50,2022-03-03,
NCT100004158,Interventional,Phase 1,Completed,219,2013-05-08,2014-10-02
NCT100004159,Interventional,Phase 2,Completed,79,2016-08-01,2018-08-10
NCT100004160,Interventional,Phase 2,Completed,30,2024-02-14,2026-06-27
NCT100004161,Interventional,Phase 3,Completed,676,2016-06-21,2019-05-02
NCT100004162,Interventional,Phase 3,Completed,61,2020-11-07,2023-03-08
NCT100004163,Interventional,Phase 3,Unknown status,73,2018-01-27,
NCT100004164,Interventional,Phase 2,Completed,162,2025-10-24,2025-12-31
NCT100004165,Interventional,Phase 1,Completed,63,2013-09-03,2015-02-17
NCT100004166,Interventional,Phase 1,Completed,5,2012-04-04,2013-09-23
NCT100004167,Interventional,Phase 3,Withdrawn,34,2018-12-12,2020-02-21
NCT100004168,Interventional,Phase 2,"Active, not recruiting",269,2016-01-17,
NCT100004169,Interventional,Phase 4,Completed,5,2020-07-15,2022-08-04
NCT100004170,Interventional,Phase 4,Completed,17,2013-12-02,2018-10-22
NCT100004171,Interventional,Phase 3,Completed,14,2011-07-06,2013-05-18
NCT100004172,Interventional,Phase 2,Unknown status,397,2023-06-09,
NCT100004173,Interventional,Phase 1,"Active, not recruiting",15,2017-05-31,
NCT100004174,Interventional,Phase 1,"Active, not recruiting",161,2015-07-14,
NCT100004175,Interventional,Phase 3,Completed,123,2016-10-17,2019-03-19
NCT100004176,Interventional,Phase 2,Completed,255,2024-04-16,2025-12-31
NCT100004177,Interventional,Phase 2,Terminated,75,2022-04-06,2022-12-03
NCT100004178,Interventional,Phase 1,Unknown status,55,2022-08-23,
NCT100004179,Interventional,Phase 3,Completed,92,2025-06-17,2025-12-31
NCT100004180,Interventional,Phase 1,Unknown status,271,2013-04-02,
NCT100004181,Interventional,Phase 3,Completed,79,2019-08-01,2021-10-05
NCT100004182,Interventional,Phase 1,Completed,99,2024-10-05,2025-12-31
NCT100004183,Interventional,Phase 3,Recruiting,24,2016-02-20,
NCT100004184,Interventional,Phase 2,Completed,216,2012-11-02,2014-06-01
NCT100004185,Interventional,Phase 3,Completed,60,2020-03-26,2021-11-23
NCT100004186,Interventional,Phase 4,"Active, not recruiting",6,2017-05-06,
NCT100004187,Interventional,Phase 1,Recruiting,124,2012-07-05,
NCT100004188,Interventional,Phase 3,"Active, not recruiting",22,2020-08-14,
NCT100004189,Interventional,Phase 4,Withdrawn,16,2017-02-09,2018-04-07
NCT100004190,Interventional,Phase 1,Completed,134,2017-04-27,2019-03-25
NCT100004191,Interventional,Phase 1,Recruiting,137,2014-04-17,
NCT100004192,Interventional,Phase 2,Completed,49,2012-12-25,2014-08-09
NCT100004193,Interventional,Phase 2,Recruiting,100,2015-03-15,
NCT100004194,Interventional,Phase 3,"Active, not recruiting",202,2022-01-27,
NCT100004195,Interventional,Phase 3,Completed,137,2024-03-23,2026-10-05
NCT100004196,Interventional,Phase 2,"Active, not recruiting",17,2021-06-15,
NCT100004197,Interventional,Phase 2,"Active, not recruiting",353,2011-01-08,
NCT100004198,Interventional,Phase 2,Completed,58,2022-07-25,2023-11-25
NCT100004199,Interventional,Phase 3,Completed,128,2022-02-11,2024-03-24
NCT100004200,Interventional,Phase 3,Recruiting,61,2019-06-30,
NCT100004201,Interventional,Phase 2,Completed,9,2025-02-16,2026-05-02
NCT100004202,Interventional,Phase 4,Completed,66,2012-11-15,2016-02-06
NCT100004203,Interventional,Phase 1,Terminated,180,2021-05-05,2022-02-26
NCT100004204,Interventional,Phase 1,Recruiting,55,2022-08-09,
NCT100004205,Interventional,Phase 2,Recruiting,779,2021-06-22,
NCT100004206,Interventional,Phase 2,Completed,7,2021-08-13,2023-07-28
NCT100004207,Interventional,Phase 2,Completed,12,2013-07-18,2014-11-13
NCT100004208,Interventional,Phase 4,Completed,16,2021-04-11,2022-12-12
NCT100004209,Interventional,Phase 4,Terminated,73,2024-09-01,2025-04-14
NCT100004210,Interventional,Phase 3,Completed,89,2014-04-03,2016-07-09
NCT100004211,Interventional,Phase 2,Recruiting,177,2016-06-28,
NCT100004212,Interventional,Phase 2,Completed,26,2020-02-25,2022-06-11
NCT100004213,Interventional,Phase 2,Completed,80,2020-12-16,2022-10-29
NCT100004214,Interventional,Phase 3,Completed,111,2025-01-14,2025-12-31
NCT100004215,Interventional,Phase 3,Recruiting,34,2011-06-26,
NCT100004216,Interventional,Phase 2,Withdrawn,168,2022-12-15,2024-02-14
NCT100004217,Interventional,Phase 1,Recruiting,43,2018-01-17,
NCT100004218,Interventional,Phase 1,Unknown status,520,2021-02-13,
NCT100004219,Interventional,Phase 4,Completed,91,2015-02-09,2016-11-11
NCT100004220,Interventional,Phase 1,Terminated,42,2023-03-27,2024-06-03
NCT100004221,Interventional,Phase 2,Completed,75,2021-07-29,2023-12-03
NCT100004222,Interventional,Phase 1,Terminated,5,2020-08-14,2021-07-20
NCT100004223,Interventional,Phase 4,"Active, not recruiting",5,2024-12-02,
NCT100004224,Interventional,Phase 3,Unknown status,848,2024-05-24,
NCT100004225,Interventional,Phase 2,Terminated,47,2021-01-26,2022-05-20
NCT100004226,Interventional,Phase 1,Completed,261,2024-11-09,2025-12-31
NCT100004227,Interventional,Phase 1,Unknown status,37,2020-07-01,
NCT100004228,Interventional,Phase 2,Completed,61,2020-02-11,2023-06-24
NCT100004229,Interventional,Phase 1,Terminated,98,2015-09-18,2016-03-17
NCT100004230,Interventional,Phase 2,Completed,93,2025-06-18,2025-12-31
NCT100004231,Interventional,Phase 3,Unknown status,163,2014-04-08,
NCT100004232,Interventional,Phase 2,Completed,14,2014-03-05,2016-08-20
NCT100004233,Interventional,Phase 1,Terminated,399,2024-09-09,2025-11-26
NCT100004234,Interventional,Phase 3,"Active, not recruiting",69,2025-04-18,
NCT100004235,Interventional,Phase 3,Completed,262,2022-11-15,2026-03-24
NCT100004236,Interventional,Phase 1,Unknown status,152,2011-12-22,
NCT100004237,Interventional,Phase 3,Withdrawn,143,2018-07-15,2019-10-31
NCT100004238,Interventional,Phase 1,Recruiting,23,2015-05-30,
NCT100004239,Interventional,Phase 2,Terminated,22,2017-05-07,2017-10-27
NCT100004240,Interventional,Phase 4,Completed,10,2011-06-22,2013-08-21
NCT100004241,Interventional,Phase 4,Completed,14,2018-10-01,2020-04-22
NCT100004242,Interventional,Phase 4,Completed,68,2021-12-09,2024-01-18
NCT100004243,Interventional,Phase 2,Completed,402,2015-01-14,2016-05-30
NCT100004244,Interventional,Phase 2,Completed,447,2014-08-13,2015-11-03
NCT100004245,Interventional,Phase 3,Completed,397,2020-09-22,2024-03-07
NCT100004246,Interventional,Phase 1,Unknown status,34,2022-08-29,
NCT100004247,Interventional,Phase 2,Recruiting,55,2018-01-23,
NCT100004248,Interventional,Phase 2,Completed,166,2022-10-29,2024-07-08
NCT100004249,Interventional,Phase 3,Completed,43,2020-08-31,2022-11-01
NCT100004250,Interventional,Phase 2,Completed,34,2022-08-11,2024-09-26
NCT100004251,Interventional,Phase 1,Recruiting,147,2013-12-22,
NCT100004252,Interventional,Phase 2,Completed,11,2018-11-04,2022-11-13
NCT100004253,Interventional,Phase 2,Completed,13,2019-05-22,2021-10-24
NCT100004254,Interventional,Phase 4,Completed,52,2014-06-11,2018-05-03
NCT100004255,Interventional,Phase 4,Recruiting,333,2011-03-05,
NCT100004256,Interventional,Phase 3,Unknown status,76,2016-02-19,
NCT100004257,Interventional,Phase 2,Recruiting,47,2023-04-05,
NCT100004258,Interventional,Phase 2,Terminated,16,2016-05-22,2017-07-22
NCT100004259,Interventional,Phase 1,Terminated,38,2020-02-29,2020-07-24
NCT100004260,Interventional,Phase 2,Completed,165,2025-10-16,2025-12-31
NCT100004261,Interventional,Phase 1,Recruiting,20,2021-09-08,
NCT100004262,Interventional,Phase 3,Completed,124,2014-03-09,2016-03-12
NCT100004263,Interventional,Phase 3,Completed,36,2013-06-09,2018-01-15
NCT100004264,Interventional,Phase 1,Unknown status,50,2015-10-04,
NCT100004265,Interventional,Phase 2,Withdrawn,20,2020-08-20,2021-09-15
NCT100004266,Interventional,Phase 2,Terminated,20,2013-03-05,2013-11-15
NCT100004267,Interventional,Phase 3,Recruiting,91,2024-05-25,
NCT100004268,Interventional,Phase 2,Terminated,616,2019-12-22,2021-04-03
NCT100004269,Interventional,Phase 1,"Active, not recruiting",29,2012-03-24,
NCT100004270,Interventional,Phase 3,Completed,250,2025-11-25,2025-12-31
NCT100004271,Interventional,Phase 2,Withdrawn,21,2020-09-08,2021-09-25
NCT100004272,Interventional,Phase 3,Completed,578,2011-03-26,2013-08-22
NCT100004273,Interventional,Phase 2,Terminated,1980,2012-09-14,2013-06-15
NCT100004274,Interventional,Phase 2,Terminated,50,2019-02-01,2020-05-20
NCT100004275,Interventional,Phase 1,Recruiting,22,2019-08-26,
NCT100004276,Interventional,Phase 2,Completed,78,2012-11-30,2016-06-16
NCT100004277,Interventional,Phase 3,Terminated,116,2016-11-28,2017-06-06
NCT100004278,Interventional,Phase 1,Completed,324,2022-06-26,2024-09-21
NCT100004279,Interventional,Phase 1,Completed,51,2021-11-21,2023-11-17
NCT100004280,Interventional,Phase 3,Recruiting,523,2013-09-20,
NCT100004281,Interventional,Phase 2,"Active, not recruiting",81,2017-12-04,
NCT100004282,Interventional,Phase 1,Unknown status,62,2025-07-27,
NCT100004283,Interventional,Phase 3,Completed,82,2019-10-30,2023-01-05
NCT100004284,Interventional,Phase 2,Terminated,230,2015-12-31,2017-01-25
NCT100004285,Interventional,Phase 4,Completed,832,2013-09-09,2017-01-05
NCT100004286,Interventional,Phase 2,Completed,47,2020-11-19,2022-10-30
NCT100004287,Interventional,Phase 2,Unknown status,107,2011-07-06,
NCT100004288,Interventional,Phase 3,Completed,25,2024-03-02,2025-10-26
NCT100004289,Interventional,Phase 3,Withdrawn,34,2013-06-15,2014-09-05
NCT100004290,Interventional,Phase 4,Completed,5,2025-03-28,2025-12-31
NCT100004291,Interventional,Phase 2,Completed,13,2013-01-21,2014-11-01
NCT100004292,Interventional,Phase 2,Recruiting,81,2022-03-12,
NCT100004293,Interventional,Phase 3,Unknown status,19,2016-03-24,
NCT100004294,Interventional,Phase 1,Unknown status,45,2020-04-01,
NCT100004295,Interventional,Phase 1,Completed,27,2022-08-06,2023-12-25
NCT100004296,Interventional,Phase 3,Completed,14,2016-05-16,2018-04-18
NCT100004297,Interventional,Phase 2,Completed,110,2013-11-13,2017-07-01
NCT100004298,Interventional,Phase 1,Completed,141,2024-11-28,2026-11-15
NCT100004299,Interventional,Phase 3,Completed,129,2011-06-30,2014-01-07
NCT100004300,Interventional,Phase 2,Completed,965,2019-05-30,2022-09-28
NCT100004301,Interventional,Phase 2,Withdrawn,153,2012-02-22,2012-09-17
NCT100004302,Interventional,Phase 3,Completed,26,2015-02-28,2017-06-27
NCT100004303,Interventional,Phase 1,Unknown status,151,2023-06-21,
NCT100004304,Interventional,Phase 2,"Active, not recruiting",56,2022-06-30,
NCT100004305,Interventional,Phase 2,Unknown status,5,2019-05-08,
NCT100004306,Interventional,Phase 4,Recruiting,21,2019-08-29,
NCT100004307,Interventional,Phase 1,Recruiting,125,2012-09-06,
NCT100004308,Interventional,Phase 3,Recruiting,77,2023-12-15,
NCT100004309,Interventional,Phase 3,Completed,20,2018-06-22,2020-11-15
NCT100004310,Interventional,Phase 4,Completed,316,2024-04-26,2026-09-25
NCT100004311,Interventional,Phase 4,Completed,31,2018-04-01,2021-07-20
NCT100004312,Interventional,Phase 3,Completed,159,2011-11-14,2013-11-20
NCT100004313,Interventional,Phase 1,Withdrawn,456,2020-02-05,2020-11-08
NCT100004314,Interventional,Phase 1,Recruiting,64,2019-08-27,
NCT100004315,Interventional,Phase 2,Recruiting,82,2024-11-22,
NCT100004316,Interventional,Phase 1,Completed,80,2024-01-24,2025-07-07
NCT100004317,Interventional,Phase 4,Completed,21,2022-05-18,2024-11-25
NCT100004318,Interventional,Phase 3,Completed,26,2011-09-02,2014-03-15
NCT100004319,Interventional,Phase 1,"Active, not recruiting",67,2018-03-14,
NCT100004320,Interventional,Phase 3,Completed,128,2023-09-21,2025-12-31
NCT100004321,Interventional,Phase 4,Unknown status,250,2017-05-14,
NCT100004322,Interventional,Phase 2,Completed,106,2024-02-04,2026-02-13
NCT100004323,Interventional,Phase 3,Completed,423,2019-11-23,2022-01-01
NCT100004324,Interventional,Phase 2,Completed,154,2011-12-24,2013-08-27
NCT100004325,Interventional,Phase 1,Completed,27,2011-07-27,2015-02-23
NCT100004326,Interventional,Phase 3,Completed,129,2014-09-14,2016-02-29
NCT100004327,Interventional,Phase 2,Terminated,31,2021-04-11,2021-11-08
NCT100004328,Interventional,Phase 4,Completed,31,2020-03-21,2021-10-25
NCT100004329,Interventional,Phase 1,Recruiting,29,2014-07-26,
NCT100004330,Interventional,Phase 3,Recruiting,97,2015-08-18,
NCT100004331,Interventional,Phase 2,Recruiting,91,2013-04-10,
NCT100004332,Interventional,Phase 3,Completed,50,2017-08-05,2019-08-09
NCT100004333,Interventional,Phase 2,Unknown status,22,2019-04-15,
NCT100004334,Interventional,Phase 3,Completed,218,2024-01-13,2025-12-14
NCT100004335,Interventional,Phase 3,Completed,1073,2024-11-04,2026-09-19
NCT100004336,Interventional,Phase 3,Recruiting,79,2011-02-27,
NCT100004337,Interventional,Phase 4,Terminated,339,2012-04-10,2013-05-31
NCT100004338,Interventional,Phase 4,"Active, not recruiting",251,2019-06-06,
NCT100004339,Interventional,Phase 3,Completed,416,2023-10-08,2025-12-31
NCT100004340,Interventional,Phase 2,Completed,238,2013-07-28,2016-05-31
NCT100004341,Interventional,Phase 4,Completed,16,2011-12-02,2014-09-14
NCT100004342,Interventional,Phase 1,Recruiting,41,2023-06-23,
NCT100004343,Interventional,Phase 2,Completed,17,2012-05-11,2015-04-12
NCT100004344,Interventional,Phase 2,Recruiting,847,2020-10-12,
NCT100004345,Interventional,Phase 4,Completed,83,2017-04-20,2019-09-17
NCT100004346,Interventional,Phase 4,Completed,96,2020-03-15,2022-02-28
NCT100004347,Interventional,Phase 2,Completed,14,2022-08-22,2024-06-01
NCT100004348,Interventional,Phase 2,Completed,59,2018-02-03,2020-04-17
NCT100004349,Interventional,Phase 1,Withdrawn,176,2012-07-29,2013-02-02
NCT100004350,Interventional,Phase 2,Completed,102,2017-11-12,2020-06-14
NCT100004351,Interventional,Phase 2,Recruiting,697,2023-06-16,
NCT100004352,Interventional,Phase 2,Completed,45,2024-07-12,2026-09-01
NCT100004353,Interventional,Phase 3,"Active, not recruiting",189,2022-09-10,
NCT100004354,Interventional,Phase 3,Completed,191,2019-06-28,2022-04-12
NCT100004355,Interventional,Phase 2,Terminated,28,2022-12-13,2023-10-07
NCT100004356,Interventional,Phase 4,"Active, not recruiting",155,2023-03-09,
NCT100004357,Interventional,Phase 1,Completed,18,2022-05-17,2024-08-18
NCT100004358,Interventional,Phase 2,Completed,7,2021-11-23,2024-06-13
NCT100004359,Interventional,Phase 2,"Active, not recruiting",193,2024-02-25,
NCT100004360,Interventional,Phase 4,"Active, not recruiting",83,2014-07-11,
NCT100004361,Interventional,Phase 2,Completed,42,2011-10-30,2014-04-09
NCT100004362,Interventional,Phase 3,Completed,48,2022-08-05,2024-11-24
NCT100004363,Interventional,Phase 2,Recruiting,16,2022-02-15,
NCT100004364,Interventional,Phase 1,"Active, not recruiting",54,2017-06-25,
NCT100004365,Interventional,Phase 4,Completed,295,2012-05-01,2014-01-02
NCT100004366,Interventional,Phase 4,Completed,63,2020-01-28,2021-11-08
NCT100004367,Interventional,Phase 3,Recruiting,278,2020-08-17,
NCT100004368,Interventional,Phase 3,Completed,1046,2023-05-18,2024-11-21
NCT100004369,Interventional,Phase 3,Terminated,98,2023-09-20,2024-11-19
NCT100004370,Interventional,Phase 2,Withdrawn,127,2016-03-14,2016-10-11
NCT100004371,Interventional,Phase 2,Completed,465,2023-11-08,2025-12-31
NCT100004372,Interventional,Phase 2,Recruiting,691,2023-02-06,
NCT100004373,Interventional,Phase 3,Completed,132,2013-07-28,2015-11-22
NCT100004374,Interventional,Phase 2,Completed,119,2017-08-16,2020-04-15
NCT100004375,Interventional,Phase 1,Completed,20,2022-10-16,2024-09-26
NCT100004376,Interventional,Phase 2,Completed,39,2023-12-18,2025-02-28
NCT100004377,Interventional,Phase 3,Completed,46,2024-07-08,2026-09-20
NCT100004378,Interventional,Phase 2,Completed,58,2021-08-12,2022-12-09
NCT100004379,Interventional,Phase 2,Unknown status,107,2019-10-25,
NCT100004380,Interventional,Phase 4,Completed,15,2018-02-08,2019-11-14
NCT100004381,Interventional,Phase 1,"Active, not recruiting",13,2011-02-17,
NCT100004382,Interventional,Phase 1,Terminated,65,2011-11-01,2012-06-22
NCT100004383,Interventional,Phase 1,Withdrawn,314,2023-05-02,2024-03-31
NCT100004384,Interventional,Phase 2,Withdrawn,131,2024-05-12,2025-01-29
NCT100004385,Interventional,Phase 1,Terminated,319,2025-09-12,2026-02-19
NCT100004386,Interventional,Phase 3,Terminated,573,2019-06-19,2021-07-29
NCT100004387,Interventional,Phase 2,Unknown status,96,2023-04-12,
NCT100004388,Interventional,Phase 1,Terminated,146,2012-09-15,2013-02-19
NCT100004389,Interventional,Phase 2,Recruiting,87,2013-08-24,
NCT100004390,Interventional,Phase 1,Completed,14,2020-09-07,2023-05-04
NCT100004391,Interventional,Phase 1,Recruiting,36,2017-10-20,
NCT100004392,Interventional,Phase 1,Completed,47,2024-04-27,2026-05-31
NCT100004393,Interventional,Phase 4,Recruiting,91,2021-09-24,
NCT100004394,Interventional,Phase 1,Completed,5,2012-05-09,2015-05-05
NCT100004395,Interventional,Phase 3,Completed,160,2022-05-28,2025-08-20
NCT100004396,Interventional,Phase 4,Recruiting,55,2022-07-16,
NCT100004397,Interventional,Phase 2,Completed,313,2018-12-02,2021-02-05
NCT100004398,Interventional,Phase 2,Completed,87,2022-12-06,2025-12-31
NCT100004399,Interventional,Phase 3,Unknown status,20,2020-02-10,
NCT100004400,Interventional,Phase 2,Completed,81,2014-04-18,2016-05-21
NCT100004401,Interventional,Phase 3,Completed,13,2011-05-15,2014-03-10
NCT100004402,Interventional,Phase 2,Recruiting,169,2014-07-27,
NCT100004403,Interventional,Phase 3,Terminated,15,2023-09-29,2024-11-05
NCT100004404,Interventional,Phase 2,Completed,28,2018-12-15,2020-08-21
NCT100004405,Interventional,Phase 2,Unknown status,63,2017-04-11,
NCT100004406,Interventional,Phase 2,"Active, not recruiting",78,2019-07-13,
NCT100004407,Interventional,Phase 1,Unknown status,8,2022-12-25,
NCT100004408,Interventional,Phase 4,Completed,132,2019-07-01,2022-02-05
NCT100004409,Interventional,Phase 2,"Active, not recruiting",48,2017-04-24,
NCT100004410,Interventional,Phase 1,Terminated,100,2011-11-17,2012-09-08
NCT100004411,Interventional,Phase 4,Recruiting,14,2019-06-19,
NCT100004412,Interventional,Phase 2,Completed,65,2014-09-30,2016-09-23
NCT100004413,Interventional,Phase 1,Completed,180,2025-03-03,2025-12-31
NCT100004414,Interventional,Phase 2,Terminated,17,2012-08-06,2013-04-03
NCT100004415,Interventional,Phase 2,Completed,183,2025-03-14,2025-12-31
NCT100004416,Interventional,Phase 4,Completed,399,2014-03-20,2016-05-21
NCT100004417,Interventional,Phase 4,Completed,84,2016-04-21,2018-07-17
NCT100004418,Interventional,Phase 1,Completed,24,2014-09-30,2015-09-19
NCT100004419,Interventional,Phase 1,Recruiting,14,2013-12-06,
NCT100004420,Interventional,Phase 3,Completed,8,2020-10-03,2023-12-08
NCT100004421,Interventional,Phase 4,Completed,50,2021-01-25,2022-09-12
NCT100004422,Interventional,Phase 4,Completed,121,2024-05-25,2025-12-31
NCT100004423,Interventional,Phase 4,Completed,180,2014-05-14,2017-04-08
NCT100004424,Interventional,Phase 4,Completed,382,2020-01-02,2023-05-09
NCT100004425,Interventional,Phase 2,Recruiting,19,2023-04-16,
NCT100004426,Interventional,Phase 4,Completed,483,2013-08-23,2015-07-05
NCT100004427,Interventional,Phase 2,Recruiting,28,2015-07-17,
NCT100004428,Interventional,Phase 2,Terminated,20,2022-04-09,2023-09-26
NCT100004429,Interventional,Phase 3,Completed,23,2019-11-06,2023-11-13
NCT100004430,Interventional,Phase 4,Completed,310,2022-09-15,2024-10-04
NCT100004431,Interventional,Phase 2,Completed,31,2023-11-22,2026-02-22
NCT100004432,Interventional,Phase 2,Recruiting,959,2014-08-03,
NCT100004433,Interventional,Phase 3,Unknown status,65,2021-02-15,
NCT100004434,Interventional,Phase 1,"Active, not recruiting",66,2017-10-10,
NCT100004435,Interventional,Phase 3,Completed,89,2022-08-08,2025-02-02
NCT100004436,Interventional,Phase 1,Completed,131,2020-09-13,2022-10-13
NCT100004437,Interventional,Phase 2,Unknown status,285,2015-09-22,
NCT100004438,Interventional,Phase 3,Completed,95,2022-03-05,2024-07-24
NCT100004439,Interventional,Phase 1,Recruiting,93,2024-04-07,
NCT100004440,Interventional,Phase 2,Terminated,27,2018-08-04,2019-11-10
NCT100004441,Interventional,Phase 1,Terminated,25,2020-05-05,2021-06-21
NCT100004442,Interventional,Phase 1,Recruiting,8,2023-01-05,
NCT100004443,Interventional,Phase 1,"Active, not recruiting",82,2025-05-19,
NCT100004444,Interventional,Phase 2,Recruiting,37,2025-06-11,
NCT100004445,Interventional,Phase 3,"Active, not recruiting",208,2015-06-01,
NCT100004446,Interventional,Phase 1,Completed,84,2012-10-20,2014-08-19
NCT100004447,Interventional,Phase 4,Recruiting,231,2014-08-10,
NCT100004448,Interventional,Phase 4,Completed,10,2012-01-24,2015-04-25
NCT100004449,Interventional,Phase 2,Completed,30,2013-07-18,2016-02-02
NCT100004450,Interventional,Phase 1,Completed,30,2014-11-30,2016-11-02
NCT100004451,Interventional,Phase 1,Recruiting,80,2012-08-25,
NCT100004452,Interventional,Phase 1,Terminated,27,2012-07-18,2013-05-11
NCT100004453,Interventional,Phase 2,Completed,219,2021-03-06,2023-05-14
NCT100004454,Interventional,Phase 1,Unknown status,672,2022-11-29,
NCT100004455,Interventional,Phase 3,Completed,38,2025-08-24,2025-12-31
NCT100004456,Interventional,Phase 2,"Active, not recruiting",273,2023-03-23,
NCT100004457,Interventional,Phase 4,"Active, not recruiting",131,2013-06-23,
NCT100004458,Interventional,Phase 2,Completed,53,2013-05-02,2015-10-22
NCT100004459,Interventional,Phase 3,Unknown status,636,2012-05-18,
NCT100004460,Interventional,Phase 3,Completed,135,2018-09-05,2022-03-29
NCT100004461,Interventional,Phase 3,Completed,6,2013-12-10,2016-03-22
NCT100004462,Interventional,Phase 1,Unknown status,50,2014-01-05,
NCT100004463,Interventional,Phase 4,Terminated,586,2014-09-13,2015-05-11
NCT100004464,Interventional,Phase 1,Terminated,46,2023-07-13,2024-04-01
NCT100004465,Interventional,Phase 1,Completed,5,2023-12-30,2025-03-16
NCT100004466,Interventional,Phase 2,Completed,77,2019-02-22,2020-09-28
NCT100004467,Interventional,Phase 3,Completed,24,2021-11-15,2024-01-02
NCT100004468,Interventional,Phase 1,Recruiting,15,2024-11-19,
NCT100004469,Interventional,Phase 1,Terminated,48,2015-02-17,2016-05-04
NCT100004470,Interventional,Phase 4,Completed,23,2023-08-23,2025-12-10
NCT100004471,Interventional,Phase 2,Completed,50,2014-06-23,2018-06-04
NCT100004472,Interventional,Phase 1,Recruiting,10,2024-06-29,
NCT100004473,Interventional,Phase 1,Completed,36,2014-02-19,2015-12-02
NCT100004474,Interventional,Phase 2,Withdrawn,13,2018-10-04,2019-06-05
NCT100004475,Interventional,Phase 2,Completed,59,2017-12-01,2020-05-24
NCT100004476,Interventional,Phase 1,Completed,7,2024-05-30,2025-12-31
NCT100004477,Interventional,Phase 3,"Active, not recruiting",222,2011-01-30,
NCT100004478,Interventional,Phase 3,Completed,25,2021-01-14,2024-10-21
NCT100004479,Interventional,Phase 1,"Active, not recruiting",78,2021-01-13,
NCT100004480,Interventional,Phase 1,Completed,82,2021-03-29,2023-10-24
NCT100004481,Interventional,Phase 4,Completed,145,2015-06-17,2017-10-15
NCT100004482,Interventional,Phase 2,Completed,24,2025-02-13,2025-12-31
NCT100004483,Interventional,Phase 1,Completed,149,2025-04-19,2025-12-31
NCT100004484,Interventional,Phase 2,Completed,98,2024-06-24,2025-12-07
NCT100004485,Interventional,Phase 2,Unknown status,217,2014-05-08,
NCT100004486,Interventional,Phase 2,Completed,7,2020-03-25,2023-12-22
NCT100004487,Interventional,Phase 1,Unknown status,102,2023-10-22,
NCT100004488,Interventional,Phase 2,Completed,114,2014-03-24,2015-09-12
NCT100004489,Interventional,Phase 3,Recruiting,45,2025-05-31,
NCT100004490,Interventional,Phase 3,Completed,50,2015-05-23,2017-06-30
NCT100004491,Interventional,Phase 3,Recruiting,113,2019-05-12,
NCT100004492,Interventional,Phase 2,Completed,36,2014-08-12,2015-11-07
NCT100004493,Interventional,Phase 2,Completed,23,2025-03-11,2025-12-31
NCT100004494,Interventional,Phase 2,Completed,104,2014-08-23,2017-08-16
NCT100004495,Interventional,Phase 3,Completed,56,2015-12-16,2018-10-08
NCT100004496,Interventional,Phase 2,Completed,112,2019-02-21,2021-07-07
NCT100004497,Interventional,Phase 3,Completed,18,2024-03-15,2026-12-02
NCT100004498,Interventional,Phase 4,Recruiting,193,2022-11-13,
NCT100004499,Interventional,Phase 2,Completed,127,2024-12-08,2026-07-22
NCT100004500,Interventional,Phase 1,Completed,61,2016-03-31,2017-10-08
NCT100004501,Interventional,Phase 4,Completed,230,2015-09-11,2018-12-14
NCT100004502,Interventional,Phase 4,Completed,481,2024-08-05,2026-10-24
NCT100004503,Interventional,Phase 1,Completed,106,2024-11-07,2025-12-31
NCT100004504,Interventional,Phase 2,Recruiting,31,2024-04-18,
NCT100004505,Interventional,Phase 3,Completed,15,2014-02-23,2016-04-04
NCT100004506,Interventional,Phase 2,Unknown status,162,2016-05-13,
NCT100004507,Interventional,Phase 1,Completed,254,2021-02-08,2023-07-02
NCT100004508,Interventional,Phase 3,Completed,37,2023-04-14,2025-11-06
NCT100004509,Interventional,Phase 2,Completed,40,2012-12-01,2014-06-18
NCT100004510,Interventional,Phase 2,"Active, not recruiting",82,2020-10-30,
NCT100004511,Interventional,Phase 4,Completed,31,2018-11-13,2021-06-06
NCT100004512,Interventional,Phase 2,Completed,215,2012-08-28,2016-06-08
NCT100004513,Interventional,Phase 2,Unknown status,53,2019-10-19,
NCT100004514,Interventional,Phase 3,Completed,155,2012-07-05,2016-02-06
NCT100004515,Interventional,Phase 2,Recruiting,132,2016-04-12,
NCT100004516,Interventional,Phase 4,"Active, not recruiting",134,2021-08-11,
NCT100004517,Interventional,Phase 3,Completed,139,2024-06-06,2025-12-31
NCT100004518,Interventional,Phase 3,"Active, not recruiting",76,2021-10-08,
NCT100004519,Interventional,Phase 2,"Active, not recruiting",144,2016-04-10,
NCT100004520,Interventional,Phase 4,"Active, not recruiting",11,2019-11-25,
NCT100004521,Interventional,Phase 2,Recruiting,18,2017-04-01,
NCT100004522,Interventional,Phase 3,Completed,91,2013-08-24,2015-11-05
NCT100004523,Interventional,Phase 4,Recruiting,216,2012-08-21,
NCT100004524,Interventional,Phase 1,Terminated,308,2012-04-14,2013-12-08
NCT100004525,Interventional,Phase 4,Withdrawn,75,2013-06-11,2014-02-12
NCT100004526,Interventional,Phase 1,Completed,91,2014-06-12,2017-04-02
NCT100004527,Interventional,Phase 2,Unknown status,86,2017-05-20,
NCT100004528,Interventional,Phase 2,Recruiting,43,2020-07-07,
NCT100004529,Interventional,Phase 2,Completed,85,2017-08-07,2019-12-17
NCT100004530,Interventional,Phase 4,Completed,116,2025-04-20,2025-12-31
NCT100004531,Interventional,Phase 2,Completed,31,2022-08-19,2025-01-23
NCT100004532,Interventional,Phase 2,Recruiting,27,2019-10-31,
NCT100004533,Interventional,Phase 3,Completed,56,2016-07-10,2018-09-07
NCT100004534,Interventional,Phase 1,Recruiting,5,2023-01-14,
NCT100004535,Interventional,Phase 3,Recruiting,878,2019-04-21,
NCT100004536,Interventional,Phase 3,Completed,30,2022-03-20,2025-05-05
NCT100004537,Interventional,Phase 2,Completed,48,2019-12-27,2021-11-08
NCT100004538,Interventional,Phase 2,"Active, not recruiting",24,2024-01-01,
NCT100004539,Interventional,Phase 3,"Active, not recruiting",354,2011-11-02,
NCT100004540,Interventional,Phase 2,Recruiting,109,2011-11-29,
NCT100004541,Interventional,Phase 2,"Active, not recruiting",43,2020-03-08,
NCT100004542,Interventional,Phase 2,Terminated,582,2019-06-22,2021-02-16
NCT100004543,Interventional,Phase 3,Withdrawn,51,2016-06-13,2017-06-20
NCT100004544,Interventional,Phase 2,Completed,61,2015-02-17,2017-06-09
NCT100004545,Interventional,Phase 1,Completed,39,2025-11-12,2025-12-31
NCT100004546,Interventional,Phase 1,Recruiting,422,2012-02-24,
NCT100004547,Interventional,Phase 2,Completed,45,2021-05-31,2024-07-04
NCT100004548,Interventional,Phase 3,Completed,146,2012-07-06,2015-01-23
NCT100004549,Interventional,Phase 1,Unknown status,86,2018-12-29,
NCT100004550,Interventional,Phase 3,Recruiting,1479,2019-02-22,
NCT100004551,Interventional,Phase 2,Completed,34,2020-08-23,2022-07-15
NCT100004552,Interventional,Phase 1,"Active, not recruiting",85,2021-04-29,
NCT100004553,Interventional,Phase 2,Terminated,17,2015-03-05,2015-10-16
NCT100004554,Interventional,Phase 3,Completed,121,2019-05-09,2023-07-17
NCT100004555,Interventional,Phase 3,Recruiting,18,2014-04-04,
NCT100004556,Interventional,Phase 2,Recruiting,60,2013-03-27,
NCT100004557,Interventional,Phase 2,Recruiting,128,2018-08-28,
NCT100004558,Interventional,Phase 4,Recruiting,89,2020-02-28,
NCT100004559,Interventional,Phase 1,Terminated,230,2025-05-04,2026-11-04
NCT100004560,Interventional,Phase 3,Withdrawn,118,2024-05-11,2025-04-16
NCT100004561,Interventional,Phase 1,Completed,166,2011-07-28,2015-01-02
NCT100004562,Interventional,Phase 1,Terminated,38,2021-12-18,2022-11-14
NCT100004563,Interventional,Phase 3,Completed,102,2013-01-03,2015-07-15
NCT100004564,Interventional,Phase 3,"Active, not recruiting",366,2021-10-21,
NCT100004565,Interventional,Phase 1,Unknown status,73,2017-06-16,
NCT100004566,Interventional,Phase 3,Completed,28,2011-07-16,2013-02-25
NCT100004567,Interventional,Phase 1,Completed,48,2023-09-15,2025-10-14
NCT100004568,Interventional,Phase 2,Unknown status,55,2020-01-25,
NCT100004569,Interventional,Phase 2,Unknown status,48,2020-04-09,
NCT100004570,Interventional,Phase 3,Completed,12,2023-10-27,2026-11-08
NCT100004571,Interventional,Phase 2,Completed,144,2014-05-21,2017-02-16
NCT100004572,Interventional,Phase 3,Completed,26,2025-07-06,2025-12-31
NCT100004573,Interventional,Phase 3,Completed,60,2013-09-22,2017-04-17
NCT100004574,Interventional,Phase 1,Recruiting,246,2014-08-26,
NCT100004575,Interventional,Phase 2,Terminated,33,2023-04-28,2024-03-02
NCT100004576,Interventional,Phase 2,Completed,102,2013-07-13,2015-03-11
NCT100004577,Interventional,Phase 2,Completed,346,2022-03-15,2024-04-30
NCT100004578,Interventional,Phase 2,Completed,169,2011-06-05,2013-09-03
NCT100004579,Interventional,Phase 2,Completed,23,2025-03-14,2025-12-31
NCT100004580,Interventional,Phase 1,Recruiting,87,2012-04-15,
NCT100004581,Interventional,Phase 1,Terminated,38,2017-07-29,2018-06-09
NCT100004582,Interventional,Phase 4,Completed,97,2025-08-22,2025-12-31
NCT100004583,Interventional,Phase 2,Completed,110,2024-08-26,2026-08-28
NCT100004584,Interventional,Phase 2,Withdrawn,428,2020-06-14,2021-12-17
NCT100004585,Interventional,Phase 2,Completed,61,2015-08-15,2018-12-22
NCT100004586,Interventional,Phase 2,Completed,9,2017-06-18,2021-08-24
NCT100004587,Interventional,Phase 1,"Active, not recruiting",60,2012-07-01,
NCT100004588,Interventional,Phase 4,Unknown status,25,2018-04-01,
NCT100004589,Interventional,Phase 3,Completed,36,2023-11-27,2025-08-05
NCT100004590,Interventional,Phase 2,Completed,243,2025-03-14,2026-11-23
NCT100004591,Interventional,Phase 3,Completed,1406,2024-11-19,2025-12-31
NCT100004592,Interventional,Phase 1,Completed,47,2013-07-23,2015-02-28
NCT100004593,Interventional,Phase 4,Unknown status,47,2016-03-09,
NCT100004594,Interventional,Phase 2,Completed,12,2012-10-21,2015-11-09
NCT100004595,Interventional,Phase 1,Recruiting,292,2022-05-14,
NCT100004596,Interventional,Phase 3,Completed,186,2012-02-27,2014-03-22
NCT100004597,Interventional,Phase 1,Completed,68,2018-09-17,2021-06-29
NCT100004598,Interventional,Phase 2,Completed,139,2019-01-30,2021-03-20
NCT100004599,Interventional,Phase 3,Recruiting,177,2011-12-14,
NCT100004600,Interventional,Phase 3,"Active, not recruiting",42,2015-01-29,
NCT100004601,Interventional,Phase 2,Terminated,102,2025-11-25,2026-09-22
NCT100004602,Interventional,Phase 1,Completed,84,2015-05-09,2018-07-10
NCT100004603,Interventional,Phase 1,"Active, not recruiting",386,2021-10-18,
NCT100004604,Interventional,Phase 2,"Active, not recruiting",153,2011-01-16,
NCT100004605,Interventional,Phase 1,Unknown status,290,2012-10-11,
NCT100004606,Interventional,Phase 2,Completed,120,2023-09-13,2025-12-31
NCT100004607,Interventional,Phase 1,Completed,70,2016-12-03,2018-10-04
NCT100004608,Interventional,Phase 3,Completed,27,2014-03-25,2016-11-09
NCT100004609,Interventional,Phase 2,Terminated,183,2015-12-25,2016-08-09
NCT100004610,Interventional,Phase 1,Recruiting,22,2024-04-29,
NCT100004611,Interventional,Phase 3,Recruiting,67,2013-11-02,
NCT100004612,Interventional,Phase 3,Terminated,35,2021-04-20,2021-12-30
NCT100004613,Interventional,Phase 3,Completed,484,2024-09-16,2026-07-24
NCT100004614,Interventional,Phase 4,Completed,870,2025-10-26,2025-12-31
NCT100004615,Interventional,Phase 2,"Active, not recruiting",46,2011-04-30,
NCT100004616,Interventional,Phase 4,Completed,119,2013-12-22,2017-10-12
NCT100004617,Interventional,Phase 3,Completed,46,2025-08-05,2025-12-31
NCT100004618,Interventional,Phase 1,Completed,63,2017-04-13,2019-12-19
NCT100004619,Interventional,Phase 3,Completed,42,2015-10-14,2019-01-06
NCT100004620,Interventional,Phase 2,Completed,17,2020-03-26,2022-06-12
NCT100004621,Interventional,Phase 1,Unknown status,25,2012-08-28,
NCT100004622,Interventional,Phase 2,Completed,15,2016-01-23,2017-07-25
NCT100004623,Interventional,Phase 3,Completed,47,2022-01-05,2024-06-26
NCT100004624,Interventional,Phase 2,Completed,107,2021-06-05,2023-04-18
NCT100004625,Interventional,Phase 2,Withdrawn,25,2012-04-02,2013-12-17
NCT100004626,Interventional,Phase 4,Recruiting,9,2013-11-14,
NCT100004627,Interventional,Phase 3,Completed,41,2025-02-19,2025-12-31
NCT100004628,Interventional,Phase 2,Completed,497,2017-05-04,2019-11-28
NCT100004629,Interventional,Phase 1,Completed,13,2012-05-07,2013-09-18
NCT100004630,Interventional,Phase 1,Completed,139,2024-03-22,2025-09-18
NCT100004631,Interventional,Phase 2,Completed,630,2012-06-12,2015-05-06
NCT100004632,Interventional,Phase 2,Terminated,295,2024-09-23,2025-02-17
NCT100004633,Interventional,Phase 1,Completed,48,2020-12-20,2022-10-24
NCT100004634,Interventional,Phase 1,"Active, not recruiting",64,2025-11-11,
NCT100004635,Interventional,Phase 2,Recruiting,71,2022-09-25,
NCT100004636,Interventional,Phase 4,Recruiting,38,2017-05-29,
NCT100004637,Interventional,Phase 1,Terminated,204,2023-05-12,2024-09-07
NCT100004638,Interventional,Phase 4,Completed,245,2012-05-01,2017-09-09
NCT100004639,Interventional,Phase 1,Completed,17,2020-06-14,2022-05-11
NCT100004640,Interventional,Phase 1,Withdrawn,40,2023-06-05,2024-11-17
NCT100004641,Interventional,Phase 2,Terminated,77,2018-05-12,2018-12-20
NCT100004642,Interventional,Phase 3,Completed,21,2025-03-24,2025-12-31
NCT100004643,Interventional,Phase 2,Terminated,54,2013-07-01,2014-12-01
NCT100004644,Interventional,Phase 3,Unknown status,72,2020-07-03,
NCT100004645,Interventional,Phase 1,Completed,99,2020-08-22,2023-01-14
NCT100004646,Interventional,Phase 1,Recruiting,68,2014-04-03,
NCT100004647,Interventional,Phase 3,Completed,87,2024-06-24,2026-05-25
NCT100004648,Interventional,Phase 1,"Active, not recruiting",37,2020-04-08,
NCT100004649,Interventional,Phase 1,Unknown status,241,2023-12-10,
NCT100004650,Interventional,Phase 3,Completed,47,2021-04-11,2023-03-17
NCT100004651,Interventional,Phase 2,Terminated,14,2018-06-15,2018-11-30
NCT100004652,Interventional,Phase 3,Completed,50,2011-01-12,2014-01-21
NCT100004653,Interventional,Phase 2,Recruiting,171,2013-04-16,
NCT100004654,Interventional,Phase 2,Recruiting,91,2020-09-03,
NCT100004655,Interventional,Phase 1,Unknown status,27,2021-07-09,
NCT100004656,Interventional,Phase 1,Withdrawn,45,2014-02-19,2015-01-17
NCT100004657,Interventional,Phase 2,Completed,18,2022-06-19,2024-01-26
NCT100004658,Interventional,Phase 2,"Active, not recruiting",180,2014-05-19,
NCT100004659,Interventional,Phase 3,Unknown status,229,2024-04-27,
NCT100004660,Interventional,Phase 3,Completed,32,2020-10-06,2025-02-19
NCT100004661,Interventional,Phase 2,"Active, not recruiting",603,2025-08-16,
NCT100004662,Interventional,Phase 3,Recruiting,36,2023-01-04,
NCT100004663,Interventional,Phase 4,Completed,36,2014-07-12,2016-05-28
NCT100004664,Interventional,Phase 3,"Active, not recruiting",30,2021-06-06,
NCT100004665,Interventional,Phase 3,Completed,36,2017-10-31,2020-04-23
NCT100004666,Interventional,Phase 3,Completed,23,2024-02-28,2025-12-16
NCT100004667,Interventional,Phase 4,Completed,94,2014-02-13,2016-11-11
NCT100004668,Interventional,Phase 3,Completed,223,2013-04-23,2015-06-08
NCT100004669,Interventional,Phase 3,Unknown status,34,2017-11-25,
NCT100004670,Interventional,Phase 1,Unknown status,27,2025-07-07,
NCT100004671,Interventional,Phase 2,Recruiting,30,2019-12-21,
NCT100004672,Interventional,Phase 1,Withdrawn,14,2019-09-02,2021-03-20
NCT100004673,Interventional,Phase 2,Completed,54,2017-09-17,2022-02-27
NCT100004674,Interventional,Phase 3,Unknown status,716,2012-04-03,
NCT100004675,Interventional,Phase 4,Completed,23,2025-05-22,2025-12-31
NCT100004676,Interventional,Phase 2,"Active, not recruiting",19,2021-09-17,
NCT100004677,Interventional,Phase 4,"Active, not recruiting",29,2017-08-07,
NCT100004678,Interventional,Phase 3,Unknown status,118,2014-05-30,
NCT100004679,Interventional,Phase 2,"Active, not recruiting",58,2014-02-24,
NCT100004680,Interventional,Phase 1,Completed,245,2021-05-09,2024-10-26
NCT100004681,Interventional,Phase 2,"Active, not recruiting",784,2022-02-03,
NCT100004682,Interventional,Phase 3,Recruiting,6,2020-09-01,
NCT100004683,Interventional,Phase 4,"Active, not recruiting",52,2025-11-30,
NCT100004684,Interventional,Phase 1,Unknown status,55,2025-12-27,
NCT100004685,Interventional,Phase 2,Unknown status,29,2018-06-15,
NCT100004686,Interventional,Phase 1,Completed,19,2023-06-18,2026-04-18
NCT100004687,Interventional,Phase 2,Terminated,140,2023-10-30,2025-02-18
NCT100004688,Interventional,Phase 3,Recruiting,18,2012-02-21,
NCT100004689,Interventional,Phase 3,Completed,256,2018-05-14,2020-08-07
NCT100004690,Interventional,Phase 1,Completed,64,2020-07-05,2021-11-26
NCT100004691,Interventional,Phase 4,Completed,254,2022-08-03,2024-06-17
NCT100004692,Interventional,Phase 2,"Active, not recruiting",76,2021-08-25,
NCT100004693,Interventional,Phase 4,"Active, not recruiting",173,2025-05-28,
NCT100004694,Interventional,Phase 2,Unknown status,138,2022-02-05,
NCT100004695,Interventional,Phase 2,Completed,86,2017-05-09,2019-02-10
NCT100004696,Interventional,Phase 2,"Active, not recruiting",15,2016-07-19,
NCT100004697,Interventional,Phase 3,Completed,145,2025-03-22,2025-12-31
NCT100004698,Interventional,Phase 4,Completed,87,2011-06-06,2013-07-23
NCT100004699,Interventional,Phase 2,Terminated,36,2015-10-21,2016-05-17
NCT100004700,Interventional,Phase 2,Withdrawn,7,2016-03-21,2017-09-28
NCT100004701,Interventional,Phase 2,"Active, not recruiting",41,2021-07-04,
NCT100004702,Interventional,Phase 1,Completed,63,2023-12-02,2025-07-19
NCT100004703,Interventional,Phase 1,Completed,110,2011-02-01,2013-07-10
NCT100004704,Interventional,Phase 3,Recruiting,35,2025-08-15,
NCT100004705,Interventional,Phase 1,Completed,41,2011-06-27,2014-02-16
NCT100004706,Interventional,Phase 2,Withdrawn,70,2012-03-19,2013-10-02
NCT100004707,Interventional,Phase 3,"Active, not recruiting",254,2018-02-08,
NCT100004708,Interventional,Phase 2,Completed,1247,2016-06-28,2018-10-12
NCT100004709,Interventional,Phase 1,"Active, not recruiting",337,2021-06-10,
NCT100004710,Interventional,Phase 2,Completed,173,2024-07-09,2025-12-31
NCT100004711,Interventional,Phase 1,Completed,61,2024-11-22,2026-08-19
NCT100004712,Interventional,Phase 1,Completed,55,2025-12-13,2025-12-31
NCT100004713,Interventional,Phase 1,Completed,69,2025-04-12,2025-12-31
NCT100004714,Interventional,Phase 1,Completed,48,2022-11-23,2024-09-08
NCT100004715,Interventional,Phase 4,Completed,28,2017-10-27,2019-10-13
NCT100004716,Interventional,Phase 1,Completed,143,2013-12-27,2017-07-18
NCT100004717,Interventional,Phase 4,Recruiting,171,2014-03-25,
NCT100004718,Interventional,Phase 3,Completed,29,2025-02-26,2025-12-31
NCT100004719,Interventional,Phase 1,Terminated,367,2025-12-04,2026-05-11
NCT100004720,Interventional,Phase 1,Completed,328,2013-12-27,2017-03-22
NCT100004721,Interventional,Phase 3,"Active, not recruiting",55,2012-10-01,
NCT100004722,Interventional,Phase 1,"Active, not recruiting",212,2018-04-17,
NCT100004723,Interventional,Phase 3,"Active, not recruiting",97,2023-06-09,
NCT100004724,Interventional,Phase 2,"Active, not recruiting",39,2024-04-21,
NCT100004725,Interventional,Phase 2,Completed,140,2025-05-24,2026-11-09
NCT100004726,Interventional,Phase 4,"Active, not recruiting",37,2013-02-10,
NCT100004727,Interventional,Phase 1,Terminated,5,2012-02-08,2012-08-18
NCT100004728,Interventional,Phase 3,Completed,140,2024-12-31,2025-12-31
NCT100004729,Interventional,Phase 4,Withdrawn,218,2012-01-08,2012-08-17
NCT100004730,Interventional,Phase 1,Completed,31,2021-03-28,2022-10-28
NCT100004731,Interventional,Phase 2,"Active, not recruiting",13,2022-02-02,
NCT100004732,Interventional,Phase 3,Withdrawn,151,2011-09-16,2012-10-25
NCT100004733,Interventional,Phase 4,Completed,29,2022-12-20,2025-09-21
NCT100004734,Interventional,Phase 4,Completed,10,2011-10-24,2014-05-16
NCT100004735,Interventional,Phase 3,Completed,291,2019-08-19,2022-02-01
NCT100004736,Interventional,Phase 1,Withdrawn,16,2015-06-15,2016-02-21
NCT100004737,Interventional,Phase 1,Recruiting,17,2021-12-07,
NCT100004738,Interventional,Phase 3,Terminated,17,2018-12-25,2019-08-14
NCT100004739,Interventional,Phase 2,Recruiting,5,2011-01-01,
NCT100004740,Interventional,Phase 2,Terminated,12,2018-07-15,2019-06-07
NCT100004741,Interventional,Phase 3,Recruiting,68,2020-12-09,
NCT100004742,Interventional,Phase 3,"Active, not recruiting",59,2017-07-24,
NCT100004743,Interventional,Phase 2,Unknown status,97,2019-07-27,
NCT100004744,Interventional,Phase 2,Recruiting,115,2018-10-12,
NCT100004745,Interventional,Phase 2,Recruiting,38,2023-05-09,
NCT100004746,Interventional,Phase 2,Completed,237,2017-07-16,2019-11-11
NCT100004747,Interventional,Phase 2,Withdrawn,40,2024-08-26,2025-03-05
NCT100004748,Interventional,Phase 2,"Active, not recruiting",683,2017-05-20,
NCT100004749,Interventional,Phase 3,Completed,10,2012-06-15,2014-03-17
NCT100004750,Interventional,Phase 3,Completed,124,2025-04-14,2025-12-31
NCT100004751,Interventional,Phase 1,Unknown status,77,2011-03-22,
NCT100004752,Interventional,Phase 2,Recruiting,87,2016-01-20,
NCT100004753,Interventional,Phase 2,Unknown status,46,2012-01-29,
NCT100004754,Interventional,Phase 1,Completed,186,2023-03-21,2024-08-08
NCT100004755,Interventional,Phase 1,Recruiting,153,2012-01-23,
NCT100004756,Interventional,Phase 1,Withdrawn,434,2013-02-11,2013-06-25
NCT100004757,Interventional,Phase 3,Completed,317,2023-02-05,2025-09-08
NCT100004758,Interventional,Phase 1,Recruiting,291,2011-08-27,
NCT100004759,Interventional,Phase 4,Completed,44,2015-03-11,2017-02-10
NCT100004760,Interventional,Phase 2,Recruiting,5,2023-08-18,
NCT100004761,Interventional,Phase 4,Completed,70,2025-11-20,2025-12-31
NCT100004762,Interventional,Phase 2,Completed,69,2012-11-18,2014-07-01
NCT100004763,Interventional,Phase 1,Completed,7,2011-10-04,2014-03-12
NCT100004764,Interventional,Phase 2,Recruiting,869,2018-01-23,
NCT100004765,Interventional,Phase 3,Completed,24,2021-02-20,2023-07-04
NCT100004766,Interventional,Phase 1,Completed,107,2018-07-05,2020-10-10
NCT100004767,Interventional,Phase 1,Completed,122,2017-06-09,2019-06-12
NCT100004768,Interventional,Phase 3,Completed,78,2014-05-11,2017-10-27
NCT100004769,Interventional,Phase 2,Recruiting,129,2017-07-17,
NCT100004770,Interventional,Phase 3,Completed,83,2024-02-15,2026-06-14
NCT100004771,Interventional,Phase 2,Completed,119,2025-05-25,2025-12-31
NCT100004772,Interventional,Phase 4,Completed,18,2024-06-26,2026-09-22
NCT100004773,Interventional,Phase 1,Recruiting,132,2016-01-17,
NCT100004774,Interventional,Phase 2,Recruiting,17,2020-10-24,
NCT100004775,Interventional,Phase 2,Completed,52,2020-02-24,2021-09-30
NCT100004776,Interventional,Phase 1,Recruiting,73,2020-07-14,
NCT100004777,Interventional,Phase 3,"Active, not recruiting",49,2012-06-07,
NCT100004778,Interventional,Phase 1,Completed,31,2020-02-08,2022-07-13
NCT100004779,Interventional,Phase 3,Completed,406,2015-12-15,2018-04-06
NCT100004780,Interventional,Phase 1,Unknown status,42,2012-07-04,
NCT100004781,Interventional,Phase 1,Completed,202,2021-02-16,2023-02-26
NCT100004782,Interventional,Phase 2,"Active, not recruiting",22,2011-08-08,
NCT100004783,Interventional,Phase 2,Completed,24,2023-05-16,2026-02-17
NCT100004784,Interventional,Phase 3,"Active, not recruiting",55,2018-05-24,
NCT100004785,Interventional,Phase 3,Completed,7,2024-05-22,2025-12-31
NCT100004786,Interventional,Phase 1,Terminated,79,2016-02-13,2016-10-28
NCT100004787,Interventional,Phase 2,Completed,131,2015-09-11,2017-04-15
NCT100004788,Interventional,Phase 2,Terminated,70,2011-07-24,2012-06-12
NCT100004789,Interventional,Phase 1,Completed,248,2015-02-28,2017-01-13
NCT100004790,Interventional,Phase 4,Completed,72,2020-09-28,2023-08-10
NCT100004791,Interventional,Phase 1,Completed,36,2015-07-08,2016-09-13
NCT100004792,Interventional,Phase 2,Terminated,355,2012-04-14,2012-11-25
NCT100004793,Interventional,Phase 2,Completed,40,2016-08-02,2020-03-14
NCT100004794,Interventional,Phase 1,Recruiting,5,2024-07-28,
NCT100004795,Interventional,Phase 1,"Active, not recruiting",444,2025-09-21,
NCT100004796,Interventional,Phase 2,"Active, not recruiting",82,2015-02-22,
NCT100004797,Interventional,Phase 2,Unknown status,10,2019-03-10,
NCT100004798,Interventional,Phase 2,Terminated,55,2024-06-10,2025-06-17
NCT100004799,Interventional,Phase 3,Terminated,55,2018-05-10,2019-09-04
NCT100004800,Interventional,Phase 1,"Active, not recruiting",252,2022-06-14,
NCT100004801,Interventional,Phase 2,Completed,58,2013-04-22,2015-03-28
NCT100004802,Interventional,Phase 1,Recruiting,27,2018-12-10,
NCT100004803,Interventional,Phase 4,Completed,268,2018-03-10,2020-01-17
NCT100004804,Interventional,Phase 2,"Active, not recruiting",148,2025-10-19,
NCT100004805,Interventional,Phase 2,Unknown status,48,2020-02-17,
NCT100004806,Interventional,Phase 3,Completed,92,2021-09-02,2024-06-15
NCT100004807,Interventional,Phase 2,Completed,65,2012-11-21,2015-02-27
NCT100004808,Interventional,Phase 3,Withdrawn,27,2023-06-24,2025-01-09
NCT100004809,Interventional,Phase 1,Withdrawn,42,2017-11-26,2019-01-25
NCT100004810,Interventional,Phase 2,Unknown status,57,2015-06-02,
NCT100004811,Interventional,Phase 2,Completed,235,2014-05-24,2016-01-04
NCT100004812,Interventional,Phase 2,Completed,575,2017-10-06,2020-01-04
NCT100004813,Interventional,Phase 3,Recruiting,8,2022-07-01,
NCT100004814,Interventional,Phase 1,Completed,58,2014-01-28,2015-09-14
NCT100004815,Interventional,Phase 3,Completed,85,2022-11-24,2025-07-02
NCT100004816,Interventional,Phase 4,Completed,103,2014-10-26,2016-12-19
NCT100004817,Interventional,Phase 3,Completed,61,2015-09-18,2019-03-25
NCT100004818,Interventional,Phase 1,Completed,78,2016-05-23,2018-07-03
NCT100004819,Interventional,Phase 3,Completed,19,2014-03-19,2016-08-04
NCT100004820,Interventional,Phase 3,Completed,408,2023-05-29,2025-06-17
NCT100004821,Interventional,Phase 1,Unknown status,128,2023-03-01,
NCT100004822,Interventional,Phase 3,Completed,257,2019-06-29,2021-08-29
NCT100004823,Interventional,Phase 2,Withdrawn,399,2020-04-18,2021-03-05
NCT100004824,Interventional,Phase 2,Completed,57,2017-11-27,2021-05-29
NCT100004825,Interventional,Phase 3,Completed,93,2012-08-22,2016-01-28
NCT100004826,Interventional,Phase 1,Completed,65,2025-10-14,2025-12-31
NCT100004827,Interventional,Phase 2,Recruiting,1204,2012-12-17,
NCT100004828,Interventional,Phase 1,Withdrawn,230,2017-09-08,2018-08-20
NCT100004829,Interventional,Phase 1,Completed,5,2019-03-26,2021-08-18
NCT100004830,Interventional,Phase 4,Unknown status,71,2015-10-20,
NCT100004831,Interventional,Phase 4,Terminated,11,2012-10-23,2014-06-05
NCT100004832,Interventional,Phase 3,Completed,46,2018-04-06,2021-07-06
NCT100004833,Interventional,Phase 3,Terminated,301,2023-03-18,2023-10-30
NCT100004834,Interventional,Phase 1,"Active, not recruiting",9,2013-12-18,
NCT100004835,Interventional,Phase 1,Unknown status,20,2012-02-15,
NCT100004836,Interventional,Phase 2,"Active, not recruiting",77,2019-08-09,
NCT100004837,Interventional,Phase 4,Completed,103,2023-02-17,2026-02-02
NCT100004838,Interventional,Phase 4,Recruiting,75,2017-02-21,
NCT100004839,Interventional,Phase 1,Completed,797,2016-12-30,2017-12-22
NCT100004840,Interventional,Phase 3,"Active, not recruiting",88,2016-02-19,
NCT100004841,Interventional,Phase 2,Completed,17,2024-11-28,2026-07-10
NCT100004842,Interventional,Phase 3,Completed,248,2014-04-16,2018-05-15
NCT100004843,Interventional,Phase 3,Unknown status,14,2022-05-25,
NCT100004844,Interventional,Phase 2,Completed,17,2023-08-21,2025-12-31
NCT100004845,Interventional,Phase 1,Withdrawn,117,2014-11-12,2015-08-25
NCT100004846,Interventional,Phase 2,Completed,43,2011-12-29,2013-07-15
NCT100004847,Interventional,Phase 2,Unknown status,72,2013-05-19,
NCT100004848,Interventional,Phase 4,Completed,250,2024-07-10,2025-12-31
NCT100004849,Interventional,Phase 3,Completed,135,2021-07-23,2024-06-19
NCT100004850,Interventional,Phase 1,Unknown status,125,2011-10-11,
NCT100004851,Interventional,Phase 1,Unknown status,78,2017-11-11,
NCT100004852,Interventional,Phase 2,Completed,475,2022-09-10,2024-10-31
NCT100004853,Interventional,Phase 1,Withdrawn,60,2025-09-19,2026-04-17
NCT100004854,Interventional,Phase 1,Recruiting,14,2024-04-09,
NCT100004855,Interventional,Phase 2,Completed,90,2015-05-22,2017-09-14
NCT100004856,Interventional,Phase 2,Recruiting,195,2015-12-10,
NCT100004857,Interventional,Phase 1,Terminated,250,2023-09-05,2024-03-02
NCT100004858,Interventional,Phase 2,"Active, not recruiting",399,2012-12-02,
NCT100004859,Interventional,Phase 2,Completed,5,2020-05-19,2023-05-10
NCT100004860,Interventional,Phase 2,Completed,8,2011-05-22,2015-03-14
NCT100004861,Interventional,Phase 1,Unknown status,54,2012-10-11,
NCT100004862,Interventional,Phase 2,"Active, not recruiting",358,2016-05-19,
NCT100004863,Interventional,Phase 2,Terminated,50,2020-06-16,2020-12-19
NCT100004864,Interventional,Phase 2,Recruiting,20,2021-06-12,
NCT100004865,Interventional,Phase 1,Recruiting,55,2021-04-30,
NCT100004866,Interventional,Phase 2,Completed,347,2011-02-06,2013-02-22
NCT100004867,Interventional,Phase 3,Completed,31,2012-09-01,2015-01-12
NCT100004868,Interventional,Phase 1,"Active, not recruiting",98,2011-04-19,
NCT100004869,Interventional,Phase 2,Withdrawn,143,2019-05-22,2020-11-05
NCT100004870,Interventional,Phase 2,Unknown status,87,2013-03-15,
NCT100004871,Interventional,Phase 2,Completed,13,2017-06-18,2022-06-18
NCT100004872,Interventional,Phase 4,Completed,22,2020-08-11,2022-03-31
NCT100004873,Interventional,Phase 1,"Active, not recruiting",26,2023-07-13,
NCT100004874,Interventional,Phase 1,Completed,71,2015-06-03,2018-05-18
NCT100004875,Interventional,Phase 2,Completed,40,2012-04-25,2014-12-29
NCT100004876,Interventional,Phase 2,Completed,13,2020-05-25,2022-02-21
NCT100004877,Interventional,Phase 1,Unknown status,70,2014-09-02,
NCT100004878,Interventional,Phase 3,Recruiting,356,2021-01-03,
NCT100004879,Interventional,Phase 2,Terminated,53,2022-02-02,2024-04-14
NCT100004880,Interventional,Phase 4,Terminated,63,2025-04-27,2026-10-14
NCT100004881,Interventional,Phase 2,"Active, not recruiting",36,2018-10-01,
NCT100004882,Interventional,Phase 2,Completed,60,2023-04-01,2025-05-27
NCT100004883,Interventional,Phase 2,"Active, not recruiting",15,2015-01-25,
NCT100004884,Interventional,Phase 2,Completed,23,2016-05-03,2019-04-27
NCT100004885,Interventional,Phase 1,Withdrawn,14,2018-08-25,2019-04-26
NCT100004886,Interventional,Phase 2,Completed,51,2019-09-29,2020-10-26
NCT100004887,Interventional,Phase 3,Completed,31,2013-08-25,2015-11-13
NCT100004888,Interventional,Phase 3,Completed,188,2016-09-03,2018-05-01
NCT100004889,Interventional,Phase 2,Terminated,55,2016-07-23,2017-02-12
NCT100004890,Interventional,Phase 1,Completed,194,2020-08-26,2022-06-13
NCT100004891,Interventional,Phase 3,Unknown status,122,2017-11-28,
NCT100004892,Interventional,Phase 1,Completed,144,2012-08-29,2014-06-29
NCT100004893,Interventional,Phase 3,Completed,925,2020-06-07,2024-01-18
NCT100004894,Interventional,Phase 2,Completed,79,2016-11-27,2019-07-22
NCT100004895,Interventional,Phase 3,Completed,295,2024-09-21,2025-12-31
NCT100004896,Interventional,Phase 4,Completed,163,2012-07-23,2015-03-05
NCT100004897,Interventional,Phase 3,Unknown status,25,2016-11-07,
NCT100004898,Interventional,Phase 2,Completed,379,2021-07-06,2023-01-05
NCT100004899,Interventional,Phase 3,Completed,65,2021-11-19,2024-04-21
NCT100004900,Interventional,Phase 2,"Active, not recruiting",16,2012-02-17,
NCT100004901,Interventional,Phase 3,Withdrawn,112,2012-07-17,2013-09-01
NCT100004902,Interventional,Phase 3,Completed,65,2013-12-19,2017-06-15
NCT100004903,Interventional,Phase 3,Terminated,22,2020-01-24,2020-12-08
NCT100004904,Interventional,Phase 1,Completed,71,2023-10-08,2025-10-26
NCT100004905,Interventional,Phase 1,Recruiting,46,2011-07-28,
NCT100004906,Interventional,Phase 3,Completed,52,2025-11-17,2025-12-31
NCT100004907,Interventional,Phase 1,Completed,367,2013-03-24,2014-12-04
NCT100004908,Interventional,Phase 1,Recruiting,186,2013-02-27,
NCT100004909,Interventional,Phase 2,Completed,35,2024-06-08,2025-12-31
NCT100004910,Interventional,Phase 1,Recruiting,423,2011-07-31,
NCT100004911,Interventional,Phase 2,Terminated,82,2023-11-23,2024-08-11
NCT100004912,Interventional,Phase 2,Completed,14,2019-05-31,2021-12-16
NCT100004913,Interventional,Phase 2,Completed,112,2014-08-23,2017-06-20
NCT100004914,Interventional,Phase 1,Unknown status,61,2019-11-08,
NCT100004915,Interventional,Phase 3,Completed,11,2019-08-01,2023-01-17
NCT100004916,Interventional,Phase 3,Completed,22,2018-05-13,2021-07-16
NCT100004917,Interventional,Phase 1,Completed,63,2021-11-14,2024-07-03
NCT100004918,Interventional,Phase 2,Recruiting,40,2011-09-25,
NCT100004919,Interventional,Phase 1,"Active, not recruiting",31,2016-06-03,
NCT100004920,Interventional,Phase 2,Terminated,1210,2025-01-14,2026-04-20
NCT100004921,Interventional,Phase 2,Completed,54,2020-09-29,2023-07-30
NCT100004922,Interventional,Phase 3,Completed,41,2020-12-03,2023-02-13
NCT100004923,Interventional,Phase 1,Completed,125,2019-04-14,2021-08-04
NCT100004924,Interventional,Phase 2,Recruiting,101,2020-10-08,
NCT100004925,Interventional,Phase 4,Recruiting,57,2021-05-02,
NCT100004926,Interventional,Phase 3,Completed,21,2023-05-12,2025-12-31
NCT100004927,Interventional,Phase 4,Completed,21,2017-01-11,2020-05-19
NCT100004928,Interventional,Phase 1,Recruiting,26,2017-01-15,
NCT100004929,Interventional,Phase 4,Completed,145,2020-11-06,2023-04-26
NCT100004930,Interventional,Phase 2,Completed,37,2012-07-24,2014-07-03
NCT100004931,Interventional,Phase 3,Withdrawn,225,2019-02-14,2020-02-19
NCT100004932,Interventional,Phase 1,Recruiting,12,2016-11-25,
NCT100004933,Interventional,Phase 3,Completed,34,2022-06-16,2024-04-28
NCT100004934,Interventional,Phase 2,Recruiting,13,2024-04-26,
NCT100004935,Interventional,Phase 1,Completed,533,2012-08-13,2013-10-29
NCT100004936,Interventional,Phase 2,"Active, not recruiting",21,2019-08-07,
NCT100004937,Interventional,Phase 1,Unknown status,15,2020-08-27,
NCT100004938,Interventional,Phase 1,Recruiting,425,2021-02-18,
NCT100004939,Interventional,Phase 3,"Active, not recruiting",240,2025-05-30,
NCT100004940,Interventional,Phase 2,Completed,68,2011-11-09,2014-06-25
NCT100004941,Interventional,Phase 3,"Active, not recruiting",307,2020-03-26,
NCT100004942,Interventional,Phase 4,Completed,1860,2011-07-29,2013-12-24
NCT100004943,Interventional,Phase 2,Completed,17,2014-12-01,2017-03-21
NCT100004944,Interventional,Phase 2,"Active, not recruiting",47,2022-10-17,
NCT100004945,Interventional,Phase 2,Completed,323,2015-12-10,2017-08-06
NCT100004946,Interventional,Phase 4,Recruiting,73,2022-07-11,
NCT100004947,Interventional,Phase 2,"Active, not recruiting",44,2025-12-13,
NCT100004948,Interventional,Phase 4,Completed,67,2017-07-08,2019-12-07
NCT100004949,Interventional,Phase 1,Completed,80,2023-11-28,2025-12-31
NCT100004950,Interventional,Phase 2,Terminated,385,2024-05-26,2024-11-30
NCT100004951,Interventional,Phase 1,Recruiting,174,2016-08-05,
NCT100004952,Interventional,Phase 1,"Active, not recruiting",84,2022-07-11,
NCT100004953,Interventional,Phase 1,Terminated,123,2017-06-23,2018-05-15
NCT100004954,Interventional,Phase 3,Recruiting,122,2012-09-12,
NCT100004955,Interventional,Phase 1,Completed,28,2021-05-07,2024-08-02
NCT100004956,Interventional,Phase 2,Completed,190,2025-11-29,2025-12-31
NCT100004957,Interventional,Phase 1,Terminated,34,2013-04-19,2014-11-04
NCT100004958,Interventional,Phase 2,Completed,148,2018-12-15,2020-09-03
NCT100004959,Interventional,Phase 4,Recruiting,515,2019-07-29,
NCT100004960,Interventional,Phase 1,Completed,18,2012-04-08,2013-10-09
NCT100004961,Interventional,Phase 2,Terminated,29,2025-08-31,2025-12-31
NCT100004962,Interventional,Phase 1,Completed,30,2016-09-24,2019-05-04
NCT100004963,Interventional,Phase 3,Completed,654,2023-05-26,2026-03-08
NCT100004964,Interventional,Phase 4,Withdrawn,88,2013-02-18,2015-03-24
NCT100004965,Interventional,Phase 2,Completed,55,2013-08-07,2016-07-24
NCT100004966,Interventional,Phase 2,Completed,2006,2024-04-14,2025-05-21
NCT100004967,Interventional,Phase 3,Completed,44,2016-11-25,2019-04-04
NCT100004968,Interventional,Phase 1,Recruiting,116,2025-07-13,
NCT100004969,Interventional,Phase 1,Completed,921,2012-04-21,2014-03-20
NCT100004970,Interventional,Phase 3,Withdrawn,59,2022-03-26,2023-01-05
NCT100004971,Interventional,Phase 3,"Active, not recruiting",106,2014-01-27,
NCT100004972,Interventional,Phase 2,Completed,37,2011-11-20,2015-10-11
NCT100004973,Interventional,Phase 2,Completed,30,2017-12-21,2021-02-06
NCT100004974,Interventional,Phase 3,Completed,39,2015-10-10,2017-11-26
NCT100004975,Interventional,Phase 1,Recruiting,13,2011-04-19,
NCT100004976,Interventional,Phase 1,Withdrawn,24,2022-04-30,2023-06-12
NCT100004977,Interventional,Phase 1,Completed,123,2012-11-21,2016-09-11
NCT100004978,Interventional,Phase 3,"Active, not recruiting",175,2013-11-14,
NCT100004979,Interventional,Phase 1,Completed,70,2018-01-21,2019-10-01
NCT100004980,Interventional,Phase 2,Completed,168,2013-06-22,2016-09-14
NCT100004981,Interventional,Phase 3,Recruiting,39,2011-04-28,
NCT100004982,Interventional,Phase 1,Completed,86,2018-04-10,2019-04-07
NCT100004983,Interventional,Phase 3,Recruiting,75,2011-07-15,
NCT100004984,Interventional,Phase 2,Recruiting,372,2022-12-25,
NCT100004985,Interventional,Phase 3,Terminated,43,2024-09-07,2026-06-26
NCT100004986,Interventional,Phase 2,Completed,262,2022-03-10,2023-12-12
NCT100004987,Interventional,Phase 2,"Active, not recruiting",56,2016-04-01,
NCT100004988,Interventional,Phase 3,Completed,61,2025-06-16,2025-12-31
NCT100004989,Interventional,Phase 1,Completed,50,2017-10-25,2019-11-13
NCT100004990,Interventional,Phase 3,Completed,39,2021-06-20,2023-02-24
NCT100004991,Interventional,Phase 3,Recruiting,62,2016-10-11,
NCT100004992,Interventional,Phase 1,Recruiting,92,2018-08-25,
NCT100004993,Interventional,Phase 2,Terminated,24,2021-05-26,2021-11-09
NCT100004994,Interventional,Phase 2,Terminated,30,2023-06-03,2024-06-06
NCT100004995,Interventional,Phase 1,Completed,74,2025-09-27,2025-12-31
NCT100004996,Interventional,Phase 2,Completed,61,2024-03-17,2026-09-23
NCT100004997,Interventional,Phase 1,Completed,30,2011-04-02,2012-08-07
NCT100004998,Interventional,Phase 2,"Active, not recruiting",95,2011-04-20,
NCT100004999,Interventional,Phase 1,Recruiting,122,2017-02-15,
NCT100005000,Interventional,Phase 3,Completed,140,2012-01-11,2013-10-30
NCT100005001,Interventional,Phase 2,Terminated,5,2022-12-22,2023-09-25
NCT100005002,Interventional,Phase 3,Withdrawn,90,2024-05-17,2026-06-23
NCT100005003,Interventional,Phase 1,Recruiting,159,2018-09-24,
NCT100005004,Interventional,Phase 1,Terminated,151,2012-05-22,2013-04-27
NCT100005005,Interventional,Phase 3,"Active, not recruiting",994,2024-01-13,
NCT100005006,Interventional,Phase 2,Recruiting,71,2015-09-12,
NCT100005007,Interventional,Phase 2,Completed,362,2023-11-25,2025-09-13
NCT100005008,Interventional,Phase 1,Unknown status,1164,2023-11-26,
NCT100005009,Interventional,Phase 2,Recruiting,59,2012-01-23,
NCT100005010,Interventional,Phase 3,Completed,85,2024-02-07,2026-04-24
NCT100005011,Interventional,Phase 1,Recruiting,333,2018-11-24,
NCT100005012,Interventional,Phase 4,Completed,65,2011-12-25,2014-02-18
NCT100005013,Interventional,Phase 4,Recruiting,206,2017-04-16,
NCT100005014,Interventional,Phase 1,Terminated,192,2025-06-16,2025-12-20
NCT100005015,Interventional,Phase 2,Completed,13,2019-11-01,2022-06-23
NCT100005016,Interventional,Phase 3,Unknown status,160,2015-12-15,
NCT100005017,Interventional,Phase 2,Completed,93,2016-09-22,2018-07-04
NCT100005018,Interventional,Phase 2,Completed,497,2025-03-03,2025-12-31
NCT100005019,Interventional,Phase 3,Unknown status,341,2020-11-16,
NCT100005020,Interventional,Phase 4,Recruiting,17,2019-11-18,
NCT100005021,Interventional,Phase 3,Completed,289,2024-02-12,2026-12-04
NCT100005022,Interventional,Phase 2,Completed,217,2021-06-04,2024-08-30
NCT100005023,Interventional,Phase 1,Completed,673,2014-07-21,2017-11-30
NCT100005024,Interventional,Phase 3,Completed,10,2020-06-06,2025-08-26
NCT100005025,Interventional,Phase 2,Unknown status,27,2019-03-26,
NCT100005026,Interventional,Phase 4,Completed,5,2025-07-17,2025-12-31
NCT100005027,Interventional,Phase 2,Withdrawn,208,2017-05-30,2017-12-16
NCT100005028,Interventional,Phase 4,Completed,1432,2012-10-01,2015-09-03
NCT100005029,Interventional,Phase 2,Completed,537,2021-05-12,2024-03-24
NCT100005030,Interventional,Phase 2,Terminated,17,2016-08-05,2017-10-14
NCT100005031,Interventional,Phase 2,Completed,135,2023-12-04,2025-03-06
NCT100005032,Interventional,Phase 3,Terminated,296,2023-07-31,2024-09-06
NCT100005033,Interventional,Phase 1,Completed,84,2015-11-24,2019-03-14
NCT100005034,Interventional,Phase 1,Withdrawn,41,2020-08-30,2021-08-02
NCT100005035,Interventional,Phase 4,Completed,122,2013-05-10,2015-02-20
NCT100005036,Interventional,Phase 1,Recruiting,137,2016-11-25,
NCT100005037,Interventional,Phase 3,Withdrawn,8,2024-04-20,2025-06-13
NCT100005038,Interventional,Phase 1,"Active, not recruiting",18,2014-03-01,
NCT100005039,Interventional,Phase 2,Unknown status,190,2024-06-04,
NCT100005040,Interventional,Phase 4,Completed,8,2024-02-09,2026-10-09
NCT100005041,Interventional,Phase 2,Terminated,249,2018-08-10,2019-02-20
NCT100005042,Interventional,Phase 2,"Active, not recruiting",20,2015-10-12,
NCT100005043,Interventional,Phase 2,Completed,536,2012-03-29,2014-05-04
NCT100005044,Interventional,Phase 2,Completed,43,2014-08-10,2015-09-29
NCT100005045,Interventional,Phase 4,Completed,210,2017-01-14,2018-10-27
NCT100005046,Interventional,Phase 2,Withdrawn,84,2013-10-11,2014-03-30
NCT100005047,Interventional,Phase 1,Completed,315,2018-10-02,2020-01-17
NCT100005048,Interventional,Phase 3,Unknown status,48,2015-08-24,
NCT100005049,Interventional,Phase 1,Completed,5,2014-06-19,2017-12-29
NCT100005050,Interventional,Phase 1,Completed,174,2023-04-18,2025-11-13
NCT100005051,Interventional,Phase 2,Terminated,417,2016-05-14,2017-04-17
NCT100005052,Interventional,Phase 1,Completed,14,2025-11-30,2025-12-31
NCT100005053,Interventional,Phase 2,Unknown status,419,2018-05-27,
NCT100005054,Interventional,Phase 2,Recruiting,248,2016-02-20,
NCT100005055,Interventional,Phase 3,Completed,13,2020-04-23,2024-03-20
NCT100005056,Interventional,Phase 3,Terminated,126,2022-02-02,2023-01-27
NCT100005057,Interventional,Phase 1,"Active, not recruiting",71,2022-09-05,
NCT100005058,Interventional,Phase 1,Recruiting,445,2018-01-20,
NCT100005059,Interventional,Phase 4,Completed,25,2020-10-13,2024-04-24
NCT100005060,Interventional,Phase 2,Completed,210,2011-06-04,2013-02-24
NCT100005061,Interventional,Phase 2,Withdrawn,28,2011-01-31,2012-06-20
NCT100005062,Interventional,Phase 2,Recruiting,9,2021-03-03,
NCT100005063,Interventional,Phase 2,Terminated,57,2018-12-07,2019-08-18
NCT100005064,Interventional,Phase 2,Completed,54,2014-01-21,2017-03-27
NCT100005065,Interventional,Phase 2,Completed,78,2016-12-23,2018-11-29
NCT100005066,Interventional,Phase 3,Completed,43,2016-11-24,2020-05-19
NCT100005067,Interventional,Phase 4,"Active, not recruiting",17,2024-09-01,
NCT100005068,Interventional,Phase 2,Completed,46,2025-05-23,2025-12-31
NCT100005069,Interventional,Phase 3,Completed,276,2013-12-22,2016-11-01
NCT100005070,Interventional,Phase 2,Terminated,220,2024-05-09,2025-11-06
NCT100005071,Interventional,Phase 2,Completed,71,2025-07-07,2026-12-21
NCT100005072,Interventional,Phase 2,Completed,32,2012-07-24,2014-08-26
NCT100005073,Interventional,Phase 1,Completed,237,2018-08-06,2020-09-19
NCT100005074,Interventional,Phase 3,Completed,462,2015-11-02,2017-06-26
NCT100005075,Interventional,Phase 3,Recruiting,145,2023-06-10,
NCT100005076,Interventional,Phase 1,Completed,55,2020-06-13,2022-05-09
NCT100005077,Interventional,Phase 2,Completed,640,2016-08-17,2019-02-02
NCT100005078,Interventional,Phase 3,Completed,172,2015-02-23,2017-04-04
NCT100005079,Interventional,Phase 2,Terminated,81,2011-01-08,2012-01-25
NCT100005080,Interventional,Phase 1,"Active, not recruiting",388,2012-12-19,
NCT100005081,Interventional,Phase 1,Completed,1802,2018-11-30,2021-01-14
NCT100005082,Interventional,Phase 1,Recruiting,450,2011-08-13,
NCT100005083,Interventional,Phase 2,Recruiting,111,2012-09-26,
NCT100005084,Interventional,Phase 2,Completed,151,2011-09-07,2013-10-08
NCT100005085,Interventional,Phase 1,Completed,529,2015-02-18,2017-08-05
NCT100005086,Interventional,Phase 3,Unknown status,17,2018-06-13,
NCT100005087,Interventional,Phase 4,Terminated,109,2021-12-14,2023-03-06
NCT100005088,Interventional,Phase 1,Completed,117,2018-04-25,2021-07-18
NCT100005089,Interventional,Phase 1,Terminated,64,2023-01-16,2023-12-30
NCT100005090,Interventional,Phase 4,Completed,9,2021-04-15,2024-10-19
NCT100005091,Interventional,Phase 2,Completed,194,2016-03-20,2018-04-04
NCT100005092,Interventional,Phase 1,Completed,86,2024-07-14,2025-12-31
NCT100005093,Interventional,Phase 4,Terminated,268,2012-08-04,2013-06-11
NCT100005094,Interventional,Phase 3,Completed,114,2014-09-05,2016-06-07
NCT100005095,Interventional,Phase 2,Recruiting,9,2015-11-18,
NCT100005096,Interventional,Phase 1,Completed,411,2021-12-09,2024-11-07
NCT100005097,Interventional,Phase 2,Completed,47,2014-09-01,2017-04-03
NCT100005098,Interventional,Phase 3,Completed,37,2022-09-19,2025-08-04
NCT100005099,Interventional,Phase 3,Recruiting,191,2020-07-15,
NCT100005100,Interventional,Phase 4,Completed,104,2011-05-10,2013-12-25
NCT100005101,Interventional,Phase 1,"Active, not recruiting",410,2011-04-24,
NCT100005102,Interventional,Phase 2,Completed,63,2015-09-27,2018-06-01
NCT100005103,Interventional,Phase 1,Terminated,134,2015-12-18,2016-05-08
NCT100005104,Interventional,Phase 4,Recruiting,149,2017-05-31,
NCT100005105,Interventional,Phase 2,Terminated,200,2024-02-20,2026-04-02
NCT100005106,Interventional,Phase 1,"Active, not recruiting",18,2021-07-14,
NCT100005107,Interventional,Phase 2,Unknown status,5,2017-02-25,
NCT100005108,Interventional,Phase 2,Terminated,322,2015-04-30,2016-11-11
NCT100005109,Interventional,Phase 2,Unknown status,47,2011-04-03,
NCT100005110,Interventional,Phase 3,Completed,74,2011-11-28,2013-10-21
NCT100005111,Interventional,Phase 1,Recruiting,42,2019-09-03,
NCT100005112,Interventional,Phase 2,Completed,126,2012-06-15,2014-09-15
NCT100005113,Interventional,Phase 1,Unknown status,54,2014-06-21,
NCT100005114,Interventional,Phase 1,Recruiting,46,2019-03-07,
NCT100005115,Interventional,Phase 4,Recruiting,109,2016-06-11,
NCT100005116,Interventional,Phase 3,Completed,30,2014-03-10,2016-03-09
NCT100005117,Interventional,Phase 3,Completed,64,2020-04-13,2023-01-24
NCT100005118,Interventional,Phase 2,Unknown status,36,2020-04-13,
NCT100005119,Interventional,Phase 2,Completed,178,2020-02-06,2023-12-07
NCT100005120,Interventional,Phase 3,Completed,13,2020-02-06,2022-11-29
NCT100005121,Interventional,Phase 3,Completed,48,2014-10-12,2018-02-01
NCT100005122,Interventional,Phase 1,Completed,112,2012-02-02,2013-12-03
NCT100005123,Interventional,Phase 3,Completed,776,2022-09-28,2026-03-24
NCT100005124,Interventional,Phase 4,Completed,17,2025-06-10,2025-12-31
NCT100005125,Interventional,Phase 1,Recruiting,58,2020-09-10,
NCT100005126,Interventional,Phase 1,Completed,244,2014-08-10,2017-10-04
NCT100005127,Interventional,Phase 4,Completed,257,2014-03-07,2016-02-04
NCT100005128,Interventional,Phase 3,Completed,33,2015-01-04,2017-07-17
NCT100005129,Interventional,Phase 4,Completed,33,2023-05-24,2026-09-23
NCT100005130,Interventional,Phase 2,"Active, not recruiting",111,2024-01-02,
NCT100005131,Interventional,Phase 3,Completed,53,2025-02-19,2025-12-31
NCT100005132,Interventional,Phase 2,Recruiting,81,2021-02-23,
NCT100005133,Interventional,Phase 1,Unknown status,529,2013-10-15,
NCT100005134,Interventional,Phase 2,"Active, not recruiting",46,2013-03-12,
NCT100005135,Interventional,Phase 1,Completed,50,2021-09-18,2023-08-01
NCT100005136,Interventional,Phase 4,Completed,129,2025-03-15,2025-12-31
NCT100005137,Interventional,Phase 3,Completed,75,2020-05-16,2022-06-01
NCT100005138,Interventional,Phase 2,Unknown status,119,2019-02-17,
NCT100005139,Interventional,Phase 3,Completed,95,2016-10-28,2021-11-09
NCT100005140,Interventional,Phase 3,Completed,205,2012-09-06,2015-02-19
NCT100005141,Interventional,Phase 1,"Active, not recruiting",113,2011-01-15,
NCT100005142,Interventional,Phase 1,Completed,50,2012-05-28,2014-07-04
NCT100005143,Interventional,Phase 3,Unknown status,1080,2020-03-12,
NCT100005144,Interventional,Phase 2,Completed,482,2014-09-28,2017-02-14
NCT100005145,Interventional,Phase 2,Completed,10,2018-01-19,2021-02-06
NCT100005146,Interventional,Phase 1,Completed,43,2019-10-31,2022-09-12
NCT100005147,Interventional,Phase 3,Recruiting,28,2020-04-01,
NCT100005148,Interventional,Phase 1,Recruiting,185,2013-11-26,
NCT100005149,Interventional,Phase 3,"Active, not recruiting",117,2017-01-21,
NCT100005150,Interventional,Phase 3,Completed,5,2013-07-14,2016-12-23
NCT100005151,Interventional,Phase 1,Completed,84,2019-06-27,2022-08-27
NCT100005152,Interventional,Phase 4,Completed,182,2012-08-27,2014-10-02
NCT100005153,Interventional,Phase 1,"Active, not recruiting",180,2011-10-06,
NCT100005154,Interventional,Phase 4,Unknown status,17,2013-02-15,
NCT100005155,Interventional,Phase 1,Completed,11,2019-03-03,2020-11-12
NCT100005156,Interventional,Phase 2,Terminated,70,2012-01-19,2013-03-10
NCT100005157,Interventional,Phase 3,Recruiting,16,2021-07-04,
NCT100005158,Interventional,Phase 2,Recruiting,34,2011-07-12,
NCT100005159,Interventional,Phase 2,Completed,15,2014-10-12,2017-08-12
NCT100005160,Interventional,Phase 2,Completed,249,2024-10-10,2025-12-31
NCT100005161,Interventional,Phase 1,"Active, not recruiting",51,2012-01-23,
NCT100005162,Interventional,Phase 4,Completed,161,2023-03-23,2025-12-31
NCT100005163,Interventional,Phase 1,Completed,67,2017-03-10,2018-09-07
NCT100005164,Interventional,Phase 1,Completed,45,2019-05-08,2020-11-12
NCT100005165,Interventional,Phase 2,Unknown status,49,2025-12-28,
NCT100005166,Interventional,Phase 3,Unknown status,62,2013-12-09,
NCT100005167,Interventional,Phase 2,"Active, not recruiting",84,2025-05-22,
NCT100005168,Interventional,Phase 1,Completed,52,2018-07-20,2020-06-30
NCT100005169,Interventional,Phase 3,Completed,38,2018-09-07,2020-09-07
NCT100005170,Interventional,Phase 2,Completed,36,2011-10-20,2013-05-17
NCT100005171,Interventional,Phase 1,Completed,9,2014-01-11,2017-05-07
NCT100005172,Interventional,Phase 1,Completed,226,2015-01-05,2018-09-12
NCT100005173,Interventional,Phase 2,Completed,9,2013-01-14,2014-04-08
NCT100005174,Interventional,Phase 1,Completed,19,2016-02-09,2018-01-03
NCT100005175,Interventional,Phase 2,Recruiting,309,2019-10-29,
NCT100005176,Interventional,Phase 3,Unknown status,69,2016-11-28,
NCT100005177,Interventional,Phase 3,Unknown status,8,2021-08-25,
NCT100005178,Interventional,Phase 1,Terminated,14,2023-09-29,2024-06-27
NCT100005179,Interventional,Phase 1,Completed,39,2024-12-04,2026-10-06
NCT100005180,Interventional,Phase 2,Completed,186,2020-01-27,2022-07-17
NCT100005181,Interventional,Phase 2,Recruiting,148,2023-01-08,
NCT100005182,Interventional,Phase 1,Terminated,72,2011-02-01,2012-07-12
NCT100005183,Interventional,Phase 1,Terminated,188,2018-05-02,2019-12-12
NCT100005184,Interventional,Phase 3,Completed,55,2021-10-29,2024-03-08
NCT100005185,Interventional,Phase 1,Completed,37,2014-01-03,2015-06-17
NCT100005186,Interventional,Phase 1,Unknown status,654,2019-03-02,
NCT100005187,Interventional,Phase 2,Terminated,37,2023-08-17,2024-03-08
NCT100005188,Interventional,Phase 2,"Active, not recruiting",74,2025-08-24,
NCT100005189,Interventional,Phase 3,Completed,16,2020-04-27,2025-04-05
NCT100005190,Interventional,Phase 2,Completed,450,2014-05-08,2017-10-24
NCT100005191,Interventional,Phase 2,Completed,143,2021-07-03,2023-11-10
NCT100005192,Interventional,Phase 1,Recruiting,18,2014-03-23,
NCT100005193,Interventional,Phase 1,Completed,760,2025-11-09,2025-12-31
NCT100005194,Interventional,Phase 4,"Active, not recruiting",94,2022-09-03,
NCT100005195,Interventional,Phase 4,Completed,5,2024-12-29,2025-12-31
NCT100005196,Interventional,Phase 1,Completed,22,2019-02-12,2022-01-23
NCT100005197,Interventional,Phase 3,Recruiting,152,2024-04-11,
NCT100005198,Interventional,Phase 3,Completed,103,2020-07-09,2023-08-16
NCT100005199,Interventional,Phase 4,Completed,311,2017-01-14,2018-07-01
NCT100005200,Interventional,Phase 2,Completed,22,2014-10-17,2016-10-10
NCT100005201,Interventional,Phase 4,Recruiting,5,2024-04-18,
NCT100005202,Interventional,Phase 1,Completed,58,2011-06-21,2013-08-03
NCT100005203,Interventional,Phase 2,Completed,76,2017-05-06,2018-11-22
NCT100005204,Interventional,Phase 3,Recruiting,38,2019-09-30,
NCT100005205,Interventional,Phase 2,Terminated,143,2019-04-03,2020-07-21
NCT100005206,Interventional,Phase 3,Completed,126,2014-06-07,2017-01-06
NCT100005207,Interventional,Phase 1,Completed,5,2015-07-03,2017-03-11
NCT100005208,Interventional,Phase 2,"Active, not recruiting",76,2024-05-22,
NCT100005209,Interventional,Phase 3,"Active, not recruiting",9,2025-08-12,
NCT100005210,Interventional,Phase 1,Completed,42,2014-04-25,2016-02-10
NCT100005211,Interventional,Phase 1,Recruiting,248,2012-10-19,
NCT100005212,Interventional,Phase 3,Completed,343,2011-09-09,2014-01-31
NCT100005213,Interventional,Phase 1,"Active, not recruiting",20,2018-09-07,
NCT100005214,Interventional,Phase 1,"Active, not recruiting",144,2016-06-28,
NCT100005215,Interventional,Phase 1,Recruiting,118,2022-06-04,
NCT100005216,Interventional,Phase 3,Completed,108,2023-05-30,2024-11-17
NCT100005217,Interventional,Phase 2,Completed,30,2025-12-28,2025-12-31
NCT100005218,Interventional,Phase 1,Recruiting,9,2022-09-26,
NCT100005219,Interventional,Phase 1,Completed,408,2024-02-24,2026-11-20
NCT100005220,Interventional,Phase 2,Completed,731,2019-09-10,2025-02-27
NCT100005221,Interventional,Phase 3,"Active, not recruiting",148,2016-07-16,
NCT100005222,Interventional,Phase 2,Completed,72,2013-12-12,2017-02-10
NCT100005223,Interventional,Phase 2,Completed,5,2024-06-09,2026-02-07
NCT100005224,Interventional,Phase 1,Completed,20,2017-01-03,2018-10-05
NCT100005225,Interventional,Phase 1,Terminated,58,2013-01-30,2014-04-01
NCT100005226,Interventional,Phase 2,Completed,28,2017-11-08,2022-01-19
NCT100005227,Interventional,Phase 1,Completed,38,2017-02-02,2019-05-03
NCT100005228,Interventional,Phase 2,Completed,179,2016-06-17,2019-09-06
NCT100005229,Interventional,Phase 4,Completed,5,2018-12-05,2021-02-19
NCT100005230,Interventional,Phase 4,Completed,6,2014-05-23,2016-11-22
NCT100005231,Interventional,Phase 2,Unknown status,5,2020-08-10,
NCT100005232,Interventional,Phase 4,Completed,100,2021-08-31,2023-04-20
NCT100005233,Interventional,Phase 4,Unknown status,51,2019-02-04,
NCT100005234,Interventional,Phase 3,"Active, not recruiting",114,2019-12-24,
NCT100005235,Interventional,Phase 3,Completed,259,2013-12-01,2016-04-23
NCT100005236,Interventional,Phase 3,Completed,197,2024-08-01,2026-08-28
NCT100005237,Interventional,Phase 3,Completed,115,2012-06-01,2014-10-03
NCT100005238,Interventional,Phase 2,Withdrawn,31,2018-03-27,2019-01-03
NCT100005239,Interventional,Phase 3,Completed,80,2011-01-16,2012-11-13
NCT100005240,Interventional,Phase 4,Recruiting,241,2021-07-06,
NCT100005241,Interventional,Phase 1,Terminated,58,2016-08-23,2017-04-25
NCT100005242,Interventional,Phase 2,Completed,15,2014-03-20,2016-01-06
NCT100005243,Interventional,Phase 3,Unknown status,35,2013-03-28,
NCT100005244,Interventional,Phase 4,Completed,258,2017-06-12,2019-03-16
NCT100005245,Interventional,Phase 3,Completed,59,2011-02-01,2013-10-09
NCT100005246,Interventional,Phase 3,Recruiting,87,2024-11-20,
NCT100005247,Interventional,Phase 2,Withdrawn,64,2021-12-24,2022-06-02
NCT100005248,Interventional,Phase 4,Completed,56,2017-04-05,2019-05-31
NCT100005249,Interventional,Phase 2,Unknown status,428,2016-03-30,
NCT100005250,Interventional,Phase 1,Recruiting,273,2024-12-01,
NCT100005251,Interventional,Phase 4,Completed,27,2018-06-11,2021-05-03
NCT100005252,Interventional,Phase 2,Completed,53,2024-10-01,2026-11-09
NCT100005253,Interventional,Phase 3,Withdrawn,451,2012-04-01,2014-03-09
NCT100005254,Interventional,Phase 3,Completed,60,2012-09-19,2015-06-26
NCT100005255,Interventional,Phase 1,"Active, not recruiting",51,2018-12-04,
NCT100005256,Interventional,Phase 3,Completed,1443,2011-02-28,2013-04-23
NCT100005257,Interventional,Phase 4,Completed,119,2016-02-13,2017-06-17
NCT100005258,Interventional,Phase 3,Completed,92,2025-06-23,2025-12-31
NCT100005259,Interventional,Phase 2,"Active, not recruiting",345,2025-11-08,
NCT100005260,Interventional,Phase 4,Completed,14,2021-01-20,2023-08-31
NCT100005261,Interventional,Phase 4,Completed,151,2018-08-07,2020-10-07
NCT100005262,Interventional,Phase 2,Completed,79,2017-06-19,2020-01-14
NCT100005263,Interventional,Phase 3,Terminated,109,2015-08-25,2016-05-17
NCT100005264,Interventional,Phase 2,Recruiting,88,2014-12-11,
NCT100005265,Interventional,Phase 2,Completed,83,2024-10-20,2025-12-31
NCT100005266,Interventional,Phase 2,Completed,280,2024-02-14,2025-08-12
NCT100005267,Interventional,Phase 4,Unknown status,98,2024-10-18,
NCT100005268,Interventional,Phase 2,Recruiting,47,2020-09-17,
NCT100005269,Interventional,Phase 2,Terminated,99,2011-05-29,2011-11-28
NCT100005270,Interventional,Phase 2,Completed,203,2011-01-13,2012-11-26
NCT100005271,Interventional,Phase 1,Completed,191,2013-02-15,2015-01-27
NCT100005272,Interventional,Phase 1,"Active, not recruiting",268,2023-11-17,
NCT100005273,Interventional,Phase 2,Completed,27,2013-01-18,2017-04-11
NCT100005274,Interventional,Phase 4,Terminated,68,2023-12-24,2025-04-02
NCT100005275,Interventional,Phase 2,Completed,279,2012-07-08,2014-12-22
NCT100005276,Interventional,Phase 1,Completed,35,2017-11-08,2019-07-30
NCT100005277,Interventional,Phase 1,Completed,56,2024-10-11,2026-09-12
NCT100005278,Interventional,Phase 1,Completed,10,2024-05-06,2025-12-31
NCT100005279,Interventional,Phase 4,Completed,79,2023-09-17,2025-12-31
NCT100005280,Interventional,Phase 1,Completed,173,2019-05-16,2021-08-21
NCT100005281,Interventional,Phase 2,"Active, not recruiting",38,2014-06-10,
NCT100005282,Interventional,Phase 2,Completed,89,2017-05-18,2020-01-14
NCT100005283,Interventional,Phase 4,Unknown status,42,2024-01-15,
NCT100005284,Interventional,Phase 3,Completed,20,2012-05-30,2015-09-13
NCT100005285,Interventional,Phase 1,Withdrawn,169,2024-06-24,2025-08-13
NCT100005286,Interventional,Phase 1,Recruiting,62,2020-05-16,
NCT100005287,Interventional,Phase 2,Completed,113,2024-12-07,2026-04-17
NCT100005288,Interventional,Phase 1,Terminated,124,2012-10-11,2014-01-15
NCT100005289,Interventional,Phase 2,Unknown status,273,2023-12-24,
NCT100005290,Interventional,Phase 2,"Active, not recruiting",47,2022-03-03,
NCT100005291,Interventional,Phase 4,Completed,59,2023-12-26,2025-12-31
NCT100005292,Interventional,Phase 1,"Active, not recruiting",73,2013-08-30,
NCT100005293,Interventional,Phase 2,Recruiting,111,2024-11-21,
NCT100005294,Interventional,Phase 4,Completed,144,2021-09-21,2023-03-09
NCT100005295,Interventional,Phase 3,Completed,149,2017-10-15,2019-11-03
NCT100005296,Interventional,Phase 4,Completed,109,2014-05-02,2016-11-05
NCT100005297,Interventional,Phase 2,Terminated,24,2025-05-28,2026-07-15
NCT100005298,Interventional,Phase 2,Completed,77,2014-05-20,2016-12-07
NCT100005299,Interventional,Phase 2,Completed,50,2022-04-25,2023-12-10
NCT100005300,Interventional,Phase 2,Recruiting,89,2017-02-15,
NCT100005301,Interventional,Phase 1,Completed,38,2014-06-11,2016-03-19
NCT100005302,Interventional,Phase 2,Recruiting,56,2016-10-01,
NCT100005303,Interventional,Phase 2,Completed,59,2013-05-11,2016-06-11
NCT100005304,Interventional,Phase 2,Completed,331,2012-09-07,2016-05-07
NCT100005305,Interventional,Phase 1,Withdrawn,12,2021-11-13,2022-12-26
NCT100005306,Interventional,Phase 2,Completed,37,2014-06-23,2017-04-08
NCT100005307,Interventional,Phase 1,Completed,18,2016-07-15,2018-02-18
NCT100005308,Interventional,Phase 3,Unknown status,1216,2018-08-17,
NCT100005309,Interventional,Phase 1,Recruiting,61,2018-07-18,
NCT100005310,Interventional,Phase 2,Completed,47,2015-07-09,2018-01-21
NCT100005311,Interventional,Phase 2,Completed,80,2019-06-07,2022-04-21
NCT100005312,Interventional,Phase 1,Recruiting,83,2025-06-27,
NCT100005313,Interventional,Phase 2,Recruiting,139,2015-07-20,
NCT100005314,Interventional,Phase 1,Completed,43,2018-03-20,2020-03-19
NCT100005315,Interventional,Phase 3,Completed,300,2025-05-11,2025-12-31
NCT100005316,Interventional,Phase 2,Completed,15,2023-02-05,2025-12-31
NCT100005317,Interventional,Phase 4,Completed,71,2021-10-08,2024-04-23
NCT100005318,Interventional,Phase 4,Unknown status,36,2018-06-04,
NCT100005319,Interventional,Phase 2,Unknown status,572,2022-02-17,
NCT100005320,Interventional,Phase 3,Completed,225,2025-07-30,2025-12-31
NCT100005321,Interventional,Phase 2,Recruiting,111,2025-10-30,
NCT100005322,Interventional,Phase 2,Completed,62,2015-04-03,2019-02-05
NCT100005323,Interventional,Phase 3,Terminated,43,2023-03-10,2024-01-18
NCT100005324,Interventional,Phase 2,Terminated,153,2024-12-09,2025-11-08
NCT100005325,Interventional,Phase 4,Completed,13,2011-07-31,2014-11-09
NCT100005326,Interventional,Phase 3,Completed,133,2017-01-24,2019-07-06
NCT100005327,Interventional,Phase 4,Completed,38,2020-07-18,2024-04-29
NCT100005328,Interventional,Phase 1,Terminated,199,2019-01-27,2019-08-21
NCT100005329,Interventional,Phase 4,Recruiting,62,2014-05-14,
NCT100005330,Interventional,Phase 2,Completed,38,2015-06-12,2017-05-22
NCT100005331,Interventional,Phase 2,Completed,12,2023-07-29,2026-09-05
NCT100005332,Interventional,Phase 4,Completed,166,2015-08-21,2017-11-10
NCT100005333,Interventional,Phase 3,Completed,123,2023-07-13,2026-07-09
NCT100005334,Interventional,Phase 1,"Active, not recruiting",43,2013-05-19,
NCT100005335,Interventional,Phase 2,Recruiting,12,2014-01-27,
NCT100005336,Interventional,Phase 4,Recruiting,164,2024-05-01,
NCT100005337,Interventional,Phase 2,Completed,688,2016-09-18,2018-05-09
NCT100005338,Interventional,Phase 2,Completed,119,2013-02-17,2014-05-26
NCT100005339,Interventional,Phase 4,Completed,5,2011-10-10,2014-01-09
NCT100005340,Interventional,Phase 1,Completed,19,2012-03-11,2014-08-11
NCT100005341,Interventional,Phase 4,Completed,5,2020-08-08,2023-02-27
NCT100005342,Interventional,Phase 3,Completed,135,2016-03-30,2019-06-30
NCT100005343,Interventional,Phase 1,Completed,5,2018-01-12,2019-09-08
NCT100005344,Interventional,Phase 3,Completed,41,2021-07-24,2024-07-09
NCT100005345,Interventional,Phase 4,Recruiting,230,2014-12-06,
NCT100005346,Interventional,Phase 3,Completed,25,2019-03-02,2021-04-25
NCT100005347,Interventional,Phase 4,Completed,27,2018-05-13,2021-09-04
NCT100005348,Interventional,Phase 2,Completed,104,2021-05-19,2024-12-26
NCT100005349,Interventional,Phase 1,Completed,327,2017-09-25,2019-11-04
NCT100005350,Interventional,Phase 3,Recruiting,31,2013-06-15,
NCT100005351,Interventional,Phase 2,Withdrawn,18,2012-02-26,2013-03-09
NCT100005352,Interventional,Phase 2,Completed,64,2014-07-26,2016-08-09
NCT100005353,Interventional,Phase 2,Completed,106,2013-08-26,2015-01-16
NCT100005354,Interventional,Phase 1,Recruiting,93,2025-02-12,
NCT100005355,Interventional,Phase 3,Completed,568,2022-08-29,2024-04-16
NCT100005356,Interventional,Phase 3,Completed,163,2011-05-27,2012-09-23
NCT100005357,Interventional,Phase 1,"Active, not recruiting",428,2024-08-07,
NCT100005358,Interventional,Phase 1,Recruiting,55,2025-08-30,
NCT100005359,Interventional,Phase 4,Terminated,19,2015-01-07,2016-04-01
NCT100005360,Interventional,Phase 3,Completed,52,2021-12-23,2023-12-12
NCT100005361,Interventional,Phase 2,Completed,56,2022-03-09,2023-06-26
NCT100005362,Interventional,Phase 4,Completed,5,2017-03-25,2019-09-29
NCT100005363,Interventional,Phase 3,Terminated,10,2019-12-25,2021-05-08
NCT100005364,Interventional,Phase 1,Completed,15,2011-04-30,2012-10-08
NCT100005365,Interventional,Phase 2,Completed,47,2024-04-07,2025-12-31
NCT100005366,Interventional,Phase 2,Recruiting,41,2016-04-24,
NCT100005367,Interventional,Phase 2,Completed,83,2017-02-02,2019-08-09
NCT100005368,Interventional,Phase 1,Completed,55,2012-03-26,2015-10-15
NCT100005369,Interventional,Phase 2,Recruiting,253,2014-11-23,
NCT100005370,Interventional,Phase 2,Unknown status,124,2015-08-01,
NCT100005371,Interventional,Phase 2,"Active, not recruiting",27,2023-02-15,
NCT100005372,Interventional,Phase 4,Completed,12,2016-07-03,2018-02-27
NCT100005373,Interventional,Phase 2,Completed,70,2022-01-01,2024-08-05
NCT100005374,Interventional,Phase 1,Unknown status,104,2012-10-05,
NCT100005375,Interventional,Phase 1,"Active, not recruiting",25,2017-02-03,
NCT100005376,Interventional,Phase 3,Recruiting,19,2019-07-06,
NCT100005377,Interventional,Phase 2,Terminated,59,2015-10-13,2016-11-07
NCT100005378,Interventional,Phase 2,Recruiting,8,2012-10-01,
NCT100005379,Interventional,Phase 4,Completed,24,2020-01-15,2022-12-25
NCT100005380,Interventional,Phase 3,Recruiting,51,2013-03-09,
NCT100005381,Interventional,Phase 4,Completed,176,2025-11-04,2025-12-31
NCT100005382,Interventional,Phase 3,Terminated,207,2021-01-23,2022-07-14
NCT100005383,Interventional,Phase 2,Recruiting,54,2011-04-26,
NCT100005384,Interventional,Phase 1,Terminated,35,2021-02-21,2021-08-26
NCT100005385,Interventional,Phase 1,Unknown status,147,2013-01-31,
NCT100005386,Interventional,Phase 2,Unknown status,14,2015-09-07,
NCT100005387,Interventional,Phase 2,Completed,69,2020-01-09,2021-10-12
NCT100005388,Interventional,Phase 3,Completed,15,2023-01-23,2025-12-31
NCT100005389,Interventional,Phase 1,Completed,279,2014-03-24,2017-01-20
NCT100005390,Interventional,Phase 2,Terminated,25,2018-03-03,2018-12-30
NCT100005391,Interventional,Phase 2,Completed,42,2022-03-04,2026-04-18
NCT100005392,Interventional,Phase 1,Terminated,1008,2014-02-14,2017-04-13
NCT100005393,Interventional,Phase 2,Recruiting,130,2020-05-05,
NCT100005394,Interventional,Phase 2,Completed,61,2020-05-15,2022-10-19
NCT100005395,Interventional,Phase 3,Unknown status,65,2018-07-02,
NCT100005396,Interventional,Phase 1,Terminated,32,2021-04-18,2021-09-15
NCT100005397,Interventional,Phase 3,Completed,45,2011-06-13,2013-11-05
NCT100005398,Interventional,Phase 1,Completed,74,2012-06-18,2015-08-03
NCT100005399,Interventional,Phase 3,Completed,74,2018-08-23,2020-05-23
NCT100005400,Interventional,Phase 3,Completed,188,2019-11-02,2021-07-23
NCT100005401,Interventional,Phase 2,"Active, not recruiting",442,2024-09-15,
NCT100005402,Interventional,Phase 3,Completed,36,2013-06-23,2015-02-27
NCT100005403,Interventional,Phase 2,Terminated,264,2019-06-06,2020-11-05
NCT100005404,Interventional,Phase 1,Recruiting,190,2012-01-11,
NCT100005405,Interventional,Phase 2,Completed,81,2016-02-28,2018-09-05
NCT100005406,Interventional,Phase 2,Completed,104,2023-08-24,2026-06-02
NCT100005407,Interventional,Phase 2,Recruiting,48,2015-08-09,
NCT100005408,Interventional,Phase 1,Recruiting,125,2018-10-20,
NCT100005409,Interventional,Phase 3,Terminated,116,2016-10-14,2017-06-14
NCT100005410,Interventional,Phase 3,"Active, not recruiting",76,2018-04-10,
NCT100005411,Interventional,Phase 3,"Active, not recruiting",18,2012-04-23,
NCT100005412,Interventional,Phase 3,Completed,20,2017-04-05,2019-11-16
NCT100005413,Interventional,Phase 2,Completed,47,2018-09-01,2022-02-20
NCT100005414,Interventional,Phase 1,Completed,133,2019-07-09,2020-05-17
NCT100005415,Interventional,Phase 2,"Active, not recruiting",19,2016-07-14,
NCT100005416,Interventional,Phase 2,Unknown status,58,2021-03-25,
NCT100005417,Interventional,Phase 1,Completed,17,2016-03-28,2017-09-03
NCT100005418,Interventional,Phase 3,Recruiting,80,2013-04-08,
NCT100005419,Interventional,Phase 1,Completed,45,2024-06-06,2026-04-23
NCT100005420,Interventional,Phase 1,"Active, not recruiting",576,2021-06-08,
NCT100005421,Interventional,Phase 3,Completed,57,2020-08-13,2022-10-07
NCT100005422,Interventional,Phase 2,Completed,5,2022-11-26,2024-02-27
NCT100005423,Interventional,Phase 1,Recruiting,52,2020-12-19,
NCT100005424,Interventional,Phase 1,Terminated,43,2015-09-29,2017-05-06
NCT100005425,Interventional,Phase 1,Terminated,283,2018-08-17,2018-12-28
NCT100005426,Interventional,Phase 1,Recruiting,179,2022-05-25,
NCT100005427,Interventional,Phase 1,Unknown status,66,2025-07-01,
NCT100005428,Interventional,Phase 3,Terminated,99,2015-09-12,2017-05-09
NCT100005429,Interventional,Phase 3,Completed,195,2012-12-05,2015-04-15
NCT100005430,Interventional,Phase 2,Recruiting,85,2015-05-25,
NCT100005431,Interventional,Phase 1,Withdrawn,220,2011-06-21,2012-08-16
NCT100005432,Interventional,Phase 2,Completed,131,2024-01-09,2025-12-18
NCT100005433,Interventional,Phase 2,Completed,182,2023-02-18,2026-10-17
NCT100005434,Interventional,Phase 3,Completed,551,2021-08-13,2024-07-29
NCT100005435,Interventional,Phase 1,Terminated,60,2020-08-14,2021-10-07
NCT100005436,Interventional,Phase 2,Completed,185,2021-07-29,2024-08-05
NCT100005437,Interventional,Phase 3,Completed,234,2021-06-03,2025-10-10
NCT100005438,Interventional,Phase 2,Unknown status,17,2014-05-30,
NCT100005439,Interventional,Phase 4,Completed,24,2022-04-26,2025-12-04
NCT100005440,Interventional,Phase 4,Completed,346,2011-02-04,2015-01-09
NCT100005441,Interventional,Phase 2,Terminated,136,2015-01-09,2015-08-19
NCT100005442,Interventional,Phase 1,Recruiting,50,2020-03-01,
NCT100005443,Interventional,Phase 2,Terminated,105,2021-03-11,2022-01-06
NCT100005444,Interventional,Phase 4,Unknown status,170,2012-04-15,
NCT100005445,Interventional,Phase 2,Completed,567,2016-01-10,2018-01-28
NCT100005446,Interventional,Phase 2,"Active, not recruiting",105,2025-12-07,
NCT100005447,Interventional,Phase 2,"Active, not recruiting",21,2015-06-13,
NCT100005448,Interventional,Phase 2,Recruiting,13,2011-08-18,
NCT100005449,Interventional,Phase 1,Completed,42,2011-01-28,2012-08-12
NCT100005450,Interventional,Phase 1,Completed,23,2014-06-29,2017-03-27
NCT100005451,Interventional,Phase 4,Recruiting,169,2015-10-01,
NCT100005452,Interventional,Phase 2,Completed,206,2016-06-23,2018-08-24
NCT100005453,Interventional,Phase 3,Completed,1910,2020-12-20,2022-12-25
NCT100005454,Interventional,Phase 2,Completed,16,2021-09-23,2023-02-08
NCT100005455,Interventional,Phase 1,Terminated,35,2021-04-16,2022-01-03
NCT100005456,Interventional,Phase 2,Completed,81,2015-11-19,2017-04-17
NCT100005457,Interventional,Phase 2,Recruiting,147,2023-03-06,
NCT100005458,Interventional,Phase 2,Completed,46,2023-03-25,2024-09-26
NCT100005459,Interventional,Phase 1,Completed,62,2015-12-22,2017-04-12
NCT100005460,Interventional,Phase 3,Recruiting,20,2023-01-28,
NCT100005461,Interventional,Phase 2,Terminated,8,2022-01-20,2023-01-30
NCT100005462,Interventional,Phase 1,Completed,116,2022-11-03,2024-05-06
NCT100005463,Interventional,Phase 3,Unknown status,57,2025-11-24,
NCT100005464,Interventional,Phase 2,Completed,129,2012-02-01,2014-10-11
NCT100005465,Interventional,Phase 2,Completed,12,2016-11-15,2018-11-22
NCT100005466,Interventional,Phase 2,Completed,160,2013-11-01,2016-09-07
NCT100005467,Interventional,Phase 1,Completed,86,2014-06-20,2015-09-13
NCT100005468,Interventional,Phase 2,Terminated,15,2012-01-11,2012-10-15
NCT100005469,Interventional,Phase 2,"Active, not recruiting",48,2012-06-26,
NCT100005470,Interventional,Phase 1,Terminated,15,2020-12-24,2021-10-16
NCT100005471,Interventional,Phase 4,Unknown status,280,2024-01-21,
NCT100005472,Interventional,Phase 1,Completed,239,2019-04-08,2021-02-16
NCT100005473,Interventional,Phase 2,Recruiting,337,2020-08-16,
NCT100005474,Interventional,Phase 4,"Active, not recruiting",90,2011-05-10,
NCT100005475,Interventional,Phase 1,"Active, not recruiting",28,2013-05-09,
NCT100005476,Interventional,Phase 2,Completed,152,2020-08-10,2022-06-01
NCT100005477,Interventional,Phase 2,Completed,85,2018-08-27,2019-12-28
NCT100005478,Interventional,Phase 4,Completed,56,2021-10-18,2023-07-27
NCT100005479,Interventional,Phase 2,Recruiting,56,2015-11-25,
NCT100005480,Interventional,Phase 3,"Active, not recruiting",140,2018-01-27,
NCT100005481,Interventional,Phase 2,Completed,65,2023-02-05,2025-02-20
NCT100005482,Interventional,Phase 2,Completed,21,2017-04-10,2019-09-19
NCT100005483,Interventional,Phase 2,Completed,264,2015-01-13,2016-11-28
NCT100005484,Interventional,Phase 2,"Active, not recruiting",108,2014-06-03,
NCT100005485,Interventional,Phase 4,Completed,752,2022-12-25,2025-10-14
NCT100005486,Interventional,Phase 3,Completed,413,2019-01-20,2021-09-16
NCT100005487,Interventional,Phase 4,Completed,164,2013-05-12,2016-02-21
NCT100005488,Interventional,Phase 3,Completed,170,2022-11-25,2024-12-05
NCT100005489,Interventional,Phase 2,Recruiting,128,2021-07-13,
NCT100005490,Interventional,Phase 2,Recruiting,80,2014-05-16,
NCT100005491,Interventional,Phase 2,Completed,64,2012-08-27,2015-03-05
NCT100005492,Interventional,Phase 4,Recruiting,396,2011-01-27,
NCT100005493,Interventional,Phase 3,"Active, not recruiting",18,2021-05-14,
NCT100005494,Interventional,Phase 3,Completed,98,2011-12-01,2014-07-12
NCT100005495,Interventional,Phase 1,Withdrawn,49,2025-03-18,2025-10-17
NCT100005496,Interventional,Phase 2,Completed,12,2016-03-14,2017-09-30
NCT100005497,Interventional,Phase 3,Completed,44,2023-09-12,2025-12-20
NCT100005498,Interventional,Phase 2,"Active, not recruiting",243,2020-08-24,
NCT100005499,Interventional,Phase 3,Recruiting,47,2015-06-15,
NCT100005500,Interventional,Phase 2,Completed,61,2014-05-15,2016-09-24
NCT100005501,Interventional,Phase 3,Completed,249,2015-07-04,2017-08-26
NCT100005502,Interventional,Phase 1,"Active, not recruiting",229,2024-04-02,
NCT100005503,Interventional,Phase 2,Withdrawn,25,2024-01-20,2025-04-28
NCT100005504,Interventional,Phase 1,Completed,46,2019-03-04,2020-11-14
NCT100005505,Interventional,Phase 3,Completed,42,2015-02-05,2018-04-22
NCT100005506,Interventional,Phase 3,Withdrawn,194,2025-05-02,2026-08-10
NCT100005507,Interventional,Phase 3,Withdrawn,286,2013-05-08,2014-05-06
NCT100005508,Interventional,Phase 2,Terminated,470,2023-11-01,2024-06-06
NCT100005509,Interventional,Phase 3,Completed,102,2025-11-26,2025-12-31
NCT100005510,Interventional,Phase 3,Completed,20,2016-04-20,2017-11-16
NCT100005511,Interventional,Phase 4,Recruiting,132,2011-11-22,
NCT100005512,Interventional,Phase 4,Completed,66,2016-04-29,2018-11-22
NCT100005513,Interventional,Phase 2,Unknown status,37,2011-03-15,
NCT100005514,Interventional,Phase 2,Completed,79,2019-08-29,2021-10-27
NCT100005515,Interventional,Phase 3,Unknown status,133,2012-05-26,
NCT100005516,Interventional,Phase 2,Completed,7,2024-08-19,2026-05-24
NCT100005517,Interventional,Phase 3,Completed,118,2022-12-30,2025-07-23
NCT100005518,Interventional,Phase 1,Terminated,593,2018-11-09,2020-01-05
NCT100005519,Interventional,Phase 3,Terminated,14,2017-01-15,2017-11-20
NCT100005520,Interventional,Phase 3,Completed,15,2022-11-15,2025-09-13
NCT100005521,Interventional,Phase 3,Completed,24,2021-11-12,2024-03-14
NCT100005522,Interventional,Phase 2,"Active, not recruiting",179,2018-12-04,
NCT100005523,Interventional,Phase 2,Completed,42,2017-04-15,2018-10-14
NCT100005524,Interventional,Phase 2,Completed,165,2017-08-30,2020-03-10
NCT100005525,Interventional,Phase 4,Recruiting,29,2012-07-03,
NCT100005526,Interventional,Phase 1,Completed,66,2017-12-10,2020-12-02
NCT100005527,Interventional,Phase 1,Terminated,16,2018-06-09,2018-11-17
NCT100005528,Interventional,Phase 4,Completed,724,2023-01-20,2025-03-17
NCT100005529,Interventional,Phase 1,Withdrawn,114,2023-10-30,2024-08-16
NCT100005530,Interventional,Phase 3,Terminated,246,2021-03-31,2022-06-21
NCT100005531,Interventional,Phase 3,Completed,14,2011-01-30,2014-05-07
NCT100005532,Interventional,Phase 3,Recruiting,214,2019-02-25,
NCT100005533,Interventional,Phase 4,Completed,44,2012-01-23,2016-08-06
NCT100005534,Interventional,Phase 3,Completed,226,2019-10-21,2021-10-22
NCT100005535,Interventional,Phase 1,Completed,17,2013-05-26,2015-09-27
NCT100005536,Interventional,Phase 2,Completed,77,2020-02-24,2022-03-14
NCT100005537,Interventional,Phase 2,Completed,140,2024-06-25,2026-04-11
NCT100005538,Interventional,Phase 2,Completed,59,2014-10-10,2018-04-04
NCT100005539,Interventional,Phase 2,Terminated,34,2023-05-03,2024-09-21
NCT100005540,Interventional,Phase 1,Completed,304,2018-11-27,2020-06-04
NCT100005541,Interventional,Phase 3,Withdrawn,118,2022-11-29,2023-10-30
NCT100005542,Interventional,Phase 2,Completed,108,2021-03-17,2023-10-07
NCT100005543,Interventional,Phase 3,Completed,127,2012-03-27,2015-07-07
NCT100005544,Interventional,Phase 1,Completed,103,2013-12-06,2015-02-03
NCT100005545,Interventional,Phase 3,Completed,393,2016-06-30,2019-12-31
NCT100005546,Interventional,Phase 2,Terminated,119,2022-04-14,2023-08-19
NCT100005547,Interventional,Phase 3,Completed,94,2023-12-31,2025-05-03
NCT100005548,Interventional,Phase 4,Completed,372,2012-10-19,2014-09-22
NCT100005549,Interventional,Phase 3,Completed,23,2023-06-06,2026-09-17
NCT100005550,Interventional,Phase 3,Completed,105,2022-10-24,2025-03-18
NCT100005551,Interventional,Phase 1,Completed,116,2011-07-17,2013-03-22
NCT100005552,Interventional,Phase 1,Completed,17,2011-03-02,2013-12-05
NCT100005553,Interventional,Phase 3,Completed,71,2013-05-10,2015-05-13
NCT100005554,Interventional,Phase 4,Unknown status,84,2025-07-21,
NCT100005555,Interventional,Phase 1,Completed,106,2019-03-17,2022-01-27
NCT100005556,Interventional,Phase 3,Recruiting,426,2013-03-04,
NCT100005557,Interventional,Phase 2,Unknown status,53,2012-08-20,
NCT100005558,Interventional,Phase 2,Completed,42,2013-11-26,2015-11-11
NCT100005559,Interventional,Phase 4,Recruiting,85,2021-08-01,
NCT100005560,Interventional,Phase 3,"Active, not recruiting",26,2019-09-08,
NCT100005561,Interventional,Phase 3,"Active, not recruiting",210,2011-01-01,
NCT100005562,Interventional,Phase 3,Completed,201,2018-02-17,2020-01-04
NCT100005563,Interventional,Phase 1,Completed,28,2013-01-12,2015-07-01
NCT100005564,Interventional,Phase 2,Completed,30,2023-02-25,2025-04-29
NCT100005565,Interventional,Phase 1,Completed,76,2017-11-09,2020-08-11
NCT100005566,Interventional,Phase 2,Completed,425,2025-09-25,2025-12-31
NCT100005567,Interventional,Phase 3,Completed,33,2022-07-22,2024-05-07
NCT100005568,Interventional,Phase 3,Terminated,194,2021-03-17,2022-06-18
NCT100005569,Interventional,Phase 4,Completed,20,2020-08-10,2022-02-12
NCT100005570,Interventional,Phase 1,Completed,22,2015-07-04,2019-03-29
NCT100005571,Interventional,Phase 3,Completed,21,2017-12-19,2020-05-15
NCT100005572,Interventional,Phase 4,Recruiting,157,2018-08-17,
NCT100005573,Interventional,Phase 1,Completed,126,2013-12-20,2017-02-06
NCT100005574,Interventional,Phase 1,Withdrawn,41,2022-05-21,2023-08-11
NCT100005575,Interventional,Phase 4,Completed,56,2020-10-19,2024-02-19
NCT100005576,Interventional,Phase 2,Completed,46,2022-07-24,2024-06-24
NCT100005577,Interventional,Phase 2,Completed,55,2017-09-19,2019-06-06
NCT100005578,Interventional,Phase 1,"Active, not recruiting",13,2015-04-02,
NCT100005579,Interventional,Phase 1,Terminated,252,2019-07-29,2020-04-25
NCT100005580,Interventional,Phase 3,Completed,89,2021-05-02,2023-12-14
NCT100005581,Interventional,Phase 3,Terminated,230,2015-12-25,2016-10-09
NCT100005582,Interventional,Phase 2,Completed,305,2023-03-06,2026-06-20
NCT100005583,Interventional,Phase 1,Terminated,138,2021-06-27,2022-05-11
NCT100005584,Interventional,Phase 2,Unknown status,36,2018-09-04,
NCT100005585,Interventional,Phase 3,Completed,40,2025-02-20,2026-10-05
NCT100005586,Interventional,Phase 3,Completed,141,2011-01-20,2014-09-11
NCT100005587,Interventional,Phase 1,Completed,37,2016-08-08,2017-11-18
NCT100005588,Interventional,Phase 3,"Active, not recruiting",381,2014-06-11,
NCT100005589,Interventional,Phase 1,Completed,5,2016-03-22,2018-08-06
NCT100005590,Interventional,Phase 3,Terminated,465,2017-08-02,2019-01-23
NCT100005591,Interventional,Phase 2,Unknown status,166,2021-09-10,
NCT100005592,Interventional,Phase 3,Completed,490,2018-04-16,2019-11-15
NCT100005593,Interventional,Phase 4,Completed,70,2015-02-01,2016-11-05
NCT100005594,Interventional,Phase 1,Completed,49,2020-10-23,2023-11-19
NCT100005595,Interventional,Phase 2,Completed,10,2018-12-19,2021-08-08
NCT100005596,Interventional,Phase 4,Withdrawn,45,2016-06-06,2016-10-25
NCT100005597,Interventional,Phase 4,Completed,42,2012-01-26,2014-02-25
NCT100005598,Interventional,Phase 4,Recruiting,23,2015-06-04,
NCT100005599,Interventional,Phase 1,Terminated,358,2014-02-23,2014-11-09
NCT100005600,Interventional,Phase 2,"Active, not recruiting",59,2023-07-18,
NCT100005601,Interventional,Phase 2,Completed,69,2015-03-18,2017-10-10
NCT100005602,Interventional,Phase 3,Completed,242,2023-08-10,2025-12-16
NCT100005603,Interventional,Phase 2,Terminated,868,2022-11-19,2024-05-29
NCT100005604,Interventional,Phase 2,Unknown status,40,2021-06-20,
NCT100005605,Interventional,Phase 2,Withdrawn,106,2025-02-22,2025-10-28
NCT100005606,Interventional,Phase 4,Completed,236,2024-03-06,2025-11-29
NCT100005607,Interventional,Phase 2,Completed,356,2013-05-13,2016-06-18
NCT100005608,Interventional,Phase 1,Completed,699,2020-07-26,2022-06-15
NCT100005609,Interventional,Phase 4,Completed,5,2022-11-21,2024-07-02
NCT100005610,Interventional,Phase 2,Completed,144,2022-09-27,2026-01-04
NCT100005611,Interventional,Phase 2,Completed,178,2018-03-22,2020-08-08
NCT100005612,Interventional,Phase 1,Completed,67,2021-10-23,2023-07-02
NCT100005613,Interventional,Phase 2,Completed,389,2014-06-19,2016-11-10
NCT100005614,Interventional,Phase 3,Completed,650,2014-05-08,2017-10-03
NCT100005615,Interventional,Phase 4,Completed,57,2018-05-15,2020-08-12
NCT100005616,Interventional,Phase 1,Completed,40,2022-10-07,2025-05-11
NCT100005617,Interventional,Phase 3,Completed,112,2018-11-26,2022-08-19
NCT100005618,Interventional,Phase 2,Unknown status,59,2018-03-08,
NCT100005619,Interventional,Phase 3,Completed,6,2020-02-15,2024-09-09
NCT100005620,Interventional,Phase 1,Completed,234,2018-12-19,2021-01-10
NCT100005621,Interventional,Phase 3,Completed,51,2022-10-20,2025-10-01
NCT100005622,Interventional,Phase 4,Completed,101,2025-05-23,2026-11-22
NCT100005623,Interventional,Phase 1,Terminated,93,2018-06-29,2019-02-06
NCT100005624,Interventional,Phase 3,"Active, not recruiting",8,2021-06-14,
NCT100005625,Interventional,Phase 3,Completed,16,2015-12-07,2018-12-09
NCT100005626,Interventional,Phase 3,Completed,282,2020-01-15,2023-05-04
NCT100005627,Interventional,Phase 3,Recruiting,26,2016-04-23,
NCT100005628,Interventional,Phase 1,Completed,530,2012-07-25,2014-07-27
NCT100005629,Interventional,Phase 1,Terminated,10,2024-04-15,2025-05-02
NCT100005630,Interventional,Phase 1,Completed,100,2014-07-23,2018-05-13
NCT100005631,Interventional,Phase 4,Withdrawn,45,2023-08-08,2024-10-08
NCT100005632,Interventional,Phase 4,Completed,99,2012-10-03,2014-10-06
NCT100005633,Interventional,Phase 1,Recruiting,26,2012-08-19,
NCT100005634,Interventional,Phase 2,"Active, not recruiting",286,2014-11-04,
NCT100005635,Interventional,Phase 2,Completed,178,2016-11-09,2019-02-17
NCT100005636,Interventional,Phase 3,Completed,200,2018-09-28,2022-02-21
NCT100005637,Interventional,Phase 4,Completed,132,2019-07-01,2022-03-19
NCT100005638,Interventional,Phase 2,Completed,23,2024-10-26,2025-12-31
NCT100005639,Interventional,Phase 2,Unknown status,261,2011-06-09,
NCT100005640,Interventional,Phase 2,Terminated,713,2012-02-24,2012-10-27
NCT100005641,Interventional,Phase 2,Completed,76,2011-02-15,2013-03-12
NCT100005642,Interventional,Phase 1,Recruiting,46,2019-09-08,
NCT100005643,Interventional,Phase 2,Recruiting,93,2017-11-22,
NCT100005644,Interventional,Phase 1,Terminated,16,2015-05-06,2017-04-27
NCT100005645,Interventional,Phase 1,Completed,142,2018-02-25,2020-05-07
NCT100005646,Interventional,Phase 1,Completed,7,2023-10-14,2026-01-13
NCT100005647,Interventional,Phase 3,Completed,65,2015-03-12,2017-07-04
NCT100005648,Interventional,Phase 3,Completed,19,2024-03-25,2025-12-31
NCT100005649,Interventional,Phase 2,Recruiting,771,2024-10-26,
NCT100005650,Interventional,Phase 1,Completed,237,2015-09-04,2018-06-20
NCT100005651,Interventional,Phase 2,Terminated,388,2021-03-19,2022-07-04
NCT100005652,Interventional,Phase 4,Completed,111,2020-06-04,2023-06-21
NCT100005653,Interventional,Phase 3,Unknown status,556,2013-05-21,
NCT100005654,Interventional,Phase 3,Recruiting,30,2015-08-25,
NCT100005655,Interventional,Phase 3,Terminated,30,2017-08-13,2019-04-25
NCT100005656,Interventional,Phase 4,Terminated,101,2011-02-02,2012-01-06
NCT100005657,Interventional,Phase 3,Completed,304,2025-12-11,2025-12-31
NCT100005658,Interventional,Phase 3,Unknown status,40,2017-02-14,
NCT100005659,Interventional,Phase 2,"Active, not recruiting",128,2013-04-28,
NCT100005660,Interventional,Phase 2,Terminated,16,2025-02-02,2025-12-31
NCT100005661,Interventional,Phase 3,Terminated,55,2018-10-25,2019-05-26
NCT100005662,Interventional,Phase 3,Completed,132,2017-07-10,2020-10-18
NCT100005663,Interventional,Phase 1,Terminated,520,2023-02-28,2024-02-22
NCT100005664,Interventional,Phase 2,"Active, not recruiting",5,2013-12-30,
NCT100005665,Interventional,Phase 3,Completed,18,2011-02-20,2013-10-24
NCT100005666,Interventional,Phase 2,Completed,278,2019-09-06,2023-01-06
NCT100005667,Interventional,Phase 2,Recruiting,22,2014-06-23,
NCT100005668,Interventional,Phase 3,Completed,287,2023-12-29,2026-08-30
NCT100005669,Interventional,Phase 2,Terminated,5,2020-06-01,2021-01-16
NCT100005670,Interventional,Phase 4,"Active, not recruiting",45,2021-04-01,
NCT100005671,Interventional,Phase 1,Completed,67,2018-04-05,2020-07-24
NCT100005672,Interventional,Phase 2,Withdrawn,30,2022-09-14,2024-04-11
NCT100005673,Interventional,Phase 1,Completed,79,2022-01-21,2024-01-09
NCT100005674,Interventional,Phase 1,Recruiting,186,2017-11-11,
NCT100005675,Interventional,Phase 3,"Active, not recruiting",132,2015-08-31,
NCT100005676,Interventional,Phase 2,Completed,7,2012-12-18,2015-11-14
NCT100005677,Interventional,Phase 2,Completed,124,2021-07-18,2024-04-30
NCT100005678,Interventional,Phase 2,Completed,81,2017-05-17,2020-06-11
NCT100005679,Interventional,Phase 2,Terminated,25,2019-01-30,2020-07-24
NCT100005680,Interventional,Phase 2,Recruiting,91,2013-09-05,
NCT100005681,Interventional,Phase 1,"Active, not recruiting",36,2023-12-26,
NCT100005682,Interventional,Phase 2,"Active, not recruiting",420,2012-11-14,
NCT100005683,Interventional,Phase 4,Completed,58,2018-10-09,2021-06-13
NCT100005684,Interventional,Phase 3,Terminated,5,2015-06-18,2016-03-29
NCT100005685,Interventional,Phase 3,Unknown status,142,2023-03-09,
NCT100005686,Interventional,Phase 3,Completed,489,2025-04-13,2025-12-31
NCT100005687,Interventional,Phase 2,Unknown status,49,2020-07-01,
NCT100005688,Interventional,Phase 2,Recruiting,986,2025-08-18,
NCT100005689,Interventional,Phase 4,Completed,234,2024-08-12,2025-12-31
NCT100005690,Interventional,Phase 2,Completed,61,2022-06-07,2023-05-10
NCT100005691,Interventional,Phase 3,"Active, not recruiting",68,2014-03-20,
NCT100005692,Interventional,Phase 1,Terminated,36,2013-04-24,2014-03-23
NCT100005693,Interventional,Phase 4,Completed,106,2019-05-13,2021-09-03
NCT100005694,Interventional,Phase 2,Completed,35,2025-11-19,2025-12-31
NCT100005695,Interventional,Phase 3,Unknown status,45,2013-09-04,
NCT100005696,Interventional,Phase 3,Completed,80,2024-05-27,2026-10-03
NCT100005697,Interventional,Phase 2,Completed,413,2015-07-07,2016-10-11
NCT100005698,Interventional,Phase 3,Completed,547,2012-02-03,2013-07-14
NCT100005699,Interventional,Phase 3,Completed,18,2025-06-30,2025-12-31
NCT100005700,Interventional,Phase 4,Completed,22,2022-08-27,2025-11-10
NCT100005701,Interventional,Phase 2,Completed,471,2023-11-26,2026-02-23
NCT100005702,Interventional,Phase 1,Unknown status,107,2018-02-12,
NCT100005703,Interventional,Phase 2,Completed,8,2012-03-22,2013-08-29
NCT100005704,Interventional,Phase 1,Recruiting,100,2024-01-22,
NCT100005705,Interventional,Phase 3,Completed,76,2020-12-29,2023-04-25
NCT100005706,Interventional,Phase 3,Completed,134,2023-01-18,2025-10-12
NCT100005707,Interventional,Phase 3,Completed,64,2018-06-13,2020-05-03
NCT100005708,Interventional,Phase 3,Completed,143,2024-03-06,2025-12-22
NCT100005709,Interventional,Phase 1,Completed,21,2025-09-20,2025-12-31
NCT100005710,Interventional,Phase 2,Completed,374,2020-01-24,2022-07-14
NCT100005711,Interventional,Phase 1,Completed,165,2016-01-26,2017-05-17
NCT100005712,Interventional,Phase 2,Terminated,104,2014-10-05,2015-10-27
NCT100005713,Interventional,Phase 2,Terminated,18,2017-07-04,2018-09-11
NCT100005714,Interventional,Phase 3,Recruiting,239,2018-04-06,
NCT100005715,Interventional,Phase 2,Unknown status,42,2022-08-04,
NCT100005716,Interventional,Phase 3,Unknown status,8,2021-08-13,
NCT100005717,Interventional,Phase 2,Completed,79,2021-02-16,2022-09-22
NCT100005718,Interventional,Phase 1,"Active, not recruiting",163,2021-11-15,
NCT100005719,Interventional,Phase 2,Withdrawn,54,2023-10-31,2024-11-26
NCT100005720,Interventional,Phase 2,Recruiting,61,2019-08-14,
NCT100005721,Interventional,Phase 3,Completed,350,2021-09-17,2023-09-27
NCT100005722,Interventional,Phase 2,Completed,15,2024-02-19,2026-03-07
NCT100005723,Interventional,Phase 4,Terminated,380,2012-03-30,2013-01-08
NCT100005724,Interventional,Phase 3,Completed,364,2013-07-16,2015-05-15
NCT100005725,Interventional,Phase 3,Unknown status,20,2024-05-17,
NCT100005726,Interventional,Phase 2,Completed,22,2011-06-21,2013-05-12
NCT100005727,Interventional,Phase 1,Terminated,8,2018-01-13,2018-12-23
NCT100005728,Interventional,Phase 2,Terminated,642,2023-12-25,2024-09-08
NCT100005729,Interventional,Phase 4,Unknown status,25,2019-12-02,
NCT100005730,Interventional,Phase 1,Withdrawn,129,2012-09-02,2013-06-29
NCT100005731,Interventional,Phase 1,Completed,24,2015-05-17,2017-03-04
NCT100005732,Interventional,Phase 2,Completed,59,2015-02-14,2016-07-12
NCT100005733,Interventional,Phase 2,Completed,258,2014-08-13,2016-05-24
NCT100005734,Interventional,Phase 2,Withdrawn,37,2025-12-26,2026-09-17
NCT100005735,Interventional,Phase 1,Completed,260,2023-10-23,2026-10-05
NCT100005736,Interventional,Phase 1,Completed,39,2018-03-30,2021-04-03
NCT100005737,Interventional,Phase 1,Completed,501,2019-07-03,2021-05-29
NCT100005738,Interventional,Phase 3,Withdrawn,102,2013-11-07,2014-09-11
NCT100005739,Interventional,Phase 1,Completed,473,2016-01-26,2018-04-17
NCT100005740,Interventional,Phase 4,Completed,472,2017-02-22,2020-05-13
NCT100005741,Interventional,Phase 2,Unknown status,150,2021-09-23,
NCT100005742,Interventional,Phase 3,Completed,93,2012-07-08,2014-12-07
NCT100005743,Interventional,Phase 3,Terminated,806,2025-01-06,2025-11-28
NCT100005744,Interventional,Phase 4,"Active, not recruiting",160,2025-09-01,
NCT100005745,Interventional,Phase 3,Completed,118,2013-06-28,2016-05-16
NCT100005746,Interventional,Phase 1,Completed,5,2023-12-12,2025-06-30
NCT100005747,Interventional,Phase 2,Unknown status,5,2017-09-11,
NCT100005748,Interventional,Phase 1,Terminated,89,2021-01-26,2021-09-09
NCT100005749,Interventional,Phase 3,Recruiting,83,2011-01-20,
NCT100005750,Interventional,Phase 4,Completed,435,2015-03-22,2017-08-06
NCT100005751,Interventional,Phase 1,Recruiting,70,2021-07-31,
NCT100005752,Interventional,Phase 4,Completed,34,2016-03-13,2019-01-07
NCT100005753,Interventional,Phase 3,Completed,88,2018-03-19,2020-04-04
NCT100005754,Interventional,Phase 1,"Active, not recruiting",33,2025-01-17,
NCT100005755,Interventional,Phase 2,Recruiting,124,2021-12-20,
NCT100005756,Interventional,Phase 1,Recruiting,15,2012-12-03,
NCT100005757,Interventional,Phase 2,Recruiting,43,2024-07-08,
NCT100005758,Interventional,Phase 3,Completed,35,2021-11-25,2025-07-26
NCT100005759,Interventional,Phase 2,Recruiting,76,2020-04-30,
NCT100005760,Interventional,Phase 1,Terminated,100,2013-06-07,2013-11-24
NCT100005761,Interventional,Phase 1,Completed,314,2017-03-14,2020-03-27
NCT100005762,Interventional,Phase 1,Recruiting,56,2012-12-28,
NCT100005763,Interventional,Phase 2,Completed,48,2020-08-04,2024-02-24
NCT100005764,Interventional,Phase 2,Completed,72,2022-07-20,2024-03-05
NCT100005765,Interventional,Phase 2,Completed,440,2012-02-02,2013-08-28
NCT100005766,Interventional,Phase 4,Completed,218,2020-07-20,2023-03-02
NCT100005767,Interventional,Phase 2,Completed,196,2021-09-13,2023-03-05
NCT100005768,Interventional,Phase 4,Completed,76,2016-04-24,2017-08-01
NCT100005769,Interventional,Phase 1,"Active, not recruiting",105,2012-11-12,
NCT100005770,Interventional,Phase 1,Completed,87,2023-06-02,2025-12-31
NCT100005771,Interventional,Phase 4,Completed,29,2017-11-02,2019-08-17
NCT100005772,Interventional,Phase 2,Completed,1216,2014-07-23,2016-11-30
NCT100005773,Interventional,Phase 3,"Active, not recruiting",7,2011-05-13,
NCT100005774,Interventional,Phase 1,Terminated,24,2020-03-31,2021-03-18
NCT100005775,Interventional,Phase 2,Withdrawn,20,2020-06-14,2021-04-13
NCT100005776,Interventional,Phase 3,Terminated,173,2016-02-05,2017-02-06
NCT100005777,Interventional,Phase 2,Completed,20,2012-10-24,2014-03-18
NCT100005778,Interventional,Phase 1,Unknown status,318,2020-08-15,
NCT100005779,Interventional,Phase 2,Completed,56,2015-02-21,2017-10-17
NCT100005780,Interventional,Phase 1,Completed,120,2014-02-25,2015-10-19
NCT100005781,Interventional,Phase 3,Completed,86,2012-10-24,2016-04-11
NCT100005782,Interventional,Phase 1,Completed,189,2022-07-22,2025-08-14
NCT100005783,Interventional,Phase 4,Completed,62,2017-05-15,2018-08-07
NCT100005784,Interventional,Phase 2,Completed,107,2022-09-09,2024-06-30
NCT100005785,Interventional,Phase 1,Terminated,57,2018-09-06,2019-06-20
NCT100005786,Interventional,Phase 2,Unknown status,110,2015-07-16,
NCT100005787,Interventional,Phase 3,Completed,40,2012-06-16,2015-09-18
NCT100005788,Interventional,Phase 1,Completed,61,2015-06-11,2016-08-20
NCT100005789,Interventional,Phase 1,Terminated,102,2016-12-20,2018-04-20
NCT100005790,Interventional,Phase 2,Completed,183,2013-01-08,2015-07-26
NCT100005791,Interventional,Phase 3,Withdrawn,115,2023-09-23,2025-07-09
NCT100005792,Interventional,Phase 2,Recruiting,265,2019-12-31,
NCT100005793,Interventional,Phase 2,Unknown status,8,2019-02-15,
NCT100005794,Interventional,Phase 4,Completed,16,2020-04-11,2024-05-13
NCT100005795,Interventional,Phase 1,Completed,96,2013-04-26,2018-01-15
NCT100005796,Interventional,Phase 2,"Active, not recruiting",2496,2016-10-19,
NCT100005797,Interventional,Phase 1,"Active, not recruiting",175,2020-06-17,
NCT100005798,Interventional,Phase 1,Completed,13,2021-07-06,2023-05-26
NCT100005799,Interventional,Phase 3,Unknown status,9,2022-08-23,
NCT100005800,Interventional,Phase 4,Completed,34,2024-11-11,2025-12-31
NCT100005801,Interventional,Phase 1,Completed,16,2015-04-28,2018-11-16
NCT100005802,Interventional,Phase 3,Completed,961,2016-08-15,2019-03-28
NCT100005803,Interventional,Phase 2,Completed,25,2020-06-22,2022-02-10
NCT100005804,Interventional,Phase 1,Withdrawn,445,2025-01-01,2025-10-26
NCT100005805,Interventional,Phase 2,Unknown status,20,2015-01-12,
NCT100005806,Interventional,Phase 2,Withdrawn,28,2025-08-28,2026-03-03
NCT100005807,Interventional,Phase 3,"Active, not recruiting",80,2023-10-01,
NCT100005808,Interventional,Phase 1,Recruiting,10,2021-10-03,
NCT100005809,Interventional,Phase 2,Unknown status,897,2020-07-15,
NCT100005810,Interventional,Phase 3,Completed,1641,2016-11-17,2020-01-15
NCT100005811,Interventional,Phase 1,Completed,90,2021-10-04,2023-07-09
NCT100005812,Interventional,Phase 3,Completed,50,2011-11-04,2014-05-04
NCT100005813,Interventional,Phase 4,"Active, not recruiting",1046,2023-11-13,
NCT100005814,Interventional,Phase 2,Completed,11,2023-12-13,2025-12-15
NCT100005815,Interventional,Phase 3,Completed,16,2016-11-02,2019-03-02
NCT100005816,Interventional,Phase 2,Unknown status,896,2012-07-12,
NCT100005817,Interventional,Phase 1,Recruiting,109,2025-04-14,
NCT100005818,Interventional,Phase 1,Completed,67,2013-02-20,2014-09-12
NCT100005819,Interventional,Phase 1,"Active, not recruiting",460,2011-06-23,
NCT100005820,Interventional,Phase 1,Withdrawn,11,2015-10-27,2017-02-20
NCT100005821,Interventional,Phase 3,Completed,110,2015-05-03,2018-04-19
NCT100005822,Interventional,Phase 1,Terminated,18,2023-06-14,2025-07-17
NCT100005823,Interventional,Phase 2,Withdrawn,86,2021-02-03,2022-04-16
NCT100005824,Interventional,Phase 4,"Active, not recruiting",79,2015-10-18,
NCT100005825,Interventional,Phase 1,Completed,25,2025-04-05,2025-12-31
NCT100005826,Interventional,Phase 1,Terminated,202,2020-04-12,2022-03-23
NCT100005827,Interventional,Phase 2,Recruiting,33,2011-09-20,
NCT100005828,Interventional,Phase 2,Completed,56,2014-08-11,2018-08-07
NCT100005829,Interventional,Phase 3,Completed,28,2011-07-18,2014-05-03
NCT100005830,Interventional,Phase 2,Recruiting,9,2012-02-08,
NCT100005831,Interventional,Phase 2,Completed,209,2023-06-21,2025-07-16
NCT100005832,Interventional,Phase 2,Recruiting,212,2020-04-07,
NCT100005833,Interventional,Phase 3,Completed,116,2020-06-21,2021-11-05
NCT100005834,Interventional,Phase 4,Recruiting,83,2012-05-17,
NCT100005835,Interventional,Phase 2,Terminated,366,2021-10-21,2022-05-21
NCT100005836,Interventional,Phase 4,"Active, not recruiting",95,2016-04-17,
NCT100005837,Interventional,Phase 1,Completed,34,2025-12-12,2025-12-31
NCT100005838,Interventional,Phase 3,Completed,202,2011-09-24,2013-09-13
NCT100005839,Interventional,Phase 2,Completed,101,2016-01-12,2017-06-18
NCT100005840,Interventional,Phase 2,Recruiting,17,2018-04-08,
NCT100005841,Interventional,Phase 3,Completed,168,2021-10-31,2023-10-16
NCT100005842,Interventional,Phase 3,"Active, not recruiting",227,2011-06-20,
NCT100005843,Interventional,Phase 3,Completed,170,2021-05-30,2026-01-08
NCT100005844,Interventional,Phase 1,Unknown status,80,2014-05-15,
NCT100005845,Interventional,Phase 2,"Active, not recruiting",50,2021-01-07,
NCT100005846,Interventional,Phase 3,"Active, not recruiting",11,2021-05-01,
NCT100005847,Interventional,Phase 3,Recruiting,8,2024-07-08,
NCT100005848,Interventional,Phase 1,Terminated,60,2024-07-30,2025-02-27
NCT100005849,Interventional,Phase 1,Recruiting,23,2021-08-19,
NCT100005850,Interventional,Phase 1,Recruiting,211,2021-08-25,
NCT100005851,Interventional,Phase 4,Completed,117,2013-08-31,2015-07-03
NCT100005852,Interventional,Phase 1,Completed,109,2020-08-17,2022-12-18
NCT100005853,Interventional,Phase 3,Completed,140,2019-08-14,2022-07-24
NCT100005854,Interventional,Phase 3,Completed,171,2020-12-31,2022-09-26
NCT100005855,Interventional,Phase 1,Completed,11,2018-12-02,2020-10-21
NCT100005856,Interventional,Phase 2,Completed,57,2022-02-09,2023-06-06
NCT100005857,Interventional,Phase 4,"Active, not recruiting",63,2017-03-24,
NCT100005858,Interventional,Phase 2,Withdrawn,116,2019-10-18,2021-03-11
NCT100005859,Interventional,Phase 1,Unknown status,377,2023-11-25,
NCT100005860,Interventional,Phase 2,Completed,78,2018-07-22,2019-07-16
NCT100005861,Interventional,Phase 3,Completed,244,2016-12-25,2020-02-02
NCT100005862,Interventional,Phase 1,Terminated,285,2023-10-27,2024-06-24
NCT100005863,Interventional,Phase 2,Terminated,8,2015-12-08,2016-09-01
NCT100005864,Interventional,Phase 2,Completed,148,2015-03-15,2017-06-06
NCT100005865,Interventional,Phase 2,"Active, not recruiting",6,2015-01-16,
NCT100005866,Interventional,Phase 1,"Active, not recruiting",57,2017-12-05,
NCT100005867,Interventional,Phase 1,Completed,68,2016-05-23,2019-10-14
NCT100005868,Interventional,Phase 1,Terminated,20,2012-07-13,2014-05-18
NCT100005869,Interventional,Phase 1,Completed,7,2020-02-04,2022-06-03
NCT100005870,Interventional,Phase 4,Completed,46,2020-06-04,2022-07-06
NCT100005871,Interventional,Phase 2,Completed,433,2012-02-26,2015-02-28
NCT100005872,Interventional,Phase 2,Terminated,140,2025-08-19,2025-12-31
NCT100005873,Interventional,Phase 3,Completed,94,2011-09-01,2013-11-14
NCT100005874,Interventional,Phase 3,"Active, not recruiting",19,2020-05-07,
NCT100005875,Interventional,Phase 1,Completed,151,2021-02-26,2023-12-15
NCT100005876,Interventional,Phase 1,Completed,957,2025-11-20,2025-12-31
NCT100005877,Interventional,Phase 2,Completed,11,2025-10-21,2025-12-31
NCT100005878,Interventional,Phase 4,"Active, not recruiting",510,2011-12-31,
NCT100005879,Interventional,Phase 3,Completed,58,2020-07-11,2022-04-08
NCT100005880,Interventional,Phase 1,Withdrawn,139,2019-05-17,2020-04-18
NCT100005881,Interventional,Phase 4,Recruiting,98,2016-01-13,
NCT100005882,Interventional,Phase 1,Unknown status,39,2022-03-19,
NCT100005883,Interventional,Phase 4,Recruiting,29,2011-03-30,
NCT100005884,Interventional,Phase 2,Completed,28,2011-10-03,2013-10-13
NCT100005885,Interventional,Phase 3,Completed,324,2016-04-24,2019-08-05
NCT100005886,Interventional,Phase 2,Recruiting,130,2024-12-29,
NCT100005887,Interventional,Phase 2,Unknown status,127,2019-06-29,
NCT100005888,Interventional,Phase 1,Recruiting,42,2021-04-23,
NCT100005889,Interventional,Phase 3,Completed,61,2011-02-27,2012-10-16
NCT100005890,Interventional,Phase 1,Recruiting,255,2017-02-05,
NCT100005891,Interventional,Phase 3,Completed,1730,2016-08-21,2018-07-26
NCT100005892,Interventional,Phase 3,Completed,306,2023-10-31,2026-11-13
NCT100005893,Interventional,Phase 3,Completed,436,2022-05-05,2026-01-03
NCT100005894,Interventional,Phase 4,Completed,7,2011-08-12,2015-05-21
NCT100005895,Interventional,Phase 1,Completed,79,2023-06-23,2024-08-05
NCT100005896,Interventional,Phase 3,Completed,28,2011-02-03,2014-08-11
NCT100005897,Interventional,Phase 2,Completed,48,2015-01-21,2017-06-28
NCT100005898,Interventional,Phase 4,Withdrawn,698,2012-01-11,2012-11-27
NCT100005899,Interventional,Phase 1,Unknown status,309,2011-09-22,
NCT100005900,Interventional,Phase 4,Completed,120,2018-02-28,2023-03-10
NCT100005901,Interventional,Phase 1,Recruiting,283,2021-11-27,
NCT100005902,Interventional,Phase 3,Completed,46,2012-11-12,2016-02-28
NCT100005903,Interventional,Phase 2,Terminated,112,2016-07-21,2017-08-09
NCT100005904,Interventional,Phase 4,Completed,117,2018-07-07,2021-02-03
NCT100005905,Interventional,Phase 2,Unknown status,43,2019-06-15,
NCT100005906,Interventional,Phase 2,Completed,52,2021-03-15,2023-08-28
NCT100005907,Interventional,Phase 2,Recruiting,93,2019-02-19,
NCT100005908,Interventional,Phase 4,Completed,24,2021-02-03,2022-11-26
NCT100005909,Interventional,Phase 4,"Active, not recruiting",42,2013-02-02,
NCT100005910,Interventional,Phase 1,Completed,124,2012-09-30,2014-02-06
NCT100005911,Interventional,Phase 2,Recruiting,635,2021-03-27,
NCT100005912,Interventional,Phase 3,Recruiting,129,2016-02-06,
NCT100005913,Interventional,Phase 1,Completed,9,2020-11-29,2023-07-17
NCT100005914,Interventional,Phase 2,Recruiting,320,2017-01-16,
NCT100005915,Interventional,Phase 2,Completed,17,2019-01-23,2021-12-27
NCT100005916,Interventional,Phase 3,Completed,268,2024-09-04,2026-06-25
NCT100005917,Interventional,Phase 1,Unknown status,21,2025-07-13,
NCT100005918,Interventional,Phase 2,Completed,41,2014-08-30,2017-08-29
NCT100005919,Interventional,Phase 1,Recruiting,30,2011-05-24,
NCT100005920,Interventional,Phase 2,Completed,204,2022-04-21,2023-12-13
NCT100005921,Interventional,Phase 3,Completed,38,2023-05-19,2026-02-26
NCT100005922,Interventional,Phase 2,Withdrawn,466,2016-10-17,2017-08-25
NCT100005923,Interventional,Phase 2,Completed,50,2022-09-08,2024-07-02
NCT100005924,Interventional,Phase 3,Unknown status,157,2012-09-22,
NCT100005925,Interventional,Phase 1,Completed,186,2020-09-08,2021-11-26
NCT100005926,Interventional,Phase 1,Completed,1178,2017-10-26,2020-10-15
NCT100005927,Interventional,Phase 2,Terminated,24,2023-02-15,2023-11-13
NCT100005928,Interventional,Phase 1,Completed,33,2021-11-25,2023-05-25
NCT100005929,Interventional,Phase 1,Completed,22,2011-12-11,2014-08-01
NCT100005930,Interventional,Phase 2,Completed,135,2015-09-26,2017-12-03
NCT100005931,Interventional,Phase 4,Completed,265,2022-04-06,2026-07-31
NCT100005932,Interventional,Phase 1,Terminated,21,2022-10-24,2023-07-04
NCT100005933,Interventional,Phase 2,"Active, not recruiting",1139,2021-05-21,
NCT100005934,Interventional,Phase 1,Completed,36,2012-02-22,2013-07-21
NCT100005935,Interventional,Phase 3,Withdrawn,8,2022-04-05,2023-04-13
NCT100005936,Interventional,Phase 2,Recruiting,90,2022-09-05,
NCT100005937,Interventional,Phase 2,Unknown status,29,2015-11-23,
NCT100005938,Interventional,Phase 4,Completed,39,2012-09-02,2014-05-22
NCT100005939,Interventional,Phase 3,Completed,133,2021-05-22,2024-01-16
NCT100005940,Interventional,Phase 3,Completed,196,2023-07-03,2026-05-11
NCT100005941,Interventional,Phase 4,Recruiting,58,2023-05-03,
NCT100005942,Interventional,Phase 3,Terminated,27,2016-09-05,2018-02-10
NCT100005943,Interventional,Phase 2,Completed,257,2015-06-30,2017-05-03
NCT100005944,Interventional,Phase 1,Completed,609,2018-06-24,2019-10-18
NCT100005945,Interventional,Phase 4,Completed,222,2014-02-21,2016-04-01
NCT100005946,Interventional,Phase 1,Terminated,41,2011-06-26,2011-10-19
NCT100005947,Interventional,Phase 2,Completed,189,2025-01-13,2025-12-31
NCT100005948,Interventional,Phase 1,Terminated,93,2018-11-11,2019-08-02
NCT100005949,Interventional,Phase 1,Terminated,140,2022-09-12,2023-10-16
NCT100005950,Interventional,Phase 3,Recruiting,188,2012-09-05,
NCT100005951,Interventional,Phase 2,Completed,237,2022-12-25,2025-01-16
NCT100005952,Interventional,Phase 1,Terminated,89,2017-03-12,2018-10-16
NCT100005953,Interventional,Phase 4,Completed,91,2018-08-11,2020-07-20
NCT100005954,Interventional,Phase 2,Completed,31,2016-09-29,2018-11-02
NCT100005955,Interventional,Phase 4,Completed,128,2023-11-22,2025-12-31
NCT100005956,Interventional,Phase 1,Terminated,53,2014-09-10,2016-10-16
NCT100005957,Interventional,Phase 2,Completed,486,2016-03-12,2018-04-01
NCT100005958,Interventional,Phase 3,Completed,15,2013-10-02,2016-08-27
NCT100005959,Interventional,Phase 1,Completed,366,2011-04-17,2013-09-07
NCT100005960,Interventional,Phase 2,Completed,17,2015-04-05,2016-12-24
NCT100005961,Interventional,Phase 2,Recruiting,90,2025-06-27,
NCT100005962,Interventional,Phase 2,Completed,87,2020-11-12,2022-08-13
NCT100005963,Interventional,Phase 2,Completed,145,2021-02-15,2023-04-19
NCT100005964,Interventional,Phase 2,Withdrawn,302,2019-04-10,2020-12-09
NCT100005965,Interventional,Phase 2,Completed,54,2013-01-09,2016-01-11
NCT100005966,Interventional,Phase 2,Completed,68,2016-10-07,2018-09-05
NCT100005967,Interventional,Phase 2,Completed,1551,2013-02-11,2016-04-23
NCT100005968,Interventional,Phase 3,Recruiting,174,2011-02-25,
NCT100005969,Interventional,Phase 3,Completed,86,2012-10-31,2017-02-28
NCT100005970,Interventional,Phase 3,Completed,5,2011-07-22,2014-07-04
NCT100005971,Interventional,Phase 3,Completed,328,2019-10-03,2021-10-15
NCT100005972,Interventional,Phase 2,Completed,563,2011-03-18,2012-12-02
NCT100005973,Interventional,Phase 2,Completed,314,2014-09-24,2017-06-11
NCT100005974,Interventional,Phase 3,Recruiting,27,2015-05-27,
NCT100005975,Interventional,Phase 3,Completed,79,2020-02-13,2022-06-12
NCT100005976,Interventional,Phase 4,Completed,92,2023-03-10,2025-01-20
NCT100005977,Interventional,Phase 1,Completed,79,2020-04-04,2022-10-06
NCT100005978,Interventional,Phase 2,Completed,60,2020-05-27,2022-09-30
NCT100005979,Interventional,Phase 3,Completed,75,2023-12-09,2026-05-29
NCT100005980,Interventional,Phase 2,Completed,59,2024-03-15,2025-12-31
NCT100005981,Interventional,Phase 3,Completed,159,2014-01-24,2016-06-04
NCT100005982,Interventional,Phase 2,Withdrawn,1032,2023-09-11,2024-09-14
NCT100005983,Interventional,Phase 2,"Active, not recruiting",24,2012-01-23,
NCT100005984,Interventional,Phase 2,Terminated,85,2013-05-17,2014-06-01
NCT100005985,Interventional,Phase 2,Recruiting,16,2022-09-04,
NCT100005986,Interventional,Phase 4,Recruiting,20,2022-08-25,
NCT100005987,Interventional,Phase 1,"Active, not recruiting",58,2021-09-17,
NCT100005988,Interventional,Phase 3,Completed,655,2012-01-23,2015-05-30
NCT100005989,Interventional,Phase 2,"Active, not recruiting",137,2025-04-22,
NCT100005990,Interventional,Phase 1,Completed,19,2022-01-14,2023-11-05
NCT100005991,Interventional,Phase 3,Completed,29,2023-05-25,2026-07-14
NCT100005992,Interventional,Phase 2,Completed,171,2018-06-03,2021-05-11
NCT100005993,Interventional,Phase 2,Completed,51,2012-03-26,2014-11-29
NCT100005994,Interventional,Phase 1,Completed,495,2025-08-16,2025-12-31
NCT100005995,Interventional,Phase 3,Recruiting,237,2013-08-22,
NCT100005996,Interventional,Phase 3,Completed,166,2016-06-10,2018-11-24
NCT100005997,Interventional,Phase 2,"Active, not recruiting",296,2024-06-13,
NCT100005998,Interventional,Phase 2,Completed,77,2014-03-22,2015-10-17
NCT100005999,Interventional,Phase 4,Recruiting,11,2012-10-03,
NCT100006000,Interventional,Phase 1,Recruiting,1964,2022-08-26,
NCT100006001,Interventional,Phase 4,Unknown status,211,2013-05-27,
NCT100006002,Interventional,Phase 3,"Active, not recruiting",21,2023-08-11,
NCT100006003,Interventional,Phase 3,Unknown status,65,2013-11-21,
NCT100006004,Interventional,Phase 3,Completed,65,2020-05-03,2025-12-31
NCT100006005,Interventional,Phase 4,Completed,20,2013-04-10,2016-08-12
NCT100006006,Interventional,Phase 1,Unknown status,41,2024-12-03,
NCT100006007,Interventional,Phase 3,Unknown status,426,2017-11-26,
NCT100006008,Interventional,Phase 3,Recruiting,59,2018-03-07,
NCT100006009,Interventional,Phase 2,Completed,83,2023-09-03,2026-02-22
NCT100006010,Interventional,Phase 4,Completed,19,2019-11-03,2022-01-06
NCT100006011,Interventional,Phase 2,Completed,231,2017-09-17,2019-12-08
NCT100006012,Interventional,Phase 2,Completed,196,2018-09-28,2021-11-16
NCT100006013,Interventional,Phase 2,Unknown status,39,2024-04-09,
NCT100006014,Interventional,Phase 3,Withdrawn,489,2012-08-26,2013-07-02
NCT100006015,Interventional,Phase 1,Completed,7,2021-06-18,2022-09-04
NCT100006016,Interventional,Phase 2,Completed,26,2018-09-07,2021-02-08
NCT100006017,Interventional,Phase 2,Terminated,693,2011-08-31,2012-09-30
NCT100006018,Interventional,Phase 2,Terminated,8,2025-10-31,2026-12-07
NCT100006019,Interventional,Phase 2,Recruiting,65,2023-06-14,
NCT100006020,Interventional,Phase 1,Terminated,39,2019-11-12,2020-10-02
NCT100006021,Interventional,Phase 1,"Active, not recruiting",19,2018-05-19,
NCT100006022,Interventional,Phase 3,Completed,155,2018-03-10,2021-03-04
NCT100006023,Interventional,Phase 2,Completed,286,2015-07-20,2018-05-22
NCT100006024,Interventional,Phase 3,Completed,24,2012-12-30,2015-08-23
NCT100006025,Interventional,Phase 2,Completed,67,2021-06-19,2024-02-25
NCT100006026,Interventional,Phase 2,Completed,34,2011-08-27,2014-06-23
NCT100006027,Interventional,Phase 2,"Active, not recruiting",2108,2019-03-03,
NCT100006028,Interventional,Phase 2,Completed,21,2017-07-09,2019-04-08
NCT100006029,Interventional,Phase 2,Recruiting,46,2022-09-18,
NCT100006030,Interventional,Phase 3,Completed,93,2020-07-22,2023-01-18
NCT100006031,Interventional,Phase 2,Completed,13,2018-06-19,2021-03-31
NCT100006032,Interventional,Phase 3,"Active, not recruiting",208,2011-12-28,
NCT100006033,Interventional,Phase 4,Unknown status,5,2020-05-10,
NCT100006034,Interventional,Phase 2,Unknown status,76,2015-05-13,
NCT100006035,Interventional,Phase 2,Completed,12,2016-01-14,2020-03-27
NCT100006036,Interventional,Phase 3,Completed,1168,2024-02-21,2025-12-31
NCT100006037,Interventional,Phase 2,Withdrawn,11,2020-03-07,2021-05-13
NCT100006038,Interventional,Phase 2,Withdrawn,13,2012-02-21,2013-05-16
NCT100006039,Interventional,Phase 2,Completed,56,2016-02-03,2018-10-05
NCT100006040,Interventional,Phase 3,Completed,27,2015-04-26,2017-04-30
NCT100006041,Interventional,Phase 1,"Active, not recruiting",29,2013-05-02,
NCT100006042,Interventional,Phase 1,Recruiting,20,2023-09-01,
NCT100006043,Interventional,Phase 3,Completed,50,2020-05-04,2023-02-04
NCT100006044,Interventional,Phase 3,Completed,67,2023-02-20,2025-05-03
NCT100006045,Interventional,Phase 1,"Active, not recruiting",5,2014-01-12,
NCT100006046,Interventional,Phase 4,Recruiting,78,2025-02-12,
NCT100006047,Interventional,Phase 2,Recruiting,1605,2018-08-26,
NCT100006048,Interventional,Phase 3,Completed,281,2022-09-12,2026-12-28
NCT100006049,Interventional,Phase 1,Completed,10,2015-12-08,2018-08-24
NCT100006050,Interventional,Phase 2,Terminated,371,2024-10-28,2025-05-16
NCT100006051,Interventional,Phase 3,Completed,40,2021-06-22,2025-05-24
NCT100006052,Interventional,Phase 3,Completed,60,2018-12-21,2021-08-04
NCT100006053,Interventional,Phase 2,Completed,31,2019-12-15,2021-06-25
NCT100006054,Interventional,Phase 3,Completed,32,2018-09-25,2020-09-22
NCT100006055,Interventional,Phase 1,Terminated,171,2025-05-24,2025-10-28
NCT100006056,Interventional,Phase 2,Completed,75,2025-01-17,2025-12-31
NCT100006057,Interventional,Phase 3,Completed,382,2020-12-28,2023-09-10
NCT100006058,Interventional,Phase 1,Completed,255,2025-01-08,2026-10-05
NCT100006059,Interventional,Phase 2,Terminated,5,2019-03-16,2020-04-17
NCT100006060,Interventional,Phase 2,Unknown status,15,2020-11-19,
NCT100006061,Interventional,Phase 2,Completed,54,2025-02-18,2025-12-31
NCT100006062,Interventional,Phase 1,Completed,136,2018-02-13,2020-01-21
NCT100006063,Interventional,Phase 2,"Active, not recruiting",114,2017-02-09,
NCT100006064,Interventional,Phase 1,Completed,68,2025-11-18,2025-12-31
NCT100006065,Interventional,Phase 1,Recruiting,112,2014-05-06,
NCT100006066,Interventional,Phase 2,Terminated,182,2019-02-03,2020-03-05
NCT100006067,Interventional,Phase 2,Completed,21,2025-10-13,2025-12-31
NCT100006068,Interventional,Phase 3,Completed,15,2023-06-14,2026-01-22
NCT100006069,Interventional,Phase 1,Unknown status,239,2021-03-25,
NCT100006070,Interventional,Phase 1,Unknown status,193,2022-08-09,
NCT100006071,Interventional,Phase 3,Completed,507,2018-04-06,2021-02-28
NCT100006072,Interventional,Phase 1,"Active, not recruiting",8,2013-02-17,
NCT100006073,Interventional,Phase 1,Recruiting,102,2013-05-26,
NCT100006074,Interventional,Phase 4,Completed,178,2022-05-23,2023-11-27
NCT100006075,Interventional,Phase 1,Unknown status,189,2020-04-23,
NCT100006076,Interventional,Phase 2,Completed,141,2015-10-26,2017-10-26
NCT100006077,Interventional,Phase 4,Completed,5,2012-04-29,2014-06-08
NCT100006078,Interventional,Phase 2,"Active, not recruiting",1093,2024-08-08,
NCT100006079,Interventional,Phase 2,Completed,198,2025-10-03,2025-12-31
NCT100006080,Interventional,Phase 2,"Active, not recruiting",16,2023-01-19,
NCT100006081,Interventional,Phase 3,Completed,180,2014-12-07,2017-01-13
NCT100006082,Interventional,Phase 3,Completed,13,2024-05-06,2026-08-28
NCT100006083,Interventional,Phase 2,Completed,31,2022-10-11,2025-04-03
NCT100006084,Interventional,Phase 1,"Active, not recruiting",23,2018-01-17,
NCT100006085,Interventional,Phase 4,Recruiting,110,2018-08-25,
NCT100006086,Interventional,Phase 2,Recruiting,11,2015-12-15,
NCT100006087,Interventional,Phase 3,"Active, not recruiting",21,2016-11-17,
NCT100006088,Interventional,Phase 1,Withdrawn,39,2019-07-04,2020-04-12
NCT100006089,Interventional,Phase 2,Completed,10,2016-05-01,2018-04-24
NCT100006090,Interventional,Phase 2,Recruiting,37,2015-10-07,
NCT100006091,Interventional,Phase 1,Completed,40,2025-12-15,2025-12-31
NCT100006092,Interventional,Phase 2,Completed,51,2025-10-29,2025-12-31
NCT100006093,Interventional,Phase 3,Completed,47,2013-08-08,2015-09-09
NCT100006094,Interventional,Phase 2,Completed,19,2015-10-04,2017-07-22
NCT100006095,Interventional,Phase 2,Completed,63,2024-02-28,2025-04-30
NCT100006096,Interventional,Phase 2,Completed,222,2020-01-08,2022-05-22
NCT100006097,Interventional,Phase 3,Completed,1097,2023-04-22,2026-06-25
NCT100006098,Interventional,Phase 3,Recruiting,81,2012-08-12,
NCT100006099,Interventional,Phase 3,Terminated,30,2018-06-01,2019-10-16
NCT100006100,Interventional,Phase 2,Completed,61,2019-03-29,2020-10-02
NCT100006101,Interventional,Phase 2,"Active, not recruiting",5,2012-05-03,
NCT100006102,Interventional,Phase 4,Completed,35,2020-11-11,2023-12-03
NCT100006103,Interventional,Phase 3,Recruiting,121,2020-01-30,
NCT100006104,Interventional,Phase 2,Completed,84,2015-04-16,2017-04-20
NCT100006105,Interventional,Phase 4,Completed,24,2020-09-02,2023-01-05
NCT100006106,Interventional,Phase 1,"Active, not recruiting",129,2014-01-06,
NCT100006107,Interventional,Phase 2,Unknown status,320,2011-12-17,
NCT100006108,Interventional,Phase 4,Recruiting,544,2022-10-25,
NCT100006109,Interventional,Phase 2,Completed,225,2012-09-02,2015-09-24
NCT100006110,Interventional,Phase 4,Completed,25,2015-02-23,2016-09-15
NCT100006111,Interventional,Phase 2,"Active, not recruiting",564,2018-06-08,
NCT100006112,Interventional,Phase 4,"Active, not recruiting",106,2019-05-24,
NCT100006113,Interventional,Phase 2,Completed,85,2024-06-13,2025-12-31
NCT100006114,Interventional,Phase 2,Completed,178,2018-02-09,2020-01-22
NCT100006115,Interventional,Phase 1,Recruiting,402,2020-12-08,
NCT100006116,Interventional,Phase 3,Completed,22,2018-03-19,2019-09-08
NCT100006117,Interventional,Phase 3,"Active, not recruiting",854,2019-12-07,
NCT100006118,Interventional,Phase 4,Completed,448,2011-08-28,2015-08-06
NCT100006119,Interventional,Phase 3,Completed,10,2018-04-29,2020-10-26
NCT100006120,Interventional,Phase 2,Completed,86,2018-12-31,2022-09-29
NCT100006121,Interventional,Phase 3,Recruiting,81,2014-07-16,
NCT100006122,Interventional,Phase 1,Unknown status,26,2023-01-17,
NCT100006123,Interventional,Phase 2,Completed,100,2014-08-11,2016-10-25
NCT100006124,Interventional,Phase 1,Completed,148,2017-12-21,2019-12-09
NCT100006125,Interventional,Phase 3,"Active, not recruiting",40,2023-08-11,
NCT100006126,Interventional,Phase 2,Completed,61,2013-10-22,2015-05-11
NCT100006127,Interventional,Phase 1,Recruiting,57,2019-08-17,
NCT100006128,Interventional,Phase 3,Completed,61,2020-06-13,2022-05-23
NCT100006129,Interventional,Phase 2,Completed,350,2017-12-10,2020-07-24
NCT100006130,Interventional,Phase 2,Unknown status,83,2023-03-04,
NCT100006131,Interventional,Phase 1,Completed,61,2018-01-07,2019-10-15
NCT100006132,Interventional,Phase 2,Completed,109,2019-09-16,2023-03-22
NCT100006133,Interventional,Phase 3,"Active, not recruiting",69,2025-03-30,
NCT100006134,Interventional,Phase 1,Completed,181,2024-02-27,2026-02-01
NCT100006135,Interventional,Phase 1,"Active, not recruiting",202,2012-07-29,
NCT100006136,Interventional,Phase 3,Completed,32,2025-10-02,2025-12-31
NCT100006137,Interventional,Phase 4,Completed,132,2015-01-15,2017-02-26
NCT100006138,Interventional,Phase 1,Unknown status,50,2016-02-13,
NCT100006139,Interventional,Phase 3,Withdrawn,53,2018-10-09,2020-01-31
NCT100006140,Interventional,Phase 1,Completed,227,2021-12-19,2023-05-07
NCT100006141,Interventional,Phase 3,Completed,61,2015-05-31,2018-05-08
NCT100006142,Interventional,Phase 2,Completed,55,2018-06-09,2023-04-28
NCT100006143,Interventional,Phase 3,Withdrawn,741,2012-06-08,2014-01-12
NCT100006144,Interventional,Phase 2,Unknown status,22,2025-12-16,
NCT100006145,Interventional,Phase 2,Completed,85,2023-12-22,2025-12-31
NCT100006146,Interventional,Phase 3,Completed,284,2022-03-29,2024-10-02
NCT100006147,Interventional,Phase 1,"Active, not recruiting",82,2014-03-31,
NCT100006148,Interventional,Phase 2,Recruiting,65,2013-03-03,
NCT100006149,Interventional,Phase 3,Recruiting,77,2016-08-03,
NCT100006150,Interventional,Phase 2,"Active, not recruiting",106,2024-08-26,
NCT100006151,Interventional,Phase 4,Recruiting,51,2023-05-22,
NCT100006152,Interventional,Phase 1,Recruiting,436,2016-06-04,
NCT100006153,Interventional,Phase 2,Completed,44,2022-08-28,2026-02-28
NCT100006154,Interventional,Phase 2,Completed,142,2015-05-03,2016-11-24
NCT100006155,Interventional,Phase 4,Completed,41,2019-12-27,2021-09-16
NCT100006156,Interventional,Phase 2,Completed,122,2024-04-08,2025-09-25
NCT100006157,Interventional,Phase 2,Unknown status,14,2015-11-10,
NCT100006158,Interventional,Phase 2,Completed,5,2021-01-10,2024-03-04
NCT100006159,Interventional,Phase 2,Completed,79,2017-02-27,2019-02-08
NCT100006160,Interventional,Phase 1,"Active, not recruiting",119,2022-09-10,
NCT100006161,Interventional,Phase 3,Completed,8,2012-05-06,2014-11-02
NCT100006162,Interventional,Phase 1,Terminated,42,2017-07-10,2018-07-18
NCT100006163,Interventional,Phase 3,Completed,61,2013-07-14,2015-10-26
NCT100006164,Interventional,Phase 1,Recruiting,61,2019-02-03,
NCT100006165,Interventional,Phase 2,Terminated,113,2013-12-05,2015-07-08
NCT100006166,Interventional,Phase 3,Completed,21,2020-03-29,2021-11-01
NCT100006167,Interventional,Phase 4,Completed,33,2015-02-28,2016-10-26
NCT100006168,Interventional,Phase 2,Withdrawn,470,2017-09-27,2018-04-04
NCT100006169,Interventional,Phase 4,Completed,79,2021-11-17,2024-01-21
NCT100006170,Interventional,Phase 1,Completed,85,2020-07-12,2021-10-26
NCT100006171,Interventional,Phase 2,Recruiting,13,2023-04-17,
NCT100006172,Interventional,Phase 1,Unknown status,5,2013-02-23,
NCT100006173,Interventional,Phase 4,Terminated,73,2012-09-20,2013-08-20
NCT100006174,Interventional,Phase 2,Completed,23,2021-11-15,2025-04-02
NCT100006175,Interventional,Phase 2,Recruiting,61,2016-03-13,
NCT100006176,Interventional,Phase 4,Completed,256,2014-11-22,2017-02-16
NCT100006177,Interventional,Phase 1,Recruiting,100,2025-09-01,
NCT100006178,Interventional,Phase 4,Terminated,202,2021-12-12,2023-06-08
NCT100006179,Interventional,Phase 4,Completed,115,2017-11-06,2020-10-29
NCT100006180,Interventional,Phase 3,Terminated,447,2017-04-03,2018-08-07
NCT100006181,Interventional,Phase 1,Recruiting,49,2011-06-14,
NCT100006182,Interventional,Phase 3,Completed,39,2017-09-30,2019-11-05
NCT100006183,Interventional,Phase 3,Completed,163,2016-03-03,2017-10-29
NCT100006184,Interventional,Phase 1,Withdrawn,70,2014-08-06,2015-05-07
NCT100006185,Interventional,Phase 4,Completed,54,2018-12-19,2020-12-02
NCT100006186,Interventional,Phase 2,Completed,46,2022-04-10,2024-02-08
NCT100006187,Interventional,Phase 4,Completed,217,2023-04-29,2025-03-05
NCT100006188,Interventional,Phase 4,Completed,65,2022-04-24,2024-04-04
NCT100006189,Interventional,Phase 3,Completed,551,2012-09-10,2016-02-13
NCT100006190,Interventional,Phase 3,Completed,102,2024-09-19,2025-12-31
NCT100006191,Interventional,Phase 2,Terminated,1023,2012-03-29,2013-08-16
NCT100006192,Interventional,Phase 2,"Active, not recruiting",118,2018-09-23,
NCT100006193,Interventional,Phase 2,Withdrawn,8,2023-11-16,2024-08-18
NCT100006194,Interventional,Phase 1,Recruiting,218,2014-12-13,
NCT100006195,Interventional,Phase 2,Withdrawn,10,2025-12-18,2026-08-13
NCT100006196,Interventional,Phase 4,Recruiting,545,2017-09-08,
NCT100006197,Interventional,Phase 4,Withdrawn,233,2013-03-20,2014-06-29
NCT100006198,Interventional,Phase 3,Withdrawn,56,2022-04-09,2022-12-13
NCT100006199,Interventional,Phase 4,Completed,84,2013-06-28,2015-07-17
NCT100006200,Interventional,Phase 2,Completed,17,2013-01-30,2015-02-24
NCT100006201,Interventional,Phase 2,Completed,70,2019-10-05,2021-12-21
NCT100006202,Interventional,Phase 3,Terminated,7,2019-02-05,2020-02-27
NCT100006203,Interventional,Phase 3,Recruiting,80,2017-12-18,
NCT100006204,Interventional,Phase 3,Terminated,232,2024-09-30,2025-06-08
NCT100006205,Interventional,Phase 2,Completed,405,2014-06-13,2018-07-28
NCT100006206,Interventional,Phase 3,Terminated,97,2020-02-24,2020-12-22
NCT100006207,Interventional,Phase 1,Unknown status,143,2022-11-02,
NCT100006208,Interventional,Phase 1,"Active, not recruiting",112,2024-12-21,
NCT100006209,Interventional,Phase 4,Withdrawn,56,2014-03-22,2014-09-12
NCT100006210,Interventional,Phase 3,Completed,177,2021-05-27,2023-11-10
NCT100006211,Interventional,Phase 1,Completed,7,2020-05-29,2021-06-25
NCT100006212,Interventional,Phase 3,Completed,68,2022-06-06,2024-05-20
NCT100006213,Interventional,Phase 3,Completed,220,2013-06-25,2016-07-31
NCT100006214,Interventional,Phase 3,Completed,77,2018-09-13,2021-07-14
NCT100006215,Interventional,Phase 3,Withdrawn,345,2012-11-29,2013-07-27
NCT100006216,Interventional,Phase 1,Terminated,107,2018-01-10,2019-02-22
NCT100006217,Interventional,Phase 1,Completed,116,2017-04-08,2019-10-19
NCT100006218,Interventional,Phase 3,Completed,55,2013-11-26,2016-11-18
NCT100006219,Interventional,Phase 2,"Active, not recruiting",218,2025-08-31,
NCT100006220,Interventional,Phase 3,Recruiting,124,2014-11-08,
NCT100006221,Interventional,Phase 3,Unknown status,77,2014-04-28,
NCT100006222,Interventional,Phase 3,Unknown status,195,2023-09-13,
NCT100006223,Interventional,Phase 4,Completed,396,2019-05-10,2022-04-13
NCT100006224,Interventional,Phase 2,Unknown status,45,2013-09-06,
NCT100006225,Interventional,Phase 3,Withdrawn,627,2018-07-27,2019-03-30
NCT100006226,Interventional,Phase 3,Recruiting,37,2017-07-31,
NCT100006227,Interventional,Phase 3,Completed,260,2015-09-04,2018-09-16
NCT100006228,Interventional,Phase 3,Recruiting,27,2025-03-28,
NCT100006229,Interventional,Phase 2,Completed,48,2015-10-03,2017-06-27
NCT100006230,Interventional,Phase 2,"Active, not recruiting",41,2015-06-03,
NCT100006231,Interventional,Phase 4,Completed,296,2023-06-07,2025-05-01
NCT100006232,Interventional,Phase 3,Withdrawn,53,2012-09-29,2013-10-08
NCT100006233,Interventional,Phase 2,Unknown status,42,2019-02-23,
NCT100006234,Interventional,Phase 3,Completed,94,2019-02-24,2020-10-11
NCT100006235,Interventional,Phase 3,Terminated,64,2011-11-07,2013-05-09
NCT100006236,Interventional,Phase 2,Completed,13,2014-08-22,2016-08-13
NCT100006237,Interventional,Phase 2,Recruiting,45,2017-02-21,
NCT100006238,Interventional,Phase 2,Completed,7,2025-06-25,2025-12-31
NCT100006239,Interventional,Phase 2,Completed,16,2015-05-16,2017-02-01
NCT100006240,Interventional,Phase 2,Recruiting,43,2024-03-07,
NCT100006241,Interventional,Phase 2,Terminated,1185,2011-08-04,2013-02-22
NCT100006242,Interventional,Phase 1,Terminated,75,2018-05-08,2018-12-06
NCT100006243,Interventional,Phase 2,Completed,131,2017-06-05,2019-02-18
NCT100006244,Interventional,Phase 3,Completed,134,2022-11-13,2025-06-22
NCT100006245,Interventional,Phase 3,Terminated,122,2016-09-13,2018-01-23
NCT100006246,Interventional,Phase 1,Completed,85,2024-03-15,2026-03-25
NCT100006247,Interventional,Phase 2,Unknown status,168,2023-04-20,
NCT100006248,Interventional,Phase 3,"Active, not recruiting",229,2023-09-30,
NCT100006249,Interventional,Phase 2,"Active, not recruiting",231,2024-03-08,
NCT100006250,Interventional,Phase 3,Recruiting,237,2023-08-25,
NCT100006251,Interventional,Phase 4,Terminated,144,2020-02-15,2021-06-01
NCT100006252,Interventional,Phase 1,Completed,1219,2012-05-13,2015-04-09
NCT100006253,Interventional,Phase 1,Unknown status,36,2011-07-23,
NCT100006254,Interventional,Phase 2,Terminated,182,2024-06-06,2025-01-03
NCT100006255,Interventional,Phase 3,Completed,191,2013-06-05,2015-05-20
NCT100006256,Interventional,Phase 1,Recruiting,15,2020-08-11,
NCT100006257,Interventional,Phase 3,Completed,27,2016-01-01,2018-09-13
NCT100006258,Interventional,Phase 2,Terminated,116,2019-04-28,2019-12-28
NCT100006259,Interventional,Phase 3,Recruiting,70,2017-01-29,
NCT100006260,Interventional,Phase 2,Completed,87,2025-10-26,2025-12-31
NCT100006261,Interventional,Phase 2,Completed,694,2021-11-18,2024-03-04
NCT100006262,Interventional,Phase 2,Completed,56,2016-08-11,2019-08-18
NCT100006263,Interventional,Phase 2,Withdrawn,176,2023-07-12,2024-07-16
NCT100006264,Interventional,Phase 1,Completed,104,2013-06-14,2015-06-10
NCT100006265,Interventional,Phase 1,Completed,47,2012-03-08,2014-04-09
NCT100006266,Interventional,Phase 2,Completed,314,2019-06-29,2021-07-25
NCT100006267,Interventional,Phase 4,Completed,57,2011-04-05,2013-10-09
NCT100006268,Interventional,Phase 1,Terminated,17,2017-02-12,2018-03-16
NCT100006269,Interventional,Phase 2,Terminated,93,2022-07-20,2023-05-09
NCT100006270,Interventional,Phase 2,Terminated,120,2020-11-06,2021-06-30
NCT100006271,Interventional,Phase 2,Recruiting,313,2025-10-26,
NCT100006272,Interventional,Phase 1,Withdrawn,78,2014-05-01,2015-10-26
NCT100006273,Interventional,Phase 1,Completed,26,2012-04-19,2013-07-20
NCT100006274,Interventional,Phase 2,Withdrawn,11,2021-12-21,2022-07-09
NCT100006275,Interventional,Phase 1,Completed,25,2016-11-16,2018-01-20
NCT100006276,Interventional,Phase 4,Recruiting,5,2014-11-05,
NCT100006277,Interventional,Phase 2,"Active, not recruiting",49,2011-08-04,
NCT100006278,Interventional,Phase 3,Recruiting,61,2011-05-19,
NCT100006279,Interventional,Phase 2,Completed,1062,2022-01-03,2024-01-16
NCT100006280,Interventional,Phase 2,Recruiting,112,2022-09-18,
NCT100006281,Interventional,Phase 2,Completed,181,2012-12-17,2017-07-17
NCT100006282,Interventional,Phase 4,Completed,529,2024-12-10,2026-12-05
NCT100006283,Interventional,Phase 1,Recruiting,373,2021-06-02,
NCT100006284,Interventional,Phase 2,Terminated,82,2012-02-29,2012-08-05
NCT100006285,Interventional,Phase 4,Completed,17,2012-10-09,2015-07-04
NCT100006286,Interventional,Phase 4,Completed,249,2024-01-03,2026-05-15
NCT100006287,Interventional,Phase 3,Recruiting,5,2024-10-12,
NCT100006288,Interventional,Phase 1,Terminated,38,2020-01-02,2020-05-22
NCT100006289,Interventional,Phase 4,Completed,315,2025-12-30,2025-12-31
NCT100006290,Interventional,Phase 4,Completed,94,2014-11-14,2016-09-30
NCT100006291,Interventional,Phase 4,Completed,198,2021-10-22,2024-10-21
NCT100006292,Interventional,Phase 3,Completed,153,2013-07-01,2015-07-16
NCT100006293,Interventional,Phase 2,Completed,438,2013-07-08,2014-10-25
NCT100006294,Interventional,Phase 2,Completed,113,2021-12-17,2024-01-17
NCT100006295,Interventional,Phase 1,Completed,73,2021-05-13,2022-08-16
NCT100006296,Interventional,Phase 1,Terminated,59,2016-04-19,2017-03-12
NCT100006297,Interventional,Phase 3,Withdrawn,37,2025-06-05,2026-06-24
NCT100006298,Interventional,Phase 3,Recruiting,99,2019-05-24,
NCT100006299,Interventional,Phase 2,Completed,89,2022-07-12,2025-05-13
NCT100006300,Interventional,Phase 4,Completed,495,2024-05-15,2026-02-13
NCT100006301,Interventional,Phase 3,Completed,43,2022-10-09,2024-08-14
NCT100006302,Interventional,Phase 2,Terminated,21,2022-06-17,2024-07-31
NCT100006303,Interventional,Phase 3,"Active, not recruiting",10,2020-08-16,
NCT100006304,Interventional,Phase 3,Unknown status,43,2017-11-13,
NCT100006305,Interventional,Phase 1,Terminated,88,2016-01-07,2017-08-01
NCT100006306,Interventional,Phase 2,Terminated,73,2021-11-15,2022-08-31
NCT100006307,Interventional,Phase 2,Terminated,21,2013-12-08,2015-09-28
NCT100006308,Interventional,Phase 2,Completed,154,2016-11-28,2018-02-18
NCT100006309,Interventional,Phase 1,Terminated,108,2025-07-17,2026-02-26
NCT100006310,Interventional,Phase 3,Recruiting,53,2013-04-12,
NCT100006311,Interventional,Phase 2,Withdrawn,81,2021-01-20,2022-03-08
NCT100006312,Interventional,Phase 2,Completed,666,2015-12-27,2017-10-20
NCT100006313,Interventional,Phase 2,Terminated,69,2021-04-17,2023-01-09
NCT100006314,Interventional,Phase 1,Terminated,143,2017-01-07,2017-11-13
NCT100006315,Interventional,Phase 3,Completed,311,2015-03-14,2019-02-25
NCT100006316,Interventional,Phase 2,Recruiting,371,2012-04-14,
NCT100006317,Interventional,Phase 1,Terminated,705,2023-03-06,2024-09-26
NCT100006318,Interventional,Phase 1,Withdrawn,5,2016-06-28,2016-12-20
NCT100006319,Interventional,Phase 1,Recruiting,41,2019-01-30,
NCT100006320,Interventional,Phase 4,Completed,182,2016-12-15,2019-03-04
NCT100006321,Interventional,Phase 1,Completed,162,2016-03-09,2018-02-06
NCT100006322,Interventional,Phase 2,Withdrawn,288,2024-04-10,2025-03-24
NCT100006323,Interventional,Phase 3,Withdrawn,96,2016-05-15,2017-03-27
NCT100006324,Interventional,Phase 2,Completed,250,2025-01-02,2026-03-29
NCT100006325,Interventional,Phase 3,Completed,22,2013-12-16,2015-12-06
NCT100006326,Interventional,Phase 1,Recruiting,73,2015-04-02,
NCT100006327,Interventional,Phase 1,Recruiting,76,2018-02-15,
NCT100006328,Interventional,Phase 3,Completed,73,2016-01-27,2018-05-24
NCT100006329,Interventional,Phase 1,Recruiting,119,2025-01-08,
NCT100006330,Interventional,Phase 4,Recruiting,170,2017-02-05,
NCT100006331,Interventional,Phase 2,Completed,67,2023-10-06,2025-03-24
NCT100006332,Interventional,Phase 2,Completed,75,2012-12-19,2014-05-01
NCT100006333,Interventional,Phase 4,Unknown status,180,2013-06-06,
NCT100006334,Interventional,Phase 1,Completed,65,2022-02-13,2024-05-24
NCT100006335,Interventional,Phase 2,Completed,19,2015-03-31,2017-01-25
NCT100006336,Interventional,Phase 2,Completed,237,2018-04-23,2021-07-14
NCT100006337,Interventional,Phase 1,Completed,62,2024-02-05,2025-12-31
NCT100006338,Interventional,Phase 1,Recruiting,87,2023-09-23,
NCT100006339,Interventional,Phase 3,Unknown status,53,2015-02-25,
NCT100006340,Interventional,Phase 2,Withdrawn,5,2023-05-28,2025-01-01
NCT100006341,Interventional,Phase 4,Completed,94,2020-01-24,2022-09-23
NCT100006342,Interventional,Phase 1,Completed,31,2021-10-23,2023-05-08
NCT100006343,Interventional,Phase 2,Completed,5,2017-07-31,2019-12-06
NCT100006344,Interventional,Phase 2,Completed,203,2024-01-12,2025-12-31
NCT100006345,Interventional,Phase 2,Recruiting,82,2018-05-24,
NCT100006346,Interventional,Phase 1,Terminated,12,2023-05-08,2023-09-13
NCT100006347,Interventional,Phase 1,Terminated,39,2025-07-20,2026-08-09
NCT100006348,Interventional,Phase 1,Completed,116,2018-01-20,2019-07-03
NCT100006349,Interventional,Phase 3,Completed,11,2023-11-22,2025-12-31
NCT100006350,Interventional,Phase 2,Completed,24,2014-06-16,2017-04-17
NCT100006351,Interventional,Phase 3,Completed,151,2022-06-02,2024-11-08
NCT100006352,Interventional,Phase 2,Completed,19,2014-08-13,2015-08-03
NCT100006353,Interventional,Phase 3,Completed,34,2023-03-09,2025-02-08
NCT100006354,Interventional,Phase 3,Completed,110,2016-04-11,2019-04-20
NCT100006355,Interventional,Phase 4,Completed,268,2017-01-13,2019-05-30
NCT100006356,Interventional,Phase 2,"Active, not recruiting",179,2017-03-02,
NCT100006357,Interventional,Phase 2,Completed,12,2025-06-07,2025-12-31
NCT100006358,Interventional,Phase 3,Completed,207,2025-04-25,2025-12-31
NCT100006359,Interventional,Phase 2,Completed,77,2023-06-24,2025-12-31
NCT100006360,Interventional,Phase 2,Completed,73,2020-04-04,2024-04-27
NCT100006361,Interventional,Phase 3,Terminated,23,2025-03-24,2025-12-30
NCT100006362,Interventional,Phase 3,Completed,17,2022-11-23,2025-02-02
NCT100006363,Interventional,Phase 2,Completed,58,2022-10-31,2025-04-09
NCT100006364,Interventional,Phase 2,Completed,50,2018-06-07,2021-02-03
NCT100006365,Interventional,Phase 2,Terminated,40,2024-09-03,2026-06-11
NCT100006366,Interventional,Phase 3,Withdrawn,15,2023-02-26,2023-12-03
NCT100006367,Interventional,Phase 1,Recruiting,172,2012-02-12,
NCT100006368,Interventional,Phase 2,Completed,36,2017-01-26,2018-12-25
NCT100006369,Interventional,Phase 2,Completed,20,2019-07-29,2020-12-07
NCT100006370,Interventional,Phase 1,Completed,46,2014-03-06,2017-08-27
NCT100006371,Interventional,Phase 1,Completed,37,2017-10-17,2019-05-28
NCT100006372,Interventional,Phase 3,Terminated,43,2017-09-07,2018-10-29
NCT100006373,Interventional,Phase 1,"Active, not recruiting",35,2023-07-27,
NCT100006374,Interventional,Phase 2,Recruiting,52,2017-11-13,
NCT100006375,Interventional,Phase 1,Completed,50,2025-02-15,2026-03-13
NCT100006376,Interventional,Phase 1,Completed,159,2025-11-15,2025-12-31
NCT100006377,Interventional,Phase 2,Completed,84,2021-08-27,2023-02-08
NCT100006378,Interventional,Phase 2,Completed,48,2021-12-20,2023-09-23
NCT100006379,Interventional,Phase 4,Unknown status,900,2022-02-28,
NCT100006380,Interventional,Phase 1,Completed,71,2018-06-21,2019-11-25
NCT100006381,Interventional,Phase 2,Terminated,155,2011-10-31,2012-11-08
NCT100006382,Interventional,Phase 2,"Active, not recruiting",206,2024-01-31,
NCT100006383,Interventional,Phase 2,"Active, not recruiting",31,2023-01-04,
NCT100006384,Interventional,Phase 4,Completed,60,2025-11-08,2025-12-31
NCT100006385,Interventional,Phase 2,Unknown status,41,2017-02-12,
NCT100006386,Interventional,Phase 4,Completed,142,2013-11-27,2016-02-27
NCT100006387,Interventional,Phase 4,Completed,32,2017-10-20,2019-11-19
NCT100006388,Interventional,Phase 1,"Active, not recruiting",24,2014-12-18,
NCT100006389,Interventional,Phase 3,Terminated,382,2018-05-04,2019-12-28
NCT100006390,Interventional,Phase 3,Completed,474,2025-09-05,2025-12-31
NCT100006391,Interventional,Phase 1,Completed,91,2022-01-25,2024-07-28
NCT100006392,Interventional,Phase 2,Completed,38,2014-06-01,2017-03-13
NCT100006393,Interventional,Phase 4,Completed,147,2013-02-23,2016-06-22
NCT100006394,Interventional,Phase 2,"Active, not recruiting",68,2024-10-06,
NCT100006395,Interventional,Phase 1,Terminated,189,2017-03-31,2018-04-22
NCT100006396,Interventional,Phase 2,Completed,145,2016-05-13,2019-01-03
NCT100006397,Interventional,Phase 3,Completed,83,2023-08-06,2025-08-20
NCT100006398,Interventional,Phase 3,"Active, not recruiting",36,2022-12-26,
NCT100006399,Interventional,Phase 3,Completed,177,2016-04-13,2019-05-11
NCT100006400,Interventional,Phase 4,Completed,60,2021-04-17,2024-07-25
NCT100006401,Interventional,Phase 1,Completed,9,2022-02-18,2026-04-21
NCT100006402,Interventional,Phase 3,Completed,14,2016-03-16,2018-11-12
NCT100006403,Interventional,Phase 3,Completed,56,2017-11-27,2020-05-04
NCT100006404,Interventional,Phase 2,Terminated,51,2018-05-12,2018-11-25
NCT100006405,Interventional,Phase 1,Completed,32,2014-03-22,2017-01-11
NCT100006406,Interventional,Phase 3,Unknown status,23,2012-11-27,
NCT100006407,Interventional,Phase 2,Completed,47,2022-04-23,2025-01-21
NCT100006408,Interventional,Phase 4,Completed,5,2013-04-27,2015-07-07
NCT100006409,Interventional,Phase 3,Recruiting,75,2020-08-22,
NCT100006410,Interventional,Phase 1,Withdrawn,64,2017-10-28,2018-08-03
NCT100006411,Interventional,Phase 2,Recruiting,94,2018-06-09,
NCT100006412,Interventional,Phase 3,Completed,14,2014-12-31,2017-06-19
NCT100006413,Interventional,Phase 4,Completed,36,2023-03-01,2025-10-25
NCT100006414,Interventional,Phase 1,Withdrawn,33,2016-05-01,2017-02-01
NCT100006415,Interventional,Phase 3,Recruiting,40,2016-11-19,
NCT100006416,Interventional,Phase 1,Recruiting,432,2022-05-25,
NCT100006417,Interventional,Phase 1,"Active, not recruiting",121,2013-12-09,
NCT100006418,Interventional,Phase 3,Completed,48,2011-07-22,2014-03-12
NCT100006419,Interventional,Phase 1,"Active, not recruiting",83,2020-01-01,
NCT100006420,Interventional,Phase 2,Completed,64,2017-03-19,2020-05-16
NCT100006421,Interventional,Phase 2,"Active, not recruiting",22,2025-09-16,
NCT100006422,Interventional,Phase 2,Completed,83,2016-08-12,2018-05-20
NCT100006423,Interventional,Phase 1,Recruiting,31,2025-02-05,
NCT100006424,Interventional,Phase 1,Unknown status,106,2012-09-06,
NCT100006425,Interventional,Phase 4,Completed,5,2019-10-23,2022-05-12
NCT100006426,Interventional,Phase 2,"Active, not recruiting",316,2014-08-20,
NCT100006427,Interventional,Phase 2,Completed,40,2014-06-02,2015-12-10
NCT100006428,Interventional,Phase 2,Completed,23,2020-06-05,2022-02-08
NCT100006429,Interventional,Phase 1,Terminated,44,2017-06-07,2017-12-13
NCT100006430,Interventional,Phase 3,Recruiting,28,2023-03-29,
NCT100006431,Interventional,Phase 4,Completed,122,2013-07-02,2015-09-04
NCT100006432,Interventional,Phase 1,Terminated,145,2018-03-15,2018-08-11
NCT100006433,Interventional,Phase 3,Recruiting,127,2012-03-04,
NCT100006434,Interventional,Phase 3,Completed,82,2011-05-26,2013-10-06
NCT100006435,Interventional,Phase 1,Completed,124,2011-11-24,2013-07-03
NCT100006436,Interventional,Phase 1,Completed,58,2025-07-17,2025-12-31
NCT100006437,Interventional,Phase 1,Completed,26,2018-10-07,2020-03-31
NCT100006438,Interventional,Phase 1,Completed,59,2015-10-30,2018-08-30
NCT100006439,Interventional,Phase 1,Unknown status,17,2021-01-11,
NCT100006440,Interventional,Phase 2,"Active, not recruiting",83,2018-02-04,
NCT100006441,Interventional,Phase 1,Completed,14,2017-08-28,2019-08-24
NCT100006442,Interventional,Phase 1,"Active, not recruiting",110,2014-04-05,
NCT100006443,Interventional,Phase 1,"Active, not recruiting",448,2012-01-11,
NCT100006444,Interventional,Phase 2,Withdrawn,1754,2022-11-25,2023-09-11
NCT100006445,Interventional,Phase 3,Terminated,168,2024-10-16,2025-09-16
NCT100006446,Interventional,Phase 2,Withdrawn,179,2016-07-09,2017-08-18
NCT100006447,Interventional,Phase 2,Completed,28,2022-09-10,2025-09-13
NCT100006448,Interventional,Phase 1,Completed,436,2017-04-05,2020-10-15
NCT100006449,Interventional,Phase 3,Completed,45,2017-11-12,2020-03-04
NCT100006450,Interventional,Phase 2,Terminated,79,2015-06-05,2015-11-15
NCT100006451,Interventional,Phase 2,"Active, not recruiting",89,2016-01-06,
NCT100006452,Interventional,Phase 3,Completed,67,2022-03-02,2023-11-15
NCT100006453,Interventional,Phase 1,Completed,5,2017-11-01,2019-05-29
NCT100006454,Interventional,Phase 3,Completed,36,2025-04-11,2025-12-31
NCT100006455,Interventional,Phase 1,Recruiting,101,2016-02-02,
NCT100006456,Interventional,Phase 2,Terminated,332,2016-09-20,2018-10-25
NCT100006457,Interventional,Phase 2,Completed,85,2024-04-14,2026-03-31
NCT100006458,Interventional,Phase 2,Terminated,824,2017-02-27,2018-08-20
NCT100006459,Interventional,Phase 1,Recruiting,19,2021-10-26,
NCT100006460,Interventional,Phase 3,"Active, not recruiting",412,2023-08-25,
NCT100006461,Interventional,Phase 4,Completed,16,2025-11-26,2025-12-31
NCT100006462,Interventional,Phase 1,Completed,42,2023-06-27,2025-12-31
NCT100006463,Interventional,Phase 4,Recruiting,11,2015-12-20,
NCT100006464,Interventional,Phase 1,Terminated,38,2013-12-28,2014-11-23
NCT100006465,Interventional,Phase 2,Recruiting,160,2023-04-25,
NCT100006466,Interventional,Phase 3,Unknown status,189,2022-10-16,
NCT100006467,Interventional,Phase 3,Withdrawn,45,2015-04-18,2016-10-05
NCT100006468,Interventional,Phase 3,Completed,39,2023-08-04,2025-08-17
NCT100006469,Interventional,Phase 3,Completed,270,2013-07-01,2016-03-18
NCT100006470,Interventional,Phase 2,Completed,63,2022-12-22,2026-09-03
NCT100006471,Interventional,Phase 2,Withdrawn,14,2011-08-08,2012-04-13
NCT100006472,Interventional,Phase 4,Unknown status,170,2017-10-03,
NCT100006473,Interventional,Phase 4,Completed,166,2023-05-26,2026-12-04
NCT100006474,Interventional,Phase 2,Terminated,10,2023-12-11,2025-03-01
NCT100006475,Interventional,Phase 2,Completed,182,2012-03-31,2016-04-12
NCT100006476,Interventional,Phase 2,"Active, not recruiting",29,2024-09-07,
NCT100006477,Interventional,Phase 1,Withdrawn,50,2017-05-02,2018-11-24
NCT100006478,Interventional,Phase 1,Completed,94,2025-08-20,2025-12-31
NCT100006479,Interventional,Phase 2,Unknown status,433,2019-01-21,
NCT100006480,Interventional,Phase 1,Completed,294,2025-01-15,2026-08-31
NCT100006481,Interventional,Phase 2,Recruiting,118,2023-01-26,
NCT100006482,Interventional,Phase 4,Recruiting,181,2019-01-10,
NCT100006483,Interventional,Phase 1,Terminated,198,2023-08-01,2024-02-08
NCT100006484,Interventional,Phase 4,Completed,505,2015-11-08,2018-03-03
NCT100006485,Interventional,Phase 2,Terminated,100,2012-10-10,2013-09-27
NCT100006486,Interventional,Phase 2,"Active, not recruiting",152,2012-11-23,
NCT100006487,Interventional,Phase 1,Unknown status,41,2015-04-14,
NCT100006488,Interventional,Phase 2,Recruiting,25,2020-08-09,
NCT100006489,Interventional,Phase 3,Completed,167,2025-11-14,2025-12-31
NCT100006490,Interventional,Phase 1,Terminated,29,2024-08-05,2025-03-31
NCT100006491,Interventional,Phase 2,Completed,108,2023-01-24,2025-02-17
NCT100006492,Interventional,Phase 4,Completed,23,2025-05-11,2026-11-03
NCT100006493,Interventional,Phase 1,Completed,416,2024-09-16,2025-12-31
NCT100006494,Interventional,Phase 3,Completed,41,2014-05-23,2017-03-29
NCT100006495,Interventional,Phase 2,Recruiting,19,2011-02-17,
NCT100006496,Interventional,Phase 2,Terminated,99,2011-01-03,2012-09-26
NCT100006497,Interventional,Phase 1,Completed,501,2012-05-21,2014-05-06
NCT100006498,Interventional,Phase 4,Completed,61,2013-05-22,2015-03-20
NCT100006499,Interventional,Phase 2,"Active, not recruiting",50,2017-03-09,
NCT100006500,Interventional,Phase 3,Completed,135,2011-06-16,2013-06-07
NCT100006501,Interventional,Phase 4,Completed,52,2013-10-15,2016-01-12
NCT100006502,Interventional,Phase 2,"Active, not recruiting",44,2022-09-08,
NCT100006503,Interventional,Phase 2,Completed,43,2014-08-31,2017-05-23
NCT100006504,Interventional,Phase 1,Terminated,36,2011-09-02,2012-10-08
NCT100006505,Interventional,Phase 4,Completed,247,2013-08-27,2015-10-09
NCT100006506,Interventional,Phase 2,Completed,76,2022-05-12,2023-07-17
NCT100006507,Interventional,Phase 2,Completed,62,2019-07-21,2021-11-21
NCT100006508,Interventional,Phase 1,Completed,40,2018-11-15,2021-07-13
NCT100006509,Interventional,Phase 1,Completed,23,2013-05-01,2014-12-22
NCT100006510,Interventional,Phase 1,Completed,12,2012-06-07,2013-09-13
NCT100006511,Interventional,Phase 2,Unknown status,403,2019-08-19,
NCT100006512,Interventional,Phase 1,Completed,15,2020-11-25,2022-09-10
NCT100006513,Interventional,Phase 3,Recruiting,75,2020-05-11,
NCT100006514,Interventional,Phase 4,Unknown status,855,2011-08-14,
NCT100006515,Interventional,Phase 1,Completed,10,2018-09-08,2020-09-08
NCT100006516,Interventional,Phase 4,"Active, not recruiting",83,2020-12-15,
NCT100006517,Interventional,Phase 3,Completed,104,2022-01-11,2025-01-23
NCT100006518,Interventional,Phase 3,Terminated,201,2015-04-12,2016-02-16
NCT100006519,Interventional,Phase 1,"Active, not recruiting",9,2016-02-24,
NCT100006520,Interventional,Phase 2,Completed,223,2011-12-19,2014-01-25
NCT100006521,Interventional,Phase 1,Recruiting,102,2018-11-20,
NCT100006522,Interventional,Phase 1,Completed,173,2016-05-30,2018-07-05
NCT100006523,Interventional,Phase 3,Completed,241,2011-07-20,2013-06-03
NCT100006524,Interventional,Phase 3,Unknown status,5,2015-05-28,
NCT100006525,Interventional,Phase 2,"Active, not recruiting",90,2023-05-26,
NCT100006526,Interventional,Phase 2,Completed,44,2014-05-01,2016-12-06
NCT100006527,Interventional,Phase 2,Completed,27,2012-10-02,2014-10-20
NCT100006528,Interventional,Phase 3,Completed,122,2012-01-16,2014-11-07
NCT100006529,Interventional,Phase 3,Completed,27,2020-08-28,2024-12-10
NCT100006530,Interventional,Phase 2,"Active, not recruiting",295,2023-06-27,
NCT100006531,Interventional,Phase 3,Completed,5,2015-05-06,2017-02-13
NCT100006532,Interventional,Phase 3,Completed,32,2022-07-09,2024-05-13
NCT100006533,Interventional,Phase 3,Completed,27,2021-02-26,2023-01-28
NCT100006534,Interventional,Phase 2,Completed,56,2019-02-26,2022-10-13
NCT100006535,Interventional,Phase 2,Withdrawn,7,2014-05-16,2014-10-26
NCT100006536,Interventional,Phase 1,Completed,9,2012-01-17,2014-06-07
NCT100006537,Interventional,Phase 3,"Active, not recruiting",163,2024-10-24,
NCT100006538,Interventional,Phase 3,Terminated,77,2021-07-07,2022-10-04
NCT100006539,Interventional,Phase 2,Unknown status,11,2024-04-14,
NCT100006540,Interventional,Phase 4,Completed,86,2015-09-17,2019-06-20
NCT100006541,Interventional,Phase 2,Completed,98,2020-03-16,2022-05-28
NCT100006542,Interventional,Phase 1,Terminated,20,2022-12-17,2024-01-15
NCT100006543,Interventional,Phase 2,Unknown status,350,2012-01-14,
NCT100006544,Interventional,Phase 3,Completed,15,2024-04-25,2026-10-12
NCT100006545,Interventional,Phase 2,Completed,59,2015-03-21,2017-05-26
NCT100006546,Interventional,Phase 1,Completed,272,2023-09-01,2024-12-24
NCT100006547,Interventional,Phase 2,Completed,233,2014-11-03,2016-04-22
NCT100006548,Interventional,Phase 3,Completed,57,2011-08-19,2014-01-24
NCT100006549,Interventional,Phase 3,Completed,126,2023-06-09,2026-02-13
NCT100006550,Interventional,Phase 2,"Active, not recruiting",15,2013-05-11,
NCT100006551,Interventional,Phase 2,Completed,9,2023-02-14,2025-04-06
NCT100006552,Interventional,Phase 3,Recruiting,54,2018-12-02,
NCT100006553,Interventional,Phase 2,"Active, not recruiting",62,2020-07-04,
NCT100006554,Interventional,Phase 4,Completed,68,2022-05-16,2024-01-27
NCT100006555,Interventional,Phase 1,Unknown status,174,2018-01-15,
NCT100006556,Interventional,Phase 4,Completed,348,2023-04-02,2024-06-12
NCT100006557,Interventional,Phase 2,Completed,12,2022-03-24,2024-09-16
NCT100006558,Interventional,Phase 4,Recruiting,251,2012-07-31,
NCT100006559,Interventional,Phase 3,Completed,33,2017-04-28,2019-08-12
NCT100006560,Interventional,Phase 3,Unknown status,52,2023-11-02,
NCT100006561,Interventional,Phase 4,Unknown status,210,2024-04-12,
NCT100006562,Interventional,Phase 1,Terminated,24,2023-07-22,2025-01-06
NCT100006563,Interventional,Phase 2,Completed,151,2021-04-18,2023-11-30
NCT100006564,Interventional,Phase 2,Unknown status,28,2012-12-26,
NCT100006565,Interventional,Phase 1,Completed,46,2017-03-20,2019-03-24
NCT100006566,Interventional,Phase 3,"Active, not recruiting",50,2023-08-27,
NCT100006567,Interventional,Phase 4,Completed,27,2014-05-11,2017-07-14
NCT100006568,Interventional,Phase 4,Completed,790,2021-06-22,2022-12-16
NCT100006569,Interventional,Phase 2,Completed,52,2018-03-09,2021-09-04
NCT100006570,Interventional,Phase 2,Completed,77,2014-10-03,2015-12-16
NCT100006571,Interventional,Phase 1,Terminated,72,2020-08-26,2023-03-17
NCT100006572,Interventional,Phase 2,Completed,343,2022-11-22,2025-07-31
NCT100006573,Interventional,Phase 2,Completed,273,2019-03-17,2021-03-20
NCT100006574,Interventional,Phase 2,Completed,184,2013-05-11,2014-12-29
NCT100006575,Interventional,Phase 3,Completed,44,2018-02-11,2022-06-12
NCT100006576,Interventional,Phase 1,Terminated,63,2016-12-09,2017-08-17
NCT100006577,Interventional,Phase 3,Completed,1120,2014-05-23,2017-04-10
NCT100006578,Interventional,Phase 3,Terminated,232,2022-07-13,2023-07-12
NCT100006579,Interventional,Phase 3,Completed,48,2020-01-26,2022-11-09
NCT100006580,Interventional,Phase 2,Unknown status,7,2021-02-20,
NCT100006581,Interventional,Phase 2,Completed,176,2016-01-23,2017-11-01
NCT100006582,Interventional,Phase 3,"Active, not recruiting",52,2021-12-29,
NCT100006583,Interventional,Phase 3,Completed,99,2022-05-02,2024-03-15
NCT100006584,Interventional,Phase 3,Completed,122,2022-06-17,2025-11-01
NCT100006585,Interventional,Phase 4,Completed,157,2022-11-23,2026-06-10
NCT100006586,Interventional,Phase 1,Withdrawn,50,2018-01-13,2018-11-17
NCT100006587,Interventional,Phase 1,Completed,36,2025-10-21,2025-12-31
NCT100006588,Interventional,Phase 3,Completed,806,2020-01-11,2021-11-17
NCT100006589,Interventional,Phase 2,Completed,41,2014-01-18,2016-04-11
NCT100006590,Interventional,Phase 2,"Active, not recruiting",45,2011-03-25,
NCT100006591,Interventional,Phase 3,Unknown status,59,2017-08-02,
NCT100006592,Interventional,Phase 2,Completed,62,2015-01-30,2016-03-31
NCT100006593,Interventional,Phase 4,Completed,10,2022-10-05,2024-11-08
NCT100006594,Interventional,Phase 2,Recruiting,48,2021-12-21,
NCT100006595,Interventional,Phase 1,"Active, not recruiting",441,2011-09-19,
NCT100006596,Interventional,Phase 4,Completed,85,2019-11-01,2023-11-10
NCT100006597,Interventional,Phase 2,Completed,56,2022-07-19,2025-05-14
NCT100006598,Interventional,Phase 1,Completed,35,2025-02-27,2026-07-18
NCT100006599,Interventional,Phase 2,Completed,99,2018-04-10,2020-07-23
NCT100006600,Interventional,Phase 4,Completed,183,2011-10-14,2015-02-21
NCT100006601,Interventional,Phase 3,Completed,848,2016-06-12,2018-12-09
NCT100006602,Interventional,Phase 3,Completed,115,2016-04-15,2020-06-17
NCT100006603,Interventional,Phase 2,Unknown status,56,2023-04-23,
NCT100006604,Interventional,Phase 3,Recruiting,23,2023-05-26,
NCT100006605,Interventional,Phase 1,Terminated,71,2024-01-20,2025-07-12
NCT100006606,Interventional,Phase 1,Unknown status,36,2018-11-22,
NCT100006607,Interventional,Phase 1,"Active, not recruiting",11,2019-03-05,
NCT100006608,Interventional,Phase 1,Completed,168,2018-01-22,2019-12-15
NCT100006609,Interventional,Phase 3,Terminated,135,2016-11-08,2017-12-09
NCT100006610,Interventional,Phase 4,Completed,71,2019-05-06,2021-11-29
NCT100006611,Interventional,Phase 2,Completed,94,2017-03-12,2019-06-03
NCT100006612,Interventional,Phase 4,Completed,51,2014-01-31,2016-07-07
NCT100006613,Interventional,Phase 3,Recruiting,25,2020-08-04,
NCT100006614,Interventional,Phase 2,Completed,1459,2017-07-05,2019-12-15
NCT100006615,Interventional,Phase 2,Unknown status,186,2018-01-21,
NCT100006616,Interventional,Phase 2,Completed,527,2011-03-03,2014-02-20
NCT100006617,Interventional,Phase 2,"Active, not recruiting",76,2013-01-20,
NCT100006618,Interventional,Phase 2,"Active, not recruiting",85,2014-10-18,
NCT100006619,Interventional,Phase 4,Completed,480,2017-04-05,2018-11-19
NCT100006620,Interventional,Phase 3,Recruiting,266,2018-11-08,
NCT100006621,Interventional,Phase 1,Completed,91,2015-05-15,2017-05-05
NCT100006622,Interventional,Phase 3,Completed,30,2016-01-25,2018-08-18
NCT100006623,Interventional,Phase 2,"Active, not recruiting",42,2023-09-25,
NCT100006624,Interventional,Phase 2,Completed,12,2017-09-18,2019-12-10
NCT100006625,Interventional,Phase 3,Completed,77,2022-06-10,2023-10-17
NCT100006626,Interventional,Phase 3,Completed,14,2023-02-03,2026-01-01
NCT100006627,Interventional,Phase 1,Completed,88,2023-05-22,2026-03-04
NCT100006628,Interventional,Phase 3,Unknown status,229,2018-10-20,
NCT100006629,Interventional,Phase 4,Completed,96,2021-09-16,2023-05-23
NCT100006630,Interventional,Phase 2,Terminated,5,2011-11-01,2012-07-13
NCT100006631,Interventional,Phase 2,Completed,49,2016-11-17,2018-06-20
NCT100006632,Interventional,Phase 2,Completed,107,2013-03-18,2015-10-06
NCT100006633,Interventional,Phase 3,Recruiting,45,2016-04-24,
NCT100006634,Interventional,Phase 3,Completed,411,2019-08-23,2023-01-23
NCT100006635,Interventional,Phase 1,Completed,107,2018-03-24,2020-07-01
NCT100006636,Interventional,Phase 3,Recruiting,399,2017-11-27,
NCT100006637,Interventional,Phase 4,Completed,208,2013-05-03,2016-09-15
NCT100006638,Interventional,Phase 1,Unknown status,35,2020-12-10,
NCT100006639,Interventional,Phase 2,Terminated,47,2022-02-17,2023-06-03
NCT100006640,Interventional,Phase 3,"Active, not recruiting",63,2015-09-25,
NCT100006641,Interventional,Phase 3,Completed,84,2013-11-02,2018-03-10
NCT100006642,Interventional,Phase 2,Unknown status,54,2019-06-06,
NCT100006643,Interventional,Phase 3,Withdrawn,110,2012-01-24,2013-12-20
NCT100006644,Interventional,Phase 3,Withdrawn,11,2021-01-03,2022-03-06
NCT100006645,Interventional,Phase 3,"Active, not recruiting",15,2015-01-02,
NCT100006646,Interventional,Phase 2,Completed,317,2016-09-21,2019-06-02
NCT100006647,Interventional,Phase 3,Completed,101,2025-05-20,2025-12-31
NCT100006648,Interventional,Phase 3,"Active, not recruiting",54,2014-08-30,
NCT100006649,Interventional,Phase 2,Completed,14,2012-08-23,2015-07-17
NCT100006650,Interventional,Phase 2,"Active, not recruiting",22,2025-06-25,
NCT100006651,Interventional,Phase 1,"Active, not recruiting",60,2014-12-17,
NCT100006652,Interventional,Phase 4,Completed,33,2011-02-07,2013-03-10
NCT100006653,Interventional,Phase 1,Terminated,67,2024-10-29,2025-10-08
NCT100006654,Interventional,Phase 2,Completed,22,2017-09-12,2018-12-30
NCT100006655,Interventional,Phase 1,Recruiting,58,2023-07-20,
NCT100006656,Interventional,Phase 4,Completed,24,2015-11-19,2017-05-25
NCT100006657,Interventional,Phase 3,Terminated,54,2016-05-17,2017-08-15
NCT100006658,Interventional,Phase 2,Unknown status,49,2022-03-30,
NCT100006659,Interventional,Phase 4,Completed,28,2023-04-05,2024-07-18
NCT100006660,Interventional,Phase 3,Completed,27,2023-04-02,2026-10-29
NCT100006661,Interventional,Phase 2,"Active, not recruiting",636,2015-05-25,
NCT100006662,Interventional,Phase 3,Completed,69,2014-10-18,2017-03-21
NCT100006663,Interventional,Phase 1,Completed,1059,2021-03-04,2023-06-23
NCT100006664,Interventional,Phase 1,Completed,96,2013-10-23,2014-11-14
NCT100006665,Interventional,Phase 4,"Active, not recruiting",73,2016-02-16,
NCT100006666,Interventional,Phase 4,Completed,95,2016-07-21,2017-11-24
NCT100006667,Interventional,Phase 2,Completed,100,2018-10-10,2022-08-03
NCT100006668,Interventional,Phase 2,Completed,41,2014-08-02,2017-10-22
NCT100006669,Interventional,Phase 1,Unknown status,38,2014-03-30,
NCT100006670,Interventional,Phase 4,Completed,178,2014-05-23,2018-01-08
NCT100006671,Interventional,Phase 3,Completed,6,2014-02-10,2015-11-26
NCT100006672,Interventional,Phase 1,Withdrawn,23,2015-05-25,2016-04-05
NCT100006673,Interventional,Phase 3,Completed,123,2020-07-23,2022-08-16
NCT100006674,Interventional,Phase 1,Recruiting,22,2013-09-22,
NCT100006675,Interventional,Phase 4,Completed,461,2021-12-06,2025-03-14
NCT100006676,Interventional,Phase 4,Recruiting,64,2017-10-02,
NCT100006677,Interventional,Phase 1,Terminated,5,2016-04-13,2016-12-14
NCT100006678,Interventional,Phase 2,Completed,92,2018-01-17,2020-08-05
NCT100006679,Interventional,Phase 2,Completed,145,2011-10-04,2014-07-24
NCT100006680,Interventional,Phase 2,"Active, not recruiting",125,2011-02-06,
NCT100006681,Interventional,Phase 2,Completed,86,2014-08-03,2016-05-02
NCT100006682,Interventional,Phase 2,Completed,127,2021-02-05,2025-01-08
NCT100006683,Interventional,Phase 1,Recruiting,59,2023-07-07,
NCT100006684,Interventional,Phase 4,Withdrawn,8,2016-04-05,2017-06-27
NCT100006685,Interventional,Phase 2,Completed,80,2017-03-25,2019-03-15
NCT100006686,Interventional,Phase 4,Completed,35,2022-05-06,2025-07-09
NCT100006687,Interventional,Phase 2,"Active, not recruiting",84,2023-11-07,
NCT100006688,Interventional,Phase 1,Completed,38,2016-07-26,2020-07-10
NCT100006689,Interventional,Phase 3,Recruiting,99,2021-03-05,
NCT100006690,Interventional,Phase 3,Completed,40,2025-03-23,2025-12-31
NCT100006691,Interventional,Phase 1,Completed,281,2016-01-26,2017-04-12
NCT100006692,Interventional,Phase 2,Completed,26,2025-11-19,2025-12-31
NCT100006693,Interventional,Phase 3,Completed,17,2016-06-05,2018-04-15
NCT100006694,Interventional,Phase 2,Completed,35,2013-12-29,2015-11-12
NCT100006695,Interventional,Phase 3,Unknown status,30,2019-09-09,
NCT100006696,Interventional,Phase 2,Terminated,99,2018-08-01,2020-01-23
NCT100006697,Interventional,Phase 2,Recruiting,20,2015-08-31,
NCT100006698,Interventional,Phase 1,Terminated,12,2012-09-25,2013-07-02
NCT100006699,Interventional,Phase 2,Unknown status,146,2013-06-21,
NCT100006700,Interventional,Phase 4,Completed,38,2017-09-29,2021-04-25
NCT100006701,Interventional,Phase 3,"Active, not recruiting",97,2015-06-23,
NCT100006702,Interventional,Phase 2,"Active, not recruiting",217,2019-01-08,
NCT100006703,Interventional,Phase 2,Completed,74,2013-01-18,2014-07-01
NCT100006704,Interventional,Phase 1,Recruiting,44,2024-08-01,
NCT100006705,Interventional,Phase 1,Terminated,119,2012-06-19,2013-05-22
NCT100006706,Interventional,Phase 3,"Active, not recruiting",89,2022-10-21,
NCT100006707,Interventional,Phase 4,Completed,651,2018-10-09,2020-08-19
NCT100006708,Interventional,Phase 1,Recruiting,151,2016-12-02,
NCT100006709,Interventional,Phase 4,Completed,36,2011-10-11,2014-08-08
NCT100006710,Interventional,Phase 3,Completed,382,2018-06-11,2021-07-13
NCT100006711,Interventional,Phase 2,Withdrawn,34,2021-04-19,2022-03-06
NCT100006712,Interventional,Phase 1,Terminated,51,2014-01-19,2015-03-26
NCT100006713,Interventional,Phase 2,Unknown status,738,2017-02-16,
NCT100006714,Interventional,Phase 2,Recruiting,17,2019-12-14,
NCT100006715,Interventional,Phase 2,Completed,5,2023-04-14,2026-12-10
NCT100006716,Interventional,Phase 1,Completed,16,2019-05-01,2020-07-12
NCT100006717,Interventional,Phase 4,Completed,160,2016-05-28,2018-07-12
NCT100006718,Interventional,Phase 1,Completed,140,2017-01-30,2020-03-10
NCT100006719,Interventional,Phase 3,Completed,43,2018-07-30,2021-03-14
NCT100006720,Interventional,Phase 2,Terminated,32,2011-06-08,2012-06-14
NCT100006721,Interventional,Phase 2,"Active, not recruiting",79,2024-10-01,
NCT100006722,Interventional,Phase 1,Completed,112,2014-04-07,2015-10-13
NCT100006723,Interventional,Phase 4,Completed,113,2024-09-26,2025-12-31
NCT100006724,Interventional,Phase 3,Completed,97,2024-08-07,2026-08-26
NCT100006725,Interventional,Phase 1,Terminated,7,2016-12-08,2017-09-01
NCT100006726,Interventional,Phase 2,Completed,78,2022-12-17,2025-02-28
NCT100006727,Interventional,Phase 1,Completed,10,2023-09-15,2025-12-31
NCT100006728,Interventional,Phase 2,Unknown status,104,2011-07-07,
NCT100006729,Interventional,Phase 2,Withdrawn,14,2012-10-13,2013-06-26
NCT100006730,Interventional,Phase 2,Withdrawn,33,2016-06-20,2017-06-06
NCT100006731,Interventional,Phase 3,Completed,29,2011-03-19,2012-11-01
NCT100006732,Interventional,Phase 2,Withdrawn,60,2018-05-06,2018-11-18
NCT100006733,Interventional,Phase 1,Completed,40,2015-02-24,2018-07-18
NCT100006734,Interventional,Phase 2,Terminated,9,2020-08-05,2021-03-30
NCT100006735,Interventional,Phase 3,Completed,112,2022-03-10,2024-11-06
NCT100006736,Interventional,Phase 3,Completed,91,2023-02-26,2025-12-07
NCT100006737,Interventional,Phase 1,Terminated,330,2012-07-14,2013-04-14
NCT100006738,Interventional,Phase 2,Unknown status,329,2017-08-26,
NCT100006739,Interventional,Phase 2,Completed,1687,2018-05-10,2020-01-08
NCT100006740,Interventional,Phase 3,Withdrawn,133,2024-08-06,2025-08-05
NCT100006741,Interventional,Phase 1,Completed,50,2016-08-09,2021-06-15
NCT100006742,Interventional,Phase 4,"Active, not recruiting",127,2023-11-29,
NCT100006743,Interventional,Phase 1,Completed,39,2019-10-15,2021-06-01
NCT100006744,Interventional,Phase 3,Completed,100,2023-08-19,2025-12-31
NCT100006745,Interventional,Phase 4,Completed,7,2022-08-08,2024-10-10
NCT100006746,Interventional,Phase 1,Completed,186,2020-06-11,2023-04-08
NCT100006747,Interventional,Phase 2,Completed,121,2016-12-26,2021-08-08
NCT100006748,Interventional,Phase 4,"Active, not recruiting",539,2025-05-12,
NCT100006749,Interventional,Phase 2,"Active, not recruiting",284,2014-02-23,
NCT100006750,Interventional,Phase 1,Recruiting,16,2016-07-31,
NCT100006751,Interventional,Phase 2,Completed,65,2012-03-27,2014-06-12
NCT100006752,Interventional,Phase 1,Recruiting,47,2021-11-04,
NCT100006753,Interventional,Phase 3,Completed,31,2014-07-07,2016-10-11
NCT100006754,Interventional,Phase 2,Recruiting,63,2016-12-02,
NCT100006755,Interventional,Phase 2,Withdrawn,359,2023-10-21,2024-10-18
NCT100006756,Interventional,Phase 2,Withdrawn,126,2016-06-15,2017-04-19
NCT100006757,Interventional,Phase 3,"Active, not recruiting",104,2022-08-14,
NCT100006758,Interventional,Phase 4,Completed,73,2018-09-08,2020-07-06
NCT100006759,Interventional,Phase 4,Recruiting,55,2011-11-10,
NCT100006760,Interventional,Phase 1,Terminated,232,2016-05-13,2016-11-12
NCT100006761,Interventional,Phase 1,Terminated,60,2025-03-14,2025-06-24
NCT100006762,Interventional,Phase 2,Completed,222,2025-05-21,2026-08-02
NCT100006763,Interventional,Phase 2,Completed,26,2021-09-03,2024-07-31
NCT100006764,Interventional,Phase 4,Completed,26,2015-01-06,2018-07-28
NCT100006765,Interventional,Phase 2,Terminated,371,2021-05-22,2022-05-17
NCT100006766,Interventional,Phase 3,Withdrawn,1408,2021-10-22,2022-09-14
NCT100006767,Interventional,Phase 3,Completed,458,2021-12-27,2025-01-31
NCT100006768,Interventional,Phase 3,Completed,5,2023-05-31,2025-11-10
NCT100006769,Interventional,Phase 2,Completed,18,2020-11-12,2023-11-23
NCT100006770,Interventional,Phase 2,Completed,52,2017-02-12,2019-10-09
NCT100006771,Interventional,Phase 2,Completed,236,2011-04-03,2013-08-13
NCT100006772,Interventional,Phase 3,Terminated,64,2015-01-18,2016-04-30
NCT100006773,Interventional,Phase 3,Completed,41,2015-07-04,2017-02-26
NCT100006774,Interventional,Phase 2,Completed,720,2011-01-01,2014-06-30
NCT100006775,Interventional,Phase 4,Completed,115,2022-06-03,2024-08-05
NCT100006776,Interventional,Phase 3,"Active, not recruiting",567,2011-06-13,
NCT100006777,Interventional,Phase 2,Recruiting,133,2024-11-25,
NCT100006778,Interventional,Phase 3,Completed,232,2020-04-01,2023-10-23
NCT100006779,Interventional,Phase 2,Completed,151,2021-06-22,2023-09-28
NCT100006780,Interventional,Phase 3,"Active, not recruiting",24,2019-08-23,
NCT100006781,Interventional,Phase 3,Completed,767,2017-02-04,2019-02-27
NCT100006782,Interventional,Phase 3,"Active, not recruiting",154,2015-11-03,
NCT100006783,Interventional,Phase 1,Recruiting,170,2015-09-06,
NCT100006784,Interventional,Phase 1,Terminated,5,2023-03-25,2023-08-20
NCT100006785,Interventional,Phase 2,"Active, not recruiting",28,2013-03-28,
NCT100006786,Interventional,Phase 1,Unknown status,32,2023-09-15,
NCT100006787,Interventional,Phase 1,Recruiting,24,2018-03-27,
NCT100006788,Interventional,Phase 4,Completed,5,2025-03-17,2025-12-31
NCT100006789,Interventional,Phase 3,Recruiting,206,2018-11-24,
NCT100006790,Interventional,Phase 2,Terminated,38,2017-07-12,2018-09-01
NCT100006791,Interventional,Phase 3,"Active, not recruiting",46,2025-11-14,
NCT100006792,Interventional,Phase 3,Completed,167,2012-11-03,2015-01-11
NCT100006793,Interventional,Phase 1,Completed,8,2011-08-03,2013-09-24
NCT100006794,Interventional,Phase 1,Withdrawn,26,2024-10-14,2026-02-09
NCT100006795,Interventional,Phase 2,Completed,46,2025-04-13,2025-12-31
NCT100006796,Interventional,Phase 3,Completed,126,2023-05-12,2025-11-30
NCT100006797,Interventional,Phase 3,Completed,73,2025-02-12,2026-08-30
NCT100006798,Interventional,Phase 2,Completed,197,2015-01-11,2017-01-02
NCT100006799,Interventional,Phase 1,"Active, not recruiting",16,2016-06-09,
NCT100006800,Interventional,Phase 2,Unknown status,400,2015-09-22,
NCT100006801,Interventional,Phase 3,Completed,14,2011-05-12,2013-05-11
NCT100006802,Interventional,Phase 4,Completed,1009,2016-06-15,2020-08-31
NCT100006803,Interventional,Phase 2,Completed,35,2023-02-24,2025-09-05
NCT100006804,Interventional,Phase 1,"Active, not recruiting",25,2014-02-26,
NCT100006805,Interventional,Phase 2,Terminated,20,2018-10-05,2020-04-30
NCT100006806,Interventional,Phase 3,Completed,278,2011-03-16,2014-11-13
NCT100006807,Interventional,Phase 3,Unknown status,15,2018-11-15,
NCT100006808,Interventional,Phase 1,Recruiting,264,2023-12-10,
NCT100006809,Interventional,Phase 2,Completed,494,2023-06-29,2025-04-16
NCT100006810,Interventional,Phase 3,Recruiting,50,2020-08-05,
NCT100006811,Interventional,Phase 1,Completed,28,2013-08-09,2016-02-11
NCT100006812,Interventional,Phase 3,Completed,14,2014-08-08,2016-05-07
NCT100006813,Interventional,Phase 4,Withdrawn,39,2022-11-23,2024-04-30
NCT100006814,Interventional,Phase 3,"Active, not recruiting",55,2016-11-12,
NCT100006815,Interventional,Phase 1,Completed,9,2018-01-22,2021-09-30
NCT100006816,Interventional,Phase 2,Completed,350,2014-10-18,2016-10-28
NCT100006817,Interventional,Phase 1,Unknown status,273,2019-01-24,
NCT100006818,Interventional,Phase 4,"Active, not recruiting",84,2025-07-07,
NCT100006819,Interventional,Phase 2,Completed,300,2012-10-03,2014-06-28
NCT100006820,Interventional,Phase 1,Completed,7,2023-10-25,2025-06-03
NCT100006821,Interventional,Phase 2,Completed,27,2012-11-26,2015-03-14
NCT100006822,Interventional,Phase 2,Recruiting,7,2011-08-04,
NCT100006823,Interventional,Phase 2,Completed,103,2017-01-07,2018-06-28
NCT100006824,Interventional,Phase 1,Terminated,55,2013-04-24,2014-02-15
NCT100006825,Interventional,Phase 2,Terminated,35,2021-01-29,2022-02-06
NCT100006826,Interventional,Phase 2,Unknown status,118,2023-05-22,
NCT100006827,Interventional,Phase 4,Completed,164,2022-07-12,2025-12-04
NCT100006828,Interventional,Phase 1,Completed,11,2022-02-20,2024-04-28
NCT100006829,Interventional,Phase 1,Withdrawn,15,2012-12-25,2013-12-28
NCT100006830,Interventional,Phase 3,Completed,69,2021-05-09,2024-07-30
NCT100006831,Interventional,Phase 3,Recruiting,54,2023-05-25,
NCT100006832,Interventional,Phase 1,Unknown status,28,2020-06-27,
NCT100006833,Interventional,Phase 3,Completed,90,2018-09-01,2021-09-08
NCT100006834,Interventional,Phase 3,Recruiting,153,2022-10-12,
NCT100006835,Interventional,Phase 2,Unknown status,185,2022-01-03,
NCT100006836,Interventional,Phase 2,Completed,170,2025-06-17,2025-12-31
NCT100006837,Interventional,Phase 3,"Active, not recruiting",373,2012-08-13,
NCT100006838,Interventional,Phase 3,Completed,226,2017-10-22,2020-07-05
NCT100006839,Interventional,Phase 1,Recruiting,15,2024-01-21,
NCT100006840,Interventional,Phase 2,Completed,8,2015-09-29,2017-10-04
NCT100006841,Interventional,Phase 2,Terminated,60,2015-08-22,2016-03-11
NCT100006842,Interventional,Phase 3,Completed,9,2021-03-14,2023-03-20
NCT100006843,Interventional,Phase 2,"Active, not recruiting",67,2017-04-17,
NCT100006844,Interventional,Phase 3,"Active, not recruiting",46,2022-04-25,
NCT100006845,Interventional,Phase 2,Completed,83,2015-02-13,2017-01-14
NCT100006846,Interventional,Phase 3,Completed,72,2016-09-20,2021-05-04
NCT100006847,Interventional,Phase 3,Withdrawn,153,2011-04-05,2013-01-24
NCT100006848,Interventional,Phase 1,Completed,45,2021-11-20,2026-09-23
NCT100006849,Interventional,Phase 1,"Active, not recruiting",42,2023-09-10,
NCT100006850,Interventional,Phase 2,Recruiting,98,2021-09-30,
NCT100006851,Interventional,Phase 3,Completed,205,2022-08-22,2024-11-25
NCT100006852,Interventional,Phase 4,Completed,473,2014-03-25,2015-11-05
NCT100006853,Interventional,Phase 1,"Active, not recruiting",88,2021-02-18,
NCT100006854,Interventional,Phase 4,Unknown status,15,2025-04-12,
NCT100006855,Interventional,Phase 2,"Active, not recruiting",86,2012-11-06,
NCT100006856,Interventional,Phase 1,Completed,5,2017-08-30,2020-01-21
NCT100006857,Interventional,Phase 1,Completed,42,2024-10-22,2026-09-21
NCT100006858,Interventional,Phase 2,Terminated,19,2012-05-05,2013-02-17
NCT100006859,Interventional,Phase 3,Unknown status,63,2015-12-12,
NCT100006860,Interventional,Phase 3,"Active, not recruiting",47,2025-09-20,
NCT100006861,Interventional,Phase 2,Completed,53,2013-01-25,2015-08-21
NCT100006862,Interventional,Phase 3,Unknown status,338,2020-05-09,
NCT100006863,Interventional,Phase 1,Recruiting,59,2021-06-22,
NCT100006864,Interventional,Phase 3,Completed,112,2011-09-09,2013-08-10
NCT100006865,Interventional,Phase 2,Completed,25,2017-11-01,2019-09-18
NCT100006866,Interventional,Phase 3,Completed,278,2015-10-28,2018-09-12
NCT100006867,Interventional,Phase 3,"Active, not recruiting",14,2016-08-25,
NCT100006868,Interventional,Phase 1,Completed,576,2017-12-08,2019-12-26
NCT100006869,Interventional,Phase 2,Recruiting,43,2014-10-01,
NCT100006870,Interventional,Phase 4,Recruiting,30,2025-11-14,
NCT100006871,Interventional,Phase 2,"Active, not recruiting",435,2013-01-28,
NCT100006872,Interventional,Phase 4,Unknown status,183,2012-08-08,
NCT100006873,Interventional,Phase 1,"Active, not recruiting",23,2015-05-09,
NCT100006874,Interventional,Phase 3,"Active, not recruiting",58,2012-06-05,
NCT100006875,Interventional,Phase 3,Completed,79,2025-07-30,2025-12-31
NCT100006876,Interventional,Phase 1,Unknown status,5,2014-01-31,
NCT100006877,Interventional,Phase 2,Recruiting,7,2019-09-13,
NCT100006878,Interventional,Phase 2,Recruiting,139,2024-06-09,
NCT100006879,Interventional,Phase 4,Completed,11,2013-05-05,2015-01-06
NCT100006880,Interventional,Phase 3,Completed,13,2014-07-25,2017-05-15
NCT100006881,Interventional,Phase 2,Completed,32,2016-06-26,2018-10-19
NCT100006882,Interventional,Phase 1,"Active, not recruiting",118,2025-03-04,
NCT100006883,Interventional,Phase 3,Completed,85,2022-02-10,2026-11-04
NCT100006884,Interventional,Phase 1,Completed,34,2024-03-14,2025-11-19
NCT100006885,Interventional,Phase 4,Completed,90,2012-10-15,2016-06-19
NCT100006886,Interventional,Phase 1,Unknown status,1101,2017-07-11,
NCT100006887,Interventional,Phase 3,Completed,118,2019-12-09,2023-08-06
NCT100006888,Interventional,Phase 2,Completed,55,2025-09-11,2025-12-31
NCT100006889,Interventional,Phase 3,Terminated,126,2018-03-24,2019-05-14
NCT100006890,Interventional,Phase 2,Withdrawn,49,2022-05-12,2023-04-23
NCT100006891,Interventional,Phase 2,Completed,83,2011-01-02,2012-06-29
NCT100006892,Interventional,Phase 2,"Active, not recruiting",70,2015-05-22,
NCT100006893,Interventional,Phase 4,Completed,15,2023-01-08,2026-02-01
NCT100006894,Interventional,Phase 1,Completed,9,2021-03-19,2024-10-08
NCT100006895,Interventional,Phase 3,Completed,154,2024-04-10,2025-12-31
NCT100006896,Interventional,Phase 3,Recruiting,156,2025-07-29,
NCT100006897,Interventional,Phase 1,Completed,25,2015-07-29,2018-07-09
NCT100006898,Interventional,Phase 3,Completed,92,2023-04-14,2025-03-02
NCT100006899,Interventional,Phase 1,Completed,53,2011-04-09,2015-12-04
NCT100006900,Interventional,Phase 3,Completed,2056,2013-08-28,2016-06-16
NCT100006901,Interventional,Phase 2,Terminated,31,2021-01-22,2021-06-16
NCT100006902,Interventional,Phase 1,Completed,168,2012-06-22,2014-07-13
NCT100006903,Interventional,Phase 2,Recruiting,391,2014-10-14,
NCT100006904,Interventional,Phase 1,Withdrawn,87,2017-12-15,2018-06-20
NCT100006905,Interventional,Phase 1,Completed,15,2019-12-16,2022-06-11
NCT100006906,Interventional,Phase 1,Completed,90,2020-11-05,2022-08-26
NCT100006907,Interventional,Phase 3,Completed,66,2014-02-04,2015-12-20
NCT100006908,Interventional,Phase 3,Completed,24,2017-07-31,2020-05-15
NCT100006909,Interventional,Phase 1,"Active, not recruiting",74,2015-05-19,
NCT100006910,Interventional,Phase 1,Completed,20,2017-03-30,2018-10-07
NCT100006911,Interventional,Phase 2,Completed,408,2024-12-05,2025-12-31
NCT100006912,Interventional,Phase 4,Completed,13,2023-12-08,2026-06-17
NCT100006913,Interventional,Phase 3,Completed,312,2019-12-29,2021-11-27
NCT100006914,Interventional,Phase 3,Completed,64,2015-02-25,2018-02-26
NCT100006915,Interventional,Phase 2,Completed,180,2011-03-13,2014-11-18
NCT100006916,Interventional,Phase 2,Completed,13,2017-02-06,2020-11-13
NCT100006917,Interventional,Phase 3,Terminated,67,2014-12-28,2016-03-01
NCT100006918,Interventional,Phase 1,Completed,408,2019-10-02,2022-01-10
NCT100006919,Interventional,Phase 2,Completed,84,2025-06-18,2026-10-24
NCT100006920,Interventional,Phase 2,"Active, not recruiting",36,2025-08-31,
NCT100006921,Interventional,Phase 1,Completed,108,2014-12-14,2017-11-07
NCT100006922,Interventional,Phase 1,Withdrawn,78,2020-04-29,2020-11-05
NCT100006923,Interventional,Phase 2,"Active, not recruiting",10,2017-02-18,
NCT100006924,Interventional,Phase 2,Terminated,261,2019-10-10,2021-11-06
NCT100006925,Interventional,Phase 4,Completed,137,2017-06-23,2019-09-06
NCT100006926,Interventional,Phase 4,Completed,26,2021-07-24,2023-09-01
NCT100006927,Interventional,Phase 1,Completed,22,2012-05-08,2014-12-02
NCT100006928,Interventional,Phase 1,Completed,280,2021-02-04,2023-07-21
NCT100006929,Interventional,Phase 3,Completed,138,2014-02-14,2016-08-22
NCT100006930,Interventional,Phase 2,Withdrawn,36,2020-11-20,2021-05-03
NCT100006931,Interventional,Phase 3,Completed,5,2024-11-20,2025-12-31
NCT100006932,Interventional,Phase 2,Terminated,82,2019-04-18,2020-02-11
NCT100006933,Interventional,Phase 3,Completed,32,2019-06-26,2022-04-01
NCT100006934,Interventional,Phase 1,Terminated,53,2015-10-11,2016-10-27
NCT100006935,Interventional,Phase 2,Completed,52,2012-10-21,2014-04-07
NCT100006936,Interventional,Phase 3,Withdrawn,20,2023-09-25,2024-11-17
NCT100006937,Interventional,Phase 3,Completed,26,2020-04-05,2023-01-12
NCT100006938,Interventional,Phase 3,Completed,107,2013-07-25,2015-11-12
NCT100006939,Interventional,Phase 4,Completed,58,2019-01-07,2021-09-25
NCT100006940,Interventional,Phase 1,Recruiting,154,2025-05-15,
NCT100006941,Interventional,Phase 3,Recruiting,35,2019-12-20,
NCT100006942,Interventional,Phase 4,Completed,42,2014-12-11,2016-08-25
NCT100006943,Interventional,Phase 2,Unknown status,137,2022-12-22,
NCT100006944,Interventional,Phase 4,Recruiting,37,2017-01-27,
NCT100006945,Interventional,Phase 4,"Active, not recruiting",31,2025-03-16,
NCT100006946,Interventional,Phase 1,Completed,20,2012-01-01,2015-05-05
NCT100006947,Interventional,Phase 4,Completed,125,2018-02-17,2020-09-03
NCT100006948,Interventional,Phase 3,Completed,291,2015-12-25,2018-10-21
NCT100006949,Interventional,Phase 2,Recruiting,18,2025-09-03,
NCT100006950,Interventional,Phase 1,Unknown status,29,2024-09-18,
NCT100006951,Interventional,Phase 3,Completed,7,2020-12-12,2023-02-17
NCT100006952,Interventional,Phase 2,Terminated,75,2014-12-26,2016-01-20
NCT100006953,Interventional,Phase 1,Withdrawn,44,2019-10-01,2021-12-12
NCT100006954,Interventional,Phase 1,Completed,76,2016-12-31,2018-11-10
NCT100006955,Interventional,Phase 3,"Active, not recruiting",20,2013-09-17,
NCT100006956,Interventional,Phase 3,Terminated,56,2016-04-21,2017-11-17
NCT100006957,Interventional,Phase 1,"Active, not recruiting",123,2013-03-11,
NCT100006958,Interventional,Phase 3,Unknown status,56,2013-12-12,
NCT100006959,Interventional,Phase 3,Completed,128,2021-08-01,2024-12-05
NCT100006960,Interventional,Phase 1,Recruiting,22,2019-12-15,
NCT100006961,Interventional,Phase 2,Completed,829,2018-09-27,2021-03-27
NCT100006962,Interventional,Phase 2,Completed,81,2023-03-29,2026-02-01
NCT100006963,Interventional,Phase 1,Completed,38,2016-03-22,2019-05-19
NCT100006964,Interventional,Phase 1,Recruiting,94,2013-05-11,
NCT100006965,Interventional,Phase 2,Terminated,87,2021-08-25,2023-02-07
NCT100006966,Interventional,Phase 1,Terminated,168,2016-02-28,2017-05-19
NCT100006967,Interventional,Phase 1,Terminated,8,2012-03-13,2013-01-07
NCT100006968,Interventional,Phase 3,"Active, not recruiting",317,2011-03-18,
NCT100006969,Interventional,Phase 3,Completed,47,2018-09-23,2020-05-02
NCT100006970,Interventional,Phase 4,Completed,215,2019-02-12,2020-08-27
NCT100006971,Interventional,Phase 2,Unknown status,51,2016-01-16,
NCT100006972,Interventional,Phase 1,Unknown status,145,2024-09-10,
NCT100006973,Interventional,Phase 2,Completed,196,2020-06-21,2024-07-23
NCT100006974,Interventional,Phase 3,Completed,97,2013-07-14,2017-12-31
NCT100006975,Interventional,Phase 2,Terminated,7,2019-03-11,2020-04-03
NCT100006976,Interventional,Phase 3,Recruiting,87,2019-12-29,
NCT100006977,Interventional,Phase 4,Completed,43,2022-06-05,2024-11-26
NCT100006978,Interventional,Phase 2,Completed,72,2012-08-21,2015-03-09
NCT100006979,Interventional,Phase 1,Completed,89,2015-04-03,2016-04-19
NCT100006980,Interventional,Phase 1,Terminated,53,2017-07-06,2018-06-27
NCT100006981,Interventional,Phase 3,Completed,17,2017-12-27,2019-09-23
NCT100006982,Interventional,Phase 1,Completed,12,2016-12-09,2019-01-06
NCT100006983,Interventional,Phase 2,Completed,28,2021-09-13,2023-07-14
NCT100006984,Interventional,Phase 2,Unknown status,61,2019-10-04,
NCT100006985,Interventional,Phase 1,Terminated,904,2022-06-09,2022-12-08
NCT100006986,Interventional,Phase 2,Recruiting,280,2024-01-01,
NCT100006987,Interventional,Phase 1,Completed,720,2023-04-04,2025-08-04
NCT100006988,Interventional,Phase 2,Unknown status,46,2012-12-27,
NCT100006989,Interventional,Phase 2,Completed,182,2023-01-27,2024-06-14
NCT100006990,Interventional,Phase 2,Completed,61,2021-09-20,2023-12-01
NCT100006991,Interventional,Phase 1,Terminated,95,2018-01-10,2019-06-01
NCT100006992,Interventional,Phase 1,Terminated,101,2025-08-20,2026-03-06
NCT100006993,Interventional,Phase 2,Completed,24,2011-12-21,2013-05-17
NCT100006994,Interventional,Phase 3,Unknown status,22,2024-11-14,
NCT100006995,Interventional,Phase 3,Completed,217,2022-05-19,2024-11-22
NCT100006996,Interventional,Phase 1,Completed,199,2025-10-29,2025-12-31
NCT100006997,Interventional,Phase 3,Completed,241,2014-05-28,2017-02-06
NCT100006998,Interventional,Phase 1,Recruiting,600,2014-12-17,
NCT100006999,Interventional,Phase 2,Completed,28,2012-08-27,2014-12-02
NCT100007000,Interventional,Phase 1,Completed,12,2016-06-12,2018-08-26
NCT100007001,Interventional,Phase 2,Completed,88,2023-08-15,2026-10-31
NCT100007002,Interventional,Phase 4,Completed,111,2020-07-27,2023-04-03
NCT100007003,Interventional,Phase 3,Completed,33,2021-05-22,2023-05-07
NCT100007004,Interventional,Phase 3,Withdrawn,25,2019-10-13,2020-09-16
NCT100007005,Interventional,Phase 1,Completed,239,2019-06-02,2022-10-14
NCT100007006,Interventional,Phase 2,Terminated,260,2011-05-22,2012-02-02
NCT100007007,Interventional,Phase 1,Terminated,336,2016-11-08,2017-07-11
NCT100007008,Interventional,Phase 4,Completed,17,2017-03-03,2018-11-29
NCT100007009,Interventional,Phase 1,Terminated,10,2013-12-16,2014-08-18
NCT100007010,Interventional,Phase 3,Terminated,380,2019-11-22,2020-07-22
NCT100007011,Interventional,Phase 1,Completed,567,2020-07-12,2022-03-14
NCT100007012,Interventional,Phase 3,Completed,262,2020-01-26,2021-10-16
NCT100007013,Interventional,Phase 2,Completed,52,2024-04-05,2026-09-29
NCT100007014,Interventional,Phase 1,Completed,22,2014-11-09,2018-03-09
NCT100007015,Interventional,Phase 2,Recruiting,14,2022-09-24,
NCT100007016,Interventional,Phase 3,Completed,58,2023-03-15,2025-12-31
NCT100007017,Interventional,Phase 2,Completed,31,2021-07-18,2022-12-16
NCT100007018,Interventional,Phase 1,Unknown status,74,2024-12-03,
NCT100007019,Interventional,Phase 1,Completed,132,2016-05-02,2019-03-13
NCT100007020,Interventional,Phase 2,Completed,113,2022-08-04,2024-05-17
NCT100007021,Interventional,Phase 4,Completed,107,2015-07-09,2017-09-29
NCT100007022,Interventional,Phase 1,Recruiting,60,2015-03-29,
NCT100007023,Interventional,Phase 3,Completed,25,2025-08-07,2025-12-31
NCT100007024,Interventional,Phase 3,Withdrawn,393,2020-09-16,2021-06-29
NCT100007025,Interventional,Phase 4,"Active, not recruiting",78,2014-11-10,
NCT100007026,Interventional,Phase 2,"Active, not recruiting",848,2025-02-21,
NCT100007027,Interventional,Phase 2,Completed,19,2018-08-23,2023-08-01
NCT100007028,Interventional,Phase 3,Completed,622,2016-03-05,2019-03-06
NCT100007029,Interventional,Phase 4,Completed,136,2018-08-03,2020-11-24
NCT100007030,Interventional,Phase 2,"Active, not recruiting",33,2018-08-21,
NCT100007031,Interventional,Phase 2,Completed,160,2011-06-18,2014-05-28
NCT100007032,Interventional,Phase 2,Completed,302,2016-05-26,2018-07-04
NCT100007033,Interventional,Phase 3,Terminated,16,2025-09-05,2025-12-31
NCT100007034,Interventional,Phase 2,Recruiting,90,2015-10-06,
NCT100007035,Interventional,Phase 3,Recruiting,20,2014-11-23,
NCT100007036,Interventional,Phase 1,Terminated,10,2017-11-15,2018-04-09
NCT100007037,Interventional,Phase 2,Completed,41,2012-02-02,2015-03-19
NCT100007038,Interventional,Phase 2,"Active, not recruiting",289,2011-04-03,
NCT100007039,Interventional,Phase 3,Terminated,163,2014-11-27,2015-07-18
NCT100007040,Interventional,Phase 3,Completed,126,2019-05-21,2021-10-13
NCT100007041,Interventional,Phase 2,Completed,149,2019-12-29,2021-06-04
NCT100007042,Interventional,Phase 3,Unknown status,68,2012-01-24,
NCT100007043,Interventional,Phase 2,Completed,12,2021-04-29,2022-06-27
NCT100007044,Interventional,Phase 3,"Active, not recruiting",36,2019-11-14,
NCT100007045,Interventional,Phase 1,Completed,39,2019-03-13,2020-08-17
NCT100007046,Interventional,Phase 3,Completed,111,2015-12-30,2017-11-12
NCT100007047,Interventional,Phase 2,Completed,53,2014-06-19,2018-04-17
NCT100007048,Interventional,Phase 1,Recruiting,43,2015-07-04,
NCT100007049,Interventional,Phase 2,Completed,38,2024-04-30,2026-08-09
NCT100007050,Interventional,Phase 1,Completed,33,2015-09-13,2017-06-17
NCT100007051,Interventional,Phase 4,Recruiting,59,2022-06-03,
NCT100007052,Interventional,Phase 2,Completed,1960,2014-03-06,2016-01-20
NCT100007053,Interventional,Phase 2,Terminated,66,2016-02-18,2016-09-14
NCT100007054,Interventional,Phase 1,Unknown status,81,2012-02-27,
NCT100007055,Interventional,Phase 1,Completed,142,2012-05-05,2014-05-25
NCT100007056,Interventional,Phase 4,Recruiting,359,2013-09-28,
NCT100007057,Interventional,Phase 2,Completed,43,2014-06-05,2018-06-01
NCT100007058,Interventional,Phase 1,Completed,71,2014-02-03,2018-02-17
NCT100007059,Interventional,Phase 4,Completed,73,2024-04-27,2026-08-24
NCT100007060,Interventional,Phase 1,Completed,128,2023-05-27,2025-02-18
NCT100007061,Interventional,Phase 4,Completed,95,2014-11-05,2017-03-09
NCT100007062,Interventional,Phase 2,Completed,1016,2023-06-23,2025-06-06
NCT100007063,Interventional,Phase 3,Completed,27,2015-09-28,2020-06-23
NCT100007064,Interventional,Phase 2,Terminated,23,2016-02-18,2016-07-14
NCT100007065,Interventional,Phase 3,Completed,93,2015-07-22,2017-01-08
NCT100007066,Interventional,Phase 4,Completed,77,2020-01-30,2022-03-11
NCT100007067,Interventional,Phase 1,Terminated,240,2011-12-04,2012-08-05
NCT100007068,Interventional,Phase 2,Completed,197,2025-04-17,2025-12-31
NCT100007069,Interventional,Phase 3,"Active, not recruiting",86,2016-11-14,
NCT100007070,Interventional,Phase 3,Completed,934,2019-05-26,2021-09-23
NCT100007071,Interventional,Phase 3,Completed,140,2013-08-11,2015-01-21
NCT100007072,Interventional,Phase 3,Completed,28,2025-10-08,2025-12-31
NCT100007073,Interventional,Phase 2,Completed,6,2012-01-04,2013-06-17
NCT100007074,Interventional,Phase 2,Completed,101,2024-12-06,2026-12-24
NCT100007075,Interventional,Phase 2,Completed,42,2016-02-24,2018-07-26
NCT100007076,Interventional,Phase 4,Completed,5,2024-04-22,2026-09-14
NCT100007077,Interventional,Phase 4,Completed,206,2024-10-11,2025-12-31
NCT100007078,Interventional,Phase 2,Terminated,229,2025-04-19,2026-04-23
NCT100007079,Interventional,Phase 2,Terminated,23,2014-07-22,2015-06-10
NCT100007080,Interventional,Phase 4,Unknown status,42,2015-12-07,
NCT100007081,Interventional,Phase 3,Unknown status,84,2011-08-08,
NCT100007082,Interventional,Phase 2,Recruiting,94,2019-05-06,
NCT100007083,Interventional,Phase 1,Recruiting,133,2020-07-26,
NCT100007084,Interventional,Phase 3,Completed,245,2021-10-18,2023-08-21
NCT100007085,Interventional,Phase 1,Withdrawn,15,2019-06-04,2020-01-01
NCT100007086,Interventional,Phase 1,Recruiting,105,2021-08-09,
NCT100007087,Interventional,Phase 1,Completed,88,2017-03-14,2019-01-24
NCT100007088,Interventional,Phase 2,Withdrawn,15,2017-08-22,2018-11-22
NCT100007089,Interventional,Phase 3,Recruiting,94,2014-10-25,
NCT100007090,Interventional,Phase 1,Completed,101,2011-10-29,2015-03-16
NCT100007091,Interventional,Phase 2,Completed,30,2020-07-21,2023-05-04
NCT100007092,Interventional,Phase 2,Completed,171,2014-06-28,2018-06-17
NCT100007093,Interventional,Phase 1,Completed,124,2017-08-18,2020-08-14
NCT100007094,Interventional,Phase 4,Completed,11,2023-10-24,2026-05-07
NCT100007095,Interventional,Phase 3,Completed,65,2023-08-20,2025-11-22
NCT100007096,Interventional,Phase 2,Unknown status,92,2016-07-24,
NCT100007097,Interventional,Phase 1,Terminated,162,2019-11-13,2020-04-17
NCT100007098,Interventional,Phase 1,Completed,47,2014-07-25,2017-08-31
NCT100007099,Interventional,Phase 1,Recruiting,277,2021-09-11,
NCT100007100,Interventional,Phase 3,Completed,7,2021-04-30,2024-11-12
NCT100007101,Interventional,Phase 3,Unknown status,89,2015-08-07,
NCT100007102,Interventional,Phase 3,Terminated,246,2013-10-18,2014-09-10
NCT100007103,Interventional,Phase 2,Completed,74,2020-09-11,2023-02-06
NCT100007104,Interventional,Phase 2,Completed,891,2012-04-29,2014-01-08
NCT100007105,Interventional,Phase 3,Completed,84,2019-04-28,2022-05-17
NCT100007106,Interventional,Phase 3,Completed,166,2022-02-24,2024-04-14
NCT100007107,Interventional,Phase 2,Completed,22,2011-06-01,2013-12-07
NCT100007108,Interventional,Phase 1,Recruiting,41,2024-07-02,
NCT100007109,Interventional,Phase 3,Recruiting,34,2019-09-01,
NCT100007110,Interventional,Phase 4,Completed,205,2025-12-28,2025-12-31
NCT100007111,Interventional,Phase 3,Completed,154,2024-10-21,2026-11-20
NCT100007112,Interventional,Phase 1,Terminated,51,2014-10-12,2015-06-07
NCT100007113,Interventional,Phase 3,Completed,52,2013-05-22,2015-06-27
NCT100007114,Interventional,Phase 1,Recruiting,364,2023-09-29,
NCT100007115,Interventional,Phase 3,Completed,26,2019-10-16,2023-11-29
NCT100007116,Interventional,Phase 1,Completed,152,2013-11-07,2015-09-14
NCT100007117,Interventional,Phase 2,Recruiting,11,2019-08-30,
NCT100007118,Interventional,Phase 2,Completed,162,2018-08-07,2021-01-24
NCT100007119,Interventional,Phase 3,Completed,75,2025-08-28,2025-12-31
NCT100007120,Interventional,Phase 4,Completed,207,2013-05-23,2015-12-30
NCT100007121,Interventional,Phase 3,Completed,155,2020-01-27,2023-08-26
NCT100007122,Interventional,Phase 3,Completed,26,2025-03-23,2025-12-31
NCT100007123,Interventional,Phase 3,Recruiting,80,2020-08-15,
NCT100007124,Interventional,Phase 2,Recruiting,80,2022-10-20,
NCT100007125,Interventional,Phase 2,Recruiting,391,2017-10-13,
NCT100007126,Interventional,Phase 3,Completed,29,2013-04-17,2016-03-25
NCT100007127,Interventional,Phase 2,Completed,52,2012-07-14,2014-10-13
NCT100007128,Interventional,Phase 2,"Active, not recruiting",52,2013-12-01,
NCT100007129,Interventional,Phase 1,Terminated,56,2021-11-19,2022-11-15
NCT100007130,Interventional,Phase 3,Recruiting,33,2012-03-15,
NCT100007131,Interventional,Phase 3,Completed,169,2018-03-15,2022-02-13
NCT100007132,Interventional,Phase 3,Completed,53,2020-11-22,2024-02-23
NCT100007133,Interventional,Phase 3,Completed,63,2012-08-05,2016-07-20
NCT100007134,Interventional,Phase 2,Completed,93,2019-01-02,2021-04-30
NCT100007135,Interventional,Phase 1,"Active, not recruiting",32,2021-11-08,
NCT100007136,Interventional,Phase 2,"Active, not recruiting",38,2011-04-26,
NCT100007137,Interventional,Phase 1,Completed,241,2021-09-06,2024-09-14
NCT100007138,Interventional,Phase 3,Completed,14,2012-04-25,2014-10-31
NCT100007139,Interventional,Phase 3,Completed,60,2016-10-13,2019-03-24
NCT100007140,Interventional,Phase 3,Completed,431,2018-08-30,2020-10-11
NCT100007141,Interventional,Phase 4,Completed,73,2023-02-13,2025-12-01
NCT100007142,Interventional,Phase 3,Completed,168,2021-06-27,2023-11-04
NCT100007143,Interventional,Phase 1,Completed,46,2017-04-27,2019-11-12
NCT100007144,Interventional,Phase 2,Withdrawn,77,2013-03-15,2013-12-29
NCT100007145,Interventional,Phase 1,Withdrawn,33,2024-08-05,2025-02-05
NCT100007146,Interventional,Phase 2,Unknown status,76,2012-02-11,
NCT100007147,Interventional,Phase 1,"Active, not recruiting",107,2014-06-15,
NCT100007148,Interventional,Phase 2,Completed,27,2019-01-01,2023-02-14
NCT100007149,Interventional,Phase 2,Completed,138,2024-10-04,2026-11-09
NCT100007150,Interventional,Phase 4,Completed,70,2023-06-27,2026-05-19
NCT100007151,Interventional,Phase 2,Terminated,15,2023-09-06,2024-08-30
NCT100007152,Interventional,Phase 1,Terminated,107,2021-08-09,2022-03-04
NCT100007153,Interventional,Phase 3,Terminated,14,2011-07-05,2012-10-01
NCT100007154,Interventional,Phase 3,Completed,106,2024-09-11,2025-12-31
NCT100007155,Interventional,Phase 1,Recruiting,308,2023-09-18,
NCT100007156,Interventional,Phase 2,Terminated,129,2019-05-19,2020-01-26
NCT100007157,Interventional,Phase 3,Completed,116,2022-03-02,2025-03-26
NCT100007158,Interventional,Phase 4,Recruiting,41,2016-04-22,
NCT100007159,Interventional,Phase 3,Recruiting,46,2015-09-03,
NCT100007160,Interventional,Phase 3,Completed,25,2015-10-03,2017-10-09
NCT100007161,Interventional,Phase 2,Completed,21,2012-04-04,2013-11-09
NCT100007162,Interventional,Phase 3,Recruiting,207,2016-09-27,
NCT100007163,Interventional,Phase 2,Completed,5,2022-03-07,2023-09-01
NCT100007164,Interventional,Phase 3,Completed,165,2014-08-18,2017-06-02
NCT100007165,Interventional,Phase 1,Completed,94,2025-09-19,2025-12-31
NCT100007166,Interventional,Phase 1,Completed,21,2013-03-27,2014-09-21
NCT100007167,Interventional,Phase 4,Withdrawn,38,2021-07-15,2022-06-14
NCT100007168,Interventional,Phase 3,Completed,185,2015-10-24,2017-12-05
NCT100007169,Interventional,Phase 3,Completed,16,2023-11-18,2026-12-23
NCT100007170,Interventional,Phase 2,Completed,47,2024-10-29,2025-12-31
NCT100007171,Interventional,Phase 1,Completed,61,2018-11-16,2021-01-28
NCT100007172,Interventional,Phase 2,Unknown status,5,2016-11-17,
NCT100007173,Interventional,Phase 4,Completed,14,2025-01-01,2025-12-31
NCT100007174,Interventional,Phase 2,Completed,16,2017-12-25,2019-11-17
NCT100007175,Interventional,Phase 4,Completed,323,2018-05-22,2019-11-02
NCT100007176,Interventional,Phase 1,Completed,71,2021-04-01,2023-08-10
NCT100007177,Interventional,Phase 2,Completed,126,2024-08-12,2025-12-31
NCT100007178,Interventional,Phase 2,Terminated,5,2013-03-21,2013-08-18
NCT100007179,Interventional,Phase 3,Recruiting,33,2012-07-15,
NCT100007180,Interventional,Phase 1,Unknown status,33,2014-10-27,
NCT100007181,Interventional,Phase 3,Completed,13,2014-07-18,2016-01-14
NCT100007182,Interventional,Phase 2,Completed,183,2011-09-13,2013-08-28
NCT100007183,Interventional,Phase 3,Terminated,57,2022-06-06,2023-06-25
NCT100007184,Interventional,Phase 1,Terminated,142,2017-09-06,2019-06-08
NCT100007185,Interventional,Phase 2,Completed,21,2015-08-13,2017-07-01
NCT100007186,Interventional,Phase 1,Recruiting,15,2012-12-29,
NCT100007187,Interventional,Phase 3,Recruiting,58,2021-11-07,
NCT100007188,Interventional,Phase 1,Recruiting,35,2025-12-07,
NCT100007189,Interventional,Phase 1,Terminated,47,2011-11-17,2012-05-18
NCT100007190,Interventional,Phase 4,Completed,308,2012-03-04,2014-04-08
NCT100007191,Interventional,Phase 2,Unknown status,78,2021-01-31,
NCT100007192,Interventional,Phase 2,"Active, not recruiting",447,2021-12-14,
NCT100007193,Interventional,Phase 2,Recruiting,160,2017-01-10,
NCT100007194,Interventional,Phase 2,Completed,31,2012-06-29,2013-10-05
NCT100007195,Interventional,Phase 2,Terminated,111,2015-01-09,2015-12-10
NCT100007196,Interventional,Phase 3,Withdrawn,71,2013-06-02,2014-05-24
NCT100007197,Interventional,Phase 2,Recruiting,2282,2015-04-11,
NCT100007198,Interventional,Phase 4,"Active, not recruiting",11,2018-02-19,
NCT100007199,Interventional,Phase 1,"Active, not recruiting",32,2020-08-11,
NCT100007200,Interventional,Phase 1,Recruiting,62,2016-07-16,
NCT100007201,Interventional,Phase 1,Terminated,5,2014-06-17,2014-11-05
NCT100007202,Interventional,Phase 2,Completed,15,2012-12-08,2015-05-18
NCT100007203,Interventional,Phase 1,Completed,16,2011-05-28,2012-12-27
NCT100007204,Interventional,Phase 3,Completed,153,2023-08-12,2026-08-20
NCT100007205,Interventional,Phase 1,Recruiting,32,2017-09-11,
NCT100007206,Interventional,Phase 3,Completed,90,2016-01-08,2018-04-29
NCT100007207,Interventional,Phase 2,Terminated,380,2020-08-20,2022-04-02
NCT100007208,Interventional,Phase 2,Recruiting,39,2021-11-09,
NCT100007209,Interventional,Phase 2,"Active, not recruiting",154,2025-09-05,
NCT100007210,Interventional,Phase 3,Completed,15,2022-11-26,2024-12-01
NCT100007211,Interventional,Phase 3,Recruiting,51,2020-07-29,
NCT100007212,Interventional,Phase 3,Completed,159,2022-12-27,2025-12-25
NCT100007213,Interventional,Phase 3,Completed,268,2021-06-09,2023-07-31
NCT100007214,Interventional,Phase 3,Completed,26,2011-09-02,2015-02-07
NCT100007215,Interventional,Phase 4,Completed,431,2013-01-31,2014-08-31
NCT100007216,Interventional,Phase 2,"Active, not recruiting",108,2025-04-06,
NCT100007217,Interventional,Phase 3,Completed,32,2013-05-30,2015-06-03
NCT100007218,Interventional,Phase 1,Completed,859,2025-01-26,2026-11-01
NCT100007219,Interventional,Phase 1,Recruiting,136,2022-01-08,
NCT100007220,Interventional,Phase 1,"Active, not recruiting",69,2019-01-30,
NCT100007221,Interventional,Phase 2,Completed,61,2014-07-28,2015-12-17
NCT100007222,Interventional,Phase 2,Recruiting,5,2014-07-28,
NCT100007223,Interventional,Phase 4,"Active, not recruiting",68,2012-02-04,
NCT100007224,Interventional,Phase 2,Completed,24,2013-04-01,2015-10-11
NCT100007225,Interventional,Phase 2,"Active, not recruiting",104,2021-11-15,
NCT100007226,Interventional,Phase 1,Completed,16,2016-02-11,2019-02-03
NCT100007227,Interventional,Phase 2,Completed,124,2011-08-10,2015-07-10
NCT100007228,Interventional,Phase 4,Completed,25,2012-04-25,2015-05-05
NCT100007229,Interventional,Phase 1,Terminated,103,2023-11-09,2024-04-28
NCT100007230,Interventional,Phase 2,Completed,38,2018-02-04,2019-12-26
NCT100007231,Interventional,Phase 3,Unknown status,264,2013-05-21,
NCT100007232,Interventional,Phase 3,Completed,57,2018-03-14,2022-02-11
NCT100007233,Interventional,Phase 3,Completed,19,2023-11-29,2026-05-25
NCT100007234,Interventional,Phase 2,Completed,11,2023-05-18,2025-01-31
NCT100007235,Interventional,Phase 1,"Active, not recruiting",9,2019-02-10,
NCT100007236,Interventional,Phase 2,Completed,78,2011-02-16,2013-07-07
NCT100007237,Interventional,Phase 4,"Active, not recruiting",37,2012-08-24,
NCT100007238,Interventional,Phase 4,Completed,174,2019-02-26,2021-02-16
NCT100007239,Interventional,Phase 3,Completed,87,2019-11-22,2022-08-29
NCT100007240,Interventional,Phase 2,Terminated,14,2012-02-27,2012-08-22
NCT100007241,Interventional,Phase 2,Recruiting,82,2012-08-21,
NCT100007242,Interventional,Phase 1,Completed,111,2014-01-05,2015-10-21
NCT100007243,Interventional,Phase 1,Unknown status,52,2025-03-19,
NCT100007244,Interventional,Phase 2,Terminated,336,2023-09-26,2024-10-21
NCT100007245,Interventional,Phase 4,Completed,63,2025-08-04,2025-12-31
NCT100007246,Interventional,Phase 2,Completed,27,2013-02-25,2015-02-02
NCT100007247,Interventional,Phase 2,Completed,50,2013-04-18,2015-02-20
NCT100007248,Interventional,Phase 2,Completed,176,2015-04-13,2016-11-24
NCT100007249,Interventional,Phase 2,Completed,5,2016-01-08,2018-05-03
NCT100007250,Interventional,Phase 2,Recruiting,56,2013-02-27,
NCT100007251,Interventional,Phase 3,Completed,76,2022-05-16,2025-07-07
NCT100007252,Interventional,Phase 1,Completed,423,2023-05-16,2025-06-26
NCT100007253,Interventional,Phase 2,Completed,29,2020-02-14,2021-08-31
NCT100007254,Interventional,Phase 1,Withdrawn,374,2016-06-10,2018-10-19
NCT100007255,Interventional,Phase 3,Unknown status,39,2024-10-02,
NCT100007256,Interventional,Phase 2,"Active, not recruiting",51,2014-02-28,
NCT100007257,Interventional,Phase 3,Unknown status,188,2012-11-11,
NCT100007258,Interventional,Phase 3,Completed,38,2014-06-15,2017-02-27
NCT100007259,Interventional,Phase 4,Completed,770,2011-02-27,2014-12-27
NCT100007260,Interventional,Phase 4,Recruiting,683,2025-11-18,
NCT100007261,Interventional,Phase 1,Completed,57,2014-11-02,2016-11-20
NCT100007262,Interventional,Phase 3,Completed,284,2017-05-24,2020-03-28
NCT100007263,Interventional,Phase 1,Terminated,21,2024-12-15,2025-09-12
NCT100007264,Interventional,Phase 4,Unknown status,168,2014-03-14,
NCT100007265,Interventional,Phase 3,Unknown status,106,2021-01-09,
NCT100007266,Interventional,Phase 2,Completed,237,2023-06-27,2024-12-09
NCT100007267,Interventional,Phase 3,Completed,135,2014-12-08,2018-09-10
NCT100007268,Interventional,Phase 3,Unknown status,39,2017-12-28,
NCT100007269,Interventional,Phase 1,Completed,63,2012-01-15,2013-08-10
NCT100007270,Interventional,Phase 1,Terminated,50,2018-06-02,2019-11-04
NCT100007271,Interventional,Phase 2,Completed,1127,2023-07-09,2025-10-31
NCT100007272,Interventional,Phase 1,Completed,90,2014-06-25,2016-07-14
NCT100007273,Interventional,Phase 2,Withdrawn,52,2021-07-26,2022-04-12
NCT100007274,Interventional,Phase 2,Completed,355,2013-05-02,2015-10-16
NCT100007275,Interventional,Phase 2,Completed,33,2021-03-05,2024-02-26
NCT100007276,Interventional,Phase 2,Withdrawn,488,2024-05-13,2024-10-16
NCT100007277,Interventional,Phase 1,Recruiting,87,2014-04-21,
NCT100007278,Interventional,Phase 4,Completed,66,2025-03-15,2025-12-31
NCT100007279,Interventional,Phase 4,Completed,49,2013-07-26,2016-04-09
NCT100007280,Interventional,Phase 1,Recruiting,422,2011-08-26,
NCT100007281,Interventional,Phase 1,Recruiting,26,2022-02-13,
NCT100007282,Interventional,Phase 2,Completed,32,2024-05-16,2025-10-17
NCT100007283,Interventional,Phase 3,Completed,100,2025-01-09,2026-08-31
NCT100007284,Interventional,Phase 2,Recruiting,195,2012-03-24,
NCT100007285,Interventional,Phase 4,Completed,51,2023-03-21,2026-07-21
NCT100007286,Interventional,Phase 1,Unknown status,71,2019-02-13,
NCT100007287,Interventional,Phase 2,Terminated,298,2011-10-02,2013-01-22
NCT100007288,Interventional,Phase 3,Unknown status,31,2020-01-09,
NCT100007289,Interventional,Phase 2,Completed,46,2019-06-16,2022-08-17
NCT100007290,Interventional,Phase 1,Completed,84,2012-05-07,2014-02-21
NCT100007291,Interventional,Phase 3,Completed,1247,2012-04-06,2014-08-21
NCT100007292,Interventional,Phase 3,Completed,68,2019-08-07,2023-03-01
NCT100007293,Interventional,Phase 3,Completed,89,2017-11-08,2021-04-22
NCT100007294,Interventional,Phase 2,"Active, not recruiting",304,2019-03-24,
NCT100007295,Interventional,Phase 3,Recruiting,7,2022-09-13,
NCT100007296,Interventional,Phase 2,Completed,34,2018-06-01,2020-11-29
NCT100007297,Interventional,Phase 1,Completed,25,2011-01-23,2012-02-26
NCT100007298,Interventional,Phase 1,Recruiting,17,2018-01-14,
NCT100007299,Interventional,Phase 1,Recruiting,145,2012-08-01,
NCT100007300,Interventional,Phase 4,Withdrawn,48,2023-06-14,2024-05-31
NCT100007301,Interventional,Phase 3,Terminated,72,2020-01-22,2021-04-02
NCT100007302,Interventional,Phase 2,Recruiting,39,2011-05-27,
NCT100007303,Interventional,Phase 4,Completed,134,2016-10-18,2019-01-03
NCT100007304,Interventional,Phase 2,Recruiting,255,2021-11-25,
NCT100007305,Interventional,Phase 1,"Active, not recruiting",319,2024-07-10,
NCT100007306,Interventional,Phase 2,"Active, not recruiting",13,2015-01-24,
NCT100007307,Interventional,Phase 4,Recruiting,41,2015-08-16,
NCT100007308,Interventional,Phase 4,Unknown status,85,2016-09-28,
NCT100007309,Interventional,Phase 2,Terminated,906,2024-09-04,2025-07-11
NCT100007310,Interventional,Phase 1,Terminated,28,2022-11-30,2023-09-02
NCT100007311,Interventional,Phase 3,Withdrawn,432,2018-08-28,2019-08-14
NCT100007312,Interventional,Phase 2,Terminated,73,2022-11-26,2024-01-17
NCT100007313,Interventional,Phase 2,Withdrawn,63,2021-12-25,2022-10-13
NCT100007314,Interventional,Phase 3,Completed,80,2011-02-23,2013-03-09
NCT100007315,Interventional,Phase 3,"Active, not recruiting",15,2020-08-06,
NCT100007316,Interventional,Phase 2,Terminated,40,2025-11-08,2026-07-13
NCT100007317,Interventional,Phase 2,Completed,30,2018-07-20,2020-03-28
NCT100007318,Interventional,Phase 2,Completed,686,2020-07-26,2023-04-12
NCT100007319,Interventional,Phase 3,Withdrawn,21,2013-09-09,2014-09-13
NCT100007320,Interventional,Phase 4,Recruiting,24,2012-10-17,
NCT100007321,Interventional,Phase 1,Completed,40,2022-10-30,2025-07-13
NCT100007322,Interventional,Phase 3,"Active, not recruiting",159,2015-10-16,
NCT100007323,Interventional,Phase 3,Recruiting,2575,2019-05-11,
NCT100007324,Interventional,Phase 3,Completed,27,2022-08-21,2025-04-17
NCT100007325,Interventional,Phase 1,Completed,101,2011-06-29,2014-06-01
NCT100007326,Interventional,Phase 1,Completed,761,2021-04-29,2025-05-30
NCT100007327,Interventional,Phase 1,Completed,65,2011-01-13,2012-11-24
NCT100007328,Interventional,Phase 3,Completed,369,2016-06-09,2019-12-29
NCT100007329,Interventional,Phase 2,Completed,54,2016-04-29,2018-06-09
NCT100007330,Interventional,Phase 2,"Active, not recruiting",53,2025-07-21,
NCT100007331,Interventional,Phase 2,Terminated,60,2011-02-14,2011-08-13
NCT100007332,Interventional,Phase 4,Completed,143,2023-03-07,2025-05-09
NCT100007333,Interventional,Phase 3,Completed,143,2025-11-28,2025-12-31
NCT100007334,Interventional,Phase 4,Unknown status,179,2018-12-10,
NCT100007335,Interventional,Phase 1,Withdrawn,26,2013-12-01,2014-06-09
NCT100007336,Interventional,Phase 1,Completed,73,2015-11-12,2017-10-21
NCT100007337,Interventional,Phase 4,Completed,10,2020-02-12,2022-05-19
NCT100007338,Interventional,Phase 1,Unknown status,196,2011-03-31,
NCT100007339,Interventional,Phase 1,Terminated,144,2022-09-26,2023-08-29
NCT100007340,Interventional,Phase 4,Withdrawn,13,2025-07-28,2026-06-23
NCT100007341,Interventional,Phase 1,Completed,56,2011-01-29,2012-10-22
NCT100007342,Interventional,Phase 4,Completed,1149,2022-05-13,2025-02-14
NCT100007343,Interventional,Phase 4,Withdrawn,102,2023-05-30,2025-02-03
NCT100007344,Interventional,Phase 2,Completed,136,2014-04-11,2017-03-27
NCT100007345,Interventional,Phase 4,Unknown status,105,2025-11-21,
NCT100007346,Interventional,Phase 2,Terminated,124,2017-10-18,2019-06-03
NCT100007347,Interventional,Phase 2,Terminated,35,2021-02-25,2022-04-21
NCT100007348,Interventional,Phase 3,Recruiting,85,2019-08-31,
NCT100007349,Interventional,Phase 4,Terminated,102,2014-02-14,2015-05-01
NCT100007350,Interventional,Phase 1,Completed,333,2024-07-27,2026-07-17
NCT100007351,Interventional,Phase 1,Terminated,139,2018-06-27,2020-02-09
NCT100007352,Interventional,Phase 1,Unknown status,23,2024-12-17,
NCT100007353,Interventional,Phase 2,Completed,701,2019-09-01,2021-10-31
NCT100007354,Interventional,Phase 1,Completed,22,2022-03-27,2023-09-03
NCT100007355,Interventional,Phase 3,Completed,15,2016-06-14,2019-03-30
NCT100007356,Interventional,Phase 4,Completed,30,2017-03-06,2019-08-28
NCT100007357,Interventional,Phase 2,Completed,65,2015-05-13,2017-10-02
NCT100007358,Interventional,Phase 1,Completed,63,2015-04-30,2017-07-31
NCT100007359,Interventional,Phase 1,Completed,33,2011-12-05,2015-04-15
NCT100007360,Interventional,Phase 3,Withdrawn,17,2022-06-16,2023-02-15
NCT100007361,Interventional,Phase 3,Recruiting,114,2017-12-27,
NCT100007362,Interventional,Phase 3,Recruiting,41,2020-03-27,
NCT100007363,Interventional,Phase 1,Completed,12,2014-12-21,2017-03-22
NCT100007364,Interventional,Phase 4,Recruiting,237,2025-09-29,
NCT100007365,Interventional,Phase 2,Completed,40,2019-11-07,2022-06-22
NCT100007366,Interventional,Phase 1,Recruiting,222,2017-05-05,
NCT100007367,Interventional,Phase 1,"Active, not recruiting",178,2014-07-02,
NCT100007368,Interventional,Phase 3,Completed,19,2015-05-29,2017-04-23
NCT100007369,Interventional,Phase 1,"Active, not recruiting",323,2020-09-10,
NCT100007370,Interventional,Phase 1,Recruiting,96,2013-07-31,
NCT100007371,Interventional,Phase 2,Completed,78,2011-05-02,2014-04-06
NCT100007372,Interventional,Phase 4,"Active, not recruiting",374,2019-02-08,
NCT100007373,Interventional,Phase 2,Completed,140,2023-02-06,2025-06-03
NCT100007374,Interventional,Phase 2,Terminated,118,2023-10-08,2025-08-21
NCT100007375,Interventional,Phase 2,Completed,45,2016-10-08,2019-06-02
NCT100007376,Interventional,Phase 2,Completed,18,2012-10-30,2014-10-11
NCT100007377,Interventional,Phase 2,Completed,72,2012-10-19,2014-09-08
NCT100007378,Interventional,Phase 3,Completed,105,2014-07-07,2017-06-07
NCT100007379,Interventional,Phase 3,Completed,558,2015-07-22,2019-07-16
NCT100007380,Interventional,Phase 4,Completed,63,2023-12-25,2025-10-07
NCT100007381,Interventional,Phase 2,Completed,15,2019-05-08,2020-12-26
NCT100007382,Interventional,Phase 3,Unknown status,17,2021-12-25,
NCT100007383,Interventional,Phase 2,Completed,22,2019-06-10,2022-08-17
NCT100007384,Interventional,Phase 2,Completed,154,2013-12-24,2016-02-01
NCT100007385,Interventional,Phase 3,Completed,62,2022-09-05,2024-04-08
NCT100007386,Interventional,Phase 2,Completed,139,2025-06-30,2025-12-31
NCT100007387,Interventional,Phase 1,Completed,112,2015-09-13,2017-12-08
NCT100007388,Interventional,Phase 1,Completed,177,2021-05-16,2023-01-06
NCT100007389,Interventional,Phase 3,Recruiting,264,2020-12-23,
NCT100007390,Interventional,Phase 1,"Active, not recruiting",70,2017-02-12,
NCT100007391,Interventional,Phase 4,Completed,347,2025-08-08,2026-12-08
NCT100007392,Interventional,Phase 3,Completed,106,2025-08-30,2025-12-31
NCT100007393,Interventional,Phase 2,Completed,1343,2013-05-01,2015-01-19
NCT100007394,Interventional,Phase 4,Completed,666,2024-10-29,2026-10-12
NCT100007395,Interventional,Phase 1,Completed,144,2014-02-22,2017-02-13
NCT100007396,Interventional,Phase 3,Terminated,30,2021-03-13,2022-04-10
NCT100007397,Interventional,Phase 3,Completed,29,2020-01-01,2022-11-20
NCT100007398,Interventional,Phase 1,Recruiting,40,2022-07-01,
NCT100007399,Interventional,Phase 2,Unknown status,131,2013-05-04,
NCT100007400,Interventional,Phase 2,"Active, not recruiting",419,2012-09-02,
NCT100007401,Interventional,Phase 4,Completed,30,2020-08-04,2022-05-27
NCT100007402,Interventional,Phase 2,Completed,121,2013-01-16,2014-12-09
NCT100007403,Interventional,Phase 2,Recruiting,45,2022-03-07,
NCT100007404,Interventional,Phase 3,Completed,42,2025-02-28,2025-12-31
NCT100007405,Interventional,Phase 4,Completed,193,2020-06-21,2022-07-29
NCT100007406,Interventional,Phase 3,Recruiting,24,2025-01-17,
NCT100007407,Interventional,Phase 2,Completed,85,2022-10-23,2026-03-25
NCT100007408,Interventional,Phase 1,Completed,100,2023-09-08,2025-06-29
NCT100007409,Interventional,Phase 3,Withdrawn,56,2013-01-17,2014-03-26
NCT100007410,Interventional,Phase 4,Completed,314,2025-04-12,2026-08-26
NCT100007411,Interventional,Phase 3,Recruiting,181,2012-04-29,
NCT100007412,Interventional,Phase 2,Completed,639,2024-08-27,2026-08-11
NCT100007413,Interventional,Phase 3,Completed,5,2011-06-16,2013-06-06
NCT100007414,Interventional,Phase 4,Completed,175,2013-05-26,2015-01-17
NCT100007415,Interventional,Phase 1,Withdrawn,283,2014-02-05,2014-09-24
NCT100007416,Interventional,Phase 2,Recruiting,823,2017-11-23,
NCT100007417,Interventional,Phase 4,Recruiting,11,2015-09-30,
NCT100007418,Interventional,Phase 2,Withdrawn,255,2020-07-09,2021-10-20
NCT100007419,Interventional,Phase 2,Completed,35,2013-08-16,2016-07-08
NCT100007420,Interventional,Phase 3,Completed,110,2025-01-20,2025-12-31
NCT100007421,Interventional,Phase 1,Recruiting,27,2022-11-11,
NCT100007422,Interventional,Phase 4,Completed,584,2012-09-30,2014-08-30
NCT100007423,Interventional,Phase 3,Completed,102,2016-02-10,2018-10-23
NCT100007424,Interventional,Phase 2,Terminated,60,2025-07-23,2026-04-03
NCT100007425,Interventional,Phase 2,Recruiting,5,2021-02-16,
NCT100007426,Interventional,Phase 2,Completed,14,2020-05-12,2023-02-06
NCT100007427,Interventional,Phase 1,Completed,20,2022-02-20,2024-04-17
NCT100007428,Interventional,Phase 4,Completed,114,2017-06-30,2019-08-28
NCT100007429,Interventional,Phase 1,Completed,85,2016-11-19,2019-01-14
NCT100007430,Interventional,Phase 3,Unknown status,23,2016-08-07,
NCT100007431,Interventional,Phase 1,"Active, not recruiting",75,2020-03-16,
NCT100007432,Interventional,Phase 4,Completed,46,2023-02-11,2025-08-03
NCT100007433,Interventional,Phase 3,Completed,123,2017-07-18,2020-01-22
NCT100007434,Interventional,Phase 4,Terminated,19,2023-07-12,2024-05-29
NCT100007435,Interventional,Phase 4,Completed,59,2017-04-07,2020-03-22
NCT100007436,Interventional,Phase 1,Completed,80,2018-07-30,2020-07-08
NCT100007437,Interventional,Phase 1,Completed,638,2020-08-08,2023-06-23
NCT100007438,Interventional,Phase 1,Recruiting,32,2016-06-29,
NCT100007439,Interventional,Phase 1,Terminated,376,2015-04-18,2017-02-24
NCT100007440,Interventional,Phase 1,Completed,145,2012-10-08,2015-08-21
NCT100007441,Interventional,Phase 1,Terminated,231,2011-03-31,2011-09-11
NCT100007442,Interventional,Phase 2,"Active, not recruiting",51,2019-03-02,
NCT100007443,Interventional,Phase 1,Completed,74,2023-08-01,2025-08-10
NCT100007444,Interventional,Phase 1,Withdrawn,39,2012-01-17,2013-05-03
NCT100007445,Interventional,Phase 1,Terminated,126,2011-02-09,2012-05-04
NCT100007446,Interventional,Phase 3,"Active, not recruiting",5,2019-06-17,
NCT100007447,Interventional,Phase 2,Completed,275,2015-01-12,2017-08-22
NCT100007448,Interventional,Phase 4,Withdrawn,80,2011-01-03,2011-08-15
NCT100007449,Interventional,Phase 2,Terminated,59,2014-03-06,2015-04-08
NCT100007450,Interventional,Phase 3,Completed,77,2013-05-04,2016-12-24
NCT100007451,Interventional,Phase 4,Completed,57,2015-09-05,2016-11-30
NCT100007452,Interventional,Phase 2,Recruiting,107,2016-12-13,
NCT100007453,Interventional,Phase 3,Recruiting,50,2013-03-06,
NCT100007454,Interventional,Phase 1,Unknown status,24,2011-05-15,
NCT100007455,Interventional,Phase 1,Completed,79,2022-02-25,2023-10-06
NCT100007456,Interventional,Phase 3,Completed,78,2022-02-26,2026-11-09
NCT100007457,Interventional,Phase 3,Unknown status,93,2011-01-01,
NCT100007458,Interventional,Phase 2,"Active, not recruiting",32,2012-06-18,
NCT100007459,Interventional,Phase 3,Completed,123,2019-07-20,2021-01-22
NCT100007460,Interventional,Phase 1,Terminated,60,2017-02-10,2017-09-24
NCT100007461,Interventional,Phase 3,Completed,62,2019-03-22,2021-06-24
NCT100007462,Interventional,Phase 4,Completed,10,2023-10-27,2025-12-31
NCT100007463,Interventional,Phase 2,Completed,185,2013-12-02,2016-03-05
NCT100007464,Interventional,Phase 2,Terminated,214,2014-12-16,2016-08-30
NCT100007465,Interventional,Phase 3,Completed,24,2018-12-02,2021-10-10
NCT100007466,Interventional,Phase 1,"Active, not recruiting",29,2024-09-19,
NCT100007467,Interventional,Phase 3,Unknown status,37,2014-04-15,
NCT100007468,Interventional,Phase 3,Completed,13,2014-08-12,2016-09-24
NCT100007469,Interventional,Phase 1,Terminated,74,2014-12-15,2015-12-06
NCT100007470,Interventional,Phase 3,Completed,10,2018-03-07,2020-01-02
NCT100007471,Interventional,Phase 2,"Active, not recruiting",276,2014-12-16,
NCT100007472,Interventional,Phase 1,Completed,30,2012-02-03,2013-12-21
NCT100007473,Interventional,Phase 2,Completed,98,2012-12-27,2015-02-28
NCT100007474,Interventional,Phase 2,Completed,24,2020-02-22,2022-06-06
NCT100007475,Interventional,Phase 1,Terminated,32,2021-11-29,2022-10-31
NCT100007476,Interventional,Phase 3,Completed,16,2016-08-23,2019-07-20
NCT100007477,Interventional,Phase 4,Completed,129,2016-12-15,2019-05-07
NCT100007478,Interventional,Phase 3,Completed,350,2014-12-19,2017-03-05
NCT100007479,Interventional,Phase 4,Withdrawn,195,2013-04-06,2014-03-24
NCT100007480,Interventional,Phase 2,Completed,68,2022-04-08,2025-10-23
NCT100007481,Interventional,Phase 3,Completed,101,2021-05-31,2025-09-03
NCT100007482,Interventional,Phase 4,Completed,66,2019-03-29,2021-07-21
NCT100007483,Interventional,Phase 2,"Active, not recruiting",60,2019-02-02,
NCT100007484,Interventional,Phase 1,Terminated,268,2023-11-02,2024-04-18
NCT100007485,Interventional,Phase 2,Recruiting,24,2013-03-18,
NCT100007486,Interventional,Phase 2,Completed,101,2020-12-03,2023-12-06
NCT100007487,Interventional,Phase 2,Completed,31,2023-09-02,2025-10-16
NCT100007488,Interventional,Phase 3,Recruiting,156,2016-04-01,
NCT100007489,Interventional,Phase 2,Completed,24,2022-03-07,2025-06-25
NCT100007490,Interventional,Phase 2,Withdrawn,129,2022-11-04,2023-06-17
NCT100007491,Interventional,Phase 2,Recruiting,635,2025-01-17,
NCT100007492,Interventional,Phase 2,Completed,787,2015-12-14,2017-10-03
NCT100007493,Interventional,Phase 1,Terminated,227,2011-01-18,2011-05-21
NCT100007494,Interventional,Phase 4,Completed,135,2019-04-13,2021-10-15
NCT100007495,Interventional,Phase 1,Recruiting,12,2011-05-30,
NCT100007496,Interventional,Phase 3,"Active, not recruiting",21,2013-05-17,
NCT100007497,Interventional,Phase 4,Completed,35,2016-11-10,2019-10-07
NCT100007498,Interventional,Phase 1,Recruiting,497,2018-10-02,
NCT100007499,Interventional,Phase 2,"Active, not recruiting",34,2011-07-25,
NCT100007500,Interventional,Phase 1,"Active, not recruiting",12,2018-10-30,
NCT100007501,Interventional,Phase 3,Completed,128,2012-12-18,2014-06-23
NCT100007502,Interventional,Phase 2,Withdrawn,13,2020-11-27,2021-10-24
NCT100007503,Interventional,Phase 3,"Active, not recruiting",169,2022-06-25,
NCT100007504,Interventional,Phase 2,Completed,51,2015-05-24,2017-01-11
NCT100007505,Interventional,Phase 1,Terminated,12,2011-03-01,2011-11-28
NCT100007506,Interventional,Phase 1,Completed,81,2013-02-25,2014-10-11
NCT100007507,Interventional,Phase 3,Completed,39,2025-11-07,2025-12-31
NCT100007508,Interventional,Phase 2,Completed,70,2023-09-01,2026-12-24
NCT100007509,Interventional,Phase 1,Recruiting,145,2011-11-08,
NCT100007510,Interventional,Phase 3,"Active, not recruiting",5,2014-10-30,
NCT100007511,Interventional,Phase 2,Completed,54,2025-04-04,2025-12-31
NCT100007512,Interventional,Phase 2,"Active, not recruiting",47,2015-05-21,
NCT100007513,Interventional,Phase 4,Completed,47,2019-10-17,2023-07-31
NCT100007514,Interventional,Phase 2,Terminated,190,2025-02-10,2025-11-02
NCT100007515,Interventional,Phase 2,Unknown status,477,2017-12-06,
NCT100007516,Interventional,Phase 4,Completed,12,2016-10-26,2019-11-10
NCT100007517,Interventional,Phase 1,Completed,98,2022-01-05,2026-11-18
NCT100007518,Interventional,Phase 4,Completed,92,2012-05-14,2015-06-29
NCT100007519,Interventional,Phase 1,Completed,44,2011-06-02,2012-12-24
NCT100007520,Interventional,Phase 3,Completed,9,2025-09-01,2025-12-31
NCT100007521,Interventional,Phase 1,Completed,11,2020-09-06,2022-01-03
NCT100007522,Interventional,Phase 1,Completed,84,2011-07-13,2013-12-16
NCT100007523,Interventional,Phase 3,Completed,33,2021-04-03,2023-06-27
NCT100007524,Interventional,Phase 1,Completed,64,2014-11-25,2017-04-18
NCT100007525,Interventional,Phase 1,Recruiting,41,2016-09-24,
NCT100007526,Interventional,Phase 1,Recruiting,415,2014-04-21,
NCT100007527,Interventional,Phase 3,Completed,50,2014-09-12,2016-10-19
NCT100007528,Interventional,Phase 3,Completed,98,2022-02-23,2023-09-12
NCT100007529,Interventional,Phase 4,Completed,26,2012-10-28,2014-12-05
NCT100007530,Interventional,Phase 1,"Active, not recruiting",101,2023-08-02,
NCT100007531,Interventional,Phase 4,Completed,85,2013-12-10,2015-12-29
NCT100007532,Interventional,Phase 3,"Active, not recruiting",22,2020-03-23,
NCT100007533,Interventional,Phase 3,Withdrawn,28,2021-05-11,2022-01-12
NCT100007534,Interventional,Phase 2,"Active, not recruiting",115,2011-08-21,
NCT100007535,Interventional,Phase 3,Completed,40,2020-07-24,2022-11-19
NCT100007536,Interventional,Phase 2,Terminated,92,2022-12-23,2023-07-26
NCT100007537,Interventional,Phase 3,Completed,62,2025-11-01,2025-12-31
NCT100007538,Interventional,Phase 1,Terminated,16,2014-03-31,2014-10-12
NCT100007539,Interventional,Phase 4,Completed,66,2023-04-05,2026-12-04
NCT100007540,Interventional,Phase 4,Completed,77,2022-09-08,2025-06-13
NCT100007541,Interventional,Phase 3,Completed,56,2022-01-03,2024-10-15
NCT100007542,Interventional,Phase 1,Recruiting,25,2022-05-11,
NCT100007543,Interventional,Phase 2,Recruiting,125,2023-09-21,
NCT100007544,Interventional,Phase 1,Completed,34,2018-04-10,2020-01-14
NCT100007545,Interventional,Phase 1,Completed,2989,2016-05-06,2017-04-17
NCT100007546,Interventional,Phase 2,Withdrawn,43,2024-03-09,2025-05-01
NCT100007547,Interventional,Phase 2,Terminated,56,2023-09-17,2024-11-10
NCT100007548,Interventional,Phase 1,Terminated,46,2011-02-22,2014-02-03
NCT100007549,Interventional,Phase 1,"Active, not recruiting",28,2017-11-08,
NCT100007550,Interventional,Phase 3,Completed,110,2017-02-05,2018-08-11
NCT100007551,Interventional,Phase 3,Recruiting,45,2021-07-13,
NCT100007552,Interventional,Phase 1,Completed,94,2020-01-07,2023-05-27
NCT100007553,Interventional,Phase 3,Completed,15,2011-11-30,2014-02-25
NCT100007554,Interventional,Phase 2,Completed,296,2025-08-24,2025-12-31
NCT100007555,Interventional,Phase 2,Recruiting,43,2020-12-31,
NCT100007556,Interventional,Phase 2,Withdrawn,23,2018-11-09,2019-06-23
NCT100007557,Interventional,Phase 4,Completed,307,2020-07-05,2023-06-07
NCT100007558,Interventional,Phase 2,Completed,158,2023-11-12,2025-06-14
NCT100007559,Interventional,Phase 1,"Active, not recruiting",159,2025-07-16,
NCT100007560,Interventional,Phase 1,Terminated,25,2012-08-31,2013-06-02
NCT100007561,Interventional,Phase 3,Terminated,122,2018-07-25,2019-08-03
NCT100007562,Interventional,Phase 3,Completed,133,2015-03-22,2017-08-09
NCT100007563,Interventional,Phase 1,"Active, not recruiting",45,2020-04-26,
NCT100007564,Interventional,Phase 2,Completed,19,2016-07-31,2018-07-19
NCT100007565,Interventional,Phase 1,Terminated,844,2017-03-09,2017-08-14
NCT100007566,Interventional,Phase 2,Terminated,24,2014-12-10,2016-02-09
NCT100007567,Interventional,Phase 3,Recruiting,676,2025-12-16,
NCT100007568,Interventional,Phase 1,Completed,67,2020-03-04,2022-05-28
NCT100007569,Interventional,Phase 4,Completed,1519,2011-08-29,2014-08-17
NCT100007570,Interventional,Phase 1,Completed,118,2016-02-09,2017-07-06
NCT100007571,Interventional,Phase 4,Completed,12,2024-10-30,2026-07-27
NCT100007572,Interventional,Phase 1,Completed,299,2021-12-01,2024-12-13
NCT100007573,Interventional,Phase 1,Completed,109,2012-06-23,2014-03-28
NCT100007574,Interventional,Phase 2,Recruiting,18,2022-01-22,
NCT100007575,Interventional,Phase 2,"Active, not recruiting",124,2017-10-31,
NCT100007576,Interventional,Phase 1,Completed,497,2013-01-07,2014-11-05
NCT100007577,Interventional,Phase 3,Completed,113,2022-08-06,2025-04-09
NCT100007578,Interventional,Phase 1,Completed,32,2014-12-08,2017-09-23
NCT100007579,Interventional,Phase 1,Terminated,198,2024-02-06,2025-09-10
NCT100007580,Interventional,Phase 4,Unknown status,39,2022-02-21,
NCT100007581,Interventional,Phase 2,Unknown status,107,2017-03-04,
NCT100007582,Interventional,Phase 1,Terminated,59,2020-12-02,2022-02-19
NCT100007583,Interventional,Phase 1,Withdrawn,51,2012-07-17,2013-01-24
NCT100007584,Interventional,Phase 3,Withdrawn,157,2024-09-14,2025-10-21
NCT100007585,Interventional,Phase 3,Completed,835,2023-05-28,2025-12-04
NCT100007586,Interventional,Phase 1,"Active, not recruiting",874,2015-07-19,
NCT100007587,Interventional,Phase 1,Completed,105,2021-03-27,2024-01-14
NCT100007588,Interventional,Phase 1,Withdrawn,415,2013-05-30,2014-08-17
NCT100007589,Interventional,Phase 2,Recruiting,140,2022-08-01,
NCT100007590,Interventional,Phase 1,Unknown status,139,2015-07-13,
NCT100007591,Interventional,Phase 2,Completed,34,2020-10-19,2022-08-14
NCT100007592,Interventional,Phase 1,Completed,201,2015-06-02,2017-01-24
NCT100007593,Interventional,Phase 2,"Active, not recruiting",9,2021-09-17,
NCT100007594,Interventional,Phase 2,"Active, not recruiting",298,2024-03-07,
NCT100007595,Interventional,Phase 2,Recruiting,793,2014-11-18,
NCT100007596,Interventional,Phase 1,Completed,56,2015-02-24,2016-08-17
NCT100007597,Interventional,Phase 2,Recruiting,15,2012-08-10,
NCT100007598,Interventional,Phase 1,"Active, not recruiting",99,2025-02-25,
NCT100007599,Interventional,Phase 4,Recruiting,50,2025-06-24,
NCT100007600,Interventional,Phase 1,"Active, not recruiting",7,2022-11-19,
NCT100007601,Interventional,Phase 2,"Active, not recruiting",157,2024-03-17,
NCT100007602,Interventional,Phase 1,Completed,104,2014-02-09,2016-02-28
NCT100007603,Interventional,Phase 1,Completed,602,2016-11-23,2019-03-13
NCT100007604,Interventional,Phase 2,Completed,95,2017-08-05,2020-01-08
NCT100007605,Interventional,Phase 2,Completed,189,2021-05-25,2022-08-25
NCT100007606,Interventional,Phase 4,Completed,10,2014-08-18,2016-05-12
NCT100007607,Interventional,Phase 3,Terminated,137,2020-07-23,2021-12-22
NCT100007608,Interventional,Phase 2,Withdrawn,161,2018-09-25,2019-09-20
NCT100007609,Interventional,Phase 2,Recruiting,15,2023-08-03,
NCT100007610,Interventional,Phase 1,Completed,65,2018-02-09,2022-07-17
NCT100007611,Interventional,Phase 1,Completed,44,2018-01-17,2020-11-12
NCT100007612,Interventional,Phase 2,Recruiting,114,2011-01-29,
NCT100007613,Interventional,Phase 1,"Active, not recruiting",226,2012-02-23,
NCT100007614,Interventional,Phase 1,Completed,68,2018-10-21,2019-09-16
NCT100007615,Interventional,Phase 1,"Active, not recruiting",154,2019-11-28,
NCT100007616,Interventional,Phase 4,Completed,58,2021-09-10,2025-08-26
NCT100007617,Interventional,Phase 2,"Active, not recruiting",240,2015-10-20,
NCT100007618,Interventional,Phase 1,Terminated,141,2015-12-28,2016-08-24
NCT100007619,Interventional,Phase 3,Completed,155,2023-06-26,2025-02-25
NCT100007620,Interventional,Phase 1,Completed,37,2011-10-17,2012-10-30
NCT100007621,Interventional,Phase 2,Completed,35,2015-07-16,2016-10-16
NCT100007622,Interventional,Phase 3,Recruiting,60,2018-08-08,
NCT100007623,Interventional,Phase 3,Completed,113,2022-08-01,2024-10-04
NCT100007624,Interventional,Phase 2,Terminated,10,2017-11-09,2018-11-13
NCT100007625,Interventional,Phase 3,Unknown status,13,2016-05-25,
NCT100007626,Interventional,Phase 1,Recruiting,44,2016-03-06,
NCT100007627,Interventional,Phase 1,Completed,441,2014-09-07,2018-06-06
NCT100007628,Interventional,Phase 2,Completed,56,2011-06-18,2013-04-26
NCT100007629,Interventional,Phase 1,Completed,541,2015-03-30,2017-01-31
NCT100007630,Interventional,Phase 3,Completed,74,2014-07-26,2018-03-05
NCT100007631,Interventional,Phase 2,Recruiting,91,2024-12-17,
NCT100007632,Interventional,Phase 3,Terminated,393,2012-12-09,2013-08-10
NCT100007633,Interventional,Phase 2,"Active, not recruiting",26,2011-12-30,
NCT100007634,Interventional,Phase 3,Completed,120,2024-02-28,2026-09-20
NCT100007635,Interventional,Phase 3,Completed,156,2023-09-06,2025-12-31
NCT100007636,Interventional,Phase 3,Terminated,1103,2011-02-21,2013-05-23
NCT100007637,Interventional,Phase 1,Terminated,105,2024-02-25,2025-02-23
NCT100007638,Interventional,Phase 1,Completed,93,2014-01-30,2017-03-01
NCT100007639,Interventional,Phase 2,Completed,6,2022-04-27,2025-06-17
NCT100007640,Interventional,Phase 2,Withdrawn,29,2015-02-16,2017-04-08
NCT100007641,Interventional,Phase 2,Completed,20,2016-05-21,2019-03-14
NCT100007642,Interventional,Phase 2,"Active, not recruiting",153,2013-12-05,
NCT100007643,Interventional,Phase 1,Recruiting,65,2015-08-26,
NCT100007644,Interventional,Phase 1,Completed,271,2017-07-23,2020-05-10
NCT100007645,Interventional,Phase 1,Recruiting,19,2022-02-03,
NCT100007646,Interventional,Phase 2,Terminated,262,2014-11-20,2016-04-27
NCT100007647,Interventional,Phase 1,Unknown status,20,2023-03-03,
NCT100007648,Interventional,Phase 3,Completed,54,2011-01-25,2014-07-19
NCT100007649,Interventional,Phase 2,Completed,956,2017-01-18,2020-10-10
NCT100007650,Interventional,Phase 3,Completed,13,2025-12-28,2025-12-31
NCT100007651,Interventional,Phase 3,Completed,82,2022-10-10,2025-10-12
NCT100007652,Interventional,Phase 3,Withdrawn,33,2025-01-21,2026-03-28
NCT100007653,Interventional,Phase 2,Completed,99,2018-04-27,2020-08-23
NCT100007654,Interventional,Phase 1,Recruiting,56,2024-12-24,
NCT100007655,Interventional,Phase 2,Completed,648,2018-09-08,2023-02-06
NCT100007656,Interventional,Phase 2,Completed,269,2020-11-09,2022-12-16
NCT100007657,Interventional,Phase 4,Completed,18,2014-04-30,2016-10-06
NCT100007658,Interventional,Phase 4,Completed,78,2021-03-01,2023-03-13
NCT100007659,Interventional,Phase 4,Completed,75,2014-09-16,2017-01-25
NCT100007660,Interventional,Phase 2,Terminated,59,2012-10-05,2013-08-05
NCT100007661,Interventional,Phase 3,Recruiting,191,2024-06-01,
NCT100007662,Interventional,Phase 4,Recruiting,70,2013-09-06,
NCT100007663,Interventional,Phase 1,Withdrawn,24,2016-04-20,2017-01-18
NCT100007664,Interventional,Phase 4,Completed,39,2018-05-29,2020-03-10
NCT100007665,Interventional,Phase 2,Completed,168,2012-09-12,2013-11-18
NCT100007666,Interventional,Phase 3,Completed,161,2020-11-02,2023-03-26
NCT100007667,Interventional,Phase 2,Completed,54,2012-12-15,2015-06-13
NCT100007668,Interventional,Phase 2,Completed,136,2014-04-01,2017-06-25
NCT100007669,Interventional,Phase 1,Terminated,21,2025-01-29,2025-08-25
NCT100007670,Interventional,Phase 3,Completed,248,2013-11-23,2016-11-30
NCT100007671,Interventional,Phase 3,Completed,168,2013-12-01,2015-08-04
NCT100007672,Interventional,Phase 2,Completed,36,2011-05-12,2014-11-13
NCT100007673,Interventional,Phase 4,Terminated,327,2017-02-16,2017-11-28
NCT100007674,Interventional,Phase 1,"Active, not recruiting",35,2019-11-14,
NCT100007675,Interventional,Phase 3,Completed,118,2024-12-06,2026-10-22
NCT100007676,Interventional,Phase 4,Completed,24,2015-07-19,2017-11-13
NCT100007677,Interventional,Phase 1,Unknown status,463,2012-12-26,
NCT100007678,Interventional,Phase 4,Completed,192,2012-12-15,2014-12-05
NCT100007679,Interventional,Phase 2,Completed,35,2014-05-16,2016-06-19
NCT100007680,Interventional,Phase 1,Completed,37,2018-10-02,2021-01-07
NCT100007681,Interventional,Phase 3,"Active, not recruiting",634,2017-02-13,
NCT100007682,Interventional,Phase 1,Recruiting,803,2025-08-31,
NCT100007683,Interventional,Phase 2,Completed,35,2018-07-15,2021-03-06
NCT100007684,Interventional,Phase 3,Completed,152,2017-10-02,2020-02-02
NCT100007685,Interventional,Phase 2,Completed,45,2024-08-09,2026-11-13
NCT100007686,Interventional,Phase 1,Completed,10,2012-08-17,2014-08-10
NCT100007687,Interventional,Phase 2,Completed,27,2021-07-23,2023-07-29
NCT100007688,Interventional,Phase 2,Terminated,489,2015-07-01,2015-12-12
NCT100007689,Interventional,Phase 2,Completed,84,2014-11-27,2017-03-17
NCT100007690,Interventional,Phase 1,Completed,252,2021-09-24,2023-12-23
NCT100007691,Interventional,Phase 2,Completed,6,2011-05-25,2013-06-18
NCT100007692,Interventional,Phase 1,Completed,28,2020-01-26,2022-07-20
NCT100007693,Interventional,Phase 2,Terminated,66,2021-11-09,2022-08-21
NCT100007694,Interventional,Phase 4,Terminated,14,2012-06-19,2013-05-09
NCT100007695,Interventional,Phase 2,"Active, not recruiting",260,2022-02-07,
NCT100007696,Interventional,Phase 4,"Active, not recruiting",288,2014-06-25,
NCT100007697,Interventional,Phase 1,Recruiting,412,2013-10-12,
NCT100007698,Interventional,Phase 3,Completed,116,2015-09-06,2017-10-05
NCT100007699,Interventional,Phase 3,Recruiting,19,2017-09-22,
NCT100007700,Interventional,Phase 2,Completed,27,2018-02-03,2019-09-10
NCT100007701,Interventional,Phase 2,Recruiting,36,2024-01-27,
NCT100007702,Interventional,Phase 2,Completed,31,2025-02-08,2026-09-24
NCT100007703,Interventional,Phase 1,Recruiting,146,2018-08-03,
NCT100007704,Interventional,Phase 1,Withdrawn,232,2018-10-22,2019-06-18
NCT100007705,Interventional,Phase 2,Completed,50,2020-08-17,2023-01-28
NCT100007706,Interventional,Phase 2,Recruiting,12,2013-11-07,
NCT100007707,Interventional,Phase 2,Completed,223,2011-10-08,2013-05-05
NCT100007708,Interventional,Phase 1,"Active, not recruiting",14,2024-01-24,
NCT100007709,Interventional,Phase 3,Completed,63,2016-07-11,2019-08-19
NCT100007710,Interventional,Phase 1,Terminated,160,2023-05-03,2023-11-12
NCT100007711,Interventional,Phase 1,Completed,322,2017-05-07,2018-10-22
NCT100007712,Interventional,Phase 4,Completed,140,2018-06-11,2020-09-14
NCT100007713,Interventional,Phase 2,Terminated,18,2011-01-15,2012-02-18
NCT100007714,Interventional,Phase 2,Recruiting,516,2015-09-17,
NCT100007715,Interventional,Phase 2,Recruiting,35,2020-10-04,
NCT100007716,Interventional,Phase 4,Completed,597,2025-08-29,2025-12-31
NCT100007717,Interventional,Phase 2,Completed,229,2020-06-27,2023-12-07
NCT100007718,Interventional,Phase 2,Completed,25,2018-07-08,2020-09-04
NCT100007719,Interventional,Phase 2,Recruiting,64,2025-01-31,
NCT100007720,Interventional,Phase 1,Completed,42,2022-02-21,2024-04-22
NCT100007721,Interventional,Phase 3,Completed,118,2022-05-17,2024-07-08
NCT100007722,Interventional,Phase 4,Completed,40,2020-07-17,2024-09-18
NCT100007723,Interventional,Phase 3,Completed,670,2018-01-16,2020-01-04
NCT100007724,Interventional,Phase 2,Completed,173,2015-08-31,2017-11-18
NCT100007725,Interventional,Phase 1,Completed,24,2017-01-11,2019-04-26
NCT100007726,Interventional,Phase 3,Recruiting,25,2021-12-28,
NCT100007727,Interventional,Phase 4,Unknown status,5,2012-09-16,
NCT100007728,Interventional,Phase 4,Completed,68,2018-10-06,2022-12-03
NCT100007729,Interventional,Phase 4,Unknown status,198,2020-07-31,
NCT100007730,Interventional,Phase 2,Recruiting,37,2016-10-23,
NCT100007731,Interventional,Phase 3,Completed,63,2020-05-25,2022-09-06
NCT100007732,Interventional,Phase 4,Recruiting,262,2025-11-23,
NCT100007733,Interventional,Phase 4,Completed,169,2011-05-30,2014-01-01
NCT100007734,Interventional,Phase 3,Completed,38,2013-12-15,2017-02-22
NCT100007735,Interventional,Phase 2,Terminated,735,2016-06-15,2017-03-21
NCT100007736,Interventional,Phase 2,"Active, not recruiting",20,2018-02-18,
NCT100007737,Interventional,Phase 2,"Active, not recruiting",121,2019-01-24,
NCT100007738,Interventional,Phase 3,Completed,61,2014-08-01,2016-08-08
NCT100007739,Interventional,Phase 2,Completed,51,2023-07-15,2026-05-09
NCT100007740,Interventional,Phase 2,Completed,51,2018-11-26,2021-09-06
NCT100007741,Interventional,Phase 2,Recruiting,1591,2020-11-19,
NCT100007742,Interventional,Phase 1,Terminated,63,2022-05-24,2023-03-02
NCT100007743,Interventional,Phase 2,Completed,636,2012-07-05,2015-08-12
NCT100007744,Interventional,Phase 4,"Active, not recruiting",28,2018-07-16,
NCT100007745,Interventional,Phase 2,Unknown status,96,2022-10-01,
NCT100007746,Interventional,Phase 3,"Active, not recruiting",27,2024-08-14,
NCT100007747,Interventional,Phase 2,Completed,336,2019-01-05,2020-11-28
NCT100007748,Interventional,Phase 1,Terminated,1564,2011-02-19,2012-05-15
NCT100007749,Interventional,Phase 2,Terminated,196,2012-12-12,2013-05-19
NCT100007750,Interventional,Phase 1,Withdrawn,563,2022-11-25,2023-07-19
NCT100007751,Interventional,Phase 2,Completed,5,2025-11-10,2025-12-31
NCT100007752,Interventional,Phase 3,Completed,200,2019-06-16,2022-02-06
NCT100007753,Interventional,Phase 4,Completed,53,2024-06-17,2026-07-10
NCT100007754,Interventional,Phase 2,Completed,44,2023-03-12,2024-05-11
NCT100007755,Interventional,Phase 2,Completed,46,2016-12-14,2018-12-27
NCT100007756,Interventional,Phase 3,Completed,9,2013-12-05,2015-11-28
NCT100007757,Interventional,Phase 2,Completed,146,2021-12-09,2023-11-15
NCT100007758,Interventional,Phase 1,Unknown status,11,2015-02-06,
NCT100007759,Interventional,Phase 4,Recruiting,47,2021-06-23,
NCT100007760,Interventional,Phase 3,Completed,157,2015-06-16,2017-07-25
NCT100007761,Interventional,Phase 2,Completed,16,2016-12-24,2019-04-17
NCT100007762,Interventional,Phase 2,Terminated,20,2021-05-19,2022-11-30
NCT100007763,Interventional,Phase 3,Completed,57,2024-02-03,2026-11-12
NCT100007764,Interventional,Phase 3,"Active, not recruiting",316,2017-03-30,
NCT100007765,Interventional,Phase 2,Completed,11,2021-09-06,2024-08-29
NCT100007766,Interventional,Phase 1,Unknown status,645,2020-06-07,
NCT100007767,Interventional,Phase 3,"Active, not recruiting",254,2017-09-09,
NCT100007768,Interventional,Phase 4,Unknown status,22,2019-04-01,
NCT100007769,Interventional,Phase 3,Completed,298,2022-09-26,2025-01-20
NCT100007770,Interventional,Phase 3,Completed,256,2015-05-15,2017-08-16
NCT100007771,Interventional,Phase 1,Recruiting,41,2025-08-30,
NCT100007772,Interventional,Phase 1,Completed,8,2014-05-03,2016-10-02
NCT100007773,Interventional,Phase 2,Completed,452,2015-07-31,2017-04-25
NCT100007774,Interventional,Phase 1,Withdrawn,9,2022-01-18,2022-08-26
NCT100007775,Interventional,Phase 1,Completed,557,2018-06-24,2020-04-27
NCT100007776,Interventional,Phase 1,Recruiting,169,2023-06-09,
NCT100007777,Interventional,Phase 2,Terminated,98,2013-02-06,2013-12-12
NCT100007778,Interventional,Phase 2,Completed,47,2013-07-30,2015-07-22
NCT100007779,Interventional,Phase 3,Completed,162,2017-12-22,2020-03-16
NCT100007780,Interventional,Phase 4,"Active, not recruiting",24,2021-04-23,
NCT100007781,Interventional,Phase 1,Completed,170,2011-03-01,2013-01-29
NCT100007782,Interventional,Phase 1,Completed,91,2021-04-11,2023-12-25
NCT100007783,Interventional,Phase 3,Recruiting,71,2022-08-26,
NCT100007784,Interventional,Phase 1,Unknown status,26,2013-05-19,
NCT100007785,Interventional,Phase 2,Completed,65,2012-10-15,2016-01-16
NCT100007786,Interventional,Phase 1,Completed,43,2020-01-18,2021-01-23
NCT100007787,Interventional,Phase 1,Completed,548,2023-04-23,2024-06-13
NCT100007788,Interventional,Phase 4,"Active, not recruiting",13,2014-11-18,
NCT100007789,Interventional,Phase 3,Completed,118,2024-04-28,2026-01-28
NCT100007790,Interventional,Phase 4,"Active, not recruiting",386,2025-05-15,
NCT100007791,Interventional,Phase 3,Completed,24,2015-05-31,2017-03-08
NCT100007792,Interventional,Phase 2,Completed,37,2017-08-21,2019-08-05
NCT100007793,Interventional,Phase 2,Recruiting,5,2017-07-12,
NCT100007794,Interventional,Phase 4,Completed,34,2021-07-31,2023-11-12
NCT100007795,Interventional,Phase 3,Completed,21,2014-12-20,2018-05-25
NCT100007796,Interventional,Phase 3,Completed,193,2013-10-03,2016-01-04
NCT100007797,Interventional,Phase 3,Completed,41,2025-09-22,2025-12-31
NCT100007798,Interventional,Phase 2,Unknown status,137,2015-01-26,
NCT100007799,Interventional,Phase 1,Terminated,23,2020-10-17,2021-05-21
NCT100007800,Interventional,Phase 3,Completed,293,2022-07-25,2025-07-14
NCT100007801,Interventional,Phase 3,Completed,82,2018-12-19,2022-01-31
NCT100007802,Interventional,Phase 1,Terminated,55,2015-07-21,2016-08-17
NCT100007803,Interventional,Phase 1,Unknown status,677,2023-07-06,
NCT100007804,Interventional,Phase 2,"Active, not recruiting",112,2015-03-30,
NCT100007805,Interventional,Phase 2,Completed,321,2017-07-23,2020-04-10
NCT100007806,Interventional,Phase 1,Completed,316,2025-10-26,2025-12-31
NCT100007807,Interventional,Phase 2,Completed,54,2014-10-09,2016-11-23
NCT100007808,Interventional,Phase 4,Completed,23,2025-02-19,2025-12-31
NCT100007809,Interventional,Phase 3,Completed,18,2023-04-03,2025-05-19
NCT100007810,Interventional,Phase 3,Completed,204,2016-04-26,2020-05-16
NCT100007811,Interventional,Phase 2,Completed,159,2018-12-29,2020-06-18
NCT100007812,Interventional,Phase 2,Withdrawn,114,2023-01-23,2024-06-12
NCT100007813,Interventional,Phase 1,Completed,194,2014-05-30,2016-06-23
NCT100007814,Interventional,Phase 2,Withdrawn,18,2023-04-12,2024-01-09
NCT100007815,Interventional,Phase 2,Completed,16,2013-07-15,2016-01-07
NCT100007816,Interventional,Phase 2,Terminated,106,2025-06-25,2026-10-12
NCT100007817,Interventional,Phase 4,Completed,7,2015-02-23,2018-07-08
NCT100007818,Interventional,Phase 3,"Active, not recruiting",25,2021-02-15,
NCT100007819,Interventional,Phase 1,Completed,149,2025-12-03,2025-12-31
NCT100007820,Interventional,Phase 3,"Active, not recruiting",107,2011-01-01,
NCT100007821,Interventional,Phase 4,Completed,17,2020-11-23,2023-06-24
NCT100007822,Interventional,Phase 2,Completed,58,2012-01-01,2013-10-07
NCT100007823,Interventional,Phase 2,"Active, not recruiting",31,2019-11-09,
NCT100007824,Interventional,Phase 3,Unknown status,141,2012-08-01,
NCT100007825,Interventional,Phase 2,Terminated,203,2014-08-17,2015-06-07
NCT100007826,Interventional,Phase 1,Terminated,83,2020-07-13,2021-05-12
NCT100007827,Interventional,Phase 3,Recruiting,31,2013-07-30,
NCT100007828,Interventional,Phase 3,Completed,457,2020-12-28,2023-04-25
NCT100007829,Interventional,Phase 2,Completed,105,2018-07-16,2020-11-13
NCT100007830,Interventional,Phase 3,Completed,398,2017-11-30,2020-10-05
NCT100007831,Interventional,Phase 1,Recruiting,276,2015-01-24,
NCT100007832,Interventional,Phase 2,Completed,60,2016-05-11,2019-01-07
NCT100007833,Interventional,Phase 2,Recruiting,143,2018-04-01,
NCT100007834,Interventional,Phase 2,Completed,22,2011-07-01,2013-03-08
NCT100007835,Interventional,Phase 4,Recruiting,41,2020-03-24,
NCT100007836,Interventional,Phase 2,Unknown status,59,2019-04-03,
NCT100007837,Interventional,Phase 2,Terminated,7,2014-12-19,2016-05-29
NCT100007838,Interventional,Phase 2,Completed,7,2012-11-20,2014-10-23
NCT100007839,Interventional,Phase 1,Terminated,78,2011-01-22,2012-03-13
NCT100007840,Interventional,Phase 4,Completed,19,2017-11-06,2019-06-19
NCT100007841,Interventional,Phase 3,Recruiting,163,2021-11-21,
NCT100007842,Interventional,Phase 2,"Active, not recruiting",62,2011-03-18,
NCT100007843,Interventional,Phase 4,Terminated,139,2024-03-23,2025-05-10
NCT100007844,Interventional,Phase 3,Terminated,3677,2014-06-10,2015-01-29
NCT100007845,Interventional,Phase 2,Completed,128,2016-07-05,2019-08-13
NCT100007846,Interventional,Phase 1,Completed,55,2023-02-15,2024-03-07
NCT100007847,Interventional,Phase 4,Completed,51,2020-06-17,2022-07-07
NCT100007848,Interventional,Phase 1,Completed,138,2015-06-03,2018-07-29
NCT100007849,Interventional,Phase 2,"Active, not recruiting",108,2016-04-25,
NCT100007850,Interventional,Phase 2,Recruiting,33,2015-01-05,
NCT100007851,Interventional,Phase 3,"Active, not recruiting",245,2022-12-17,
NCT100007852,Interventional,Phase 2,Recruiting,137,2017-04-25,
NCT100007853,Interventional,Phase 1,Completed,302,2013-12-04,2015-10-16
NCT100007854,Interventional,Phase 2,Unknown status,37,2017-06-12,
NCT100007855,Interventional,Phase 3,"Active, not recruiting",25,2015-12-05,
NCT100007856,Interventional,Phase 3,Withdrawn,27,2012-02-12,2013-07-23
NCT100007857,Interventional,Phase 4,Terminated,24,2025-04-26,2026-07-28
NCT100007858,Interventional,Phase 1,Completed,151,2020-05-15,2022-05-30
NCT100007859,Interventional,Phase 2,Recruiting,1103,2021-07-11,
NCT100007860,Interventional,Phase 1,Completed,41,2017-09-25,2019-06-26
NCT100007861,Interventional,Phase 1,Terminated,128,2018-10-15,2019-08-25
NCT100007862,Interventional,Phase 3,Completed,294,2022-05-12,2024-04-05
NCT100007863,Interventional,Phase 4,Completed,116,2012-09-12,2014-11-23
NCT100007864,Interventional,Phase 3,Completed,50,2014-09-20,2017-03-20
NCT100007865,Interventional,Phase 1,Completed,653,2018-01-01,2019-03-23
NCT100007866,Interventional,Phase 3,Recruiting,24,2014-10-23,
NCT100007867,Interventional,Phase 3,Completed,84,2024-10-07,2025-12-31
NCT100007868,Interventional,Phase 3,Recruiting,10,2022-05-26,
NCT100007869,Interventional,Phase 3,Unknown status,6,2017-03-10,
NCT100007870,Interventional,Phase 2,Recruiting,100,2011-10-14,
NCT100007871,Interventional,Phase 2,Terminated,1029,2011-11-06,2012-07-30
NCT100007872,Interventional,Phase 2,Completed,565,2024-10-27,2025-12-31
NCT100007873,Interventional,Phase 1,Withdrawn,158,2024-03-27,2025-07-06
NCT100007874,Interventional,Phase 1,Completed,175,2013-04-28,2016-03-17
NCT100007875,Interventional,Phase 3,Completed,188,2017-09-05,2019-09-14
NCT100007876,Interventional,Phase 1,"Active, not recruiting",158,2012-09-22,
NCT100007877,Interventional,Phase 1,Recruiting,53,2019-10-17,
NCT100007878,Interventional,Phase 4,Completed,5,2025-02-08,2025-12-31
NCT100007879,Interventional,Phase 1,Completed,16,2023-09-24,2026-08-25
NCT100007880,Interventional,Phase 2,Completed,204,2019-05-23,2022-01-04
NCT100007881,Interventional,Phase 1,Completed,37,2013-04-28,2014-07-04
NCT100007882,Interventional,Phase 3,Completed,452,2022-05-23,2025-01-10
NCT100007883,Interventional,Phase 3,Withdrawn,195,2015-06-05,2016-02-23
NCT100007884,Interventional,Phase 1,Completed,123,2022-10-26,2025-02-07
NCT100007885,Interventional,Phase 1,Unknown status,599,2022-08-21,
NCT100007886,Interventional,Phase 2,"Active, not recruiting",157,2024-01-14,
NCT100007887,Interventional,Phase 2,Terminated,131,2020-04-05,2022-05-31
NCT100007888,Interventional,Phase 1,Completed,32,2020-11-05,2023-04-03
NCT100007889,Interventional,Phase 3,Completed,21,2011-01-02,2012-10-16
NCT100007890,Interventional,Phase 3,Completed,52,2025-11-27,2025-12-31
NCT100007891,Interventional,Phase 1,Completed,98,2023-06-05,2025-12-31
NCT100007892,Interventional,Phase 2,Completed,47,2011-05-22,2013-05-26
NCT100007893,Interventional,Phase 3,Completed,169,2024-05-24,2025-12-31
NCT100007894,Interventional,Phase 2,Completed,69,2024-01-07,2026-04-15
NCT100007895,Interventional,Phase 1,Unknown status,1076,2020-11-18,
NCT100007896,Interventional,Phase 4,Recruiting,148,2013-11-03,
NCT100007897,Interventional,Phase 1,Completed,7,2020-11-10,2023-05-27
NCT100007898,Interventional,Phase 3,Recruiting,188,2018-12-03,
NCT100007899,Interventional,Phase 1,Unknown status,131,2016-12-25,
NCT100007900,Interventional,Phase 3,Completed,202,2013-06-11,2015-10-23
NCT100007901,Interventional,Phase 1,Terminated,225,2020-12-31,2022-08-31
NCT100007902,Interventional,Phase 4,Completed,120,2017-06-22,2020-10-09
NCT100007903,Interventional,Phase 3,Completed,52,2024-12-04,2025-12-31
NCT100007904,Interventional,Phase 4,Completed,111,2017-03-16,2019-09-23
NCT100007905,Interventional,Phase 2,Completed,32,2024-05-13,2025-12-31
NCT100007906,Interventional,Phase 3,Recruiting,685,2019-01-29,
NCT100007907,Interventional,Phase 2,Unknown status,13,2022-08-07,
NCT100007908,Interventional,Phase 3,Completed,548,2018-09-10,2020-09-02
NCT100007909,Interventional,Phase 2,Completed,12,2021-08-23,2023-05-15
NCT100007910,Interventional,Phase 2,"Active, not recruiting",1172,2016-08-01,
NCT100007911,Interventional,Phase 3,Completed,86,2021-04-26,2024-06-23
NCT100007912,Interventional,Phase 2,Completed,19,2015-09-30,2018-08-22
NCT100007913,Interventional,Phase 3,Completed,444,2023-04-10,2024-12-13
NCT100007914,Interventional,Phase 3,Withdrawn,28,2011-07-01,2012-04-17
NCT100007915,Interventional,Phase 1,Withdrawn,108,2022-04-17,2023-08-04
NCT100007916,Interventional,Phase 2,Recruiting,45,2016-03-23,
NCT100007917,Interventional,Phase 2,Completed,63,2023-04-18,2025-11-30
NCT100007918,Interventional,Phase 3,Recruiting,78,2021-09-26,
NCT100007919,Interventional,Phase 2,Recruiting,302,2024-09-04,
NCT100007920,Interventional,Phase 1,Completed,41,2025-07-10,2025-12-31
NCT100007921,Interventional,Phase 4,Completed,166,2015-12-10,2017-07-04
NCT100007922,Interventional,Phase 3,Completed,92,2015-08-23,2017-11-20
NCT100007923,Interventional,Phase 4,Completed,13,2011-04-02,2014-05-05
NCT100007924,Interventional,Phase 3,Completed,19,2025-08-05,2025-12-31
NCT100007925,Interventional,Phase 2,Completed,14,2020-04-05,2022-02-21
NCT100007926,Interventional,Phase 4,Completed,97,2013-05-11,2016-05-02
NCT100007927,Interventional,Phase 2,"Active, not recruiting",29,2014-07-05,
NCT100007928,Interventional,Phase 2,Completed,97,2019-10-09,2022-07-15
NCT100007929,Interventional,Phase 4,Completed,48,2023-12-14,2025-10-26
NCT100007930,Interventional,Phase 4,Completed,288,2022-02-09,2024-06-06
NCT100007931,Interventional,Phase 3,Completed,699,2021-03-02,2023-01-15
NCT100007932,Interventional,Phase 4,Completed,39,2021-09-17,2024-02-19
NCT100007933,Interventional,Phase 2,Terminated,532,2022-01-31,2023-11-18
NCT100007934,Interventional,Phase 1,Terminated,56,2023-08-05,2024-12-31
NCT100007935,Interventional,Phase 1,Completed,52,2025-08-11,2025-12-31
NCT100007936,Interventional,Phase 3,Terminated,33,2018-10-17,2020-01-12
NCT100007937,Interventional,Phase 2,"Active, not recruiting",516,2017-06-30,
NCT100007938,Interventional,Phase 2,Completed,1154,2016-09-27,2019-12-29
NCT100007939,Interventional,Phase 2,"Active, not recruiting",6,2020-06-23,
NCT100007940,Interventional,Phase 2,"Active, not recruiting",25,2023-01-19,
NCT100007941,Interventional,Phase 2,Completed,5,2015-08-19,2018-10-11
NCT100007942,Interventional,Phase 3,Completed,1111,2013-08-09,2015-08-10
NCT100007943,Interventional,Phase 2,Terminated,153,2013-03-17,2013-09-26
NCT100007944,Interventional,Phase 3,Recruiting,85,2012-06-11,
NCT100007945,Interventional,Phase 3,Unknown status,375,2018-04-17,
NCT100007946,Interventional,Phase 2,Completed,98,2012-02-20,2014-11-11
NCT100007947,Interventional,Phase 3,"Active, not recruiting",209,2016-06-08,
NCT100007948,Interventional,Phase 1,Completed,180,2013-07-04,2015-10-03
NCT100007949,Interventional,Phase 2,Completed,54,2020-08-27,2023-01-26
NCT100007950,Interventional,Phase 3,Completed,334,2023-11-09,2025-12-24
NCT100007951,Interventional,Phase 3,Unknown status,38,2017-11-13,
NCT100007952,Interventional,Phase 1,Completed,178,2021-10-06,2024-12-01
NCT100007953,Interventional,Phase 4,Unknown status,6,2024-07-07,
NCT100007954,Interventional,Phase 3,Recruiting,41,2019-04-08,
NCT100007955,Interventional,Phase 1,Completed,93,2014-02-08,2015-12-18
NCT100007956,Interventional,Phase 1,Recruiting,132,2015-08-19,
NCT100007957,Interventional,Phase 2,Withdrawn,161,2012-06-28,2013-06-11
NCT100007958,Interventional,Phase 2,Completed,73,2017-10-28,2020-08-07
NCT100007959,Interventional,Phase 3,Completed,13,2021-11-26,2023-11-16
NCT100007960,Interventional,Phase 3,Terminated,45,2021-07-09,2022-12-13
NCT100007961,Interventional,Phase 4,"Active, not recruiting",7,2020-11-01,
NCT100007962,Interventional,Phase 3,Terminated,80,2020-03-03,2021-08-18
NCT100007963,Interventional,Phase 1,Completed,16,2014-03-30,2016-01-24
NCT100007964,Interventional,Phase 4,Completed,64,2025-12-19,2025-12-31
NCT100007965,Interventional,Phase 2,Completed,67,2018-01-15,2019-09-25
NCT100007966,Interventional,Phase 2,Terminated,238,2019-07-26,2020-01-07
NCT100007967,Interventional,Phase 1,Withdrawn,16,2015-06-25,2017-01-01
NCT100007968,Interventional,Phase 3,Completed,14,2012-02-05,2014-11-28
NCT100007969,Interventional,Phase 2,Completed,346,2019-01-10,2020-06-21
NCT100007970,Interventional,Phase 4,Completed,88,2017-06-26,2020-11-12
NCT100007971,Interventional,Phase 4,Unknown status,129,2022-05-02,
NCT100007972,Interventional,Phase 1,"Active, not recruiting",11,2018-08-25,
NCT100007973,Interventional,Phase 2,Terminated,71,2020-04-20,2020-10-19
NCT100007974,Interventional,Phase 3,Completed,189,2024-11-16,2025-12-31
NCT100007975,Interventional,Phase 2,Completed,153,2018-05-30,2019-10-08
NCT100007976,Interventional,Phase 2,Recruiting,186,2013-10-12,
NCT100007977,Interventional,Phase 1,Recruiting,29,2015-06-19,
NCT100007978,Interventional,Phase 2,Completed,205,2014-02-22,2015-12-28
NCT100007979,Interventional,Phase 1,Completed,68,2014-08-07,2016-09-17
NCT100007980,Interventional,Phase 1,"Active, not recruiting",202,2023-03-10,
NCT100007981,Interventional,Phase 3,"Active, not recruiting",168,2016-11-26,
NCT100007982,Interventional,Phase 3,Recruiting,133,2014-10-06,
NCT100007983,Interventional,Phase 3,Completed,20,2019-07-02,2022-05-03
NCT100007984,Interventional,Phase 2,Completed,97,2017-11-24,2019-05-14
NCT100007985,Interventional,Phase 1,Completed,309,2019-11-09,2022-08-04
NCT100007986,Interventional,Phase 4,Unknown status,48,2019-01-07,
NCT100007987,Interventional,Phase 2,"Active, not recruiting",163,2014-02-07,
NCT100007988,Interventional,Phase 3,Completed,72,2019-07-21,2021-08-20
NCT100007989,Interventional,Phase 1,Completed,321,2025-08-19,2025-12-31
NCT100007990,Interventional,Phase 3,Recruiting,18,2021-04-23,
NCT100007991,Interventional,Phase 1,Unknown status,5,2023-07-05,
NCT100007992,Interventional,Phase 4,Completed,36,2021-12-12,2026-03-21
NCT100007993,Interventional,Phase 1,Completed,1076,2013-05-07,2015-03-17
NCT100007994,Interventional,Phase 2,Completed,28,2017-04-30,2019-05-09
NCT100007995,Interventional,Phase 1,Completed,70,2023-07-25,2026-01-03
NCT100007996,Interventional,Phase 1,Completed,453,2018-08-29,2019-12-11
NCT100007997,Interventional,Phase 2,Completed,70,2018-04-06,2021-09-05
NCT100007998,Interventional,Phase 2,Completed,40,2024-11-30,2026-09-01
NCT100007999,Interventional,Phase 3,Completed,33,2020-05-08,2023-02-07
NCT100008000,Interventional,Phase 2,Completed,92,2022-01-12,2024-01-23
NCT100008001,Interventional,Phase 3,"Active, not recruiting",54,2014-01-20,
NCT100008002,Interventional,Phase 1,"Active, not recruiting",33,2021-08-02,
NCT100008003,Interventional,Phase 4,Terminated,5,2024-12-20,2025-08-18
NCT100008004,Interventional,Phase 2,Completed,163,2024-01-26,2025-09-09
NCT100008005,Interventional,Phase 2,Completed,428,2011-08-14,2013-08-05
NCT100008006,Interventional,Phase 2,Recruiting,142,2012-07-31,
NCT100008007,Interventional,Phase 2,Recruiting,84,2019-10-19,
NCT100008008,Interventional,Phase 4,Recruiting,1095,2021-09-26,
NCT100008009,Interventional,Phase 3,Recruiting,21,2023-11-21,
NCT100008010,Interventional,Phase 3,Completed,284,2024-06-04,2026-11-15
NCT100008011,Interventional,Phase 2,Terminated,9,2017-10-24,2018-06-14
NCT100008012,Interventional,Phase 1,Recruiting,187,2015-07-29,
NCT100008013,Interventional,Phase 2,Completed,38,2025-11-28,2025-12-31
NCT100008014,Interventional,Phase 3,Withdrawn,225,2017-06-24,2018-04-30
NCT100008015,Interventional,Phase 4,"Active, not recruiting",197,2012-01-03,
NCT100008016,Interventional,Phase 1,Terminated,9,2021-08-28,2022-09-26
NCT100008017,Interventional,Phase 1,Completed,25,2011-10-01,2014-04-18
NCT100008018,Interventional,Phase 4,Completed,250,2014-05-06,2016-09-20
NCT100008019,Interventional,Phase 3,Completed,24,2024-03-14,2026-07-20
NCT100008020,Interventional,Phase 1,Completed,12,2013-11-10,2015-03-16
NCT100008021,Interventional,Phase 2,Completed,37,2023-01-02,2025-07-16
NCT100008022,Interventional,Phase 4,Terminated,46,2015-01-25,2015-08-22
NCT100008023,Interventional,Phase 1,Withdrawn,16,2019-08-30,2020-07-02
NCT100008024,Interventional,Phase 3,Completed,287,2021-10-30,2024-08-24
NCT100008025,Interventional,Phase 1,Completed,288,2012-07-27,2013-10-01
NCT100008026,Interventional,Phase 2,Completed,29,2025-12-23,2025-12-31
NCT100008027,Interventional,Phase 2,Completed,224,2014-05-04,2017-03-16
NCT100008028,Interventional,Phase 3,Completed,148,2021-02-06,2023-04-29
NCT100008029,Interventional,Phase 1,"Active, not recruiting",36,2024-01-25,
NCT100008030,Interventional,Phase 3,Completed,75,2023-08-14,2026-01-01
NCT100008031,Interventional,Phase 1,Unknown status,89,2012-08-13,
NCT100008032,Interventional,Phase 4,Completed,280,2021-11-24,2024-03-12
NCT100008033,Interventional,Phase 2,Recruiting,5,2012-01-08,
NCT100008034,Interventional,Phase 3,"Active, not recruiting",37,2020-11-11,
NCT100008035,Interventional,Phase 1,Withdrawn,1241,2011-06-30,2012-03-16
NCT100008036,Interventional,Phase 4,Recruiting,90,2022-01-04,
NCT100008037,Interventional,Phase 2,Unknown status,11,2017-08-22,
NCT100008038,Interventional,Phase 2,Completed,22,2016-03-18,2018-09-02
NCT100008039,Interventional,Phase 1,Terminated,54,2013-01-06,2013-12-05
NCT100008040,Interventional,Phase 2,Completed,73,2020-04-05,2022-03-18
NCT100008041,Interventional,Phase 3,Completed,104,2014-08-04,2018-01-29
NCT100008042,Interventional,Phase 4,Completed,391,2016-08-15,2018-10-13
NCT100008043,Interventional,Phase 3,Recruiting,168,2017-08-20,
NCT100008044,Interventional,Phase 3,Unknown status,372,2011-10-05,
NCT100008045,Interventional,Phase 4,Withdrawn,547,2023-01-02,2024-01-16
NCT100008046,Interventional,Phase 1,Completed,36,2022-08-30,2024-08-09
NCT100008047,Interventional,Phase 3,Unknown status,53,2020-11-20,
NCT100008048,Interventional,Phase 2,Withdrawn,142,2020-04-05,2021-03-28
NCT100008049,Interventional,Phase 1,Terminated,65,2019-12-18,2020-04-28
NCT100008050,Interventional,Phase 2,Completed,69,2017-09-20,2019-07-06
NCT100008051,Interventional,Phase 2,Completed,68,2022-02-11,2025-09-20
NCT100008052,Interventional,Phase 4,Withdrawn,12,2025-05-12,2026-05-14
NCT100008053,Interventional,Phase 4,Completed,39,2012-03-31,2015-04-13
NCT100008054,Interventional,Phase 1,Completed,163,2020-06-02,2023-10-05
NCT100008055,Interventional,Phase 1,Withdrawn,163,2014-12-28,2017-01-04
NCT100008056,Interventional,Phase 2,Recruiting,25,2025-12-16,
NCT100008057,Interventional,Phase 3,Completed,32,2014-01-29,2016-01-17
NCT100008058,Interventional,Phase 3,Completed,118,2015-07-03,2017-07-13
NCT100008059,Interventional,Phase 2,Unknown status,554,2017-01-21,
NCT100008060,Interventional,Phase 2,Completed,37,2015-05-25,2018-11-03
NCT100008061,Interventional,Phase 1,"Active, not recruiting",206,2015-06-24,
NCT100008062,Interventional,Phase 2,Completed,62,2020-06-25,2022-08-22
NCT100008063,Interventional,Phase 1,Recruiting,22,2014-08-31,
NCT100008064,Interventional,Phase 1,Recruiting,212,2015-02-17,
NCT100008065,Interventional,Phase 1,Terminated,38,2019-01-24,2019-08-21
NCT100008066,Interventional,Phase 3,Completed,7,2015-03-21,2019-07-27
NCT100008067,Interventional,Phase 1,Terminated,9,2012-12-29,2013-09-27
NCT100008068,Interventional,Phase 2,Completed,129,2017-11-23,2021-03-27
NCT100008069,Interventional,Phase 3,Completed,2266,2020-10-02,2023-05-28
NCT100008070,Interventional,Phase 4,Completed,50,2024-06-02,2025-12-31
NCT100008071,Interventional,Phase 4,Recruiting,629,2021-11-10,
NCT100008072,Interventional,Phase 2,Completed,214,2016-03-11,2018-08-05
NCT100008073,Interventional,Phase 2,"Active, not recruiting",15,2014-12-02,
NCT100008074,Interventional,Phase 2,Completed,190,2011-07-06,2014-09-16
NCT100008075,Interventional,Phase 4,Completed,17,2013-05-11,2016-07-12
NCT100008076,Interventional,Phase 2,"Active, not recruiting",165,2011-10-23,
NCT100008077,Interventional,Phase 2,Withdrawn,60,2017-08-19,2018-03-31
NCT100008078,Interventional,Phase 1,Completed,19,2015-08-25,2017-02-12
NCT100008079,Interventional,Phase 2,Terminated,1066,2022-12-22,2024-03-08
NCT100008080,Interventional,Phase 1,Withdrawn,302,2016-07-23,2016-11-17
NCT100008081,Interventional,Phase 2,Completed,235,2025-02-15,2026-04-04
NCT100008082,Interventional,Phase 3,Withdrawn,5,2025-08-24,2025-12-31
NCT100008083,Interventional,Phase 2,Completed,12,2023-10-01,2025-06-17
NCT100008084,Interventional,Phase 1,Completed,115,2018-10-09,2020-02-21
NCT100008085,Interventional,Phase 2,Completed,121,2024-03-25,2026-03-17
NCT100008086,Interventional,Phase 3,Completed,56,2016-03-26,2019-05-15
NCT100008087,Interventional,Phase 3,Withdrawn,619,2020-12-25,2021-09-30
NCT100008088,Interventional,Phase 1,"Active, not recruiting",20,2016-05-10,
NCT100008089,Interventional,Phase 2,Completed,65,2025-05-29,2025-12-31
NCT100008090,Interventional,Phase 2,Completed,61,2014-09-12,2016-03-02
NCT100008091,Interventional,Phase 3,Completed,146,2021-08-19,2024-03-17
NCT100008092,Interventional,Phase 1,"Active, not recruiting",127,2025-02-10,
NCT100008093,Interventional,Phase 3,Completed,148,2013-08-03,2016-02-05
NCT100008094,Interventional,Phase 2,Completed,114,2017-11-01,2020-05-06
NCT100008095,Interventional,Phase 2,Unknown status,29,2016-06-06,
NCT100008096,Interventional,Phase 3,Completed,103,2017-12-11,2020-09-11
NCT100008097,Interventional,Phase 2,"Active, not recruiting",7,2025-12-08,
NCT100008098,Interventional,Phase 2,Completed,91,2024-09-23,2025-12-31
NCT100008099,Interventional,Phase 2,"Active, not recruiting",530,2023-07-22,
NCT100008100,Interventional,Phase 3,Completed,15,2015-03-17,2017-10-29
NCT100008101,Interventional,Phase 4,Completed,423,2018-10-20,2021-01-19
NCT100008102,Interventional,Phase 3,Completed,123,2023-02-10,2026-05-26
NCT100008103,Interventional,Phase 2,Completed,49,2023-12-16,2025-10-11
NCT100008104,Interventional,Phase 2,Completed,67,2022-02-04,2024-01-31
NCT100008105,Interventional,Phase 1,Completed,79,2020-04-09,2024-04-05
NCT100008106,Interventional,Phase 4,Completed,21,2018-04-27,2021-04-03
NCT100008107,Interventional,Phase 2,Unknown status,14,2011-07-14,
NCT100008108,Interventional,Phase 2,Unknown status,8,2023-11-19,
NCT100008109,Interventional,Phase 3,"Active, not recruiting",26,2015-08-23,
NCT100008110,Interventional,Phase 2,Completed,209,2022-08-31,2025-04-18
NCT100008111,Interventional,Phase 1,"Active, not recruiting",89,2022-03-17,
NCT100008112,Interventional,Phase 1,"Active, not recruiting",103,2018-06-14,
NCT100008113,Interventional,Phase 3,Recruiting,12,2023-02-28,
NCT100008114,Interventional,Phase 4,Withdrawn,282,2016-05-02,2017-04-02
NCT100008115,Interventional,Phase 1,Completed,95,2025-03-19,2025-12-31
NCT100008116,Interventional,Phase 4,Recruiting,18,2013-02-02,
NCT100008117,Interventional,Phase 2,Completed,474,2014-01-17,2015-07-28
NCT100008118,Interventional,Phase 2,Completed,10,2023-02-15,2026-02-02
NCT100008119,Interventional,Phase 4,Completed,436,2023-02-26,2026-04-15
NCT100008120,Interventional,Phase 4,"Active, not recruiting",157,2019-10-13,
NCT100008121,Interventional,Phase 1,Withdrawn,69,2014-01-13,2014-11-05
NCT100008122,Interventional,Phase 3,Unknown status,9,2013-04-14,
NCT100008123,Interventional,Phase 2,Terminated,135,2023-11-16,2025-02-20
NCT100008124,Interventional,Phase 1,Completed,32,2023-09-14,2024-12-30
NCT100008125,Interventional,Phase 4,"Active, not recruiting",44,2020-09-21,
NCT100008126,Interventional,Phase 3,Completed,117,2022-03-30,2025-03-20
NCT100008127,Interventional,Phase 4,Completed,18,2018-09-18,2022-02-19
NCT100008128,Interventional,Phase 2,Recruiting,8,2019-04-30,
NCT100008129,Interventional,Phase 4,Recruiting,39,2024-03-11,
NCT100008130,Interventional,Phase 2,Completed,266,2012-12-05,2015-06-22
NCT100008131,Interventional,Phase 1,Terminated,7,2020-05-24,2020-11-26
NCT100008132,Interventional,Phase 1,"Active, not recruiting",227,2019-07-21,
NCT100008133,Interventional,Phase 2,Completed,247,2017-10-14,2020-04-18
NCT100008134,Interventional,Phase 4,Terminated,121,2014-12-12,2015-05-18
NCT100008135,Interventional,Phase 4,Completed,49,2011-12-08,2014-03-19
NCT100008136,Interventional,Phase 1,Terminated,66,2016-07-23,2017-08-25
NCT100008137,Interventional,Phase 4,Unknown status,252,2025-08-16,
NCT100008138,Interventional,Phase 3,Completed,126,2012-02-10,2014-03-02
NCT100008139,Interventional,Phase 1,Completed,45,2023-09-12,2025-01-10
NCT100008140,Interventional,Phase 1,"Active, not recruiting",214,2021-09-18,
NCT100008141,Interventional,Phase 3,Completed,26,2013-03-31,2016-09-15
NCT100008142,Interventional,Phase 4,Completed,25,2012-12-05,2015-11-19
NCT100008143,Interventional,Phase 2,Recruiting,70,2025-12-30,
NCT100008144,Interventional,Phase 3,Recruiting,60,2025-02-16,
NCT100008145,Interventional,Phase 1,Recruiting,54,2022-01-17,
NCT100008146,Interventional,Phase 2,"Active, not recruiting",61,2023-06-20,
NCT100008147,Interventional,Phase 2,Completed,150,2024-01-03,2026-09-06
NCT100008148,Interventional,Phase 4,Withdrawn,241,2018-06-30,2019-05-01
NCT100008149,Interventional,Phase 2,Unknown status,58,2013-09-14,
NCT100008150,Interventional,Phase 3,Completed,89,2014-07-07,2016-07-16
NCT100008151,Interventional,Phase 2,Completed,51,2015-03-17,2017-07-09
NCT100008152,Interventional,Phase 2,Terminated,140,2016-10-19,2018-07-18
NCT100008153,Interventional,Phase 1,Completed,427,2018-05-20,2020-08-29
NCT100008154,Interventional,Phase 2,Unknown status,67,2024-05-21,
NCT100008155,Interventional,Phase 2,Terminated,166,2016-02-15,2016-09-08
NCT100008156,Interventional,Phase 2,"Active, not recruiting",9,2013-04-30,
NCT100008157,Interventional,Phase 2,"Active, not recruiting",41,2019-06-08,
NCT100008158,Interventional,Phase 3,Completed,43,2012-03-25,2014-06-14
NCT100008159,Interventional,Phase 1,"Active, not recruiting",94,2016-08-24,
NCT100008160,Interventional,Phase 3,Completed,97,2022-01-01,2026-09-01
NCT100008161,Interventional,Phase 3,Completed,26,2014-01-05,2016-12-10
NCT100008162,Interventional,Phase 1,Recruiting,252,2017-10-13,
NCT100008163,Interventional,Phase 4,Completed,33,2023-12-10,2025-12-31
NCT100008164,Interventional,Phase 2,Completed,74,2016-06-22,2019-02-07
NCT100008165,Interventional,Phase 3,Recruiting,474,2018-10-24,
NCT100008166,Interventional,Phase 2,Withdrawn,60,2021-10-20,2022-10-17
NCT100008167,Interventional,Phase 1,Terminated,7,2011-11-15,2012-10-15
NCT100008168,Interventional,Phase 2,Unknown status,32,2022-06-08,
NCT100008169,Interventional,Phase 2,Completed,421,2024-04-03,2025-12-31
NCT100008170,Interventional,Phase 3,Completed,2005,2014-08-31,2016-11-03
NCT100008171,Interventional,Phase 2,Withdrawn,17,2013-06-09,2014-10-03
NCT100008172,Interventional,Phase 1,Completed,46,2015-07-13,2017-02-11
NCT100008173,Interventional,Phase 1,Completed,177,2016-07-16,2019-03-08
NCT100008174,Interventional,Phase 2,Completed,21,2014-06-27,2016-07-23
NCT100008175,Interventional,Phase 1,Completed,16,2017-12-13,2020-01-28
NCT100008176,Interventional,Phase 1,Withdrawn,169,2015-10-19,2017-12-14
NCT100008177,Interventional,Phase 2,Recruiting,713,2022-06-07,
NCT100008178,Interventional,Phase 2,Unknown status,8,2014-01-14,
NCT100008179,Interventional,Phase 3,Unknown status,150,2014-07-29,
NCT100008180,Interventional,Phase 3,Completed,24,2024-07-04,2026-07-16
NCT100008181,Interventional,Phase 1,Completed,535,2011-12-28,2013-12-22
NCT100008182,Interventional,Phase 3,Completed,158,2013-10-16,2016-06-18
NCT100008183,Interventional,Phase 1,Unknown status,187,2011-03-10,
NCT100008184,Interventional,Phase 2,Terminated,13,2020-11-20,2022-02-19
NCT100008185,Interventional,Phase 1,Terminated,199,2024-11-25,2026-03-07
NCT100008186,Interventional,Phase 1,Recruiting,18,2024-08-17,
NCT100008187,Interventional,Phase 3,Completed,68,2025-08-26,2025-12-31
NCT100008188,Interventional,Phase 3,Completed,71,2022-01-03,2024-05-13
NCT100008189,Interventional,Phase 1,Completed,29,2024-12-27,2026-12-26
NCT100008190,Interventional,Phase 2,Terminated,93,2015-06-04,2016-04-07
NCT100008191,Interventional,Phase 2,Completed,170,2024-02-21,2026-07-11
NCT100008192,Interventional,Phase 3,Completed,30,2023-12-09,2026-03-25
NCT100008193,Interventional,Phase 3,Completed,101,2017-02-12,2022-02-15
NCT100008194,Interventional,Phase 3,Completed,29,2016-03-28,2019-12-19
NCT100008195,Interventional,Phase 2,Recruiting,45,2011-11-26,
NCT100008196,Interventional,Phase 1,Unknown status,22,2020-08-06,
NCT100008197,Interventional,Phase 3,Completed,47,2018-07-03,2021-02-23
NCT100008198,Interventional,Phase 3,Terminated,331,2020-05-31,2021-11-29
NCT100008199,Interventional,Phase 1,"Active, not recruiting",46,2024-01-16,
NCT100008200,Interventional,Phase 4,Completed,16,2013-03-31,2015-04-22
NCT100008201,Interventional,Phase 2,Completed,15,2013-05-06,2016-05-04
NCT100008202,Interventional,Phase 3,Recruiting,37,2021-09-09,
NCT100008203,Interventional,Phase 1,"Active, not recruiting",72,2024-01-22,
NCT100008204,Interventional,Phase 4,"Active, not recruiting",82,2018-05-28,
NCT100008205,Interventional,Phase 2,Completed,48,2020-09-29,2023-05-02
NCT100008206,Interventional,Phase 4,"Active, not recruiting",105,2025-01-12,
NCT100008207,Interventional,Phase 4,Completed,118,2011-07-16,2014-08-13
NCT100008208,Interventional,Phase 1,Recruiting,29,2012-09-22,
NCT100008209,Interventional,Phase 1,Terminated,20,2019-06-16,2020-01-26
NCT100008210,Interventional,Phase 2,Unknown status,55,2019-06-06,
NCT100008211,Interventional,Phase 2,"Active, not recruiting",131,2014-05-10,
NCT100008212,Interventional,Phase 2,Completed,229,2024-03-13,2026-01-07
NCT100008213,Interventional,Phase 4,Completed,15,2025-09-21,2025-12-31
NCT100008214,Interventional,Phase 2,Terminated,37,2013-02-18,2013-12-02
NCT100008215,Interventional,Phase 4,Completed,13,2012-05-05,2013-12-12
NCT100008216,Interventional,Phase 1,Completed,162,2020-06-28,2023-01-31
NCT100008217,Interventional,Phase 2,Terminated,35,2018-09-05,2020-07-17
NCT100008218,Interventional,Phase 1,Terminated,93,2014-10-21,2016-10-15
NCT100008219,Interventional,Phase 2,Completed,18,2017-04-28,2018-08-17
NCT100008220,Interventional,Phase 3,Completed,307,2015-12-18,2018-02-08
NCT100008221,Interventional,Phase 2,Terminated,109,2021-09-01,2023-03-07
NCT100008222,Interventional,Phase 1,Completed,11,2012-02-02,2014-09-19
NCT100008223,Interventional,Phase 2,Completed,12,2017-10-06,2019-11-15
NCT100008224,Interventional,Phase 3,Terminated,63,2019-01-22,2020-11-20
NCT100008225,Interventional,Phase 2,Completed,12,2021-09-18,2024-06-22
NCT100008226,Interventional,Phase 1,Unknown status,52,2018-07-01,
NCT100008227,Interventional,Phase 2,Completed,196,2020-03-20,2022-09-23
NCT100008228,Interventional,Phase 3,"Active, not recruiting",104,2017-01-11,
NCT100008229,Interventional,Phase 1,Completed,9,2021-08-22,2023-11-17
NCT100008230,Interventional,Phase 3,Completed,46,2016-01-04,2018-01-07
NCT100008231,Interventional,Phase 3,Completed,46,2014-10-30,2016-08-01
NCT100008232,Interventional,Phase 1,Terminated,41,2015-09-28,2016-11-27
NCT100008233,Interventional,Phase 2,Completed,167,2022-06-07,2024-06-30
NCT100008234,Interventional,Phase 2,Recruiting,21,2018-12-23,
NCT100008235,Interventional,Phase 2,Completed,30,2017-03-16,2018-12-08
NCT100008236,Interventional,Phase 1,Completed,36,2023-11-11,2026-12-19
NCT100008237,Interventional,Phase 1,Completed,12,2013-05-07,2015-03-08
NCT100008238,Interventional,Phase 2,Unknown status,14,2025-01-31,
NCT100008239,Interventional,Phase 2,Completed,7,2012-10-09,2016-01-13
NCT100008240,Interventional,Phase 1,Recruiting,95,2012-02-21,
NCT100008241,Interventional,Phase 1,"Active, not recruiting",1543,2016-07-30,
NCT100008242,Interventional,Phase 3,Completed,107,2016-11-29,2019-01-17
NCT100008243,Interventional,Phase 1,Completed,74,2020-11-28,2022-02-12
NCT100008244,Interventional,Phase 3,Terminated,25,2013-04-23,2014-02-02
NCT100008245,Interventional,Phase 2,"Active, not recruiting",89,2014-07-21,
NCT100008246,Interventional,Phase 3,Recruiting,19,2014-01-31,
NCT100008247,Interventional,Phase 2,Completed,181,2022-11-30,2024-05-21
NCT100008248,Interventional,Phase 4,"Active, not recruiting",52,2015-10-27,
NCT100008249,Interventional,Phase 4,Completed,96,2013-02-28,2015-02-01
NCT100008250,Interventional,Phase 1,Completed,403,2018-08-12,2021-08-05
NCT100008251,Interventional,Phase 2,Completed,54,2011-06-19,2013-06-02
NCT100008252,Interventional,Phase 1,Terminated,923,2025-07-11,2026-01-21
NCT100008253,Interventional,Phase 4,Completed,38,2011-09-06,2013-05-22
NCT100008254,Interventional,Phase 4,Completed,76,2016-07-25,2018-05-25
NCT100008255,Interventional,Phase 1,Unknown status,91,2019-11-07,
NCT100008256,Interventional,Phase 2,Completed,40,2021-02-23,2022-02-09
NCT100008257,Interventional,Phase 2,Terminated,21,2024-10-11,2025-05-30
NCT100008258,Interventional,Phase 1,Withdrawn,262,2019-01-20,2020-05-08
NCT100008259,Interventional,Phase 2,Unknown status,64,2023-07-29,
NCT100008260,Interventional,Phase 2,Completed,11,2022-08-03,2026-10-07
NCT100008261,Interventional,Phase 3,Terminated,9,2013-04-11,2014-03-21
NCT100008262,Interventional,Phase 1,"Active, not recruiting",5,2016-10-16,
NCT100008263,Interventional,Phase 2,Withdrawn,56,2022-10-25,2023-08-18
NCT100008264,Interventional,Phase 1,Completed,365,2014-12-22,2016-09-19
NCT100008265,Interventional,Phase 2,Completed,50,2025-08-19,2025-12-31
NCT100008266,Interventional,Phase 1,Completed,176,2014-10-29,2018-04-16
NCT100008267,Interventional,Phase 2,"Active, not recruiting",364,2013-06-28,
NCT100008268,Interventional,Phase 4,Completed,104,2011-10-07,2015-01-02
NCT100008269,Interventional,Phase 1,Completed,448,2014-06-15,2016-06-29
NCT100008270,Interventional,Phase 2,Completed,291,2015-06-19,2017-04-06
NCT100008271,Interventional,Phase 1,Completed,27,2021-03-28,2024-02-29
NCT100008272,Interventional,Phase 1,Recruiting,106,2014-06-09,
NCT100008273,Interventional,Phase 2,Completed,163,2015-07-05,2018-02-19
NCT100008274,Interventional,Phase 3,Completed,25,2020-09-29,2022-10-17
NCT100008275,Interventional,Phase 4,Completed,223,2020-12-24,2022-07-08
NCT100008276,Interventional,Phase 1,Completed,15,2013-05-20,2015-08-12
NCT100008277,Interventional,Phase 2,Completed,34,2019-09-12,2023-06-22
NCT100008278,Interventional,Phase 3,Completed,748,2019-08-02,2022-04-15
NCT100008279,Interventional,Phase 2,"Active, not recruiting",153,2011-01-17,
NCT100008280,Interventional,Phase 3,"Active, not recruiting",33,2015-12-11,
NCT100008281,Interventional,Phase 1,Recruiting,102,2014-12-17,
NCT100008282,Interventional,Phase 1,"Active, not recruiting",179,2024-11-28,
NCT100008283,Interventional,Phase 1,Completed,47,2019-03-02,2020-11-09
NCT100008284,Interventional,Phase 2,Completed,44,2021-02-21,2023-04-05
NCT100008285,Interventional,Phase 1,Completed,89,2020-05-17,2021-11-24
NCT100008286,Interventional,Phase 3,Completed,81,2025-06-18,2025-12-31
NCT100008287,Interventional,Phase 2,Completed,75,2025-03-24,2025-12-31
NCT100008288,Interventional,Phase 3,Unknown status,193,2016-10-06,
NCT100008289,Interventional,Phase 1,"Active, not recruiting",58,2011-02-22,
NCT100008290,Interventional,Phase 1,"Active, not recruiting",53,2021-03-06,
NCT100008291,Interventional,Phase 2,Completed,411,2017-10-07,2019-03-13
NCT100008292,Interventional,Phase 1,Unknown status,260,2013-03-03,
NCT100008293,Interventional,Phase 4,"Active, not recruiting",6,2016-02-29,
NCT100008294,Interventional,Phase 1,Completed,36,2017-12-26,2020-06-30
NCT100008295,Interventional,Phase 1,Completed,325,2013-02-16,2015-03-21
NCT100008296,Interventional,Phase 3,Completed,89,2020-02-04,2022-02-21
NCT100008297,Interventional,Phase 3,"Active, not recruiting",127,2014-02-23,
NCT100008298,Interventional,Phase 2,Recruiting,348,2024-04-05,
NCT100008299,Interventional,Phase 3,Unknown status,47,2021-07-28,
NCT100008300,Interventional,Phase 2,Completed,147,2019-10-29,2021-08-27
NCT100008301,Interventional,Phase 1,Completed,1940,2017-03-17,2020-09-05
NCT100008302,Interventional,Phase 2,Unknown status,5,2021-01-31,
NCT100008303,Interventional,Phase 2,Completed,102,2015-11-29,2017-06-16
NCT100008304,Interventional,Phase 2,Withdrawn,41,2020-03-22,2020-12-26
NCT100008305,Interventional,Phase 2,"Active, not recruiting",30,2012-07-22,
NCT100008306,Interventional,Phase 4,Completed,63,2021-05-07,2024-01-09
NCT100008307,Interventional,Phase 3,Completed,847,2021-01-24,2022-10-07
NCT100008308,Interventional,Phase 3,Terminated,34,2012-11-02,2013-09-27
NCT100008309,Interventional,Phase 3,Completed,65,2021-02-23,2023-11-17
NCT100008310,Interventional,Phase 1,Completed,35,2023-01-27,2024-12-26
NCT100008311,Interventional,Phase 2,Terminated,125,2025-09-16,2026-04-24
NCT100008312,Interventional,Phase 4,Completed,37,2012-08-02,2015-02-19
NCT100008313,Interventional,Phase 1,Completed,91,2021-05-11,2024-06-17
NCT100008314,Interventional,Phase 4,Completed,8,2024-02-15,2025-11-24
NCT100008315,Interventional,Phase 4,Completed,45,2017-11-26,2023-04-01
NCT100008316,Interventional,Phase 2,Terminated,272,2022-02-07,2022-08-14
NCT100008317,Interventional,Phase 1,"Active, not recruiting",18,2021-02-28,
NCT100008318,Interventional,Phase 1,Completed,66,2012-07-28,2016-05-06
NCT100008319,Interventional,Phase 1,"Active, not recruiting",51,2025-08-02,
NCT100008320,Interventional,Phase 1,Unknown status,186,2021-10-04,
NCT100008321,Interventional,Phase 4,Completed,176,2023-08-13,2025-08-16
NCT100008322,Interventional,Phase 1,Completed,136,2011-04-24,2014-04-03
NCT100008323,Interventional,Phase 1,Withdrawn,67,2016-06-23,2017-10-19
NCT100008324,Interventional,Phase 2,Completed,70,2012-12-14,2014-05-04
NCT100008325,Interventional,Phase 1,Completed,16,2024-08-12,2025-12-31
NCT100008326,Interventional,Phase 2,Terminated,90,2011-04-04,2011-10-22
NCT100008327,Interventional,Phase 3,Completed,25,2017-02-11,2019-10-04
NCT100008328,Interventional,Phase 1,Completed,164,2015-03-08,2016-05-19
NCT100008329,Interventional,Phase 2,Completed,10,2015-11-07,2017-09-17
NCT100008330,Interventional,Phase 3,Completed,446,2022-11-27,2025-11-25
NCT100008331,Interventional,Phase 1,Completed,24,2019-08-16,2022-02-01
NCT100008332,Interventional,Phase 2,Completed,323,2015-11-05,2018-03-27
NCT100008333,Interventional,Phase 3,Unknown status,1027,2018-08-30,
NCT100008334,Interventional,Phase 2,Unknown status,33,2012-01-07,
NCT100008335,Interventional,Phase 2,Recruiting,19,2012-02-14,
NCT100008336,Interventional,Phase 1,Withdrawn,48,2021-01-12,2021-06-18
NCT100008337,Interventional,Phase 2,Completed,97,2013-01-21,2014-08-14
NCT100008338,Interventional,Phase 4,"Active, not recruiting",412,2014-08-12,
NCT100008339,Interventional,Phase 1,Completed,19,2025-11-02,2025-12-31
NCT100008340,Interventional,Phase 2,Completed,133,2018-08-26,2021-09-22
NCT100008341,Interventional,Phase 3,Completed,209,2025-08-11,2025-12-31
NCT100008342,Interventional,Phase 1,Terminated,21,2025-11-23,2026-11-18
NCT100008343,Interventional,Phase 1,Recruiting,112,2014-09-10,
NCT100008344,Interventional,Phase 1,Completed,77,2012-04-21,2014-11-01
NCT100008345,Interventional,Phase 4,Completed,64,2024-02-18,2025-12-31
NCT100008346,Interventional,Phase 4,Completed,23,2023-10-18,2025-08-16
NCT100008347,Interventional,Phase 2,Completed,68,2016-05-20,2021-03-07
NCT100008348,Interventional,Phase 4,Completed,46,2025-02-21,2025-12-31
NCT100008349,Interventional,Phase 1,Unknown status,14,2023-06-28,
NCT100008350,Interventional,Phase 1,Completed,6,2021-01-01,2022-07-10
NCT100008351,Interventional,Phase 1,Withdrawn,18,2022-04-18,2023-04-06
NCT100008352,Interventional,Phase 1,Unknown status,607,2021-04-11,
NCT100008353,Interventional,Phase 2,Completed,28,2024-05-26,2025-12-31
NCT100008354,Interventional,Phase 3,Completed,51,2020-08-25,2023-08-29
NCT100008355,Interventional,Phase 1,Completed,44,2024-06-16,2026-03-18
NCT100008356,Interventional,Phase 2,Completed,86,2020-03-04,2022-06-29
NCT100008357,Interventional,Phase 2,Recruiting,7,2016-05-16,
NCT100008358,Interventional,Phase 1,Terminated,11,2019-06-26,2020-02-08
NCT100008359,Interventional,Phase 3,Recruiting,26,2024-07-15,
NCT100008360,Interventional,Phase 3,Completed,73,2013-11-14,2016-09-19
NCT100008361,Interventional,Phase 1,Withdrawn,592,2021-12-24,2023-03-24
NCT100008362,Interventional,Phase 3,Completed,62,2018-12-09,2021-01-20
NCT100008363,Interventional,Phase 2,Completed,85,2016-04-02,2018-02-09
NCT100008364,Interventional,Phase 3,Withdrawn,70,2018-02-16,2019-01-21
NCT100008365,Interventional,Phase 3,Completed,76,2019-10-07,2022-02-17
NCT100008366,Interventional,Phase 1,Completed,33,2018-10-08,2019-11-24
NCT100008367,Interventional,Phase 2,Completed,796,2012-02-29,2015-09-24
NCT100008368,Interventional,Phase 4,Completed,530,2025-02-25,2025-12-31
NCT100008369,Interventional,Phase 2,Completed,139,2024-01-03,2025-08-29
NCT100008370,Interventional,Phase 1,Completed,20,2017-03-05,2018-11-22
NCT100008371,Interventional,Phase 1,Unknown status,21,2017-06-19,
NCT100008372,Interventional,Phase 1,Completed,101,2014-10-15,2016-03-24
NCT100008373,Interventional,Phase 2,Recruiting,506,2015-05-03,
NCT100008374,Interventional,Phase 3,Completed,97,2022-07-23,2024-09-22
NCT100008375,Interventional,Phase 1,Unknown status,241,2012-12-07,
NCT100008376,Interventional,Phase 1,Recruiting,22,2021-10-21,
NCT100008377,Interventional,Phase 2,Completed,176,2023-01-01,2025-08-14
NCT100008378,Interventional,Phase 3,Completed,45,2018-11-10,2020-12-16
NCT100008379,Interventional,Phase 1,Completed,37,2024-05-03,2026-10-09
NCT100008380,Interventional,Phase 3,Terminated,38,2022-06-09,2023-06-24
NCT100008381,Interventional,Phase 2,Unknown status,54,2024-12-13,
NCT100008382,Interventional,Phase 4,Completed,20,2024-05-31,2025-12-31
NCT100008383,Interventional,Phase 2,Completed,13,2021-11-30,2023-06-14
NCT100008384,Interventional,Phase 2,Completed,42,2014-06-26,2015-08-29
NCT100008385,Interventional,Phase 4,Completed,229,2018-01-01,2020-01-19
NCT100008386,Interventional,Phase 2,Completed,183,2025-07-08,2025-12-31
NCT100008387,Interventional,Phase 1,Completed,1796,2023-10-08,2025-04-25
NCT100008388,Interventional,Phase 4,Unknown status,26,2021-02-08,
NCT100008389,Interventional,Phase 4,Completed,61,2016-09-07,2019-09-11
NCT100008390,Interventional,Phase 2,Recruiting,9,2015-10-23,
NCT100008391,Interventional,Phase 2,Completed,5,2012-07-14,2014-08-06
NCT100008392,Interventional,Phase 1,Recruiting,11,2023-07-03,
NCT100008393,Interventional,Phase 2,Recruiting,25,2012-11-26,
NCT100008394,Interventional,Phase 3,Completed,34,2022-06-14,2025-02-20
NCT100008395,Interventional,Phase 1,Completed,26,2022-08-29,2024-06-02
NCT100008396,Interventional,Phase 2,Completed,99,2020-06-13,2022-07-30
NCT100008397,Interventional,Phase 2,Unknown status,44,2018-09-10,
NCT100008398,Interventional,Phase 2,Completed,1022,2015-05-21,2017-10-31
NCT100008399,Interventional,Phase 3,Recruiting,32,2017-03-14,
NCT100008400,Interventional,Phase 2,Completed,455,2012-11-07,2016-06-30
NCT100008401,Interventional,Phase 3,Completed,66,2019-07-09,2021-06-18
NCT100008402,Interventional,Phase 2,Completed,33,2019-07-04,2020-12-16
NCT100008403,Interventional,Phase 3,Completed,48,2016-08-08,2019-01-28
NCT100008404,Interventional,Phase 1,Completed,657,2018-07-03,2019-10-31
NCT100008405,Interventional,Phase 4,Unknown status,13,2011-06-18,
NCT100008406,Interventional,Phase 3,Recruiting,1076,2014-04-24,
NCT100008407,Interventional,Phase 4,Completed,150,2011-08-14,2013-08-20
NCT100008408,Interventional,Phase 1,Completed,11,2014-04-30,2018-04-02
NCT100008409,Interventional,Phase 3,Withdrawn,35,2018-08-12,2019-09-16
NCT100008410,Interventional,Phase 2,Unknown status,12,2012-04-18,
NCT100008411,Interventional,Phase 2,Unknown status,13,2020-01-07,
NCT100008412,Interventional,Phase 2,Recruiting,5,2019-10-31,
NCT100008413,Interventional,Phase 3,"Active, not recruiting",30,2023-08-29,
NCT100008414,Interventional,Phase 3,Completed,41,2012-07-26,2014-10-14
NCT100008415,Interventional,Phase 4,Completed,1438,2017-03-31,2019-03-11
NCT100008416,Interventional,Phase 3,Terminated,25,2019-01-31,2020-03-02
NCT100008417,Interventional,Phase 1,Terminated,101,2017-03-01,2017-11-30
NCT100008418,Interventional,Phase 3,Completed,176,2014-05-05,2015-12-20
NCT100008419,Interventional,Phase 4,Completed,141,2014-06-18,2016-10-12
NCT100008420,Interventional,Phase 3,Terminated,36,2011-08-09,2013-01-02
NCT100008421,Interventional,Phase 4,Recruiting,7,2023-08-01,
NCT100008422,Interventional,Phase 1,Completed,120,2013-07-14,2015-02-24
NCT100008423,Interventional,Phase 1,Recruiting,457,2025-07-23,
NCT100008424,Interventional,Phase 2,Completed,57,2014-03-28,2016-05-18
NCT100008425,Interventional,Phase 3,Unknown status,175,2024-08-11,
NCT100008426,Interventional,Phase 2,Completed,43,2022-04-16,2024-07-31
NCT100008427,Interventional,Phase 1,Terminated,41,2013-04-29,2013-11-30
NCT100008428,Interventional,Phase 1,Completed,60,2021-03-13,2024-04-30
NCT100008429,Interventional,Phase 2,Completed,321,2016-08-13,2019-04-08
NCT100008430,Interventional,Phase 2,Completed,829,2020-02-17,2021-12-17
NCT100008431,Interventional,Phase 2,Completed,176,2014-03-15,2015-12-14
NCT100008432,Interventional,Phase 1,"Active, not recruiting",101,2012-09-08,
NCT100008433,Interventional,Phase 3,Completed,551,2015-07-08,2020-10-08
NCT100008434,Interventional,Phase 2,"Active, not recruiting",20,2022-03-18,
NCT100008435,Interventional,Phase 2,Completed,53,2018-07-14,2019-10-22
NCT100008436,Interventional,Phase 1,Recruiting,150,2025-01-10,
NCT100008437,Interventional,Phase 2,Completed,539,2025-03-19,2026-10-19
NCT100008438,Interventional,Phase 3,Completed,101,2025-08-04,2025-12-31
NCT100008439,Interventional,Phase 2,Completed,175,2015-07-09,2017-01-11
NCT100008440,Interventional,Phase 2,Terminated,47,2019-08-04,2020-05-06
NCT100008441,Interventional,Phase 4,"Active, not recruiting",75,2024-10-22,
NCT100008442,Interventional,Phase 2,Completed,10,2020-04-04,2022-07-05
NCT100008443,Interventional,Phase 1,Recruiting,22,2011-09-19,
NCT100008444,Interventional,Phase 4,Completed,10,2016-10-01,2020-04-06
NCT100008445,Interventional,Phase 1,Recruiting,153,2018-12-05,
NCT100008446,Interventional,Phase 3,Completed,44,2017-10-09,2020-05-26
NCT100008447,Interventional,Phase 2,Terminated,35,2021-10-13,2022-04-28
NCT100008448,Interventional,Phase 1,"Active, not recruiting",166,2020-12-30,
NCT100008449,Interventional,Phase 2,Recruiting,87,2012-07-08,
NCT100008450,Interventional,Phase 1,Withdrawn,87,2016-09-29,2017-09-11
NCT100008451,Interventional,Phase 1,Completed,258,2014-01-27,2016-07-30
NCT100008452,Interventional,Phase 2,Completed,25,2011-01-14,2012-12-26
NCT100008453,Interventional,Phase 3,Withdrawn,44,2019-08-11,2020-04-09
NCT100008454,Interventional,Phase 1,Terminated,11,2022-12-21,2023-07-20
NCT100008455,Interventional,Phase 2,Completed,151,2011-06-24,2013-04-19
NCT100008456,Interventional,Phase 1,Completed,36,2012-11-27,2014-08-31
NCT100008457,Interventional,Phase 1,Recruiting,10,2016-02-25,
NCT100008458,Interventional,Phase 1,Completed,18,2019-04-22,2021-03-08
NCT100008459,Interventional,Phase 4,Withdrawn,984,2016-01-19,2017-07-08
NCT100008460,Interventional,Phase 1,Recruiting,122,2012-02-10,
NCT100008461,Interventional,Phase 4,Completed,31,2024-04-26,2025-12-31
NCT100008462,Interventional,Phase 2,Terminated,105,2019-02-14,2019-10-09
NCT100008463,Interventional,Phase 2,Unknown status,93,2020-12-28,
NCT100008464,Interventional,Phase 3,Unknown status,60,2011-06-04,
NCT100008465,Interventional,Phase 3,Completed,10,2016-11-20,2018-11-25
NCT100008466,Interventional,Phase 3,Unknown status,212,2016-08-22,
NCT100008467,Interventional,Phase 1,Withdrawn,49,2022-10-04,2023-04-28
NCT100008468,Interventional,Phase 3,Completed,97,2014-05-22,2017-01-14
NCT100008469,Interventional,Phase 3,"Active, not recruiting",51,2018-06-11,
NCT100008470,Interventional,Phase 1,Completed,104,2018-12-08,2021-02-11
NCT100008471,Interventional,Phase 2,Recruiting,13,2023-02-22,
NCT100008472,Interventional,Phase 3,Completed,42,2024-06-10,2026-09-22
NCT100008473,Interventional,Phase 3,Completed,15,2015-08-17,2017-08-24
NCT100008474,Interventional,Phase 4,Completed,59,2013-06-18,2016-05-24
NCT100008475,Interventional,Phase 3,Withdrawn,251,2011-05-11,2012-01-31
NCT100008476,Interventional,Phase 1,Completed,88,2022-07-11,2024-04-03
NCT100008477,Interventional,Phase 2,Recruiting,31,2018-09-25,
NCT100008478,Interventional,Phase 1,"Active, not recruiting",143,2012-08-09,
NCT100008479,Interventional,Phase 1,Terminated,1070,2023-05-27,2024-05-27
NCT100008480,Interventional,Phase 2,Completed,274,2020-10-01,2021-11-16
NCT100008481,Interventional,Phase 1,Terminated,505,2023-02-28,2023-08-07
NCT100008482,Interventional,Phase 2,Completed,157,2013-02-02,2015-06-15
NCT100008483,Interventional,Phase 1,Terminated,58,2025-11-02,2026-07-23
NCT100008484,Interventional,Phase 2,Unknown status,176,2012-08-26,
NCT100008485,Interventional,Phase 2,Recruiting,20,2023-03-08,
NCT100008486,Interventional,Phase 4,Withdrawn,29,2016-10-26,2017-07-28
NCT100008487,Interventional,Phase 3,Completed,209,2015-09-01,2019-02-02
NCT100008488,Interventional,Phase 3,Withdrawn,535,2019-11-11,2020-08-23
NCT100008489,Interventional,Phase 3,Completed,56,2016-06-04,2020-07-18
NCT100008490,Interventional,Phase 3,Unknown status,132,2017-01-26,
NCT100008491,Interventional,Phase 1,Terminated,648,2017-10-28,2018-04-26
NCT100008492,Interventional,Phase 3,Completed,12,2013-09-06,2015-12-18
NCT100008493,Interventional,Phase 1,Unknown status,6,2021-06-30,
NCT100008494,Interventional,Phase 2,Recruiting,193,2016-11-08,
NCT100008495,Interventional,Phase 1,"Active, not recruiting",127,2025-05-07,
NCT100008496,Interventional,Phase 4,Completed,25,2021-08-31,2024-04-23
NCT100008497,Interventional,Phase 2,Completed,140,2015-04-27,2017-12-14
NCT100008498,Interventional,Phase 4,Completed,67,2017-01-22,2019-02-07
NCT100008499,Interventional,Phase 1,Terminated,100,2013-01-11,2013-08-29
NCT100008500,Interventional,Phase 2,Completed,37,2013-10-13,2019-05-04
NCT100008501,Interventional,Phase 4,Completed,16,2023-01-31,2026-01-24
NCT100008502,Interventional,Phase 1,Recruiting,77,2023-04-08,
NCT100008503,Interventional,Phase 2,Terminated,35,2011-11-24,2012-12-19
NCT100008504,Interventional,Phase 3,"Active, not recruiting",6,2022-04-21,
NCT100008505,Interventional,Phase 2,Completed,61,2022-12-15,2026-03-08
NCT100008506,Interventional,Phase 2,Completed,86,2024-05-05,2025-12-27
NCT100008507,Interventional,Phase 1,Withdrawn,34,2012-01-17,2013-07-27
NCT100008508,Interventional,Phase 2,"Active, not recruiting",91,2013-03-12,
NCT100008509,Interventional,Phase 1,Completed,78,2013-04-21,2016-03-08
NCT100008510,Interventional,Phase 3,Completed,148,2016-11-08,2019-11-11
NCT100008511,Interventional,Phase 3,Completed,11,2013-02-27,2016-10-29
NCT100008512,Interventional,Phase 1,Completed,22,2021-09-30,2024-02-22
NCT100008513,Interventional,Phase 1,Completed,238,2014-08-13,2017-09-09
NCT100008514,Interventional,Phase 3,Recruiting,48,2011-05-10,
NCT100008515,Interventional,Phase 3,"Active, not recruiting",131,2024-05-04,
NCT100008516,Interventional,Phase 1,Completed,54,2012-09-28,2015-01-02
NCT100008517,Interventional,Phase 2,Unknown status,75,2025-02-06,
NCT100008518,Interventional,Phase 2,Completed,45,2014-01-27,2015-06-23
NCT100008519,Interventional,Phase 1,Terminated,5,2024-05-01,2025-01-21
NCT100008520,Interventional,Phase 2,Unknown status,17,2019-01-04,
NCT100008521,Interventional,Phase 3,Completed,64,2021-09-20,2023-12-03
NCT100008522,Interventional,Phase 1,Terminated,19,2024-04-28,2025-08-14
NCT100008523,Interventional,Phase 3,Terminated,22,2023-11-10,2024-09-18
NCT100008524,Interventional,Phase 1,Terminated,97,2020-08-17,2021-08-20
NCT100008525,Interventional,Phase 2,Completed,20,2018-08-15,2019-12-29
NCT100008526,Interventional,Phase 2,Completed,114,2015-07-10,2018-02-17
NCT100008527,Interventional,Phase 3,Withdrawn,36,2025-01-09,2026-08-05
NCT100008528,Interventional,Phase 2,Recruiting,12,2023-07-02,
NCT100008529,Interventional,Phase 4,"Active, not recruiting",266,2018-09-04,
NCT100008530,Interventional,Phase 3,Withdrawn,18,2013-07-08,2014-08-28
NCT100008531,Interventional,Phase 2,Recruiting,24,2025-09-29,
NCT100008532,Interventional,Phase 2,Completed,309,2012-04-09,2013-10-13
NCT100008533,Interventional,Phase 2,Completed,23,2015-03-06,2017-05-22
NCT100008534,Interventional,Phase 1,"Active, not recruiting",49,2018-08-27,
NCT100008535,Interventional,Phase 3,"Active, not recruiting",41,2022-02-21,
NCT100008536,Interventional,Phase 3,Recruiting,19,2020-01-24,
NCT100008537,Interventional,Phase 3,Completed,26,2014-02-16,2016-10-10
NCT100008538,Interventional,Phase 1,Completed,149,2020-04-15,2021-12-25
NCT100008539,Interventional,Phase 1,Recruiting,402,2022-02-18,
NCT100008540,Interventional,Phase 3,Terminated,217,2024-02-18,2025-06-10
NCT100008541,Interventional,Phase 4,Completed,9,2022-11-21,2025-11-11
NCT100008542,Interventional,Phase 1,"Active, not recruiting",211,2015-08-15,
NCT100008543,Interventional,Phase 1,Terminated,121,2013-04-05,2013-09-28
NCT100008544,Interventional,Phase 2,Recruiting,313,2020-05-18,
NCT100008545,Interventional,Phase 3,Completed,198,2021-10-28,2024-03-30
NCT100008546,Interventional,Phase 1,"Active, not recruiting",180,2023-02-24,
NCT100008547,Interventional,Phase 2,Completed,132,2013-01-05,2014-11-30
NCT100008548,Interventional,Phase 3,Completed,93,2025-12-16,2025-12-31
NCT100008549,Interventional,Phase 2,Recruiting,24,2025-05-10,
NCT100008550,Interventional,Phase 4,Recruiting,19,2016-05-30,
NCT100008551,Interventional,Phase 4,Completed,27,2021-08-29,2024-02-23
NCT100008552,Interventional,Phase 2,Completed,440,2011-09-20,2013-06-12
NCT100008553,Interventional,Phase 3,Completed,82,2023-08-23,2025-12-31
NCT100008554,Interventional,Phase 2,"Active, not recruiting",45,2024-01-22,
NCT100008555,Interventional,Phase 3,"Active, not recruiting",40,2012-04-01,
NCT100008556,Interventional,Phase 1,Recruiting,40,2012-12-16,
NCT100008557,Interventional,Phase 3,Recruiting,61,2016-04-03,
NCT100008558,Interventional,Phase 2,Terminated,190,2011-10-03,2012-04-22
NCT100008559,Interventional,Phase 3,Completed,112,2020-11-18,2023-11-22
NCT100008560,Interventional,Phase 4,Completed,507,2011-09-16,2013-10-27
NCT100008561,Interventional,Phase 1,"Active, not recruiting",485,2020-09-20,
NCT100008562,Interventional,Phase 1,Completed,21,2022-07-14,2025-12-31
NCT100008563,Interventional,Phase 2,Terminated,34,2024-04-21,2024-12-13
NCT100008564,Interventional,Phase 1,Completed,186,2024-08-17,2025-09-24
NCT100008565,Interventional,Phase 2,Completed,161,2014-06-27,2016-10-31
NCT100008566,Interventional,Phase 1,Completed,6,2016-05-23,2019-02-01
NCT100008567,Interventional,Phase 1,Unknown status,44,2021-09-27,
NCT100008568,Interventional,Phase 3,Completed,7,2021-01-01,2022-08-04
NCT100008569,Interventional,Phase 2,Completed,166,2012-05-15,2015-01-18
NCT100008570,Interventional,Phase 2,Terminated,137,2015-04-25,2015-12-30
NCT100008571,Interventional,Phase 4,"Active, not recruiting",27,2011-05-01,
NCT100008572,Interventional,Phase 4,Completed,67,2013-03-30,2015-02-14
NCT100008573,Interventional,Phase 2,Completed,25,2011-03-01,2013-09-29
NCT100008574,Interventional,Phase 3,Completed,41,2011-06-07,2014-11-07
NCT100008575,Interventional,Phase 1,Completed,105,2018-03-03,2021-08-10
NCT100008576,Interventional,Phase 3,Completed,136,2025-04-03,2026-12-30
NCT100008577,Interventional,Phase 3,Completed,138,2017-07-06,2019-07-25
NCT100008578,Interventional,Phase 1,Completed,229,2013-09-06,2015-03-25
NCT100008579,Interventional,Phase 4,Completed,129,2022-01-19,2025-01-10
NCT100008580,Interventional,Phase 3,Completed,40,2017-08-02,2022-09-22
NCT100008581,Interventional,Phase 2,Completed,87,2024-07-09,2025-12-31
NCT100008582,Interventional,Phase 2,Terminated,26,2021-07-20,2022-04-29
NCT100008583,Interventional,Phase 1,Completed,523,2013-10-13,2015-08-05
NCT100008584,Interventional,Phase 4,Completed,82,2024-06-02,2025-12-31
NCT100008585,Interventional,Phase 1,"Active, not recruiting",115,2019-07-09,
NCT100008586,Interventional,Phase 2,Terminated,41,2024-05-02,2025-10-19
NCT100008587,Interventional,Phase 2,Terminated,291,2025-01-26,2025-09-17
NCT100008588,Interventional,Phase 4,Unknown status,34,2012-06-02,
NCT100008589,Interventional,Phase 4,"Active, not recruiting",90,2012-04-29,
NCT100008590,Interventional,Phase 2,Completed,31,2017-11-04,2020-05-14
NCT100008591,Interventional,Phase 3,Recruiting,939,2015-10-17,
NCT100008592,Interventional,Phase 2,"Active, not recruiting",223,2019-06-30,
NCT100008593,Interventional,Phase 2,Completed,17,2016-04-11,2018-03-19
NCT100008594,Interventional,Phase 3,Completed,18,2015-12-04,2018-05-27
NCT100008595,Interventional,Phase 1,Terminated,75,2014-10-12,2015-03-28
NCT100008596,Interventional,Phase 3,Completed,220,2025-11-14,2025-12-31
NCT100008597,Interventional,Phase 1,Completed,24,2023-03-24,2025-12-31
NCT100008598,Interventional,Phase 1,Unknown status,100,2014-06-11,
NCT100008599,Interventional,Phase 1,Unknown status,65,2011-08-29,
NCT100008600,Interventional,Phase 2,Completed,33,2024-12-31,2026-10-01
NCT100008601,Interventional,Phase 2,Completed,14,2018-10-13,2021-02-26
NCT100008602,Interventional,Phase 1,"Active, not recruiting",29,2022-11-30,
NCT100008603,Interventional,Phase 1,Completed,69,2013-07-20,2015-12-21
NCT100008604,Interventional,Phase 1,Completed,55,2023-07-24,2024-12-26
NCT100008605,Interventional,Phase 3,Completed,47,2016-11-29,2020-01-16
NCT100008606,Interventional,Phase 1,Completed,33,2011-04-05,2013-05-01
NCT100008607,Interventional,Phase 2,Completed,47,2015-01-07,2016-09-22
NCT100008608,Interventional,Phase 1,Withdrawn,9,2025-12-06,2026-09-19
NCT100008609,Interventional,Phase 1,Terminated,38,2016-07-04,2017-06-06
NCT100008610,Interventional,Phase 3,Completed,125,2013-06-10,2016-01-15
NCT100008611,Interventional,Phase 1,Terminated,125,2023-08-30,2024-04-03
NCT100008612,Interventional,Phase 1,Recruiting,64,2022-02-05,
NCT100008613,Interventional,Phase 1,Terminated,424,2011-02-14,2011-12-19
NCT100008614,Interventional,Phase 1,Completed,261,2025-04-07,2025-12-31
NCT100008615,Interventional,Phase 1,Completed,193,2025-11-09,2025-12-31
NCT100008616,Interventional,Phase 1,Withdrawn,110,2017-01-28,2017-12-22
NCT100008617,Interventional,Phase 3,Completed,11,2014-08-08,2016-07-13
NCT100008618,Interventional,Phase 4,Completed,547,2023-06-07,2024-09-02
NCT100008619,Interventional,Phase 1,Recruiting,280,2011-09-12,
NCT100008620,Interventional,Phase 3,Completed,410,2022-06-04,2026-09-06
NCT100008621,Interventional,Phase 2,Terminated,269,2023-09-23,2024-05-01
NCT100008622,Interventional,Phase 1,Terminated,97,2024-10-02,2025-01-31
NCT100008623,Interventional,Phase 2,Recruiting,177,2012-08-01,
NCT100008624,Interventional,Phase 3,Completed,27,2025-12-17,2025-12-31
NCT100008625,Interventional,Phase 3,Unknown status,116,2016-05-06,
NCT100008626,Interventional,Phase 1,Terminated,106,2019-07-18,2020-04-16
NCT100008627,Interventional,Phase 3,Completed,107,2017-07-14,2020-02-19
NCT100008628,Interventional,Phase 2,Terminated,60,2015-08-01,2016-06-26
NCT100008629,Interventional,Phase 3,Unknown status,48,2018-04-02,
NCT100008630,Interventional,Phase 3,Completed,46,2022-01-01,2025-04-16
NCT100008631,Interventional,Phase 2,Completed,98,2011-03-29,2013-01-08
NCT100008632,Interventional,Phase 4,Completed,51,2022-07-12,2025-12-03
NCT100008633,Interventional,Phase 4,Completed,6,2020-10-02,2023-08-13
NCT100008634,Interventional,Phase 1,"Active, not recruiting",295,2020-02-08,
NCT100008635,Interventional,Phase 3,Terminated,234,2012-04-01,2013-07-21
NCT100008636,Interventional,Phase 2,"Active, not recruiting",13,2014-07-11,
NCT100008637,Interventional,Phase 2,Terminated,335,2011-12-11,2012-07-26
NCT100008638,Interventional,Phase 3,Completed,21,2014-10-07,2017-07-25
NCT100008639,Interventional,Phase 2,"Active, not recruiting",113,2021-02-26,
NCT100008640,Interventional,Phase 1,Completed,348,2020-01-09,2022-02-22
NCT100008641,Interventional,Phase 2,Completed,88,2011-04-25,2012-12-14
NCT100008642,Interventional,Phase 4,Completed,989,2015-08-11,2018-08-23
NCT100008643,Interventional,Phase 2,Completed,92,2025-04-17,2025-12-31
NCT100008644,Interventional,Phase 3,Recruiting,22,2014-12-19,
NCT100008645,Interventional,Phase 1,Recruiting,13,2025-05-15,
NCT100008646,Interventional,Phase 2,Completed,507,2025-06-26,2025-12-31
NCT100008647,Interventional,Phase 1,Withdrawn,39,2018-03-15,2018-08-03
NCT100008648,Interventional,Phase 2,Completed,25,2025-10-30,2025-12-31
NCT100008649,Interventional,Phase 3,Completed,23,2018-09-26,2021-09-11
NCT100008650,Interventional,Phase 2,Completed,13,2024-02-24,2025-12-31
NCT100008651,Interventional,Phase 4,Terminated,11,2015-03-25,2016-03-26
NCT100008652,Interventional,Phase 4,Terminated,235,2017-12-19,2018-07-10
NCT100008653,Interventional,Phase 2,Terminated,180,2020-04-30,2020-10-19
NCT100008654,Interventional,Phase 4,"Active, not recruiting",19,2021-03-21,
NCT100008655,Interventional,Phase 2,Recruiting,57,2015-04-14,
NCT100008656,Interventional,Phase 1,Recruiting,15,2019-10-12,
NCT100008657,Interventional,Phase 3,Recruiting,25,2021-01-06,
NCT100008658,Interventional,Phase 3,Recruiting,69,2011-01-04,
NCT100008659,Interventional,Phase 4,Completed,53,2013-06-02,2017-02-05
NCT100008660,Interventional,Phase 2,Terminated,300,2018-04-12,2019-04-24
NCT100008661,Interventional,Phase 1,Completed,14,2013-10-03,2015-01-21
NCT100008662,Interventional,Phase 1,Recruiting,729,2022-08-11,
NCT100008663,Interventional,Phase 1,Completed,94,2016-03-19,2018-06-13
NCT100008664,Interventional,Phase 2,Completed,14,2017-11-27,2021-06-14
NCT100008665,Interventional,Phase 4,Recruiting,241,2020-11-29,
NCT100008666,Interventional,Phase 1,"Active, not recruiting",58,2017-12-09,
NCT100008667,Interventional,Phase 1,Terminated,5,2017-04-17,2017-10-13
NCT100008668,Interventional,Phase 3,"Active, not recruiting",24,2015-09-28,
NCT100008669,Interventional,Phase 2,"Active, not recruiting",292,2016-09-24,
NCT100008670,Interventional,Phase 2,Completed,24,2020-06-19,2023-11-16
NCT100008671,Interventional,Phase 3,"Active, not recruiting",39,2012-06-21,
NCT100008672,Interventional,Phase 1,Recruiting,384,2018-08-19,
NCT100008673,Interventional,Phase 2,"Active, not recruiting",26,2025-07-24,
NCT100008674,Interventional,Phase 3,Completed,45,2024-12-05,2025-12-31
NCT100008675,Interventional,Phase 1,Recruiting,30,2016-04-27,
NCT100008676,Interventional,Phase 2,Completed,158,2011-05-01,2013-02-15
NCT100008677,Interventional,Phase 1,Withdrawn,57,2021-11-16,2022-10-29
NCT100008678,Interventional,Phase 1,Terminated,37,2021-02-13,2021-10-03
NCT100008679,Interventional,Phase 1,Completed,64,2024-01-08,2026-04-10
NCT100008680,Interventional,Phase 2,Withdrawn,121,2018-12-01,2019-06-03
NCT100008681,Interventional,Phase 1,Completed,14,2013-10-12,2017-03-28
NCT100008682,Interventional,Phase 3,Recruiting,113,2017-05-08,
NCT100008683,Interventional,Phase 1,Completed,220,2013-03-12,2015-09-26
NCT100008684,Interventional,Phase 1,Unknown status,62,2011-03-05,
NCT100008685,Interventional,Phase 2,Unknown status,97,2011-04-07,
NCT100008686,Interventional,Phase 1,Completed,35,2011-06-25,2012-08-07
NCT100008687,Interventional,Phase 4,Unknown status,5,2018-09-28,
NCT100008688,Interventional,Phase 2,Completed,51,2023-07-31,2025-04-01
NCT100008689,Interventional,Phase 2,Completed,30,2021-02-01,2022-10-31
NCT100008690,Interventional,Phase 3,Completed,935,2017-02-23,2019-10-27
NCT100008691,Interventional,Phase 1,"Active, not recruiting",74,2022-11-18,
NCT100008692,Interventional,Phase 4,Completed,183,2020-07-08,2022-10-26
NCT100008693,Interventional,Phase 3,Terminated,37,2015-03-22,2016-01-31
NCT100008694,Interventional,Phase 2,"Active, not recruiting",63,2012-03-11,
NCT100008695,Interventional,Phase 1,Completed,44,2016-12-23,2020-01-01
NCT100008696,Interventional,Phase 1,Completed,11,2020-11-08,2023-04-02
NCT100008697,Interventional,Phase 1,Recruiting,132,2016-07-16,
NCT100008698,Interventional,Phase 4,Terminated,44,2011-05-18,2012-04-07
NCT100008699,Interventional,Phase 1,Completed,36,2017-10-23,2020-10-12
NCT100008700,Interventional,Phase 2,Completed,40,2025-02-07,2026-12-03
NCT100008701,Interventional,Phase 4,Completed,36,2012-12-03,2016-07-24
NCT100008702,Interventional,Phase 3,Terminated,132,2012-01-03,2013-08-30
NCT100008703,Interventional,Phase 4,Completed,82,2019-11-10,2022-02-22
NCT100008704,Interventional,Phase 3,Recruiting,133,2025-09-19,
NCT100008705,Interventional,Phase 1,Completed,192,2012-10-26,2014-03-13
NCT100008706,Interventional,Phase 3,Recruiting,134,2021-10-16,
NCT100008707,Interventional,Phase 1,Completed,510,2022-05-05,2024-09-19
NCT100008708,Interventional,Phase 1,Recruiting,107,2012-04-28,
NCT100008709,Interventional,Phase 2,Terminated,348,2020-04-25,2022-01-08
NCT100008710,Interventional,Phase 2,Recruiting,388,2015-01-17,
NCT100008711,Interventional,Phase 4,Completed,10,2011-04-10,2013-01-15
NCT100008712,Interventional,Phase 1,Completed,38,2012-04-30,2015-04-26
NCT100008713,Interventional,Phase 1,"Active, not recruiting",13,2022-01-05,
NCT100008714,Interventional,Phase 4,Terminated,62,2017-04-01,2018-08-01
NCT100008715,Interventional,Phase 2,Recruiting,282,2021-06-18,
NCT100008716,Interventional,Phase 2,Terminated,245,2025-08-13,2026-02-11
NCT100008717,Interventional,Phase 2,Completed,249,2019-10-02,2021-02-10
NCT100008718,Interventional,Phase 1,Completed,198,2021-02-02,2023-05-23
NCT100008719,Interventional,Phase 4,Withdrawn,438,2016-06-10,2017-06-10
NCT100008720,Interventional,Phase 3,Unknown status,482,2015-04-21,
NCT100008721,Interventional,Phase 3,Completed,72,2020-09-06,2023-06-25
NCT100008722,Interventional,Phase 4,Unknown status,6,2018-07-02,
NCT100008723,Interventional,Phase 2,Completed,346,2023-02-28,2026-04-21
NCT100008724,Interventional,Phase 2,Completed,106,2020-06-12,2023-10-08
NCT100008725,Interventional,Phase 3,Withdrawn,41,2021-10-26,2022-08-06
NCT100008726,Interventional,Phase 2,Completed,10,2014-06-08,2017-01-22
NCT100008727,Interventional,Phase 3,Unknown status,135,2020-08-23,
NCT100008728,Interventional,Phase 3,Terminated,29,2023-12-28,2024-11-21
NCT100008729,Interventional,Phase 2,Recruiting,17,2023-09-01,
NCT100008730,Interventional,Phase 1,Completed,304,2016-12-30,2019-04-15
NCT100008731,Interventional,Phase 4,Completed,90,2011-05-13,2014-02-05
NCT100008732,Interventional,Phase 1,Terminated,8,2015-05-01,2015-12-04
NCT100008733,Interventional,Phase 1,Terminated,20,2023-11-21,2024-03-29
NCT100008734,Interventional,Phase 4,Withdrawn,10,2011-04-08,2012-01-11
NCT100008735,Interventional,Phase 2,"Active, not recruiting",19,2017-05-20,
NCT100008736,Interventional,Phase 1,Terminated,1379,2024-02-21,2024-12-30
NCT100008737,Interventional,Phase 4,Completed,194,2018-08-04,2021-05-13
NCT100008738,Interventional,Phase 1,Withdrawn,23,2019-03-25,2019-12-05
NCT100008739,Interventional,Phase 3,Completed,82,2020-11-26,2024-07-12
NCT100008740,Interventional,Phase 1,Terminated,97,2016-02-07,2016-06-20
NCT100008741,Interventional,Phase 1,Completed,5,2022-05-23,2023-08-08
NCT100008742,Interventional,Phase 3,Terminated,294,2021-06-09,2022-06-26
NCT100008743,Interventional,Phase 2,"Active, not recruiting",122,2022-07-08,
NCT100008744,Interventional,Phase 1,Completed,52,2022-07-30,2024-01-08
NCT100008745,Interventional,Phase 1,Terminated,174,2015-11-09,2016-09-30
NCT100008746,Interventional,Phase 3,Completed,24,2014-08-04,2016-10-01
NCT100008747,Interventional,Phase 2,Completed,1686,2019-06-06,2021-06-30
NCT100008748,Interventional,Phase 3,Completed,30,2016-10-28,2018-08-15
NCT100008749,Interventional,Phase 1,Recruiting,162,2017-04-26,
NCT100008750,Interventional,Phase 4,Completed,100,2021-11-24,2023-08-03
NCT100008751,Interventional,Phase 4,Completed,51,2019-07-26,2021-11-13
NCT100008752,Interventional,Phase 1,"Active, not recruiting",16,2023-07-11,
NCT100008753,Interventional,Phase 3,Completed,44,2011-01-12,2014-07-13
NCT100008754,Interventional,Phase 1,Terminated,65,2021-04-03,2022-12-30
NCT100008755,Interventional,Phase 1,Completed,76,2014-09-29,2017-07-25
NCT100008756,Interventional,Phase 3,Completed,45,2014-03-04,2016-05-08
NCT100008757,Interventional,Phase 3,Terminated,62,2011-02-27,2011-09-11
NCT100008758,Interventional,Phase 2,Withdrawn,20,2011-12-15,2013-03-08
NCT100008759,Interventional,Phase 2,Withdrawn,428,2018-11-13,2019-08-18
NCT100008760,Interventional,Phase 1,"Active, not recruiting",60,2024-06-25,
NCT100008761,Interventional,Phase 1,Unknown status,16,2013-11-11,
NCT100008762,Interventional,Phase 2,Terminated,59,2011-12-16,2013-02-08
NCT100008763,Interventional,Phase 4,Withdrawn,11,2021-01-07,2022-01-12
NCT100008764,Interventional,Phase 1,Completed,48,2019-08-03,2021-02-24
NCT100008765,Interventional,Phase 3,Completed,32,2012-06-22,2014-11-21
NCT100008766,Interventional,Phase 3,Completed,83,2016-03-13,2018-03-25
NCT100008767,Interventional,Phase 2,Withdrawn,24,2012-10-29,2014-04-05
NCT100008768,Interventional,Phase 1,Recruiting,471,2022-07-12,
NCT100008769,Interventional,Phase 3,Completed,395,2025-06-24,2025-12-31
NCT100008770,Interventional,Phase 1,Completed,33,2022-01-15,2023-11-01
NCT100008771,Interventional,Phase 2,"Active, not recruiting",28,2017-04-25,
NCT100008772,Interventional,Phase 2,Completed,79,2012-04-06,2014-12-14
NCT100008773,Interventional,Phase 3,Completed,312,2016-05-29,2020-07-26
NCT100008774,Interventional,Phase 2,Recruiting,300,2023-09-03,
NCT100008775,Interventional,Phase 2,Unknown status,12,2019-09-19,
NCT100008776,Interventional,Phase 2,Completed,116,2014-09-09,2016-09-18
NCT100008777,Interventional,Phase 2,Terminated,340,2020-10-20,2022-04-13
NCT100008778,Interventional,Phase 4,Completed,61,2012-09-14,2016-07-15
NCT100008779,Interventional,Phase 2,Completed,15,2024-08-25,2026-02-12
NCT100008780,Interventional,Phase 2,Terminated,6,2012-03-02,2012-12-29
NCT100008781,Interventional,Phase 1,Completed,166,2016-07-04,2020-02-02
NCT100008782,Interventional,Phase 1,Completed,23,2012-02-14,2015-07-24
NCT100008783,Interventional,Phase 3,Completed,16,2012-11-30,2014-10-19
NCT100008784,Interventional,Phase 1,Recruiting,98,2019-08-14,
NCT100008785,Interventional,Phase 2,Recruiting,46,2020-07-05,
NCT100008786,Interventional,Phase 4,Completed,79,2021-12-17,2023-12-05
NCT100008787,Interventional,Phase 2,Completed,184,2014-01-12,2016-01-07
NCT100008788,Interventional,Phase 4,Withdrawn,32,2022-12-13,2023-09-11
NCT100008789,Interventional,Phase 2,Completed,146,2015-12-28,2017-12-18
NCT100008790,Interventional,Phase 2,Completed,133,2011-01-06,2013-06-18
NCT100008791,Interventional,Phase 4,Completed,116,2018-05-06,2020-02-21
NCT100008792,Interventional,Phase 1,Completed,260,2021-01-08,2023-05-23
NCT100008793,Interventional,Phase 2,Completed,31,2022-11-02,2025-09-27
NCT100008794,Interventional,Phase 2,Unknown status,58,2013-07-13,
NCT100008795,Interventional,Phase 3,Completed,38,2012-05-10,2015-10-25
NCT100008796,Interventional,Phase 1,"Active, not recruiting",523,2012-11-17,
NCT100008797,Interventional,Phase 2,Completed,30,2017-12-13,2019-10-05
NCT100008798,Interventional,Phase 2,Completed,15,2012-11-07,2019-03-13
NCT100008799,Interventional,Phase 2,Completed,54,2020-11-04,2023-02-17
NCT100008800,Interventional,Phase 1,Completed,33,2013-09-26,2017-03-05
NCT100008801,Interventional,Phase 3,Recruiting,150,2012-11-03,
NCT100008802,Interventional,Phase 2,Completed,87,2018-06-14,2019-12-28
NCT100008803,Interventional,Phase 1,Completed,185,2011-11-30,2013-10-18
NCT100008804,Interventional,Phase 2,"Active, not recruiting",27,2025-10-31,
NCT100008805,Interventional,Phase 4,Recruiting,137,2024-12-24,
NCT100008806,Interventional,Phase 2,Withdrawn,384,2014-11-08,2015-05-12
NCT100008807,Interventional,Phase 1,Completed,492,2019-06-06,2021-12-15
NCT100008808,Interventional,Phase 2,"Active, not recruiting",1107,2018-12-24,
NCT100008809,Interventional,Phase 4,Completed,147,2020-04-03,2023-08-23
NCT100008810,Interventional,Phase 2,"Active, not recruiting",224,2017-11-13,
NCT100008811,Interventional,Phase 1,Completed,280,2018-04-11,2021-04-13
NCT100008812,Interventional,Phase 3,"Active, not recruiting",188,2022-06-13,
NCT100008813,Interventional,Phase 3,Completed,32,2018-12-27,2020-08-22
NCT100008814,Interventional,Phase 1,Recruiting,1710,2011-07-07,
NCT100008815,Interventional,Phase 1,Unknown status,33,2012-11-15,
NCT100008816,Interventional,Phase 3,Completed,127,2013-01-25,2015-10-27
NCT100008817,Interventional,Phase 1,Recruiting,16,2016-05-04,
NCT100008818,Interventional,Phase 3,Unknown status,233,2011-02-26,
NCT100008819,Interventional,Phase 2,Completed,223,2013-03-14,2015-07-11
NCT100008820,Interventional,Phase 1,Terminated,41,2021-09-09,2022-02-01
NCT100008821,Interventional,Phase 3,Completed,7,2021-04-26,2023-09-28
NCT100008822,Interventional,Phase 3,Recruiting,12,2023-06-17,
NCT100008823,Interventional,Phase 2,Completed,223,2013-01-11,2014-11-26
NCT100008824,Interventional,Phase 2,"Active, not recruiting",5,2019-11-21,
NCT100008825,Interventional,Phase 1,Completed,342,2014-12-05,2016-10-09
NCT100008826,Interventional,Phase 3,Completed,688,2021-02-15,2024-02-05
NCT100008827,Interventional,Phase 1,Completed,9,2024-05-07,2026-01-09
NCT100008828,Interventional,Phase 4,Completed,37,2021-09-16,2025-10-29
NCT100008829,Interventional,Phase 3,Completed,148,2022-12-26,2024-09-18
NCT100008830,Interventional,Phase 4,Completed,17,2016-04-30,2019-03-05
NCT100008831,Interventional,Phase 2,"Active, not recruiting",17,2021-07-10,
NCT100008832,Interventional,Phase 4,Completed,33,2019-08-29,2023-02-22
NCT100008833,Interventional,Phase 1,Completed,91,2022-12-18,2024-03-02
NCT100008834,Interventional,Phase 4,Terminated,227,2013-07-03,2014-02-15
NCT100008835,Interventional,Phase 1,Unknown status,456,2025-05-25,
NCT100008836,Interventional,Phase 3,Unknown status,11,2021-12-06,
NCT100008837,Interventional,Phase 2,Terminated,28,2017-01-03,2018-01-29
NCT100008838,Interventional,Phase 3,"Active, not recruiting",114,2012-07-04,
NCT100008839,Interventional,Phase 1,"Active, not recruiting",5,2025-04-18,
NCT100008840,Interventional,Phase 1,Withdrawn,398,2025-07-26,2026-02-16
NCT100008841,Interventional,Phase 3,Completed,73,2011-02-17,2013-07-08
NCT100008842,Interventional,Phase 1,Completed,77,2025-02-18,2025-12-31
NCT100008843,Interventional,Phase 2,Terminated,148,2016-09-14,2017-11-08
NCT100008844,Interventional,Phase 2,Completed,149,2013-01-24,2014-12-06
NCT100008845,Interventional,Phase 2,Terminated,5,2025-02-04,2025-11-05
NCT100008846,Interventional,Phase 2,Completed,439,2017-12-19,2019-08-01
NCT100008847,Interventional,Phase 4,Completed,1139,2018-11-23,2021-08-31
NCT100008848,Interventional,Phase 1,Completed,455,2021-09-29,2022-11-22
NCT100008849,Interventional,Phase 1,Unknown status,41,2015-06-22,
NCT100008850,Interventional,Phase 1,Terminated,37,2014-07-02,2015-02-06
NCT100008851,Interventional,Phase 1,Completed,32,2018-08-03,2020-04-15
NCT100008852,Interventional,Phase 2,Recruiting,20,2024-03-03,
NCT100008853,Interventional,Phase 3,Completed,47,2011-05-26,2012-09-21
NCT100008854,Interventional,Phase 1,Completed,113,2014-01-01,2015-10-16
NCT100008855,Interventional,Phase 3,Completed,43,2021-09-17,2024-12-09
NCT100008856,Interventional,Phase 1,Completed,56,2018-09-17,2021-09-02
NCT100008857,Interventional,Phase 3,Completed,9,2025-06-03,2025-12-31
NCT100008858,Interventional,Phase 2,Recruiting,54,2016-06-08,
NCT100008859,Interventional,Phase 3,Recruiting,79,2024-09-22,
NCT100008860,Interventional,Phase 3,Completed,8,2013-01-08,2015-06-13
NCT100008861,Interventional,Phase 1,Recruiting,74,2020-10-23,
NCT100008862,Interventional,Phase 1,Completed,30,2024-11-08,2026-04-24
NCT100008863,Interventional,Phase 1,Recruiting,66,2021-12-28,
NCT100008864,Interventional,Phase 2,"Active, not recruiting",216,2023-12-11,
NCT100008865,Interventional,Phase 1,Terminated,119,2012-02-22,2012-11-24
NCT100008866,Interventional,Phase 1,Terminated,174,2018-12-26,2019-12-20
NCT100008867,Interventional,Phase 1,Unknown status,75,2012-04-13,
NCT100008868,Interventional,Phase 1,Unknown status,10,2022-06-30,
NCT100008869,Interventional,Phase 3,Completed,32,2025-08-27,2025-12-31
NCT100008870,Interventional,Phase 1,"Active, not recruiting",68,2019-09-19,
NCT100008871,Interventional,Phase 2,Completed,5,2019-11-06,2023-02-19
NCT100008872,Interventional,Phase 2,Terminated,151,2016-07-26,2017-11-13
NCT100008873,Interventional,Phase 3,Terminated,286,2016-02-10,2016-09-18
NCT100008874,Interventional,Phase 4,Terminated,572,2015-09-10,2016-11-18
NCT100008875,Interventional,Phase 1,Completed,922,2011-05-09,2013-03-12
NCT100008876,Interventional,Phase 2,Recruiting,312,2011-03-17,
NCT100008877,Interventional,Phase 3,Unknown status,87,2021-03-27,
NCT100008878,Interventional,Phase 2,Completed,31,2017-03-17,2018-07-15
NCT100008879,Interventional,Phase 1,Terminated,35,2020-08-06,2020-12-08
NCT100008880,Interventional,Phase 1,Recruiting,89,2024-05-01,
NCT100008881,Interventional,Phase 2,Terminated,89,2015-08-25,2016-06-19
NCT100008882,Interventional,Phase 2,Completed,337,2024-01-21,2025-12-31
NCT100008883,Interventional,Phase 4,Completed,221,2022-08-19,2024-05-04
NCT100008884,Interventional,Phase 2,Completed,926,2018-09-11,2020-03-28
NCT100008885,Interventional,Phase 2,Completed,86,2020-10-13,2024-02-18
NCT100008886,Interventional,Phase 1,Completed,343,2012-04-26,2013-11-01
NCT100008887,Interventional,Phase 1,Completed,28,2019-10-25,2022-05-12
NCT100008888,Interventional,Phase 3,Recruiting,712,2021-09-16,
NCT100008889,Interventional,Phase 4,Completed,41,2013-01-13,2016-05-28
NCT100008890,Interventional,Phase 3,Unknown status,202,2013-08-16,
NCT100008891,Interventional,Phase 1,Terminated,15,2015-12-10,2016-05-19
NCT100008892,Interventional,Phase 1,Terminated,77,2016-11-10,2017-08-13
NCT100008893,Interventional,Phase 2,Completed,210,2014-08-03,2016-05-29
NCT100008894,Interventional,Phase 2,Completed,31,2013-05-26,2015-01-26
NCT100008895,Interventional,Phase 3,Completed,120,2018-09-26,2021-11-17
NCT100008896,Interventional,Phase 3,Completed,55,2019-12-02,2023-09-04
NCT100008897,Interventional,Phase 2,Completed,30,2017-06-05,2019-11-19
NCT100008898,Interventional,Phase 1,Completed,25,2025-03-03,2026-12-07
NCT100008899,Interventional,Phase 2,"Active, not recruiting",66,2022-04-19,
NCT100008900,Interventional,Phase 1,Completed,241,2025-09-16,2025-12-31
NCT100008901,Interventional,Phase 4,Recruiting,27,2020-04-14,
NCT100008902,Interventional,Phase 3,Recruiting,27,2014-09-22,
NCT100008903,Interventional,Phase 3,Completed,84,2018-04-09,2020-08-31
NCT100008904,Interventional,Phase 2,Terminated,66,2017-11-27,2018-05-23
NCT100008905,Interventional,Phase 4,Completed,59,2023-05-26,2026-01-31
NCT100008906,Interventional,Phase 2,Withdrawn,131,2020-03-23,2021-08-31
NCT100008907,Interventional,Phase 1,Recruiting,8,2012-09-05,
NCT100008908,Interventional,Phase 1,Completed,105,2025-01-19,2025-12-31
NCT100008909,Interventional,Phase 2,Unknown status,183,2019-10-21,
NCT100008910,Interventional,Phase 1,Completed,60,2011-04-11,2013-10-06
NCT100008911,Interventional,Phase 3,Completed,43,2014-12-26,2016-12-18
NCT100008912,Interventional,Phase 1,Completed,93,2015-08-28,2016-10-08
NCT100008913,Interventional,Phase 3,Recruiting,26,2016-08-29,
NCT100008914,Interventional,Phase 1,Completed,94,2021-10-14,2023-02-08
NCT100008915,Interventional,Phase 3,Recruiting,31,2017-11-25,
NCT100008916,Interventional,Phase 1,Completed,53,2022-09-07,2023-10-17
NCT100008917,Interventional,Phase 3,Recruiting,146,2014-02-01,
NCT100008918,Interventional,Phase 1,Recruiting,265,2014-10-13,
NCT100008919,Interventional,Phase 2,Completed,529,2012-01-09,2013-10-12
NCT100008920,Interventional,Phase 1,"Active, not recruiting",25,2021-06-01,
NCT100008921,Interventional,Phase 1,Completed,40,2016-10-21,2018-12-28
NCT100008922,Interventional,Phase 1,Recruiting,13,2020-11-13,
NCT100008923,Interventional,Phase 2,Completed,134,2021-11-03,2024-02-02
NCT100008924,Interventional,Phase 1,Recruiting,32,2020-10-20,
NCT100008925,Interventional,Phase 2,Withdrawn,45,2013-01-17,2013-05-25
NCT100008926,Interventional,Phase 2,Unknown status,22,2025-09-25,
NCT100008927,Interventional,Phase 2,Recruiting,31,2025-07-14,
NCT100008928,Interventional,Phase 3,Completed,272,2023-06-24,2025-12-10
NCT100008929,Interventional,Phase 4,Recruiting,261,2018-08-01,
NCT100008930,Interventional,Phase 1,Completed,563,2020-09-26,2023-03-15
NCT100008931,Interventional,Phase 4,Completed,92,2017-11-11,2020-01-20
NCT100008932,Interventional,Phase 3,Completed,5,2023-01-14,2025-04-17
NCT100008933,Interventional,Phase 1,Terminated,13,2024-07-27,2024-11-09
NCT100008934,Interventional,Phase 3,"Active, not recruiting",465,2011-03-09,
NCT100008935,Interventional,Phase 3,Completed,20,2014-02-27,2015-07-04
NCT100008936,Interventional,Phase 2,Completed,151,2020-05-29,2021-12-29
NCT100008937,Interventional,Phase 4,Recruiting,279,2024-04-18,
NCT100008938,Interventional,Phase 3,Unknown status,149,2022-06-19,
NCT100008939,Interventional,Phase 2,Completed,246,2024-09-15,2026-06-10
NCT100008940,Interventional,Phase 3,Terminated,69,2018-11-09,2019-07-07
NCT100008941,Interventional,Phase 1,Completed,47,2020-12-27,2023-02-24
NCT100008942,Interventional,Phase 3,Unknown status,329,2025-12-25,
NCT100008943,Interventional,Phase 1,Completed,89,2018-12-04,2020-03-30
NCT100008944,Interventional,Phase 4,"Active, not recruiting",25,2025-05-13,
NCT100008945,Interventional,Phase 4,Completed,18,2016-03-17,2020-07-18
NCT100008946,Interventional,Phase 1,Completed,42,2018-06-11,2020-04-25
NCT100008947,Interventional,Phase 1,Recruiting,138,2012-05-01,
NCT100008948,Interventional,Phase 2,Completed,35,2023-06-16,2026-08-28
NCT100008949,Interventional,Phase 1,"Active, not recruiting",106,2019-01-09,
NCT100008950,Interventional,Phase 3,Completed,66,2015-04-28,2018-03-23
NCT100008951,Interventional,Phase 3,Completed,126,2024-10-11,2025-12-31
NCT100008952,Interventional,Phase 4,"Active, not recruiting",987,2025-01-11,
NCT100008953,Interventional,Phase 3,Completed,228,2024-08-30,2025-12-31
NCT100008954,Interventional,Phase 1,Terminated,12,2018-05-23,2019-04-07
NCT100008955,Interventional,Phase 3,Completed,89,2012-10-07,2015-02-20
NCT100008956,Interventional,Phase 3,Unknown status,5,2022-10-16,
NCT100008957,Interventional,Phase 1,Terminated,19,2019-08-25,2020-10-25
NCT100008958,Interventional,Phase 3,Completed,65,2017-10-04,2019-08-13
NCT100008959,Interventional,Phase 4,"Active, not recruiting",145,2024-12-01,
NCT100008960,Interventional,Phase 1,Completed,289,2025-09-10,2025-12-31
NCT100008961,Interventional,Phase 4,Completed,92,2025-05-27,2025-12-31
NCT100008962,Interventional,Phase 3,Completed,12,2019-08-02,2022-12-12
NCT100008963,Interventional,Phase 2,Terminated,727,2020-09-26,2021-03-25
NCT100008964,Interventional,Phase 3,Completed,128,2017-09-06,2020-01-20
NCT100008965,Interventional,Phase 2,Recruiting,6,2024-12-14,
NCT100008966,Interventional,Phase 3,Completed,429,2017-01-03,2020-05-10
NCT100008967,Interventional,Phase 1,"Active, not recruiting",369,2012-04-23,
NCT100008968,Interventional,Phase 1,Completed,38,2024-05-01,2026-08-04
NCT100008969,Interventional,Phase 4,Completed,139,2016-04-19,2018-02-19
NCT100008970,Interventional,Phase 4,Completed,19,2020-06-27,2022-05-12
NCT100008971,Interventional,Phase 3,Completed,207,2024-11-04,2026-11-13
NCT100008972,Interventional,Phase 2,Recruiting,53,2012-09-14,
NCT100008973,Interventional,Phase 4,Completed,11,2017-03-08,2021-07-02
NCT100008974,Interventional,Phase 4,Completed,117,2012-12-14,2015-02-07
NCT100008975,Interventional,Phase 2,Recruiting,158,2025-08-25,
NCT100008976,Interventional,Phase 4,Completed,116,2016-03-23,2018-10-28
NCT100008977,Interventional,Phase 4,Completed,655,2012-07-21,2014-08-18
NCT100008978,Interventional,Phase 3,Recruiting,44,2017-01-19,
NCT100008979,Interventional,Phase 2,Recruiting,102,2024-10-23,
NCT100008980,Interventional,Phase 3,Recruiting,379,2012-04-26,
NCT100008981,Interventional,Phase 3,Unknown status,5,2021-01-23,
NCT100008982,Interventional,Phase 3,Recruiting,306,2012-01-20,
NCT100008983,Interventional,Phase 1,"Active, not recruiting",170,2022-01-17,
NCT100008984,Interventional,Phase 1,Withdrawn,374,2022-12-02,2024-02-05
NCT100008985,Interventional,Phase 4,Completed,83,2021-12-15,2026-01-14
NCT100008986,Interventional,Phase 3,"Active, not recruiting",63,2017-04-08,
NCT100008987,Interventional,Phase 2,Completed,451,2016-11-06,2018-08-31
NCT100008988,Interventional,Phase 3,Completed,62,2015-05-09,2016-12-20
NCT100008989,Interventional,Phase 2,Completed,158,2021-01-28,2022-04-12
NCT100008990,Interventional,Phase 1,Unknown status,94,2012-05-19,
NCT100008991,Interventional,Phase 1,Completed,243,2012-12-18,2016-03-17
NCT100008992,Interventional,Phase 3,Unknown status,605,2024-10-17,
NCT100008993,Interventional,Phase 1,"Active, not recruiting",20,2017-05-02,
NCT100008994,Interventional,Phase 1,Recruiting,160,2018-06-21,
NCT100008995,Interventional,Phase 2,Terminated,46,2017-12-27,2018-11-22
NCT100008996,Interventional,Phase 3,Completed,672,2016-04-10,2018-10-16
NCT100008997,Interventional,Phase 2,Completed,451,2022-07-26,2024-12-20
NCT100008998,Interventional,Phase 4,"Active, not recruiting",45,2014-03-21,
NCT100008999,Interventional,Phase 3,Withdrawn,21,2024-12-31,2026-09-17
