nct_id,primary_condition
NCT100000000,Major Depressive Disorder
NCT100000001,Hypertension
NCT100000002,Migraine
NCT100000003,Asthma
NCT100000004,Chronic Kidney Disease
NCT100000005,Migraine
NCT100000006,Psoriasis
NCT100000007,Hypertension
NCT100000008,Psoriasis
NCT100000009,Schizophrenia
NCT100000010,Migraine
NCT100000011,Chronic Kidney Disease
NCT100000012,Parkinson's Disease
NCT100000013,Migraine
NCT100000014,Alzheimer's Disease
NCT100000015,Major Depressive Disorder
NCT100000016,Chronic Kidney Disease
NCT100000017,Breast Cancer
NCT100000018,Coronary Artery Disease
NCT100000019,Ulcerative Colitis
NCT100000020,Ulcerative Colitis
NCT100000021,Ulcerative Colitis
NCT100000022,Alzheimer's Disease
NCT100000023,Migraine
NCT100000024,Schizophrenia
NCT100000025,Coronary Artery Disease
NCT100000026,Alzheimer's Disease
NCT100000027,Breast Cancer
NCT100000028,Hypertension
NCT100000029,Osteoarthritis
NCT100000030,Obesity
NCT100000031,Major Depressive Disorder
NCT100000032,Migraine
NCT100000033,Hypertension
NCT100000034,Breast Cancer
NCT100000035,Asthma
NCT100000036,Migraine
NCT100000037,Osteoarthritis
NCT100000038,Ulcerative Colitis
NCT100000039,Alzheimer's Disease
NCT100000040,Schizophrenia
NCT100000041,Chronic Obstructive Pulmonary Disease
NCT100000042,Hypertension
NCT100000043,Chronic Obstructive Pulmonary Disease
NCT100000044,Psoriasis
NCT100000045,Ulcerative Colitis
NCT100000046,Major Depressive Disorder
NCT100000047,Chronic Obstructive Pulmonary Disease
NCT100000048,Obesity
NCT100000049,Non-Small Cell Lung Cancer
NCT100000050,Rheumatoid Arthritis
NCT100000051,Type 2 Diabetes Mellitus
NCT100000052,Chronic Obstructive Pulmonary Disease
NCT100000053,Rheumatoid Arthritis
NCT100000054,Multiple Sclerosis
NCT100000055,Non-Small Cell Lung Cancer
NCT100000056,HIV Infections
NCT100000057,Chronic Obstructive Pulmonary Disease
NCT100000058,Ulcerative Colitis
NCT100000059,Non-Small Cell Lung Cancer
NCT100000060,Psoriasis
NCT100000061,Osteoarthritis
NCT100000062,Migraine
NCT100000063,Major Depressive Disorder
NCT100000064,Coronary Artery Disease
NCT100000065,Asthma
NCT100000066,Osteoarthritis
NCT100000067,Parkinson's Disease
NCT100000068,Ulcerative Colitis
NCT100000069,Coronary Artery Disease
NCT100000070,Schizophrenia
NCT100000071,Chronic Kidney Disease
NCT100000072,Major Depressive Disorder
NCT100000073,Alzheimer's Disease
NCT100000074,Migraine
NCT100000075,Obesity
NCT100000076,Alzheimer's Disease
NCT100000077,Non-Small Cell Lung Cancer
NCT100000078,Hypertension
NCT100000079,Obesity
NCT100000080,Osteoarthritis
NCT100000081,Breast Cancer
NCT100000082,Migraine
NCT100000083,Breast Cancer
NCT100000084,HIV Infections
NCT100000085,Breast Cancer
NCT100000086,Chronic Kidney Disease
NCT100000087,Obesity
NCT100000088,Psoriasis
NCT100000089,Alzheimer's Disease
NCT100000090,Osteoarthritis
NCT100000091,Major Depressive Disorder
NCT100000092,Chronic Kidney Disease
NCT100000093,Alzheimer's Disease
NCT100000094,Osteoarthritis
NCT100000095,Breast Cancer
NCT100000096,HIV Infections
NCT100000097,Migraine
NCT100000098,Hypertension
NCT100000099,Multiple Sclerosis
NCT100000100,Multiple Sclerosis
NCT100000101,Chronic Obstructive Pulmonary Disease
NCT100000102,Parkinson's Disease
NCT100000103,Chronic Kidney Disease
NCT100000104,Psoriasis
NCT100000105,Coronary Artery Disease
NCT100000106,Asthma
NCT100000107,Coronary Artery Disease
NCT100000108,Breast Cancer
NCT100000109,Rheumatoid Arthritis
NCT100000110,Parkinson's Disease
NCT100000111,Parkinson's Disease
NCT100000112,Osteoarthritis
NCT100000113,Schizophrenia
NCT100000114,Obesity
NCT100000115,Chronic Obstructive Pulmonary Disease
NCT100000116,Obesity
NCT100000117,Coronary Artery Disease
NCT100000118,Osteoarthritis
NCT100000119,Hypertension
NCT100000120,HIV Infections
NCT100000121,HIV Infections
NCT100000122,Breast Cancer
NCT100000123,Non-Small Cell Lung Cancer
NCT100000124,Asthma
NCT100000125,Multiple Sclerosis
NCT100000126,Chronic Kidney Disease
NCT100000127,Major Depressive Disorder
NCT100000128,Migraine
NCT100000129,HIV Infections
NCT100000130,Parkinson's Disease
NCT100000131,Coronary Artery Disease
NCT100000132,Major Depressive Disorder
NCT100000133,Non-Small Cell Lung Cancer
NCT100000134,Chronic Kidney Disease
NCT100000135,Non-Small Cell Lung Cancer
NCT100000136,Coronary Artery Disease
NCT100000137,Parkinson's Disease
NCT100000138,Chronic Obstructive Pulmonary Disease
NCT100000139,Chronic Kidney Disease
NCT100000140,Type 2 Diabetes Mellitus
NCT100000141,HIV Infections
NCT100000142,Rheumatoid Arthritis
NCT100000143,Hypertension
NCT100000144,Parkinson's Disease
NCT100000145,Hypertension
NCT100000146,Breast Cancer
NCT100000147,Ulcerative Colitis
NCT100000148,Chronic Kidney Disease
NCT100000149,Non-Small Cell Lung Cancer
NCT100000150,Migraine
NCT100000151,Non-Small Cell Lung Cancer
NCT100000152,Psoriasis
NCT100000153,Breast Cancer
NCT100000154,Parkinson's Disease
NCT100000155,Rheumatoid Arthritis
NCT100000156,Type 2 Diabetes Mellitus
NCT100000157,Asthma
NCT100000158,Non-Small Cell Lung Cancer
NCT100000159,Coronary Artery Disease
NCT100000160,Chronic Kidney Disease
NCT100000161,Psoriasis
NCT100000162,Major Depressive Disorder
NCT100000163,Hypertension
NCT100000164,Rheumatoid Arthritis
NCT100000165,Migraine
NCT100000166,Migraine
NCT100000167,Parkinson's Disease
NCT100000168,HIV Infections
NCT100000169,Psoriasis
NCT100000170,Chronic Obstructive Pulmonary Disease
NCT100000171,Rheumatoid Arthritis
NCT100000172,Chronic Obstructive Pulmonary Disease
NCT100000173,Rheumatoid Arthritis
NCT100000174,Breast Cancer
NCT100000175,Non-Small Cell Lung Cancer
NCT100000176,HIV Infections
NCT100000177,Schizophrenia
NCT100000178,Breast Cancer
NCT100000179,HIV Infections
NCT100000180,Schizophrenia
NCT100000181,HIV Infections
NCT100000182,Migraine
NCT100000183,Major Depressive Disorder
NCT100000184,Parkinson's Disease
NCT100000185,Rheumatoid Arthritis
NCT100000186,Psoriasis
NCT100000187,Coronary Artery Disease
NCT100000188,Parkinson's Disease
NCT100000189,Non-Small Cell Lung Cancer
NCT100000190,Schizophrenia
NCT100000191,Non-Small Cell Lung Cancer
NCT100000192,Rheumatoid Arthritis
NCT100000193,Hypertension
NCT100000194,Osteoarthritis
NCT100000195,Non-Small Cell Lung Cancer
NCT100000196,Ulcerative Colitis
NCT100000197,Ulcerative Colitis
NCT100000198,Chronic Obstructive Pulmonary Disease
NCT100000199,Major Depressive Disorder
NCT100000200,Alzheimer's Disease
NCT100000201,Type 2 Diabetes Mellitus
NCT100000202,Osteoarthritis
NCT100000203,Multiple Sclerosis
NCT100000204,Hypertension
NCT100000205,Multiple Sclerosis
NCT100000206,Chronic Obstructive Pulmonary Disease
NCT100000207,Alzheimer's Disease
NCT100000208,Hypertension
NCT100000209,HIV Infections
NCT100000210,HIV Infections
NCT100000211,Psoriasis
NCT100000212,Coronary Artery Disease
NCT100000213,Chronic Kidney Disease
NCT100000214,Osteoarthritis
NCT100000215,HIV Infections
NCT100000216,HIV Infections
NCT100000217,Coronary Artery Disease
NCT100000218,Multiple Sclerosis
NCT100000219,Schizophrenia
NCT100000220,Chronic Kidney Disease
NCT100000221,Multiple Sclerosis
NCT100000222,Ulcerative Colitis
NCT100000223,Parkinson's Disease
NCT100000224,Major Depressive Disorder
NCT100000225,Schizophrenia
NCT100000226,Asthma
NCT100000227,HIV Infections
NCT100000228,Chronic Obstructive Pulmonary Disease
NCT100000229,Asthma
NCT100000230,Parkinson's Disease
NCT100000231,Coronary Artery Disease
NCT100000232,Hypertension
NCT100000233,Ulcerative Colitis
NCT100000234,Major Depressive Disorder
NCT100000235,Parkinson's Disease
NCT100000236,Hypertension
NCT100000237,Obesity
NCT100000238,Schizophrenia
NCT100000239,Ulcerative Colitis
NCT100000240,Alzheimer's Disease
NCT100000241,Ulcerative Colitis
NCT100000242,Parkinson's Disease
NCT100000243,Hypertension
NCT100000244,Multiple Sclerosis
NCT100000245,HIV Infections
NCT100000246,HIV Infections
NCT100000247,Coronary Artery Disease
NCT100000248,Chronic Obstructive Pulmonary Disease
NCT100000249,Major Depressive Disorder
NCT100000250,Chronic Kidney Disease
NCT100000251,Hypertension
NCT100000252,Multiple Sclerosis
NCT100000253,Obesity
NCT100000254,Obesity
NCT100000255,Psoriasis
NCT100000256,HIV Infections
NCT100000257,Osteoarthritis
NCT100000258,Hypertension
NCT100000259,Major Depressive Disorder
NCT100000260,Non-Small Cell Lung Cancer
NCT100000261,Parkinson's Disease
NCT100000262,Hypertension
NCT100000263,Hypertension
NCT100000264,Asthma
NCT100000265,Parkinson's Disease
NCT100000266,Hypertension
NCT100000267,Obesity
NCT100000268,HIV Infections
NCT100000269,Osteoarthritis
NCT100000270,Ulcerative Colitis
NCT100000271,Ulcerative Colitis
NCT100000272,Non-Small Cell Lung Cancer
NCT100000273,Rheumatoid Arthritis
NCT100000274,Osteoarthritis
NCT100000275,Parkinson's Disease
NCT100000276,HIV Infections
NCT100000277,Multiple Sclerosis
NCT100000278,Psoriasis
NCT100000279,Non-Small Cell Lung Cancer
NCT100000280,Obesity
NCT100000281,Chronic Obstructive Pulmonary Disease
NCT100000282,Hypertension
NCT100000283,Type 2 Diabetes Mellitus
NCT100000284,Coronary Artery Disease
NCT100000285,Chronic Kidney Disease
NCT100000286,Hypertension
NCT100000287,Major Depressive Disorder
NCT100000288,Psoriasis
NCT100000289,Type 2 Diabetes Mellitus
NCT100000290,Ulcerative Colitis
NCT100000291,Coronary Artery Disease
NCT100000292,Breast Cancer
NCT100000293,Breast Cancer
NCT100000294,Alzheimer's Disease
NCT100000295,Chronic Kidney Disease
NCT100000296,Breast Cancer
NCT100000297,Schizophrenia
NCT100000298,Ulcerative Colitis
NCT100000299,Asthma
NCT100000300,Non-Small Cell Lung Cancer
NCT100000301,Coronary Artery Disease
NCT100000302,Non-Small Cell Lung Cancer
NCT100000303,Rheumatoid Arthritis
NCT100000304,Parkinson's Disease
NCT100000305,Major Depressive Disorder
NCT100000306,Alzheimer's Disease
NCT100000307,Breast Cancer
NCT100000308,Chronic Obstructive Pulmonary Disease
NCT100000309,Hypertension
NCT100000310,Asthma
NCT100000311,Coronary Artery Disease
NCT100000312,Multiple Sclerosis
NCT100000313,HIV Infections
NCT100000314,Asthma
NCT100000315,Schizophrenia
NCT100000316,Chronic Kidney Disease
NCT100000317,Breast Cancer
NCT100000318,Osteoarthritis
NCT100000319,HIV Infections
NCT100000320,Major Depressive Disorder
NCT100000321,Schizophrenia
NCT100000322,Chronic Obstructive Pulmonary Disease
NCT100000323,Ulcerative Colitis
NCT100000324,Ulcerative Colitis
NCT100000325,Chronic Obstructive Pulmonary Disease
NCT100000326,HIV Infections
NCT100000327,Coronary Artery Disease
NCT100000328,Obesity
NCT100000329,Parkinson's Disease
NCT100000330,Obesity
NCT100000331,Migraine
NCT100000332,Rheumatoid Arthritis
NCT100000333,HIV Infections
NCT100000334,Chronic Obstructive Pulmonary Disease
NCT100000335,Breast Cancer
NCT100000336,Type 2 Diabetes Mellitus
NCT100000337,Type 2 Diabetes Mellitus
NCT100000338,Osteoarthritis
NCT100000339,Ulcerative Colitis
NCT100000340,Asthma
NCT100000341,Ulcerative Colitis
NCT100000342,Parkinson's Disease
NCT100000343,Migraine
NCT100000344,Hypertension
NCT100000345,Type 2 Diabetes Mellitus
NCT100000346,Osteoarthritis
NCT100000347,Breast Cancer
NCT100000348,Parkinson's Disease
NCT100000349,Migraine
NCT100000350,Parkinson's Disease
NCT100000351,Osteoarthritis
NCT100000352,Osteoarthritis
NCT100000353,Multiple Sclerosis
NCT100000354,HIV Infections
NCT100000355,Migraine
NCT100000356,Type 2 Diabetes Mellitus
NCT100000357,Ulcerative Colitis
NCT100000358,Parkinson's Disease
NCT100000359,Coronary Artery Disease
NCT100000360,Major Depressive Disorder
NCT100000361,Non-Small Cell Lung Cancer
NCT100000362,Alzheimer's Disease
NCT100000363,Chronic Kidney Disease
NCT100000364,Obesity
NCT100000365,Type 2 Diabetes Mellitus
NCT100000366,Hypertension
NCT100000367,Multiple Sclerosis
NCT100000368,Hypertension
NCT100000369,Migraine
NCT100000370,Ulcerative Colitis
NCT100000371,Schizophrenia
NCT100000372,Psoriasis
NCT100000373,Hypertension
NCT100000374,Rheumatoid Arthritis
NCT100000375,HIV Infections
NCT100000376,Obesity
NCT100000377,Multiple Sclerosis
NCT100000378,Migraine
NCT100000379,Asthma
NCT100000380,Obesity
NCT100000381,Parkinson's Disease
NCT100000382,Schizophrenia
NCT100000383,Schizophrenia
NCT100000384,Chronic Kidney Disease
NCT100000385,Alzheimer's Disease
NCT100000386,Migraine
NCT100000387,Chronic Obstructive Pulmonary Disease
NCT100000388,Rheumatoid Arthritis
NCT100000389,Schizophrenia
NCT100000390,Type 2 Diabetes Mellitus
NCT100000391,Hypertension
NCT100000392,Type 2 Diabetes Mellitus
NCT100000393,Obesity
NCT100000394,Osteoarthritis
NCT100000395,Osteoarthritis
NCT100000396,Hypertension
NCT100000397,Chronic Obstructive Pulmonary Disease
NCT100000398,Multiple Sclerosis
NCT100000399,Asthma
NCT100000400,Alzheimer's Disease
NCT100000401,Chronic Obstructive Pulmonary Disease
NCT100000402,Hypertension
NCT100000403,HIV Infections
NCT100000404,Chronic Kidney Disease
NCT100000405,Coronary Artery Disease
NCT100000406,Psoriasis
NCT100000407,Obesity
NCT100000408,Asthma
NCT100000409,Psoriasis
NCT100000410,Parkinson's Disease
NCT100000411,Hypertension
NCT100000412,Migraine
NCT100000413,Migraine
NCT100000414,Type 2 Diabetes Mellitus
NCT100000415,Alzheimer's Disease
NCT100000416,Hypertension
NCT100000417,Osteoarthritis
NCT100000418,Chronic Obstructive Pulmonary Disease
NCT100000419,Migraine
NCT100000420,Ulcerative Colitis
NCT100000421,Type 2 Diabetes Mellitus
NCT100000422,Multiple Sclerosis
NCT100000423,Non-Small Cell Lung Cancer
NCT100000424,Ulcerative Colitis
NCT100000425,Multiple Sclerosis
NCT100000426,Psoriasis
NCT100000427,Multiple Sclerosis
NCT100000428,Multiple Sclerosis
NCT100000429,Asthma
NCT100000430,Rheumatoid Arthritis
NCT100000431,Psoriasis
NCT100000432,Alzheimer's Disease
NCT100000433,Rheumatoid Arthritis
NCT100000434,Major Depressive Disorder
NCT100000435,Major Depressive Disorder
NCT100000436,Rheumatoid Arthritis
NCT100000437,Chronic Obstructive Pulmonary Disease
NCT100000438,Chronic Obstructive Pulmonary Disease
NCT100000439,Psoriasis
NCT100000440,Schizophrenia
NCT100000441,Coronary Artery Disease
NCT100000442,Type 2 Diabetes Mellitus
NCT100000443,Parkinson's Disease
NCT100000444,Multiple Sclerosis
NCT100000445,Parkinson's Disease
NCT100000446,Chronic Obstructive Pulmonary Disease
NCT100000447,Ulcerative Colitis
NCT100000448,Schizophrenia
NCT100000449,Rheumatoid Arthritis
NCT100000450,Coronary Artery Disease
NCT100000451,Major Depressive Disorder
NCT100000452,Rheumatoid Arthritis
NCT100000453,Non-Small Cell Lung Cancer
NCT100000454,Major Depressive Disorder
NCT100000455,Osteoarthritis
NCT100000456,Asthma
NCT100000457,Ulcerative Colitis
NCT100000458,Chronic Kidney Disease
NCT100000459,Obesity
NCT100000460,Hypertension
NCT100000461,Ulcerative Colitis
NCT100000462,Coronary Artery Disease
NCT100000463,Coronary Artery Disease
NCT100000464,Chronic Obstructive Pulmonary Disease
NCT100000465,Breast Cancer
NCT100000466,Major Depressive Disorder
NCT100000467,Rheumatoid Arthritis
NCT100000468,Psoriasis
NCT100000469,Chronic Kidney Disease
NCT100000470,Non-Small Cell Lung Cancer
NCT100000471,HIV Infections
NCT100000472,Major Depressive Disorder
NCT100000473,Chronic Obstructive Pulmonary Disease
NCT100000474,Coronary Artery Disease
NCT100000475,Alzheimer's Disease
NCT100000476,Asthma
NCT100000477,Major Depressive Disorder
NCT100000478,Alzheimer's Disease
NCT100000479,Hypertension
NCT100000480,HIV Infections
NCT100000481,Type 2 Diabetes Mellitus
NCT100000482,Psoriasis
NCT100000483,Schizophrenia
NCT100000484,Hypertension
NCT100000485,Migraine
NCT100000486,Parkinson's Disease
NCT100000487,Multiple Sclerosis
NCT100000488,Parkinson's Disease
NCT100000489,Alzheimer's Disease
NCT100000490,Alzheimer's Disease
NCT100000491,Osteoarthritis
NCT100000492,Psoriasis
NCT100000493,Parkinson's Disease
NCT100000494,Breast Cancer
NCT100000495,Asthma
NCT100000496,Rheumatoid Arthritis
NCT100000497,Chronic Kidney Disease
NCT100000498,Obesity
NCT100000499,Schizophrenia
NCT100000500,Coronary Artery Disease
NCT100000501,Osteoarthritis
NCT100000502,Osteoarthritis
NCT100000503,Multiple Sclerosis
NCT100000504,Multiple Sclerosis
NCT100000505,Major Depressive Disorder
NCT100000506,Obesity
NCT100000507,Alzheimer's Disease
NCT100000508,Major Depressive Disorder
NCT100000509,Hypertension
NCT100000510,Asthma
NCT100000511,Chronic Obstructive Pulmonary Disease
NCT100000512,Coronary Artery Disease
NCT100000513,Rheumatoid Arthritis
NCT100000514,Parkinson's Disease
NCT100000515,Major Depressive Disorder
NCT100000516,Migraine
NCT100000517,Non-Small Cell Lung Cancer
NCT100000518,Major Depressive Disorder
NCT100000519,Migraine
NCT100000520,Parkinson's Disease
NCT100000521,Osteoarthritis
NCT100000522,HIV Infections
NCT100000523,Obesity
NCT100000524,Schizophrenia
NCT100000525,Migraine
NCT100000526,Breast Cancer
NCT100000527,Major Depressive Disorder
NCT100000528,Psoriasis
NCT100000529,Non-Small Cell Lung Cancer
NCT100000530,Multiple Sclerosis
NCT100000531,Breast Cancer
NCT100000532,Major Depressive Disorder
NCT100000533,Obesity
NCT100000534,Ulcerative Colitis
NCT100000535,Chronic Kidney Disease
NCT100000536,Chronic Obstructive Pulmonary Disease
NCT100000537,Non-Small Cell Lung Cancer
NCT100000538,Alzheimer's Disease
NCT100000539,Psoriasis
NCT100000540,Breast Cancer
NCT100000541,Alzheimer's Disease
NCT100000542,Breast Cancer
NCT100000543,Coronary Artery Disease
NCT100000544,Coronary Artery Disease
NCT100000545,Psoriasis
NCT100000546,Hypertension
NCT100000547,Coronary Artery Disease
NCT100000548,Schizophrenia
NCT100000549,Coronary Artery Disease
NCT100000550,Osteoarthritis
NCT100000551,Parkinson's Disease
NCT100000552,Migraine
NCT100000553,Asthma
NCT100000554,Multiple Sclerosis
NCT100000555,Osteoarthritis
NCT100000556,Chronic Kidney Disease
NCT100000557,Chronic Obstructive Pulmonary Disease
NCT100000558,Asthma
NCT100000559,Type 2 Diabetes Mellitus
NCT100000560,Asthma
NCT100000561,Obesity
NCT100000562,Psoriasis
NCT100000563,Breast Cancer
NCT100000564,Major Depressive Disorder
NCT100000565,Coronary Artery Disease
NCT100000566,Rheumatoid Arthritis
NCT100000567,Chronic Kidney Disease
NCT100000568,Asthma
NCT100000569,Non-Small Cell Lung Cancer
NCT100000570,Breast Cancer
NCT100000571,Rheumatoid Arthritis
NCT100000572,Ulcerative Colitis
NCT100000573,Schizophrenia
NCT100000574,Non-Small Cell Lung Cancer
NCT100000575,Parkinson's Disease
NCT100000576,Hypertension
NCT100000577,Ulcerative Colitis
NCT100000578,Type 2 Diabetes Mellitus
NCT100000579,Multiple Sclerosis
NCT100000580,Rheumatoid Arthritis
NCT100000581,Non-Small Cell Lung Cancer
NCT100000582,Chronic Kidney Disease
NCT100000583,Type 2 Diabetes Mellitus
NCT100000584,Osteoarthritis
NCT100000585,Rheumatoid Arthritis
NCT100000586,Multiple Sclerosis
NCT100000587,Osteoarthritis
NCT100000588,Schizophrenia
NCT100000589,Chronic Kidney Disease
NCT100000590,Asthma
NCT100000591,Parkinson's Disease
NCT100000592,Chronic Kidney Disease
NCT100000593,Parkinson's Disease
NCT100000594,Chronic Kidney Disease
NCT100000595,Schizophrenia
NCT100000596,Psoriasis
NCT100000597,Psoriasis
NCT100000598,Psoriasis
NCT100000599,Major Depressive Disorder
NCT100000600,Obesity
NCT100000601,Chronic Obstructive Pulmonary Disease
NCT100000602,Osteoarthritis
NCT100000603,Parkinson's Disease
NCT100000604,Parkinson's Disease
NCT100000605,Rheumatoid Arthritis
NCT100000606,Obesity
NCT100000607,Rheumatoid Arthritis
NCT100000608,Multiple Sclerosis
NCT100000609,Coronary Artery Disease
NCT100000610,Asthma
NCT100000611,Parkinson's Disease
NCT100000612,Migraine
NCT100000613,Rheumatoid Arthritis
NCT100000614,Non-Small Cell Lung Cancer
NCT100000615,HIV Infections
NCT100000616,Migraine
NCT100000617,Type 2 Diabetes Mellitus
NCT100000618,Type 2 Diabetes Mellitus
NCT100000619,Psoriasis
NCT100000620,Asthma
NCT100000621,Chronic Kidney Disease
NCT100000622,Non-Small Cell Lung Cancer
NCT100000623,Multiple Sclerosis
NCT100000624,Osteoarthritis
NCT100000625,Asthma
NCT100000626,Hypertension
NCT100000627,Chronic Obstructive Pulmonary Disease
NCT100000628,Breast Cancer
NCT100000629,Alzheimer's Disease
NCT100000630,Coronary Artery Disease
NCT100000631,HIV Infections
NCT100000632,Major Depressive Disorder
NCT100000633,Chronic Obstructive Pulmonary Disease
NCT100000634,Obesity
NCT100000635,Hypertension
NCT100000636,Non-Small Cell Lung Cancer
NCT100000637,Major Depressive Disorder
NCT100000638,Type 2 Diabetes Mellitus
NCT100000639,Hypertension
NCT100000640,Asthma
NCT100000641,Rheumatoid Arthritis
NCT100000642,Breast Cancer
NCT100000643,Migraine
NCT100000644,Psoriasis
NCT100000645,Non-Small Cell Lung Cancer
NCT100000646,Migraine
NCT100000647,Osteoarthritis
NCT100000648,Coronary Artery Disease
NCT100000649,Coronary Artery Disease
NCT100000650,Asthma
NCT100000651,Psoriasis
NCT100000652,Coronary Artery Disease
NCT100000653,Rheumatoid Arthritis
NCT100000654,Breast Cancer
NCT100000655,Osteoarthritis
NCT100000656,Rheumatoid Arthritis
NCT100000657,Rheumatoid Arthritis
NCT100000658,Schizophrenia
NCT100000659,Rheumatoid Arthritis
NCT100000660,Type 2 Diabetes Mellitus
NCT100000661,HIV Infections
NCT100000662,Ulcerative Colitis
NCT100000663,Chronic Kidney Disease
NCT100000664,Alzheimer's Disease
NCT100000665,Schizophrenia
NCT100000666,Non-Small Cell Lung Cancer
NCT100000667,Alzheimer's Disease
NCT100000668,Osteoarthritis
NCT100000669,Osteoarthritis
NCT100000670,Asthma
NCT100000671,Breast Cancer
NCT100000672,Obesity
NCT100000673,Ulcerative Colitis
NCT100000674,Alzheimer's Disease
NCT100000675,Ulcerative Colitis
NCT100000676,Migraine
NCT100000677,Migraine
NCT100000678,Parkinson's Disease
NCT100000679,Osteoarthritis
NCT100000680,Migraine
NCT100000681,Major Depressive Disorder
NCT100000682,Major Depressive Disorder
NCT100000683,Psoriasis
NCT100000684,Migraine
NCT100000685,Osteoarthritis
NCT100000686,Asthma
NCT100000687,Type 2 Diabetes Mellitus
NCT100000688,Schizophrenia
NCT100000689,Chronic Kidney Disease
NCT100000690,Asthma
NCT100000691,Ulcerative Colitis
NCT100000692,Type 2 Diabetes Mellitus
NCT100000693,Psoriasis
NCT100000694,Hypertension
NCT100000695,Non-Small Cell Lung Cancer
NCT100000696,Non-Small Cell Lung Cancer
NCT100000697,Major Depressive Disorder
NCT100000698,HIV Infections
NCT100000699,HIV Infections
NCT100000700,Hypertension
NCT100000701,Multiple Sclerosis
NCT100000702,Alzheimer's Disease
NCT100000703,Asthma
NCT100000704,Chronic Obstructive Pulmonary Disease
NCT100000705,Chronic Obstructive Pulmonary Disease
NCT100000706,Hypertension
NCT100000707,Type 2 Diabetes Mellitus
NCT100000708,Parkinson's Disease
NCT100000709,Rheumatoid Arthritis
NCT100000710,Chronic Kidney Disease
NCT100000711,HIV Infections
NCT100000712,Psoriasis
NCT100000713,Schizophrenia
NCT100000714,Psoriasis
NCT100000715,Alzheimer's Disease
NCT100000716,Rheumatoid Arthritis
NCT100000717,Ulcerative Colitis
NCT100000718,Major Depressive Disorder
NCT100000719,Major Depressive Disorder
NCT100000720,Non-Small Cell Lung Cancer
NCT100000721,Osteoarthritis
NCT100000722,Ulcerative Colitis
NCT100000723,HIV Infections
NCT100000724,Osteoarthritis
NCT100000725,Coronary Artery Disease
NCT100000726,Psoriasis
NCT100000727,Alzheimer's Disease
NCT100000728,Chronic Kidney Disease
NCT100000729,Chronic Kidney Disease
NCT100000730,Chronic Kidney Disease
NCT100000731,Ulcerative Colitis
NCT100000732,HIV Infections
NCT100000733,Osteoarthritis
NCT100000734,Migraine
NCT100000735,Psoriasis
NCT100000736,Rheumatoid Arthritis
NCT100000737,Parkinson's Disease
NCT100000738,Chronic Obstructive Pulmonary Disease
NCT100000739,Chronic Kidney Disease
NCT100000740,Schizophrenia
NCT100000741,Hypertension
NCT100000742,Schizophrenia
NCT100000743,Major Depressive Disorder
NCT100000744,Rheumatoid Arthritis
NCT100000745,HIV Infections
NCT100000746,Hypertension
NCT100000747,Major Depressive Disorder
NCT100000748,Major Depressive Disorder
NCT100000749,Multiple Sclerosis
NCT100000750,Chronic Obstructive Pulmonary Disease
NCT100000751,Obesity
NCT100000752,Alzheimer's Disease
NCT100000753,Rheumatoid Arthritis
NCT100000754,Type 2 Diabetes Mellitus
NCT100000755,Alzheimer's Disease
NCT100000756,HIV Infections
NCT100000757,Parkinson's Disease
NCT100000758,Psoriasis
NCT100000759,Migraine
NCT100000760,Breast Cancer
NCT100000761,Psoriasis
NCT100000762,Parkinson's Disease
NCT100000763,Major Depressive Disorder
NCT100000764,Type 2 Diabetes Mellitus
NCT100000765,Chronic Kidney Disease
NCT100000766,Hypertension
NCT100000767,Type 2 Diabetes Mellitus
NCT100000768,Type 2 Diabetes Mellitus
NCT100000769,Ulcerative Colitis
NCT100000770,Osteoarthritis
NCT100000771,Psoriasis
NCT100000772,Ulcerative Colitis
NCT100000773,Multiple Sclerosis
NCT100000774,Alzheimer's Disease
NCT100000775,HIV Infections
NCT100000776,Ulcerative Colitis
NCT100000777,Multiple Sclerosis
NCT100000778,Ulcerative Colitis
NCT100000779,Osteoarthritis
NCT100000780,Chronic Obstructive Pulmonary Disease
NCT100000781,Osteoarthritis
NCT100000782,Osteoarthritis
NCT100000783,Obesity
NCT100000784,Schizophrenia
NCT100000785,Migraine
NCT100000786,Chronic Kidney Disease
NCT100000787,Coronary Artery Disease
NCT100000788,Type 2 Diabetes Mellitus
NCT100000789,Rheumatoid Arthritis
NCT100000790,Schizophrenia
NCT100000791,Multiple Sclerosis
NCT100000792,Psoriasis
NCT100000793,HIV Infections
NCT100000794,Hypertension
NCT100000795,Coronary Artery Disease
NCT100000796,Chronic Obstructive Pulmonary Disease
NCT100000797,Parkinson's Disease
NCT100000798,Osteoarthritis
NCT100000799,Schizophrenia
NCT100000800,Non-Small Cell Lung Cancer
NCT100000801,Chronic Kidney Disease
NCT100000802,Parkinson's Disease
NCT100000803,Alzheimer's Disease
NCT100000804,Psoriasis
NCT100000805,Type 2 Diabetes Mellitus
NCT100000806,Non-Small Cell Lung Cancer
NCT100000807,Schizophrenia
NCT100000808,Coronary Artery Disease
NCT100000809,Osteoarthritis
NCT100000810,Ulcerative Colitis
NCT100000811,Asthma
NCT100000812,Rheumatoid Arthritis
NCT100000813,Non-Small Cell Lung Cancer
NCT100000814,Schizophrenia
NCT100000815,Psoriasis
NCT100000816,Psoriasis
NCT100000817,Type 2 Diabetes Mellitus
NCT100000818,Chronic Obstructive Pulmonary Disease
NCT100000819,Parkinson's Disease
NCT100000820,Chronic Kidney Disease
NCT100000821,Ulcerative Colitis
NCT100000822,Type 2 Diabetes Mellitus
NCT100000823,Chronic Kidney Disease
NCT100000824,Coronary Artery Disease
NCT100000825,Type 2 Diabetes Mellitus
NCT100000826,Major Depressive Disorder
NCT100000827,Multiple Sclerosis
NCT100000828,HIV Infections
NCT100000829,Major Depressive Disorder
NCT100000830,Ulcerative Colitis
NCT100000831,Rheumatoid Arthritis
NCT100000832,Coronary Artery Disease
NCT100000833,Rheumatoid Arthritis
NCT100000834,Parkinson's Disease
NCT100000835,Parkinson's Disease
NCT100000836,Migraine
NCT100000837,Rheumatoid Arthritis
NCT100000838,Schizophrenia
NCT100000839,Coronary Artery Disease
NCT100000840,HIV Infections
NCT100000841,Psoriasis
NCT100000842,Parkinson's Disease
NCT100000843,Chronic Obstructive Pulmonary Disease
NCT100000844,Ulcerative Colitis
NCT100000845,Schizophrenia
NCT100000846,Rheumatoid Arthritis
NCT100000847,Asthma
NCT100000848,Breast Cancer
NCT100000849,Obesity
NCT100000850,Chronic Obstructive Pulmonary Disease
NCT100000851,Multiple Sclerosis
NCT100000852,Schizophrenia
NCT100000853,Parkinson's Disease
NCT100000854,Migraine
NCT100000855,Ulcerative Colitis
NCT100000856,Osteoarthritis
NCT100000857,Rheumatoid Arthritis
NCT100000858,Asthma
NCT100000859,Multiple Sclerosis
NCT100000860,Coronary Artery Disease
NCT100000861,Hypertension
NCT100000862,Parkinson's Disease
NCT100000863,Major Depressive Disorder
NCT100000864,Ulcerative Colitis
NCT100000865,Multiple Sclerosis
NCT100000866,Osteoarthritis
NCT100000867,Non-Small Cell Lung Cancer
NCT100000868,Non-Small Cell Lung Cancer
NCT100000869,Psoriasis
NCT100000870,Asthma
NCT100000871,Breast Cancer
NCT100000872,Chronic Kidney Disease
NCT100000873,Schizophrenia
NCT100000874,Hypertension
NCT100000875,HIV Infections
NCT100000876,Alzheimer's Disease
NCT100000877,Multiple Sclerosis
NCT100000878,Major Depressive Disorder
NCT100000879,Osteoarthritis
NCT100000880,Hypertension
NCT100000881,Alzheimer's Disease
NCT100000882,Osteoarthritis
NCT100000883,Alzheimer's Disease
NCT100000884,Parkinson's Disease
NCT100000885,Asthma
NCT100000886,Chronic Kidney Disease
NCT100000887,Breast Cancer
NCT100000888,Chronic Obstructive Pulmonary Disease
NCT100000889,Obesity
NCT100000890,Ulcerative Colitis
NCT100000891,Type 2 Diabetes Mellitus
NCT100000892,Osteoarthritis
NCT100000893,Chronic Obstructive Pulmonary Disease
NCT100000894,Psoriasis
NCT100000895,Breast Cancer
NCT100000896,Obesity
NCT100000897,HIV Infections
NCT100000898,Schizophrenia
NCT100000899,Obesity
NCT100000900,Psoriasis
NCT100000901,Ulcerative Colitis
NCT100000902,Hypertension
NCT100000903,Multiple Sclerosis
NCT100000904,Multiple Sclerosis
NCT100000905,Schizophrenia
NCT100000906,Osteoarthritis
NCT100000907,Coronary Artery Disease
NCT100000908,Schizophrenia
NCT100000909,Osteoarthritis
NCT100000910,Asthma
NCT100000911,Schizophrenia
NCT100000912,Asthma
NCT100000913,Major Depressive Disorder
NCT100000914,Migraine
NCT100000915,Obesity
NCT100000916,Ulcerative Colitis
NCT100000917,Obesity
NCT100000918,Major Depressive Disorder
NCT100000919,Osteoarthritis
NCT100000920,Breast Cancer
NCT100000921,Psoriasis
NCT100000922,Schizophrenia
NCT100000923,Major Depressive Disorder
NCT100000924,Osteoarthritis
NCT100000925,Hypertension
NCT100000926,Multiple Sclerosis
NCT100000927,Type 2 Diabetes Mellitus
NCT100000928,Chronic Obstructive Pulmonary Disease
NCT100000929,Obesity
NCT100000930,Type 2 Diabetes Mellitus
NCT100000931,Parkinson's Disease
NCT100000932,Rheumatoid Arthritis
NCT100000933,Parkinson's Disease
NCT100000934,Breast Cancer
NCT100000935,Psoriasis
NCT100000936,Migraine
NCT100000937,Chronic Obstructive Pulmonary Disease
NCT100000938,Major Depressive Disorder
NCT100000939,Chronic Obstructive Pulmonary Disease
NCT100000940,Migraine
NCT100000941,Breast Cancer
NCT100000942,Ulcerative Colitis
NCT100000943,Alzheimer's Disease
NCT100000944,Schizophrenia
NCT100000945,Major Depressive Disorder
NCT100000946,Schizophrenia
NCT100000947,Multiple Sclerosis
NCT100000948,Osteoarthritis
NCT100000949,Psoriasis
NCT100000950,Schizophrenia
NCT100000951,Asthma
NCT100000952,Parkinson's Disease
NCT100000953,Alzheimer's Disease
NCT100000954,Schizophrenia
NCT100000955,Chronic Obstructive Pulmonary Disease
NCT100000956,Migraine
NCT100000957,Major Depressive Disorder
NCT100000958,Asthma
NCT100000959,Non-Small Cell Lung Cancer
NCT100000960,Type 2 Diabetes Mellitus
NCT100000961,Hypertension
NCT100000962,Multiple Sclerosis
NCT100000963,Chronic Obstructive Pulmonary Disease
NCT100000964,Rheumatoid Arthritis
NCT100000965,Chronic Obstructive Pulmonary Disease
NCT100000966,Osteoarthritis
NCT100000967,Multiple Sclerosis
NCT100000968,Asthma
NCT100000969,Chronic Obstructive Pulmonary Disease
NCT100000970,Alzheimer's Disease
NCT100000971,Osteoarthritis
NCT100000972,Obesity
NCT100000973,Alzheimer's Disease
NCT100000974,Rheumatoid Arthritis
NCT100000975,HIV Infections
NCT100000976,Rheumatoid Arthritis
NCT100000977,Breast Cancer
NCT100000978,Non-Small Cell Lung Cancer
NCT100000979,Hypertension
NCT100000980,Type 2 Diabetes Mellitus
NCT100000981,Migraine
NCT100000982,Alzheimer's Disease
NCT100000983,Alzheimer's Disease
NCT100000984,Hypertension
NCT100000985,Migraine
NCT100000986,Hypertension
NCT100000987,Coronary Artery Disease
NCT100000988,Chronic Obstructive Pulmonary Disease
NCT100000989,Rheumatoid Arthritis
NCT100000990,Hypertension
NCT100000991,Obesity
NCT100000992,Ulcerative Colitis
NCT100000993,Non-Small Cell Lung Cancer
NCT100000994,Coronary Artery Disease
NCT100000995,Asthma
NCT100000996,Asthma
NCT100000997,Asthma
NCT100000998,HIV Infections
NCT100000999,Parkinson's Disease
NCT100001000,Migraine
NCT100001001,Osteoarthritis
NCT100001002,Parkinson's Disease
NCT100001003,Alzheimer's Disease
NCT100001004,Alzheimer's Disease
NCT100001005,HIV Infections
NCT100001006,Multiple Sclerosis
NCT100001007,Rheumatoid Arthritis
NCT100001008,Psoriasis
NCT100001009,HIV Infections
NCT100001010,Obesity
NCT100001011,Ulcerative Colitis
NCT100001012,Breast Cancer
NCT100001013,Osteoarthritis
NCT100001014,Parkinson's Disease
NCT100001015,HIV Infections
NCT100001016,Parkinson's Disease
NCT100001017,Non-Small Cell Lung Cancer
NCT100001018,Osteoarthritis
NCT100001019,Psoriasis
NCT100001020,Multiple Sclerosis
NCT100001021,Obesity
NCT100001022,Hypertension
NCT100001023,Asthma
NCT100001024,Non-Small Cell Lung Cancer
NCT100001025,Coronary Artery Disease
NCT100001026,Rheumatoid Arthritis
NCT100001027,Ulcerative Colitis
NCT100001028,Hypertension
NCT100001029,Psoriasis
NCT100001030,Multiple Sclerosis
NCT100001031,Rheumatoid Arthritis
NCT100001032,Major Depressive Disorder
NCT100001033,Type 2 Diabetes Mellitus
NCT100001034,Type 2 Diabetes Mellitus
NCT100001035,Chronic Obstructive Pulmonary Disease
NCT100001036,Osteoarthritis
NCT100001037,Hypertension
NCT100001038,Coronary Artery Disease
NCT100001039,Ulcerative Colitis
NCT100001040,Psoriasis
NCT100001041,Multiple Sclerosis
NCT100001042,Coronary Artery Disease
NCT100001043,HIV Infections
NCT100001044,Obesity
NCT100001045,Parkinson's Disease
NCT100001046,Ulcerative Colitis
NCT100001047,Major Depressive Disorder
NCT100001048,Chronic Kidney Disease
NCT100001049,Osteoarthritis
NCT100001050,Schizophrenia
NCT100001051,Major Depressive Disorder
NCT100001052,Type 2 Diabetes Mellitus
NCT100001053,Multiple Sclerosis
NCT100001054,Ulcerative Colitis
NCT100001055,Migraine
NCT100001056,Obesity
NCT100001057,Type 2 Diabetes Mellitus
NCT100001058,Asthma
NCT100001059,Parkinson's Disease
NCT100001060,Asthma
NCT100001061,Psoriasis
NCT100001062,Osteoarthritis
NCT100001063,Psoriasis
NCT100001064,Osteoarthritis
NCT100001065,Migraine
NCT100001066,Obesity
NCT100001067,Chronic Kidney Disease
NCT100001068,Multiple Sclerosis
NCT100001069,Obesity
NCT100001070,Migraine
NCT100001071,Schizophrenia
NCT100001072,Ulcerative Colitis
NCT100001073,Ulcerative Colitis
NCT100001074,Ulcerative Colitis
NCT100001075,Ulcerative Colitis
NCT100001076,Non-Small Cell Lung Cancer
NCT100001077,Rheumatoid Arthritis
NCT100001078,Hypertension
NCT100001079,Non-Small Cell Lung Cancer
NCT100001080,Coronary Artery Disease
NCT100001081,Non-Small Cell Lung Cancer
NCT100001082,Type 2 Diabetes Mellitus
NCT100001083,Coronary Artery Disease
NCT100001084,Hypertension
NCT100001085,Ulcerative Colitis
NCT100001086,Non-Small Cell Lung Cancer
NCT100001087,Chronic Kidney Disease
NCT100001088,HIV Infections
NCT100001089,Multiple Sclerosis
NCT100001090,Psoriasis
NCT100001091,Type 2 Diabetes Mellitus
NCT100001092,Psoriasis
NCT100001093,Chronic Kidney Disease
NCT100001094,Alzheimer's Disease
NCT100001095,Obesity
NCT100001096,Obesity
NCT100001097,Non-Small Cell Lung Cancer
NCT100001098,HIV Infections
NCT100001099,Rheumatoid Arthritis
NCT100001100,Alzheimer's Disease
NCT100001101,Schizophrenia
NCT100001102,Rheumatoid Arthritis
NCT100001103,Obesity
NCT100001104,Breast Cancer
NCT100001105,Chronic Obstructive Pulmonary Disease
NCT100001106,Psoriasis
NCT100001107,HIV Infections
NCT100001108,Non-Small Cell Lung Cancer
NCT100001109,Coronary Artery Disease
NCT100001110,Alzheimer's Disease
NCT100001111,Multiple Sclerosis
NCT100001112,Schizophrenia
NCT100001113,Psoriasis
NCT100001114,Type 2 Diabetes Mellitus
NCT100001115,Rheumatoid Arthritis
NCT100001116,HIV Infections
NCT100001117,Rheumatoid Arthritis
NCT100001118,Coronary Artery Disease
NCT100001119,Rheumatoid Arthritis
NCT100001120,Asthma
NCT100001121,Psoriasis
NCT100001122,Rheumatoid Arthritis
NCT100001123,Non-Small Cell Lung Cancer
NCT100001124,Osteoarthritis
NCT100001125,Multiple Sclerosis
NCT100001126,Major Depressive Disorder
NCT100001127,HIV Infections
NCT100001128,HIV Infections
NCT100001129,Type 2 Diabetes Mellitus
NCT100001130,Schizophrenia
NCT100001131,Hypertension
NCT100001132,Rheumatoid Arthritis
NCT100001133,Schizophrenia
NCT100001134,Chronic Kidney Disease
NCT100001135,Psoriasis
NCT100001136,HIV Infections
NCT100001137,Ulcerative Colitis
NCT100001138,Rheumatoid Arthritis
NCT100001139,Type 2 Diabetes Mellitus
NCT100001140,Major Depressive Disorder
NCT100001141,Hypertension
NCT100001142,Asthma
NCT100001143,Osteoarthritis
NCT100001144,Asthma
NCT100001145,Major Depressive Disorder
NCT100001146,HIV Infections
NCT100001147,Schizophrenia
NCT100001148,Hypertension
NCT100001149,Breast Cancer
NCT100001150,Migraine
NCT100001151,Asthma
NCT100001152,HIV Infections
NCT100001153,Breast Cancer
NCT100001154,Osteoarthritis
NCT100001155,Schizophrenia
NCT100001156,Ulcerative Colitis
NCT100001157,Parkinson's Disease
NCT100001158,Breast Cancer
NCT100001159,Osteoarthritis
NCT100001160,Rheumatoid Arthritis
NCT100001161,Psoriasis
NCT100001162,Hypertension
NCT100001163,Parkinson's Disease
NCT100001164,Psoriasis
NCT100001165,Major Depressive Disorder
NCT100001166,Psoriasis
NCT100001167,Major Depressive Disorder
NCT100001168,Major Depressive Disorder
NCT100001169,Type 2 Diabetes Mellitus
NCT100001170,Coronary Artery Disease
NCT100001171,Psoriasis
NCT100001172,Breast Cancer
NCT100001173,Obesity
NCT100001174,Alzheimer's Disease
NCT100001175,Ulcerative Colitis
NCT100001176,Hypertension
NCT100001177,Rheumatoid Arthritis
NCT100001178,Coronary Artery Disease
NCT100001179,Multiple Sclerosis
NCT100001180,HIV Infections
NCT100001181,Chronic Kidney Disease
NCT100001182,Rheumatoid Arthritis
NCT100001183,Multiple Sclerosis
NCT100001184,Alzheimer's Disease
NCT100001185,Type 2 Diabetes Mellitus
NCT100001186,Major Depressive Disorder
NCT100001187,Osteoarthritis
NCT100001188,Osteoarthritis
NCT100001189,Chronic Obstructive Pulmonary Disease
NCT100001190,Obesity
NCT100001191,Hypertension
NCT100001192,Non-Small Cell Lung Cancer
NCT100001193,Obesity
NCT100001194,Ulcerative Colitis
NCT100001195,Psoriasis
NCT100001196,Psoriasis
NCT100001197,Rheumatoid Arthritis
NCT100001198,Parkinson's Disease
NCT100001199,Osteoarthritis
NCT100001200,Schizophrenia
NCT100001201,HIV Infections
NCT100001202,Obesity
NCT100001203,Non-Small Cell Lung Cancer
NCT100001204,Migraine
NCT100001205,Type 2 Diabetes Mellitus
NCT100001206,Major Depressive Disorder
NCT100001207,Osteoarthritis
NCT100001208,Breast Cancer
NCT100001209,Non-Small Cell Lung Cancer
NCT100001210,Non-Small Cell Lung Cancer
NCT100001211,Schizophrenia
NCT100001212,Multiple Sclerosis
NCT100001213,Alzheimer's Disease
NCT100001214,Major Depressive Disorder
NCT100001215,Obesity
NCT100001216,Major Depressive Disorder
NCT100001217,Ulcerative Colitis
NCT100001218,Migraine
NCT100001219,Schizophrenia
NCT100001220,Chronic Kidney Disease
NCT100001221,Asthma
NCT100001222,Rheumatoid Arthritis
NCT100001223,Multiple Sclerosis
NCT100001224,Multiple Sclerosis
NCT100001225,Breast Cancer
NCT100001226,Parkinson's Disease
NCT100001227,HIV Infections
NCT100001228,Asthma
NCT100001229,Chronic Obstructive Pulmonary Disease
NCT100001230,Psoriasis
NCT100001231,Parkinson's Disease
NCT100001232,Chronic Obstructive Pulmonary Disease
NCT100001233,Parkinson's Disease
NCT100001234,Osteoarthritis
NCT100001235,Alzheimer's Disease
NCT100001236,Schizophrenia
NCT100001237,Type 2 Diabetes Mellitus
NCT100001238,Parkinson's Disease
NCT100001239,Obesity
NCT100001240,Osteoarthritis
NCT100001241,Hypertension
NCT100001242,Major Depressive Disorder
NCT100001243,Non-Small Cell Lung Cancer
NCT100001244,Alzheimer's Disease
NCT100001245,HIV Infections
NCT100001246,Hypertension
NCT100001247,Obesity
NCT100001248,Chronic Kidney Disease
NCT100001249,HIV Infections
NCT100001250,Breast Cancer
NCT100001251,Hypertension
NCT100001252,Non-Small Cell Lung Cancer
NCT100001253,Type 2 Diabetes Mellitus
NCT100001254,Coronary Artery Disease
NCT100001255,Coronary Artery Disease
NCT100001256,Ulcerative Colitis
NCT100001257,Chronic Obstructive Pulmonary Disease
NCT100001258,HIV Infections
NCT100001259,Asthma
NCT100001260,Breast Cancer
NCT100001261,Multiple Sclerosis
NCT100001262,Hypertension
NCT100001263,Osteoarthritis
NCT100001264,Asthma
NCT100001265,Chronic Obstructive Pulmonary Disease
NCT100001266,Rheumatoid Arthritis
NCT100001267,Alzheimer's Disease
NCT100001268,Schizophrenia
NCT100001269,Chronic Kidney Disease
NCT100001270,Type 2 Diabetes Mellitus
NCT100001271,Multiple Sclerosis
NCT100001272,Parkinson's Disease
NCT100001273,Ulcerative Colitis
NCT100001274,Parkinson's Disease
NCT100001275,Osteoarthritis
NCT100001276,Coronary Artery Disease
NCT100001277,Hypertension
NCT100001278,Type 2 Diabetes Mellitus
NCT100001279,Psoriasis
NCT100001280,Non-Small Cell Lung Cancer
NCT100001281,Hypertension
NCT100001282,Migraine
NCT100001283,Non-Small Cell Lung Cancer
NCT100001284,Migraine
NCT100001285,Osteoarthritis
NCT100001286,Chronic Obstructive Pulmonary Disease
NCT100001287,HIV Infections
NCT100001288,Obesity
NCT100001289,Rheumatoid Arthritis
NCT100001290,Multiple Sclerosis
NCT100001291,Coronary Artery Disease
NCT100001292,Multiple Sclerosis
NCT100001293,Chronic Kidney Disease
NCT100001294,Osteoarthritis
NCT100001295,Migraine
NCT100001296,Hypertension
NCT100001297,Hypertension
NCT100001298,Major Depressive Disorder
NCT100001299,Chronic Obstructive Pulmonary Disease
NCT100001300,Coronary Artery Disease
NCT100001301,Rheumatoid Arthritis
NCT100001302,Osteoarthritis
NCT100001303,HIV Infections
NCT100001304,Asthma
NCT100001305,Asthma
NCT100001306,Asthma
NCT100001307,Chronic Obstructive Pulmonary Disease
NCT100001308,Major Depressive Disorder
NCT100001309,Ulcerative Colitis
NCT100001310,Chronic Kidney Disease
NCT100001311,Rheumatoid Arthritis
NCT100001312,Alzheimer's Disease
NCT100001313,Asthma
NCT100001314,Hypertension
NCT100001315,Chronic Obstructive Pulmonary Disease
NCT100001316,Ulcerative Colitis
NCT100001317,Chronic Kidney Disease
NCT100001318,Breast Cancer
NCT100001319,Hypertension
NCT100001320,Asthma
NCT100001321,Chronic Obstructive Pulmonary Disease
NCT100001322,Chronic Obstructive Pulmonary Disease
NCT100001323,Chronic Kidney Disease
NCT100001324,Psoriasis
NCT100001325,Major Depressive Disorder
NCT100001326,Major Depressive Disorder
NCT100001327,Rheumatoid Arthritis
NCT100001328,Multiple Sclerosis
NCT100001329,Alzheimer's Disease
NCT100001330,Major Depressive Disorder
NCT100001331,Psoriasis
NCT100001332,Schizophrenia
NCT100001333,Type 2 Diabetes Mellitus
NCT100001334,Alzheimer's Disease
NCT100001335,Alzheimer's Disease
NCT100001336,Chronic Obstructive Pulmonary Disease
NCT100001337,Osteoarthritis
NCT100001338,HIV Infections
NCT100001339,Coronary Artery Disease
NCT100001340,Psoriasis
NCT100001341,Obesity
NCT100001342,Hypertension
NCT100001343,Asthma
NCT100001344,Parkinson's Disease
NCT100001345,Breast Cancer
NCT100001346,Psoriasis
NCT100001347,Major Depressive Disorder
NCT100001348,Ulcerative Colitis
NCT100001349,Alzheimer's Disease
NCT100001350,Rheumatoid Arthritis
NCT100001351,Osteoarthritis
NCT100001352,Chronic Kidney Disease
NCT100001353,Obesity
NCT100001354,Osteoarthritis
NCT100001355,Osteoarthritis
NCT100001356,Chronic Kidney Disease
NCT100001357,Hypertension
NCT100001358,Asthma
NCT100001359,Major Depressive Disorder
NCT100001360,Chronic Obstructive Pulmonary Disease
NCT100001361,Asthma
NCT100001362,Osteoarthritis
NCT100001363,Breast Cancer
NCT100001364,Breast Cancer
NCT100001365,Parkinson's Disease
NCT100001366,Psoriasis
NCT100001367,Breast Cancer
NCT100001368,Major Depressive Disorder
NCT100001369,Schizophrenia
NCT100001370,Multiple Sclerosis
NCT100001371,HIV Infections
NCT100001372,Parkinson's Disease
NCT100001373,Schizophrenia
NCT100001374,Ulcerative Colitis
NCT100001375,HIV Infections
NCT100001376,Hypertension
NCT100001377,Non-Small Cell Lung Cancer
NCT100001378,Migraine
NCT100001379,Osteoarthritis
NCT100001380,Migraine
NCT100001381,Multiple Sclerosis
NCT100001382,Rheumatoid Arthritis
NCT100001383,Osteoarthritis
NCT100001384,Rheumatoid Arthritis
NCT100001385,HIV Infections
NCT100001386,HIV Infections
NCT100001387,Multiple Sclerosis
NCT100001388,Chronic Obstructive Pulmonary Disease
NCT100001389,Chronic Obstructive Pulmonary Disease
NCT100001390,Asthma
NCT100001391,Asthma
NCT100001392,Chronic Kidney Disease
NCT100001393,Migraine
NCT100001394,Coronary Artery Disease
NCT100001395,Rheumatoid Arthritis
NCT100001396,Osteoarthritis
NCT100001397,Obesity
NCT100001398,Ulcerative Colitis
NCT100001399,Alzheimer's Disease
NCT100001400,Chronic Kidney Disease
NCT100001401,Breast Cancer
NCT100001402,Alzheimer's Disease
NCT100001403,Obesity
NCT100001404,Migraine
NCT100001405,Ulcerative Colitis
NCT100001406,Chronic Obstructive Pulmonary Disease
NCT100001407,Breast Cancer
NCT100001408,Asthma
NCT100001409,Ulcerative Colitis
NCT100001410,Coronary Artery Disease
NCT100001411,HIV Infections
NCT100001412,Ulcerative Colitis
NCT100001413,Coronary Artery Disease
NCT100001414,Psoriasis
NCT100001415,Chronic Kidney Disease
NCT100001416,Rheumatoid Arthritis
NCT100001417,Chronic Obstructive Pulmonary Disease
NCT100001418,Rheumatoid Arthritis
NCT100001419,Non-Small Cell Lung Cancer
NCT100001420,Hypertension
NCT100001421,Major Depressive Disorder
NCT100001422,Major Depressive Disorder
NCT100001423,Psoriasis
NCT100001424,Type 2 Diabetes Mellitus
NCT100001425,Migraine
NCT100001426,Ulcerative Colitis
NCT100001427,Type 2 Diabetes Mellitus
NCT100001428,HIV Infections
NCT100001429,Ulcerative Colitis
NCT100001430,Hypertension
NCT100001431,Type 2 Diabetes Mellitus
NCT100001432,Obesity
NCT100001433,Chronic Kidney Disease
NCT100001434,Migraine
NCT100001435,Type 2 Diabetes Mellitus
NCT100001436,Asthma
NCT100001437,Asthma
NCT100001438,Major Depressive Disorder
NCT100001439,Chronic Kidney Disease
NCT100001440,Type 2 Diabetes Mellitus
NCT100001441,Multiple Sclerosis
NCT100001442,Breast Cancer
NCT100001443,Obesity
NCT100001444,Chronic Kidney Disease
NCT100001445,Major Depressive Disorder
NCT100001446,Psoriasis
NCT100001447,Chronic Kidney Disease
NCT100001448,Parkinson's Disease
NCT100001449,Rheumatoid Arthritis
NCT100001450,Chronic Kidney Disease
NCT100001451,Breast Cancer
NCT100001452,Schizophrenia
NCT100001453,Obesity
NCT100001454,Major Depressive Disorder
NCT100001455,Major Depressive Disorder
NCT100001456,Rheumatoid Arthritis
NCT100001457,Obesity
NCT100001458,Alzheimer's Disease
NCT100001459,Major Depressive Disorder
NCT100001460,Type 2 Diabetes Mellitus
NCT100001461,Parkinson's Disease
NCT100001462,Psoriasis
NCT100001463,Multiple Sclerosis
NCT100001464,Alzheimer's Disease
NCT100001465,Schizophrenia
NCT100001466,HIV Infections
NCT100001467,Parkinson's Disease
NCT100001468,Obesity
NCT100001469,Psoriasis
NCT100001470,Asthma
NCT100001471,Chronic Obstructive Pulmonary Disease
NCT100001472,Asthma
NCT100001473,Breast Cancer
NCT100001474,Ulcerative Colitis
NCT100001475,Asthma
NCT100001476,Non-Small Cell Lung Cancer
NCT100001477,Chronic Obstructive Pulmonary Disease
NCT100001478,Migraine
NCT100001479,Type 2 Diabetes Mellitus
NCT100001480,Asthma
NCT100001481,Chronic Kidney Disease
NCT100001482,HIV Infections
NCT100001483,HIV Infections
NCT100001484,Asthma
NCT100001485,Asthma
NCT100001486,Schizophrenia
NCT100001487,Major Depressive Disorder
NCT100001488,Major Depressive Disorder
NCT100001489,Hypertension
NCT100001490,Major Depressive Disorder
NCT100001491,HIV Infections
NCT100001492,Non-Small Cell Lung Cancer
NCT100001493,Major Depressive Disorder
NCT100001494,Obesity
NCT100001495,Major Depressive Disorder
NCT100001496,Schizophrenia
NCT100001497,Schizophrenia
NCT100001498,Coronary Artery Disease
NCT100001499,Psoriasis
NCT100001500,Multiple Sclerosis
NCT100001501,Major Depressive Disorder
NCT100001502,Asthma
NCT100001503,Multiple Sclerosis
NCT100001504,Migraine
NCT100001505,Obesity
NCT100001506,Alzheimer's Disease
NCT100001507,Rheumatoid Arthritis
NCT100001508,Coronary Artery Disease
NCT100001509,Alzheimer's Disease
NCT100001510,Breast Cancer
NCT100001511,Hypertension
NCT100001512,Alzheimer's Disease
NCT100001513,Parkinson's Disease
NCT100001514,HIV Infections
NCT100001515,Asthma
NCT100001516,Non-Small Cell Lung Cancer
NCT100001517,Non-Small Cell Lung Cancer
NCT100001518,Alzheimer's Disease
NCT100001519,HIV Infections
NCT100001520,Psoriasis
NCT100001521,Multiple Sclerosis
NCT100001522,Breast Cancer
NCT100001523,Alzheimer's Disease
NCT100001524,Multiple Sclerosis
NCT100001525,Chronic Kidney Disease
NCT100001526,Major Depressive Disorder
NCT100001527,Osteoarthritis
NCT100001528,Rheumatoid Arthritis
NCT100001529,Chronic Obstructive Pulmonary Disease
NCT100001530,Ulcerative Colitis
NCT100001531,Schizophrenia
NCT100001532,Alzheimer's Disease
NCT100001533,Parkinson's Disease
NCT100001534,Hypertension
NCT100001535,Osteoarthritis
NCT100001536,Parkinson's Disease
NCT100001537,Osteoarthritis
NCT100001538,Rheumatoid Arthritis
NCT100001539,Ulcerative Colitis
NCT100001540,Type 2 Diabetes Mellitus
NCT100001541,Hypertension
NCT100001542,Migraine
NCT100001543,Chronic Kidney Disease
NCT100001544,Schizophrenia
NCT100001545,Migraine
NCT100001546,Schizophrenia
NCT100001547,Chronic Obstructive Pulmonary Disease
NCT100001548,Asthma
NCT100001549,HIV Infections
NCT100001550,Obesity
NCT100001551,Parkinson's Disease
NCT100001552,Osteoarthritis
NCT100001553,Schizophrenia
NCT100001554,Multiple Sclerosis
NCT100001555,Obesity
NCT100001556,Osteoarthritis
NCT100001557,Asthma
NCT100001558,Osteoarthritis
NCT100001559,Major Depressive Disorder
NCT100001560,Obesity
NCT100001561,Asthma
NCT100001562,Obesity
NCT100001563,Major Depressive Disorder
NCT100001564,Migraine
NCT100001565,Obesity
NCT100001566,Parkinson's Disease
NCT100001567,Chronic Kidney Disease
NCT100001568,Non-Small Cell Lung Cancer
NCT100001569,Obesity
NCT100001570,Schizophrenia
NCT100001571,Chronic Kidney Disease
NCT100001572,Chronic Kidney Disease
NCT100001573,Alzheimer's Disease
NCT100001574,Chronic Kidney Disease
NCT100001575,Multiple Sclerosis
NCT100001576,Rheumatoid Arthritis
NCT100001577,Rheumatoid Arthritis
NCT100001578,Alzheimer's Disease
NCT100001579,Chronic Kidney Disease
NCT100001580,Osteoarthritis
NCT100001581,Coronary Artery Disease
NCT100001582,Chronic Obstructive Pulmonary Disease
NCT100001583,Obesity
NCT100001584,Breast Cancer
NCT100001585,Multiple Sclerosis
NCT100001586,Ulcerative Colitis
NCT100001587,Ulcerative Colitis
NCT100001588,Breast Cancer
NCT100001589,Parkinson's Disease
NCT100001590,Parkinson's Disease
NCT100001591,Non-Small Cell Lung Cancer
NCT100001592,Chronic Obstructive Pulmonary Disease
NCT100001593,Non-Small Cell Lung Cancer
NCT100001594,Psoriasis
NCT100001595,Ulcerative Colitis
NCT100001596,Ulcerative Colitis
NCT100001597,Hypertension
NCT100001598,Multiple Sclerosis
NCT100001599,Alzheimer's Disease
NCT100001600,Non-Small Cell Lung Cancer
NCT100001601,Obesity
NCT100001602,Parkinson's Disease
NCT100001603,Schizophrenia
NCT100001604,Osteoarthritis
NCT100001605,Migraine
NCT100001606,Obesity
NCT100001607,Multiple Sclerosis
NCT100001608,Major Depressive Disorder
NCT100001609,Breast Cancer
NCT100001610,Asthma
NCT100001611,Type 2 Diabetes Mellitus
NCT100001612,Chronic Kidney Disease
NCT100001613,Rheumatoid Arthritis
NCT100001614,Major Depressive Disorder
NCT100001615,Parkinson's Disease
NCT100001616,Alzheimer's Disease
NCT100001617,Parkinson's Disease
NCT100001618,Major Depressive Disorder
NCT100001619,Coronary Artery Disease
NCT100001620,Psoriasis
NCT100001621,Chronic Obstructive Pulmonary Disease
NCT100001622,Rheumatoid Arthritis
NCT100001623,Breast Cancer
NCT100001624,Hypertension
NCT100001625,Non-Small Cell Lung Cancer
NCT100001626,Chronic Obstructive Pulmonary Disease
NCT100001627,Major Depressive Disorder
NCT100001628,Type 2 Diabetes Mellitus
NCT100001629,Schizophrenia
NCT100001630,Non-Small Cell Lung Cancer
NCT100001631,Coronary Artery Disease
NCT100001632,Alzheimer's Disease
NCT100001633,Breast Cancer
NCT100001634,Asthma
NCT100001635,Parkinson's Disease
NCT100001636,Ulcerative Colitis
NCT100001637,Multiple Sclerosis
NCT100001638,Psoriasis
NCT100001639,Schizophrenia
NCT100001640,Obesity
NCT100001641,Osteoarthritis
NCT100001642,Chronic Kidney Disease
NCT100001643,HIV Infections
NCT100001644,Multiple Sclerosis
NCT100001645,Osteoarthritis
NCT100001646,Osteoarthritis
NCT100001647,Rheumatoid Arthritis
NCT100001648,Coronary Artery Disease
NCT100001649,Osteoarthritis
NCT100001650,Breast Cancer
NCT100001651,Migraine
NCT100001652,Osteoarthritis
NCT100001653,Chronic Kidney Disease
NCT100001654,Schizophrenia
NCT100001655,Chronic Obstructive Pulmonary Disease
NCT100001656,Osteoarthritis
NCT100001657,Ulcerative Colitis
NCT100001658,Psoriasis
NCT100001659,Breast Cancer
NCT100001660,Psoriasis
NCT100001661,Chronic Kidney Disease
NCT100001662,HIV Infections
NCT100001663,Major Depressive Disorder
NCT100001664,Osteoarthritis
NCT100001665,Migraine
NCT100001666,Rheumatoid Arthritis
NCT100001667,Chronic Obstructive Pulmonary Disease
NCT100001668,Chronic Obstructive Pulmonary Disease
NCT100001669,Major Depressive Disorder
NCT100001670,Migraine
NCT100001671,Rheumatoid Arthritis
NCT100001672,Ulcerative Colitis
NCT100001673,Major Depressive Disorder
NCT100001674,Major Depressive Disorder
NCT100001675,Osteoarthritis
NCT100001676,Schizophrenia
NCT100001677,HIV Infections
NCT100001678,Ulcerative Colitis
NCT100001679,Osteoarthritis
NCT100001680,Chronic Kidney Disease
NCT100001681,Asthma
NCT100001682,Multiple Sclerosis
NCT100001683,Breast Cancer
NCT100001684,Parkinson's Disease
NCT100001685,Major Depressive Disorder
NCT100001686,Non-Small Cell Lung Cancer
NCT100001687,Breast Cancer
NCT100001688,Osteoarthritis
NCT100001689,Chronic Obstructive Pulmonary Disease
NCT100001690,Breast Cancer
NCT100001691,Psoriasis
NCT100001692,Ulcerative Colitis
NCT100001693,Schizophrenia
NCT100001694,Chronic Kidney Disease
NCT100001695,Major Depressive Disorder
NCT100001696,Coronary Artery Disease
NCT100001697,Asthma
NCT100001698,Chronic Kidney Disease
NCT100001699,Non-Small Cell Lung Cancer
NCT100001700,Type 2 Diabetes Mellitus
NCT100001701,Type 2 Diabetes Mellitus
NCT100001702,Type 2 Diabetes Mellitus
NCT100001703,Migraine
NCT100001704,Psoriasis
NCT100001705,Type 2 Diabetes Mellitus
NCT100001706,Breast Cancer
NCT100001707,Obesity
NCT100001708,Psoriasis
NCT100001709,Alzheimer's Disease
NCT100001710,Breast Cancer
NCT100001711,Asthma
NCT100001712,Rheumatoid Arthritis
NCT100001713,Psoriasis
NCT100001714,Migraine
NCT100001715,Psoriasis
NCT100001716,Rheumatoid Arthritis
NCT100001717,Psoriasis
NCT100001718,HIV Infections
NCT100001719,Hypertension
NCT100001720,Chronic Kidney Disease
NCT100001721,Coronary Artery Disease
NCT100001722,Multiple Sclerosis
NCT100001723,Schizophrenia
NCT100001724,Major Depressive Disorder
NCT100001725,Migraine
NCT100001726,Chronic Kidney Disease
NCT100001727,Non-Small Cell Lung Cancer
NCT100001728,Type 2 Diabetes Mellitus
NCT100001729,Schizophrenia
NCT100001730,HIV Infections
NCT100001731,Migraine
NCT100001732,Migraine
NCT100001733,Parkinson's Disease
NCT100001734,Alzheimer's Disease
NCT100001735,Type 2 Diabetes Mellitus
NCT100001736,Breast Cancer
NCT100001737,Major Depressive Disorder
NCT100001738,Obesity
NCT100001739,Psoriasis
NCT100001740,Asthma
NCT100001741,Chronic Obstructive Pulmonary Disease
NCT100001742,Psoriasis
NCT100001743,Hypertension
NCT100001744,Osteoarthritis
NCT100001745,Ulcerative Colitis
NCT100001746,Osteoarthritis
NCT100001747,Alzheimer's Disease
NCT100001748,Obesity
NCT100001749,Alzheimer's Disease
NCT100001750,Alzheimer's Disease
NCT100001751,Obesity
NCT100001752,Asthma
NCT100001753,Parkinson's Disease
NCT100001754,Hypertension
NCT100001755,Chronic Kidney Disease
NCT100001756,Multiple Sclerosis
NCT100001757,Psoriasis
NCT100001758,Parkinson's Disease
NCT100001759,Ulcerative Colitis
NCT100001760,Multiple Sclerosis
NCT100001761,Coronary Artery Disease
NCT100001762,Obesity
NCT100001763,Chronic Obstructive Pulmonary Disease
NCT100001764,Coronary Artery Disease
NCT100001765,Coronary Artery Disease
NCT100001766,Major Depressive Disorder
NCT100001767,Type 2 Diabetes Mellitus
NCT100001768,Breast Cancer
NCT100001769,Ulcerative Colitis
NCT100001770,Major Depressive Disorder
NCT100001771,Major Depressive Disorder
NCT100001772,Ulcerative Colitis
NCT100001773,Multiple Sclerosis
NCT100001774,Migraine
NCT100001775,Alzheimer's Disease
NCT100001776,Rheumatoid Arthritis
NCT100001777,Hypertension
NCT100001778,Parkinson's Disease
NCT100001779,Schizophrenia
NCT100001780,Asthma
NCT100001781,Chronic Kidney Disease
NCT100001782,Obesity
NCT100001783,Major Depressive Disorder
NCT100001784,Alzheimer's Disease
NCT100001785,Multiple Sclerosis
NCT100001786,Non-Small Cell Lung Cancer
NCT100001787,Type 2 Diabetes Mellitus
NCT100001788,Major Depressive Disorder
NCT100001789,Breast Cancer
NCT100001790,Migraine
NCT100001791,Migraine
NCT100001792,Alzheimer's Disease
NCT100001793,Chronic Kidney Disease
NCT100001794,Alzheimer's Disease
NCT100001795,Rheumatoid Arthritis
NCT100001796,Obesity
NCT100001797,Osteoarthritis
NCT100001798,Obesity
NCT100001799,Osteoarthritis
NCT100001800,Parkinson's Disease
NCT100001801,Parkinson's Disease
NCT100001802,Alzheimer's Disease
NCT100001803,Osteoarthritis
NCT100001804,Major Depressive Disorder
NCT100001805,Schizophrenia
NCT100001806,Parkinson's Disease
NCT100001807,Osteoarthritis
NCT100001808,Parkinson's Disease
NCT100001809,Ulcerative Colitis
NCT100001810,Hypertension
NCT100001811,Chronic Obstructive Pulmonary Disease
NCT100001812,Ulcerative Colitis
NCT100001813,Major Depressive Disorder
NCT100001814,Multiple Sclerosis
NCT100001815,Chronic Obstructive Pulmonary Disease
NCT100001816,HIV Infections
NCT100001817,Parkinson's Disease
NCT100001818,Breast Cancer
NCT100001819,HIV Infections
NCT100001820,Breast Cancer
NCT100001821,Coronary Artery Disease
NCT100001822,Chronic Obstructive Pulmonary Disease
NCT100001823,Osteoarthritis
NCT100001824,Osteoarthritis
NCT100001825,Parkinson's Disease
NCT100001826,Schizophrenia
NCT100001827,HIV Infections
NCT100001828,Migraine
NCT100001829,Ulcerative Colitis
NCT100001830,Non-Small Cell Lung Cancer
NCT100001831,Obesity
NCT100001832,Psoriasis
NCT100001833,Asthma
NCT100001834,Breast Cancer
NCT100001835,Breast Cancer
NCT100001836,Non-Small Cell Lung Cancer
NCT100001837,Parkinson's Disease
NCT100001838,Major Depressive Disorder
NCT100001839,Asthma
NCT100001840,Type 2 Diabetes Mellitus
NCT100001841,Breast Cancer
NCT100001842,Osteoarthritis
NCT100001843,Type 2 Diabetes Mellitus
NCT100001844,Asthma
NCT100001845,Breast Cancer
NCT100001846,Hypertension
NCT100001847,Hypertension
NCT100001848,Breast Cancer
NCT100001849,Coronary Artery Disease
NCT100001850,Multiple Sclerosis
NCT100001851,Coronary Artery Disease
NCT100001852,Psoriasis
NCT100001853,Type 2 Diabetes Mellitus
NCT100001854,Coronary Artery Disease
NCT100001855,Hypertension
NCT100001856,Ulcerative Colitis
NCT100001857,Type 2 Diabetes Mellitus
NCT100001858,Parkinson's Disease
NCT100001859,HIV Infections
NCT100001860,Osteoarthritis
NCT100001861,Psoriasis
NCT100001862,Alzheimer's Disease
NCT100001863,Asthma
NCT100001864,Chronic Obstructive Pulmonary Disease
NCT100001865,Rheumatoid Arthritis
NCT100001866,Chronic Obstructive Pulmonary Disease
NCT100001867,Alzheimer's Disease
NCT100001868,Psoriasis
NCT100001869,Chronic Kidney Disease
NCT100001870,Chronic Kidney Disease
NCT100001871,Psoriasis
NCT100001872,Asthma
NCT100001873,Chronic Kidney Disease
NCT100001874,Coronary Artery Disease
NCT100001875,Coronary Artery Disease
NCT100001876,Chronic Kidney Disease
NCT100001877,Major Depressive Disorder
NCT100001878,Osteoarthritis
NCT100001879,Chronic Kidney Disease
NCT100001880,HIV Infections
NCT100001881,Major Depressive Disorder
NCT100001882,Osteoarthritis
NCT100001883,HIV Infections
NCT100001884,Schizophrenia
NCT100001885,Breast Cancer
NCT100001886,Type 2 Diabetes Mellitus
NCT100001887,Asthma
NCT100001888,Non-Small Cell Lung Cancer
NCT100001889,Osteoarthritis
NCT100001890,Major Depressive Disorder
NCT100001891,Chronic Kidney Disease
NCT100001892,Hypertension
NCT100001893,Migraine
NCT100001894,Obesity
NCT100001895,Chronic Kidney Disease
NCT100001896,Obesity
NCT100001897,Alzheimer's Disease
NCT100001898,Schizophrenia
NCT100001899,Parkinson's Disease
NCT100001900,Rheumatoid Arthritis
NCT100001901,Non-Small Cell Lung Cancer
NCT100001902,Psoriasis
NCT100001903,Multiple Sclerosis
NCT100001904,Psoriasis
NCT100001905,Migraine
NCT100001906,Chronic Obstructive Pulmonary Disease
NCT100001907,Chronic Kidney Disease
NCT100001908,Psoriasis
NCT100001909,Multiple Sclerosis
NCT100001910,Coronary Artery Disease
NCT100001911,Multiple Sclerosis
NCT100001912,Obesity
NCT100001913,Schizophrenia
NCT100001914,Breast Cancer
NCT100001915,Psoriasis
NCT100001916,Chronic Obstructive Pulmonary Disease
NCT100001917,Chronic Obstructive Pulmonary Disease
NCT100001918,HIV Infections
NCT100001919,Ulcerative Colitis
NCT100001920,Breast Cancer
NCT100001921,Non-Small Cell Lung Cancer
NCT100001922,HIV Infections
NCT100001923,Psoriasis
NCT100001924,Major Depressive Disorder
NCT100001925,Psoriasis
NCT100001926,Major Depressive Disorder
NCT100001927,Alzheimer's Disease
NCT100001928,Non-Small Cell Lung Cancer
NCT100001929,Alzheimer's Disease
NCT100001930,Asthma
NCT100001931,Rheumatoid Arthritis
NCT100001932,Chronic Obstructive Pulmonary Disease
NCT100001933,Ulcerative Colitis
NCT100001934,Ulcerative Colitis
NCT100001935,Ulcerative Colitis
NCT100001936,Coronary Artery Disease
NCT100001937,Chronic Obstructive Pulmonary Disease
NCT100001938,Ulcerative Colitis
NCT100001939,Multiple Sclerosis
NCT100001940,Hypertension
NCT100001941,Asthma
NCT100001942,Asthma
NCT100001943,Hypertension
NCT100001944,Osteoarthritis
NCT100001945,Hypertension
NCT100001946,Osteoarthritis
NCT100001947,Major Depressive Disorder
NCT100001948,Schizophrenia
NCT100001949,Asthma
NCT100001950,Migraine
NCT100001951,Major Depressive Disorder
NCT100001952,Asthma
NCT100001953,Migraine
NCT100001954,Ulcerative Colitis
NCT100001955,Schizophrenia
NCT100001956,Asthma
NCT100001957,Obesity
NCT100001958,Coronary Artery Disease
NCT100001959,Osteoarthritis
NCT100001960,Obesity
NCT100001961,Chronic Obstructive Pulmonary Disease
NCT100001962,Obesity
NCT100001963,Schizophrenia
NCT100001964,Parkinson's Disease
NCT100001965,Chronic Kidney Disease
NCT100001966,Multiple Sclerosis
NCT100001967,Hypertension
NCT100001968,Osteoarthritis
NCT100001969,Non-Small Cell Lung Cancer
NCT100001970,Hypertension
NCT100001971,Asthma
NCT100001972,Non-Small Cell Lung Cancer
NCT100001973,Ulcerative Colitis
NCT100001974,Ulcerative Colitis
NCT100001975,Hypertension
NCT100001976,Hypertension
NCT100001977,Obesity
NCT100001978,Multiple Sclerosis
NCT100001979,Obesity
NCT100001980,Alzheimer's Disease
NCT100001981,Multiple Sclerosis
NCT100001982,Osteoarthritis
NCT100001983,Type 2 Diabetes Mellitus
NCT100001984,Alzheimer's Disease
NCT100001985,Chronic Obstructive Pulmonary Disease
NCT100001986,Chronic Obstructive Pulmonary Disease
NCT100001987,Osteoarthritis
NCT100001988,Asthma
NCT100001989,Multiple Sclerosis
NCT100001990,Non-Small Cell Lung Cancer
NCT100001991,Chronic Kidney Disease
NCT100001992,Coronary Artery Disease
NCT100001993,Non-Small Cell Lung Cancer
NCT100001994,Rheumatoid Arthritis
NCT100001995,Coronary Artery Disease
NCT100001996,Rheumatoid Arthritis
NCT100001997,Chronic Kidney Disease
NCT100001998,Breast Cancer
NCT100001999,Type 2 Diabetes Mellitus
NCT100002000,Alzheimer's Disease
NCT100002001,Obesity
NCT100002002,Breast Cancer
NCT100002003,Psoriasis
NCT100002004,Ulcerative Colitis
NCT100002005,Chronic Kidney Disease
NCT100002006,Coronary Artery Disease
NCT100002007,Non-Small Cell Lung Cancer
NCT100002008,Type 2 Diabetes Mellitus
NCT100002009,Breast Cancer
NCT100002010,Parkinson's Disease
NCT100002011,Chronic Obstructive Pulmonary Disease
NCT100002012,Ulcerative Colitis
NCT100002013,Parkinson's Disease
NCT100002014,Non-Small Cell Lung Cancer
NCT100002015,Alzheimer's Disease
NCT100002016,Psoriasis
NCT100002017,Ulcerative Colitis
NCT100002018,Alzheimer's Disease
NCT100002019,Ulcerative Colitis
NCT100002020,Ulcerative Colitis
NCT100002021,Alzheimer's Disease
NCT100002022,Chronic Kidney Disease
NCT100002023,Rheumatoid Arthritis
NCT100002024,Coronary Artery Disease
NCT100002025,Obesity
NCT100002026,Asthma
NCT100002027,Non-Small Cell Lung Cancer
NCT100002028,Rheumatoid Arthritis
NCT100002029,Coronary Artery Disease
NCT100002030,Coronary Artery Disease
NCT100002031,Multiple Sclerosis
NCT100002032,Asthma
NCT100002033,Ulcerative Colitis
NCT100002034,Alzheimer's Disease
NCT100002035,Non-Small Cell Lung Cancer
NCT100002036,Obesity
NCT100002037,Parkinson's Disease
NCT100002038,Parkinson's Disease
NCT100002039,Chronic Kidney Disease
NCT100002040,Major Depressive Disorder
NCT100002041,Obesity
NCT100002042,Type 2 Diabetes Mellitus
NCT100002043,Chronic Obstructive Pulmonary Disease
NCT100002044,HIV Infections
NCT100002045,Type 2 Diabetes Mellitus
NCT100002046,Chronic Obstructive Pulmonary Disease
NCT100002047,Asthma
NCT100002048,Alzheimer's Disease
NCT100002049,Schizophrenia
NCT100002050,Parkinson's Disease
NCT100002051,Multiple Sclerosis
NCT100002052,Migraine
NCT100002053,Schizophrenia
NCT100002054,Migraine
NCT100002055,Coronary Artery Disease
NCT100002056,Rheumatoid Arthritis
NCT100002057,Alzheimer's Disease
NCT100002058,Schizophrenia
NCT100002059,Ulcerative Colitis
NCT100002060,Psoriasis
NCT100002061,Psoriasis
NCT100002062,Migraine
NCT100002063,Migraine
NCT100002064,Migraine
NCT100002065,Osteoarthritis
NCT100002066,Type 2 Diabetes Mellitus
NCT100002067,Hypertension
NCT100002068,Obesity
NCT100002069,Coronary Artery Disease
NCT100002070,Rheumatoid Arthritis
NCT100002071,Major Depressive Disorder
NCT100002072,Chronic Obstructive Pulmonary Disease
NCT100002073,Parkinson's Disease
NCT100002074,Chronic Kidney Disease
NCT100002075,Coronary Artery Disease
NCT100002076,Non-Small Cell Lung Cancer
NCT100002077,HIV Infections
NCT100002078,Migraine
NCT100002079,Multiple Sclerosis
NCT100002080,Hypertension
NCT100002081,Psoriasis
NCT100002082,HIV Infections
NCT100002083,HIV Infections
NCT100002084,Coronary Artery Disease
NCT100002085,Parkinson's Disease
NCT100002086,Chronic Kidney Disease
NCT100002087,Psoriasis
NCT100002088,Type 2 Diabetes Mellitus
NCT100002089,Osteoarthritis
NCT100002090,Migraine
NCT100002091,HIV Infections
NCT100002092,Hypertension
NCT100002093,Coronary Artery Disease
NCT100002094,Type 2 Diabetes Mellitus
NCT100002095,Migraine
NCT100002096,Psoriasis
NCT100002097,Ulcerative Colitis
NCT100002098,Asthma
NCT100002099,Osteoarthritis
NCT100002100,Major Depressive Disorder
NCT100002101,Chronic Kidney Disease
NCT100002102,Non-Small Cell Lung Cancer
NCT100002103,Non-Small Cell Lung Cancer
NCT100002104,Chronic Obstructive Pulmonary Disease
NCT100002105,Type 2 Diabetes Mellitus
NCT100002106,Parkinson's Disease
NCT100002107,Chronic Kidney Disease
NCT100002108,Major Depressive Disorder
NCT100002109,Parkinson's Disease
NCT100002110,Alzheimer's Disease
NCT100002111,Alzheimer's Disease
NCT100002112,Ulcerative Colitis
NCT100002113,Multiple Sclerosis
NCT100002114,Coronary Artery Disease
NCT100002115,HIV Infections
NCT100002116,Asthma
NCT100002117,Ulcerative Colitis
NCT100002118,Rheumatoid Arthritis
NCT100002119,Chronic Kidney Disease
NCT100002120,Migraine
NCT100002121,Coronary Artery Disease
NCT100002122,HIV Infections
NCT100002123,Coronary Artery Disease
NCT100002124,Psoriasis
NCT100002125,Migraine
NCT100002126,Obesity
NCT100002127,Chronic Kidney Disease
NCT100002128,Chronic Obstructive Pulmonary Disease
NCT100002129,Migraine
NCT100002130,HIV Infections
NCT100002131,Chronic Obstructive Pulmonary Disease
NCT100002132,Obesity
NCT100002133,Osteoarthritis
NCT100002134,Multiple Sclerosis
NCT100002135,Schizophrenia
NCT100002136,Hypertension
NCT100002137,Psoriasis
NCT100002138,Multiple Sclerosis
NCT100002139,Coronary Artery Disease
NCT100002140,Major Depressive Disorder
NCT100002141,Non-Small Cell Lung Cancer
NCT100002142,Type 2 Diabetes Mellitus
NCT100002143,Osteoarthritis
NCT100002144,Osteoarthritis
NCT100002145,Chronic Kidney Disease
NCT100002146,Multiple Sclerosis
NCT100002147,Obesity
NCT100002148,Breast Cancer
NCT100002149,Obesity
NCT100002150,Hypertension
NCT100002151,Osteoarthritis
NCT100002152,Non-Small Cell Lung Cancer
NCT100002153,Multiple Sclerosis
NCT100002154,Non-Small Cell Lung Cancer
NCT100002155,Ulcerative Colitis
NCT100002156,Hypertension
NCT100002157,Breast Cancer
NCT100002158,HIV Infections
NCT100002159,Rheumatoid Arthritis
NCT100002160,Hypertension
NCT100002161,Multiple Sclerosis
NCT100002162,Schizophrenia
NCT100002163,Ulcerative Colitis
NCT100002164,Osteoarthritis
NCT100002165,Alzheimer's Disease
NCT100002166,Coronary Artery Disease
NCT100002167,Non-Small Cell Lung Cancer
NCT100002168,Type 2 Diabetes Mellitus
NCT100002169,HIV Infections
NCT100002170,Psoriasis
NCT100002171,Coronary Artery Disease
NCT100002172,Asthma
NCT100002173,Chronic Kidney Disease
NCT100002174,Chronic Kidney Disease
NCT100002175,Rheumatoid Arthritis
NCT100002176,Asthma
NCT100002177,Breast Cancer
NCT100002178,Chronic Obstructive Pulmonary Disease
NCT100002179,Type 2 Diabetes Mellitus
NCT100002180,Coronary Artery Disease
NCT100002181,Breast Cancer
NCT100002182,Obesity
NCT100002183,Rheumatoid Arthritis
NCT100002184,Chronic Obstructive Pulmonary Disease
NCT100002185,Parkinson's Disease
NCT100002186,Multiple Sclerosis
NCT100002187,Parkinson's Disease
NCT100002188,Schizophrenia
NCT100002189,HIV Infections
NCT100002190,Type 2 Diabetes Mellitus
NCT100002191,Parkinson's Disease
NCT100002192,Migraine
NCT100002193,Coronary Artery Disease
NCT100002194,Chronic Kidney Disease
NCT100002195,Coronary Artery Disease
NCT100002196,Rheumatoid Arthritis
NCT100002197,Major Depressive Disorder
NCT100002198,Rheumatoid Arthritis
NCT100002199,Psoriasis
NCT100002200,Multiple Sclerosis
NCT100002201,Osteoarthritis
NCT100002202,Rheumatoid Arthritis
NCT100002203,Alzheimer's Disease
NCT100002204,Hypertension
NCT100002205,Rheumatoid Arthritis
NCT100002206,Non-Small Cell Lung Cancer
NCT100002207,Alzheimer's Disease
NCT100002208,Rheumatoid Arthritis
NCT100002209,Coronary Artery Disease
NCT100002210,Chronic Obstructive Pulmonary Disease
NCT100002211,Hypertension
NCT100002212,Rheumatoid Arthritis
NCT100002213,Psoriasis
NCT100002214,Chronic Obstructive Pulmonary Disease
NCT100002215,HIV Infections
NCT100002216,Major Depressive Disorder
NCT100002217,Osteoarthritis
NCT100002218,Coronary Artery Disease
NCT100002219,Breast Cancer
NCT100002220,Chronic Kidney Disease
NCT100002221,Parkinson's Disease
NCT100002222,Alzheimer's Disease
NCT100002223,Breast Cancer
NCT100002224,Asthma
NCT100002225,Psoriasis
NCT100002226,Coronary Artery Disease
NCT100002227,Breast Cancer
NCT100002228,Alzheimer's Disease
NCT100002229,Osteoarthritis
NCT100002230,Chronic Kidney Disease
NCT100002231,Breast Cancer
NCT100002232,Coronary Artery Disease
NCT100002233,HIV Infections
NCT100002234,Obesity
NCT100002235,Psoriasis
NCT100002236,Psoriasis
NCT100002237,Asthma
NCT100002238,Parkinson's Disease
NCT100002239,Rheumatoid Arthritis
NCT100002240,Asthma
NCT100002241,Migraine
NCT100002242,Chronic Obstructive Pulmonary Disease
NCT100002243,Migraine
NCT100002244,Alzheimer's Disease
NCT100002245,Ulcerative Colitis
NCT100002246,HIV Infections
NCT100002247,Ulcerative Colitis
NCT100002248,Alzheimer's Disease
NCT100002249,Breast Cancer
NCT100002250,Non-Small Cell Lung Cancer
NCT100002251,Schizophrenia
NCT100002252,Parkinson's Disease
NCT100002253,Non-Small Cell Lung Cancer
NCT100002254,Obesity
NCT100002255,Chronic Kidney Disease
NCT100002256,Major Depressive Disorder
NCT100002257,Coronary Artery Disease
NCT100002258,Breast Cancer
NCT100002259,HIV Infections
NCT100002260,Type 2 Diabetes Mellitus
NCT100002261,Asthma
NCT100002262,Hypertension
NCT100002263,Asthma
NCT100002264,Parkinson's Disease
NCT100002265,Rheumatoid Arthritis
NCT100002266,Psoriasis
NCT100002267,Migraine
NCT100002268,Hypertension
NCT100002269,Alzheimer's Disease
NCT100002270,Asthma
NCT100002271,Parkinson's Disease
NCT100002272,Type 2 Diabetes Mellitus
NCT100002273,Psoriasis
NCT100002274,Ulcerative Colitis
NCT100002275,Chronic Obstructive Pulmonary Disease
NCT100002276,Migraine
NCT100002277,Hypertension
NCT100002278,Obesity
NCT100002279,Obesity
NCT100002280,Psoriasis
NCT100002281,Ulcerative Colitis
NCT100002282,Ulcerative Colitis
NCT100002283,Migraine
NCT100002284,Non-Small Cell Lung Cancer
NCT100002285,Migraine
NCT100002286,Chronic Kidney Disease
NCT100002287,Schizophrenia
NCT100002288,Schizophrenia
NCT100002289,Schizophrenia
NCT100002290,Psoriasis
NCT100002291,Non-Small Cell Lung Cancer
NCT100002292,Rheumatoid Arthritis
NCT100002293,HIV Infections
NCT100002294,Chronic Obstructive Pulmonary Disease
NCT100002295,Non-Small Cell Lung Cancer
NCT100002296,Non-Small Cell Lung Cancer
NCT100002297,Non-Small Cell Lung Cancer
NCT100002298,Ulcerative Colitis
NCT100002299,Schizophrenia
NCT100002300,Type 2 Diabetes Mellitus
NCT100002301,Major Depressive Disorder
NCT100002302,Breast Cancer
NCT100002303,Alzheimer's Disease
NCT100002304,Alzheimer's Disease
NCT100002305,Chronic Kidney Disease
NCT100002306,Schizophrenia
NCT100002307,Obesity
NCT100002308,Non-Small Cell Lung Cancer
NCT100002309,HIV Infections
NCT100002310,Chronic Kidney Disease
NCT100002311,Parkinson's Disease
NCT100002312,Schizophrenia
NCT100002313,Schizophrenia
NCT100002314,Alzheimer's Disease
NCT100002315,Osteoarthritis
NCT100002316,Breast Cancer
NCT100002317,Psoriasis
NCT100002318,Alzheimer's Disease
NCT100002319,Chronic Kidney Disease
NCT100002320,Migraine
NCT100002321,Rheumatoid Arthritis
NCT100002322,Asthma
NCT100002323,Asthma
NCT100002324,Chronic Obstructive Pulmonary Disease
NCT100002325,Asthma
NCT100002326,Migraine
NCT100002327,Ulcerative Colitis
NCT100002328,Rheumatoid Arthritis
NCT100002329,Non-Small Cell Lung Cancer
NCT100002330,Schizophrenia
NCT100002331,Ulcerative Colitis
NCT100002332,Ulcerative Colitis
NCT100002333,Chronic Kidney Disease
NCT100002334,Rheumatoid Arthritis
NCT100002335,Obesity
NCT100002336,Breast Cancer
NCT100002337,Rheumatoid Arthritis
NCT100002338,Chronic Kidney Disease
NCT100002339,Type 2 Diabetes Mellitus
NCT100002340,Type 2 Diabetes Mellitus
NCT100002341,Coronary Artery Disease
NCT100002342,Multiple Sclerosis
NCT100002343,Migraine
NCT100002344,HIV Infections
NCT100002345,Psoriasis
NCT100002346,Obesity
NCT100002347,Rheumatoid Arthritis
NCT100002348,Non-Small Cell Lung Cancer
NCT100002349,Alzheimer's Disease
NCT100002350,Chronic Obstructive Pulmonary Disease
NCT100002351,Chronic Obstructive Pulmonary Disease
NCT100002352,Hypertension
NCT100002353,HIV Infections
NCT100002354,Non-Small Cell Lung Cancer
NCT100002355,Multiple Sclerosis
NCT100002356,Schizophrenia
NCT100002357,Coronary Artery Disease
NCT100002358,Rheumatoid Arthritis
NCT100002359,Rheumatoid Arthritis
NCT100002360,Obesity
NCT100002361,Hypertension
NCT100002362,Multiple Sclerosis
NCT100002363,Chronic Kidney Disease
NCT100002364,Schizophrenia
NCT100002365,Breast Cancer
NCT100002366,Type 2 Diabetes Mellitus
NCT100002367,Psoriasis
NCT100002368,Osteoarthritis
NCT100002369,Chronic Kidney Disease
NCT100002370,Schizophrenia
NCT100002371,Ulcerative Colitis
NCT100002372,Multiple Sclerosis
NCT100002373,Coronary Artery Disease
NCT100002374,Chronic Obstructive Pulmonary Disease
NCT100002375,Major Depressive Disorder
NCT100002376,Multiple Sclerosis
NCT100002377,Migraine
NCT100002378,Psoriasis
NCT100002379,Parkinson's Disease
NCT100002380,Multiple Sclerosis
NCT100002381,Asthma
NCT100002382,Multiple Sclerosis
NCT100002383,Non-Small Cell Lung Cancer
NCT100002384,Psoriasis
NCT100002385,Ulcerative Colitis
NCT100002386,Non-Small Cell Lung Cancer
NCT100002387,Type 2 Diabetes Mellitus
NCT100002388,HIV Infections
NCT100002389,Obesity
NCT100002390,Osteoarthritis
NCT100002391,Osteoarthritis
NCT100002392,HIV Infections
NCT100002393,Migraine
NCT100002394,Coronary Artery Disease
NCT100002395,Major Depressive Disorder
NCT100002396,Migraine
NCT100002397,Parkinson's Disease
NCT100002398,Non-Small Cell Lung Cancer
NCT100002399,Coronary Artery Disease
NCT100002400,Rheumatoid Arthritis
NCT100002401,Non-Small Cell Lung Cancer
NCT100002402,Migraine
NCT100002403,Psoriasis
NCT100002404,Schizophrenia
NCT100002405,Migraine
NCT100002406,Chronic Kidney Disease
NCT100002407,Chronic Obstructive Pulmonary Disease
NCT100002408,Alzheimer's Disease
NCT100002409,Type 2 Diabetes Mellitus
NCT100002410,Psoriasis
NCT100002411,Major Depressive Disorder
NCT100002412,Migraine
NCT100002413,Multiple Sclerosis
NCT100002414,Coronary Artery Disease
NCT100002415,Non-Small Cell Lung Cancer
NCT100002416,Coronary Artery Disease
NCT100002417,Rheumatoid Arthritis
NCT100002418,Multiple Sclerosis
NCT100002419,Coronary Artery Disease
NCT100002420,Migraine
NCT100002421,Chronic Kidney Disease
NCT100002422,Multiple Sclerosis
NCT100002423,Parkinson's Disease
NCT100002424,Osteoarthritis
NCT100002425,Osteoarthritis
NCT100002426,Rheumatoid Arthritis
NCT100002427,Obesity
NCT100002428,Chronic Obstructive Pulmonary Disease
NCT100002429,Ulcerative Colitis
NCT100002430,Coronary Artery Disease
NCT100002431,Parkinson's Disease
NCT100002432,Osteoarthritis
NCT100002433,Type 2 Diabetes Mellitus
NCT100002434,Rheumatoid Arthritis
NCT100002435,Breast Cancer
NCT100002436,Major Depressive Disorder
NCT100002437,Chronic Obstructive Pulmonary Disease
NCT100002438,Alzheimer's Disease
NCT100002439,Asthma
NCT100002440,Chronic Obstructive Pulmonary Disease
NCT100002441,Breast Cancer
NCT100002442,Alzheimer's Disease
NCT100002443,Non-Small Cell Lung Cancer
NCT100002444,Chronic Kidney Disease
NCT100002445,Psoriasis
NCT100002446,Coronary Artery Disease
NCT100002447,Coronary Artery Disease
NCT100002448,Osteoarthritis
NCT100002449,Breast Cancer
NCT100002450,Parkinson's Disease
NCT100002451,Non-Small Cell Lung Cancer
NCT100002452,Psoriasis
NCT100002453,Multiple Sclerosis
NCT100002454,Migraine
NCT100002455,Type 2 Diabetes Mellitus
NCT100002456,Migraine
NCT100002457,Type 2 Diabetes Mellitus
NCT100002458,HIV Infections
NCT100002459,Schizophrenia
NCT100002460,Migraine
NCT100002461,Chronic Obstructive Pulmonary Disease
NCT100002462,Non-Small Cell Lung Cancer
NCT100002463,Breast Cancer
NCT100002464,Asthma
NCT100002465,Coronary Artery Disease
NCT100002466,Chronic Obstructive Pulmonary Disease
NCT100002467,Hypertension
NCT100002468,Migraine
NCT100002469,Chronic Obstructive Pulmonary Disease
NCT100002470,Ulcerative Colitis
NCT100002471,Osteoarthritis
NCT100002472,Chronic Obstructive Pulmonary Disease
NCT100002473,Schizophrenia
NCT100002474,Coronary Artery Disease
NCT100002475,Rheumatoid Arthritis
NCT100002476,Chronic Kidney Disease
NCT100002477,Asthma
NCT100002478,Schizophrenia
NCT100002479,Migraine
NCT100002480,Parkinson's Disease
NCT100002481,Hypertension
NCT100002482,Multiple Sclerosis
NCT100002483,Breast Cancer
NCT100002484,Multiple Sclerosis
NCT100002485,Chronic Obstructive Pulmonary Disease
NCT100002486,Type 2 Diabetes Mellitus
NCT100002487,Ulcerative Colitis
NCT100002488,Rheumatoid Arthritis
NCT100002489,Hypertension
NCT100002490,Multiple Sclerosis
NCT100002491,Breast Cancer
NCT100002492,Psoriasis
NCT100002493,Alzheimer's Disease
NCT100002494,Type 2 Diabetes Mellitus
NCT100002495,Migraine
NCT100002496,Schizophrenia
NCT100002497,Ulcerative Colitis
NCT100002498,Non-Small Cell Lung Cancer
NCT100002499,Non-Small Cell Lung Cancer
NCT100002500,Alzheimer's Disease
NCT100002501,Chronic Kidney Disease
NCT100002502,Coronary Artery Disease
NCT100002503,Asthma
NCT100002504,Ulcerative Colitis
NCT100002505,Type 2 Diabetes Mellitus
NCT100002506,Psoriasis
NCT100002507,Psoriasis
NCT100002508,Hypertension
NCT100002509,Ulcerative Colitis
NCT100002510,Alzheimer's Disease
NCT100002511,Rheumatoid Arthritis
NCT100002512,Coronary Artery Disease
NCT100002513,Chronic Obstructive Pulmonary Disease
NCT100002514,Multiple Sclerosis
NCT100002515,Hypertension
NCT100002516,Schizophrenia
NCT100002517,Chronic Obstructive Pulmonary Disease
NCT100002518,Type 2 Diabetes Mellitus
NCT100002519,Multiple Sclerosis
NCT100002520,Ulcerative Colitis
NCT100002521,Multiple Sclerosis
NCT100002522,Breast Cancer
NCT100002523,Coronary Artery Disease
NCT100002524,Schizophrenia
NCT100002525,Schizophrenia
NCT100002526,Major Depressive Disorder
NCT100002527,Breast Cancer
NCT100002528,Asthma
NCT100002529,Multiple Sclerosis
NCT100002530,Coronary Artery Disease
NCT100002531,Multiple Sclerosis
NCT100002532,Major Depressive Disorder
NCT100002533,Chronic Obstructive Pulmonary Disease
NCT100002534,Breast Cancer
NCT100002535,Asthma
NCT100002536,Ulcerative Colitis
NCT100002537,Migraine
NCT100002538,Coronary Artery Disease
NCT100002539,Chronic Obstructive Pulmonary Disease
NCT100002540,Rheumatoid Arthritis
NCT100002541,Major Depressive Disorder
NCT100002542,Ulcerative Colitis
NCT100002543,Asthma
NCT100002544,Asthma
NCT100002545,Schizophrenia
NCT100002546,Schizophrenia
NCT100002547,Osteoarthritis
NCT100002548,Coronary Artery Disease
NCT100002549,Major Depressive Disorder
NCT100002550,Obesity
NCT100002551,Breast Cancer
NCT100002552,Breast Cancer
NCT100002553,Alzheimer's Disease
NCT100002554,Ulcerative Colitis
NCT100002555,Psoriasis
NCT100002556,Obesity
NCT100002557,Psoriasis
NCT100002558,Chronic Kidney Disease
NCT100002559,Parkinson's Disease
NCT100002560,Ulcerative Colitis
NCT100002561,Non-Small Cell Lung Cancer
NCT100002562,Non-Small Cell Lung Cancer
NCT100002563,Breast Cancer
NCT100002564,Type 2 Diabetes Mellitus
NCT100002565,Chronic Obstructive Pulmonary Disease
NCT100002566,Hypertension
NCT100002567,Schizophrenia
NCT100002568,Ulcerative Colitis
NCT100002569,Psoriasis
NCT100002570,Schizophrenia
NCT100002571,Chronic Kidney Disease
NCT100002572,Parkinson's Disease
NCT100002573,Schizophrenia
NCT100002574,Non-Small Cell Lung Cancer
NCT100002575,Multiple Sclerosis
NCT100002576,Hypertension
NCT100002577,Hypertension
NCT100002578,Multiple Sclerosis
NCT100002579,Chronic Obstructive Pulmonary Disease
NCT100002580,Type 2 Diabetes Mellitus
NCT100002581,Chronic Kidney Disease
NCT100002582,Type 2 Diabetes Mellitus
NCT100002583,Migraine
NCT100002584,Asthma
NCT100002585,Osteoarthritis
NCT100002586,Obesity
NCT100002587,Alzheimer's Disease
NCT100002588,Ulcerative Colitis
NCT100002589,HIV Infections
NCT100002590,Obesity
NCT100002591,Chronic Kidney Disease
NCT100002592,Breast Cancer
NCT100002593,Asthma
NCT100002594,Psoriasis
NCT100002595,Chronic Kidney Disease
NCT100002596,Osteoarthritis
NCT100002597,Type 2 Diabetes Mellitus
NCT100002598,Schizophrenia
NCT100002599,Type 2 Diabetes Mellitus
NCT100002600,Migraine
NCT100002601,Rheumatoid Arthritis
NCT100002602,Coronary Artery Disease
NCT100002603,HIV Infections
NCT100002604,Chronic Obstructive Pulmonary Disease
NCT100002605,Chronic Kidney Disease
NCT100002606,HIV Infections
NCT100002607,Obesity
NCT100002608,Osteoarthritis
NCT100002609,Ulcerative Colitis
NCT100002610,Non-Small Cell Lung Cancer
NCT100002611,Chronic Kidney Disease
NCT100002612,Asthma
NCT100002613,Osteoarthritis
NCT100002614,Alzheimer's Disease
NCT100002615,Chronic Kidney Disease
NCT100002616,Multiple Sclerosis
NCT100002617,Multiple Sclerosis
NCT100002618,Osteoarthritis
NCT100002619,Ulcerative Colitis
NCT100002620,Chronic Kidney Disease
NCT100002621,Chronic Kidney Disease
NCT100002622,Coronary Artery Disease
NCT100002623,Ulcerative Colitis
NCT100002624,Type 2 Diabetes Mellitus
NCT100002625,Type 2 Diabetes Mellitus
NCT100002626,HIV Infections
NCT100002627,Psoriasis
NCT100002628,Obesity
NCT100002629,Rheumatoid Arthritis
NCT100002630,Type 2 Diabetes Mellitus
NCT100002631,Ulcerative Colitis
NCT100002632,Non-Small Cell Lung Cancer
NCT100002633,Psoriasis
NCT100002634,Type 2 Diabetes Mellitus
NCT100002635,HIV Infections
NCT100002636,Ulcerative Colitis
NCT100002637,Osteoarthritis
NCT100002638,Coronary Artery Disease
NCT100002639,Obesity
NCT100002640,Coronary Artery Disease
NCT100002641,Alzheimer's Disease
NCT100002642,Multiple Sclerosis
NCT100002643,Obesity
NCT100002644,Ulcerative Colitis
NCT100002645,Parkinson's Disease
NCT100002646,HIV Infections
NCT100002647,Psoriasis
NCT100002648,Hypertension
NCT100002649,Major Depressive Disorder
NCT100002650,Breast Cancer
NCT100002651,Obesity
NCT100002652,Migraine
NCT100002653,Asthma
NCT100002654,Migraine
NCT100002655,Schizophrenia
NCT100002656,Migraine
NCT100002657,Major Depressive Disorder
NCT100002658,Chronic Obstructive Pulmonary Disease
NCT100002659,Asthma
NCT100002660,Asthma
NCT100002661,Coronary Artery Disease
NCT100002662,Psoriasis
NCT100002663,Migraine
NCT100002664,Parkinson's Disease
NCT100002665,Non-Small Cell Lung Cancer
NCT100002666,Major Depressive Disorder
NCT100002667,Asthma
NCT100002668,Schizophrenia
NCT100002669,Multiple Sclerosis
NCT100002670,Rheumatoid Arthritis
NCT100002671,Chronic Kidney Disease
NCT100002672,Parkinson's Disease
NCT100002673,Psoriasis
NCT100002674,Type 2 Diabetes Mellitus
NCT100002675,Osteoarthritis
NCT100002676,Osteoarthritis
NCT100002677,Psoriasis
NCT100002678,Type 2 Diabetes Mellitus
NCT100002679,Hypertension
NCT100002680,Rheumatoid Arthritis
NCT100002681,Obesity
NCT100002682,Chronic Kidney Disease
NCT100002683,Type 2 Diabetes Mellitus
NCT100002684,Alzheimer's Disease
NCT100002685,Obesity
NCT100002686,Coronary Artery Disease
NCT100002687,Hypertension
NCT100002688,Multiple Sclerosis
NCT100002689,Coronary Artery Disease
NCT100002690,Psoriasis
NCT100002691,Breast Cancer
NCT100002692,Parkinson's Disease
NCT100002693,Obesity
NCT100002694,Rheumatoid Arthritis
NCT100002695,Breast Cancer
NCT100002696,Parkinson's Disease
NCT100002697,Hypertension
NCT100002698,Coronary Artery Disease
NCT100002699,Asthma
NCT100002700,Coronary Artery Disease
NCT100002701,Osteoarthritis
NCT100002702,Psoriasis
NCT100002703,Major Depressive Disorder
NCT100002704,Migraine
NCT100002705,Breast Cancer
NCT100002706,Chronic Kidney Disease
NCT100002707,Migraine
NCT100002708,Rheumatoid Arthritis
NCT100002709,HIV Infections
NCT100002710,Alzheimer's Disease
NCT100002711,Ulcerative Colitis
NCT100002712,Chronic Obstructive Pulmonary Disease
NCT100002713,Psoriasis
NCT100002714,Migraine
NCT100002715,Chronic Kidney Disease
NCT100002716,Chronic Kidney Disease
NCT100002717,Rheumatoid Arthritis
NCT100002718,Obesity
NCT100002719,Major Depressive Disorder
NCT100002720,Non-Small Cell Lung Cancer
NCT100002721,Osteoarthritis
NCT100002722,Asthma
NCT100002723,Schizophrenia
NCT100002724,Parkinson's Disease
NCT100002725,Major Depressive Disorder
NCT100002726,Chronic Kidney Disease
NCT100002727,Osteoarthritis
NCT100002728,Chronic Obstructive Pulmonary Disease
NCT100002729,Osteoarthritis
NCT100002730,Non-Small Cell Lung Cancer
NCT100002731,Chronic Obstructive Pulmonary Disease
NCT100002732,Major Depressive Disorder
NCT100002733,Non-Small Cell Lung Cancer
NCT100002734,Schizophrenia
NCT100002735,Rheumatoid Arthritis
NCT100002736,Migraine
NCT100002737,Hypertension
NCT100002738,Asthma
NCT100002739,Alzheimer's Disease
NCT100002740,Migraine
NCT100002741,Hypertension
NCT100002742,Schizophrenia
NCT100002743,Parkinson's Disease
NCT100002744,Migraine
NCT100002745,Parkinson's Disease
NCT100002746,Hypertension
NCT100002747,Asthma
NCT100002748,Chronic Kidney Disease
NCT100002749,Chronic Kidney Disease
NCT100002750,Coronary Artery Disease
NCT100002751,Non-Small Cell Lung Cancer
NCT100002752,Multiple Sclerosis
NCT100002753,Alzheimer's Disease
NCT100002754,Osteoarthritis
NCT100002755,Ulcerative Colitis
NCT100002756,Rheumatoid Arthritis
NCT100002757,Breast Cancer
NCT100002758,Major Depressive Disorder
NCT100002759,Chronic Obstructive Pulmonary Disease
NCT100002760,Alzheimer's Disease
NCT100002761,Breast Cancer
NCT100002762,Rheumatoid Arthritis
NCT100002763,Chronic Obstructive Pulmonary Disease
NCT100002764,Hypertension
NCT100002765,Ulcerative Colitis
NCT100002766,Type 2 Diabetes Mellitus
NCT100002767,Migraine
NCT100002768,Major Depressive Disorder
NCT100002769,Non-Small Cell Lung Cancer
NCT100002770,Osteoarthritis
NCT100002771,Coronary Artery Disease
NCT100002772,Multiple Sclerosis
NCT100002773,Asthma
NCT100002774,Chronic Kidney Disease
NCT100002775,Alzheimer's Disease
NCT100002776,Obesity
NCT100002777,Psoriasis
NCT100002778,Osteoarthritis
NCT100002779,Type 2 Diabetes Mellitus
NCT100002780,Migraine
NCT100002781,Breast Cancer
NCT100002782,HIV Infections
NCT100002783,Alzheimer's Disease
NCT100002784,Psoriasis
NCT100002785,Asthma
NCT100002786,Schizophrenia
NCT100002787,Asthma
NCT100002788,Obesity
NCT100002789,Hypertension
NCT100002790,Hypertension
NCT100002791,Type 2 Diabetes Mellitus
NCT100002792,Ulcerative Colitis
NCT100002793,Hypertension
NCT100002794,Breast Cancer
NCT100002795,Obesity
NCT100002796,Alzheimer's Disease
NCT100002797,Osteoarthritis
NCT100002798,Asthma
NCT100002799,Migraine
NCT100002800,Non-Small Cell Lung Cancer
NCT100002801,Coronary Artery Disease
NCT100002802,Chronic Obstructive Pulmonary Disease
NCT100002803,Parkinson's Disease
NCT100002804,Chronic Kidney Disease
NCT100002805,Asthma
NCT100002806,Asthma
NCT100002807,Type 2 Diabetes Mellitus
NCT100002808,Chronic Obstructive Pulmonary Disease
NCT100002809,Migraine
NCT100002810,Alzheimer's Disease
NCT100002811,Major Depressive Disorder
NCT100002812,Hypertension
NCT100002813,Psoriasis
NCT100002814,Psoriasis
NCT100002815,Multiple Sclerosis
NCT100002816,Ulcerative Colitis
NCT100002817,Ulcerative Colitis
NCT100002818,Multiple Sclerosis
NCT100002819,Chronic Kidney Disease
NCT100002820,Chronic Kidney Disease
NCT100002821,Alzheimer's Disease
NCT100002822,Major Depressive Disorder
NCT100002823,Asthma
NCT100002824,Migraine
NCT100002825,Asthma
NCT100002826,Chronic Kidney Disease
NCT100002827,Migraine
NCT100002828,Hypertension
NCT100002829,Alzheimer's Disease
NCT100002830,Hypertension
NCT100002831,Migraine
NCT100002832,Major Depressive Disorder
NCT100002833,Chronic Kidney Disease
NCT100002834,Osteoarthritis
NCT100002835,Chronic Kidney Disease
NCT100002836,Psoriasis
NCT100002837,Breast Cancer
NCT100002838,Schizophrenia
NCT100002839,Chronic Obstructive Pulmonary Disease
NCT100002840,Osteoarthritis
NCT100002841,Ulcerative Colitis
NCT100002842,Parkinson's Disease
NCT100002843,Breast Cancer
NCT100002844,Osteoarthritis
NCT100002845,Hypertension
NCT100002846,Ulcerative Colitis
NCT100002847,Hypertension
NCT100002848,Rheumatoid Arthritis
NCT100002849,Major Depressive Disorder
NCT100002850,Parkinson's Disease
NCT100002851,Migraine
NCT100002852,Asthma
NCT100002853,HIV Infections
NCT100002854,Psoriasis
NCT100002855,Parkinson's Disease
NCT100002856,Osteoarthritis
NCT100002857,Breast Cancer
NCT100002858,Type 2 Diabetes Mellitus
NCT100002859,Ulcerative Colitis
NCT100002860,Hypertension
NCT100002861,Non-Small Cell Lung Cancer
NCT100002862,Migraine
NCT100002863,Psoriasis
NCT100002864,Osteoarthritis
NCT100002865,Major Depressive Disorder
NCT100002866,Alzheimer's Disease
NCT100002867,Obesity
NCT100002868,Hypertension
NCT100002869,Coronary Artery Disease
NCT100002870,Osteoarthritis
NCT100002871,Non-Small Cell Lung Cancer
NCT100002872,Schizophrenia
NCT100002873,Coronary Artery Disease
NCT100002874,Type 2 Diabetes Mellitus
NCT100002875,Alzheimer's Disease
NCT100002876,Non-Small Cell Lung Cancer
NCT100002877,Type 2 Diabetes Mellitus
NCT100002878,HIV Infections
NCT100002879,Migraine
NCT100002880,Coronary Artery Disease
NCT100002881,HIV Infections
NCT100002882,Psoriasis
NCT100002883,Breast Cancer
NCT100002884,Coronary Artery Disease
NCT100002885,Hypertension
NCT100002886,Breast Cancer
NCT100002887,Type 2 Diabetes Mellitus
NCT100002888,Multiple Sclerosis
NCT100002889,HIV Infections
NCT100002890,Type 2 Diabetes Mellitus
NCT100002891,Major Depressive Disorder
NCT100002892,Osteoarthritis
NCT100002893,Parkinson's Disease
NCT100002894,Migraine
NCT100002895,Breast Cancer
NCT100002896,Chronic Kidney Disease
NCT100002897,Breast Cancer
NCT100002898,Type 2 Diabetes Mellitus
NCT100002899,Coronary Artery Disease
NCT100002900,Multiple Sclerosis
NCT100002901,Multiple Sclerosis
NCT100002902,Osteoarthritis
NCT100002903,Migraine
NCT100002904,Alzheimer's Disease
NCT100002905,Osteoarthritis
NCT100002906,Chronic Kidney Disease
NCT100002907,Breast Cancer
NCT100002908,Chronic Kidney Disease
NCT100002909,Migraine
NCT100002910,Rheumatoid Arthritis
NCT100002911,Osteoarthritis
NCT100002912,Breast Cancer
NCT100002913,Alzheimer's Disease
NCT100002914,Alzheimer's Disease
NCT100002915,HIV Infections
NCT100002916,Osteoarthritis
NCT100002917,Coronary Artery Disease
NCT100002918,Asthma
NCT100002919,Non-Small Cell Lung Cancer
NCT100002920,HIV Infections
NCT100002921,Migraine
NCT100002922,Schizophrenia
NCT100002923,Parkinson's Disease
NCT100002924,Major Depressive Disorder
NCT100002925,Osteoarthritis
NCT100002926,Major Depressive Disorder
NCT100002927,Multiple Sclerosis
NCT100002928,Chronic Kidney Disease
NCT100002929,Ulcerative Colitis
NCT100002930,Ulcerative Colitis
NCT100002931,Migraine
NCT100002932,Rheumatoid Arthritis
NCT100002933,Rheumatoid Arthritis
NCT100002934,Chronic Obstructive Pulmonary Disease
NCT100002935,Type 2 Diabetes Mellitus
NCT100002936,Alzheimer's Disease
NCT100002937,Major Depressive Disorder
NCT100002938,Hypertension
NCT100002939,Type 2 Diabetes Mellitus
NCT100002940,Psoriasis
NCT100002941,Hypertension
NCT100002942,Hypertension
NCT100002943,Ulcerative Colitis
NCT100002944,Migraine
NCT100002945,Chronic Obstructive Pulmonary Disease
NCT100002946,Migraine
NCT100002947,Type 2 Diabetes Mellitus
NCT100002948,Chronic Kidney Disease
NCT100002949,Non-Small Cell Lung Cancer
NCT100002950,Schizophrenia
NCT100002951,Chronic Kidney Disease
NCT100002952,Major Depressive Disorder
NCT100002953,Multiple Sclerosis
NCT100002954,Ulcerative Colitis
NCT100002955,Schizophrenia
NCT100002956,Schizophrenia
NCT100002957,Alzheimer's Disease
NCT100002958,Asthma
NCT100002959,Type 2 Diabetes Mellitus
NCT100002960,Breast Cancer
NCT100002961,Chronic Kidney Disease
NCT100002962,Non-Small Cell Lung Cancer
NCT100002963,Psoriasis
NCT100002964,Schizophrenia
NCT100002965,Non-Small Cell Lung Cancer
NCT100002966,Breast Cancer
NCT100002967,Multiple Sclerosis
NCT100002968,Chronic Kidney Disease
NCT100002969,Non-Small Cell Lung Cancer
NCT100002970,Chronic Kidney Disease
NCT100002971,Migraine
NCT100002972,Multiple Sclerosis
NCT100002973,Alzheimer's Disease
NCT100002974,Breast Cancer
NCT100002975,Major Depressive Disorder
NCT100002976,Asthma
NCT100002977,Obesity
NCT100002978,Parkinson's Disease
NCT100002979,Breast Cancer
NCT100002980,HIV Infections
NCT100002981,Breast Cancer
NCT100002982,Psoriasis
NCT100002983,Ulcerative Colitis
NCT100002984,Asthma
NCT100002985,Chronic Obstructive Pulmonary Disease
NCT100002986,Major Depressive Disorder
NCT100002987,Asthma
NCT100002988,Rheumatoid Arthritis
NCT100002989,Asthma
NCT100002990,Psoriasis
NCT100002991,Alzheimer's Disease
NCT100002992,Schizophrenia
NCT100002993,Parkinson's Disease
NCT100002994,Alzheimer's Disease
NCT100002995,Hypertension
NCT100002996,Schizophrenia
NCT100002997,Chronic Obstructive Pulmonary Disease
NCT100002998,Migraine
NCT100002999,Hypertension
NCT100003000,Parkinson's Disease
NCT100003001,Chronic Obstructive Pulmonary Disease
NCT100003002,Schizophrenia
NCT100003003,Osteoarthritis
NCT100003004,Psoriasis
NCT100003005,Multiple Sclerosis
NCT100003006,Parkinson's Disease
NCT100003007,Parkinson's Disease
NCT100003008,Migraine
NCT100003009,Hypertension
NCT100003010,Coronary Artery Disease
NCT100003011,Chronic Kidney Disease
NCT100003012,Osteoarthritis
NCT100003013,Obesity
NCT100003014,Multiple Sclerosis
NCT100003015,Osteoarthritis
NCT100003016,Breast Cancer
NCT100003017,Hypertension
NCT100003018,Chronic Obstructive Pulmonary Disease
NCT100003019,Migraine
NCT100003020,Hypertension
NCT100003021,Asthma
NCT100003022,Osteoarthritis
NCT100003023,Chronic Obstructive Pulmonary Disease
NCT100003024,Chronic Kidney Disease
NCT100003025,Multiple Sclerosis
NCT100003026,Breast Cancer
NCT100003027,HIV Infections
NCT100003028,Obesity
NCT100003029,Obesity
NCT100003030,Hypertension
NCT100003031,Non-Small Cell Lung Cancer
NCT100003032,Type 2 Diabetes Mellitus
NCT100003033,HIV Infections
NCT100003034,Chronic Kidney Disease
NCT100003035,Breast Cancer
NCT100003036,Chronic Obstructive Pulmonary Disease
NCT100003037,Ulcerative Colitis
NCT100003038,Obesity
NCT100003039,Coronary Artery Disease
NCT100003040,Schizophrenia
NCT100003041,Non-Small Cell Lung Cancer
NCT100003042,Ulcerative Colitis
NCT100003043,Type 2 Diabetes Mellitus
NCT100003044,Chronic Obstructive Pulmonary Disease
NCT100003045,Osteoarthritis
NCT100003046,Rheumatoid Arthritis
NCT100003047,Multiple Sclerosis
NCT100003048,Obesity
NCT100003049,Alzheimer's Disease
NCT100003050,Hypertension
NCT100003051,Psoriasis
NCT100003052,Chronic Kidney Disease
NCT100003053,Multiple Sclerosis
NCT100003054,Hypertension
NCT100003055,Multiple Sclerosis
NCT100003056,Type 2 Diabetes Mellitus
NCT100003057,Rheumatoid Arthritis
NCT100003058,Obesity
NCT100003059,Osteoarthritis
NCT100003060,Migraine
NCT100003061,Rheumatoid Arthritis
NCT100003062,Hypertension
NCT100003063,Non-Small Cell Lung Cancer
NCT100003064,Alzheimer's Disease
NCT100003065,Migraine
NCT100003066,Multiple Sclerosis
NCT100003067,Ulcerative Colitis
NCT100003068,Multiple Sclerosis
NCT100003069,Alzheimer's Disease
NCT100003070,Obesity
NCT100003071,Parkinson's Disease
NCT100003072,Type 2 Diabetes Mellitus
NCT100003073,Osteoarthritis
NCT100003074,Rheumatoid Arthritis
NCT100003075,Breast Cancer
NCT100003076,Psoriasis
NCT100003077,Migraine
NCT100003078,Parkinson's Disease
NCT100003079,Asthma
NCT100003080,Parkinson's Disease
NCT100003081,Multiple Sclerosis
NCT100003082,Chronic Kidney Disease
NCT100003083,Rheumatoid Arthritis
NCT100003084,Asthma
NCT100003085,Type 2 Diabetes Mellitus
NCT100003086,Hypertension
NCT100003087,Alzheimer's Disease
NCT100003088,Psoriasis
NCT100003089,Asthma
NCT100003090,Alzheimer's Disease
NCT100003091,Major Depressive Disorder
NCT100003092,Chronic Kidney Disease
NCT100003093,Migraine
NCT100003094,Breast Cancer
NCT100003095,Multiple Sclerosis
NCT100003096,Schizophrenia
NCT100003097,Chronic Obstructive Pulmonary Disease
NCT100003098,Chronic Obstructive Pulmonary Disease
NCT100003099,Asthma
NCT100003100,Psoriasis
NCT100003101,Hypertension
NCT100003102,Asthma
NCT100003103,Type 2 Diabetes Mellitus
NCT100003104,Alzheimer's Disease
NCT100003105,Asthma
NCT100003106,Non-Small Cell Lung Cancer
NCT100003107,Chronic Obstructive Pulmonary Disease
NCT100003108,Osteoarthritis
NCT100003109,Hypertension
NCT100003110,Psoriasis
NCT100003111,Obesity
NCT100003112,Major Depressive Disorder
NCT100003113,Coronary Artery Disease
NCT100003114,Asthma
NCT100003115,Alzheimer's Disease
NCT100003116,Coronary Artery Disease
NCT100003117,Chronic Obstructive Pulmonary Disease
NCT100003118,Asthma
NCT100003119,Schizophrenia
NCT100003120,Ulcerative Colitis
NCT100003121,HIV Infections
NCT100003122,Ulcerative Colitis
NCT100003123,Breast Cancer
NCT100003124,Asthma
NCT100003125,Chronic Obstructive Pulmonary Disease
NCT100003126,Multiple Sclerosis
NCT100003127,Psoriasis
NCT100003128,Osteoarthritis
NCT100003129,Asthma
NCT100003130,Chronic Obstructive Pulmonary Disease
NCT100003131,Parkinson's Disease
NCT100003132,Migraine
NCT100003133,Major Depressive Disorder
NCT100003134,Hypertension
NCT100003135,Schizophrenia
NCT100003136,Asthma
NCT100003137,Breast Cancer
NCT100003138,Obesity
NCT100003139,Non-Small Cell Lung Cancer
NCT100003140,Obesity
NCT100003141,Obesity
NCT100003142,Breast Cancer
NCT100003143,Chronic Kidney Disease
NCT100003144,Major Depressive Disorder
NCT100003145,Asthma
NCT100003146,Breast Cancer
NCT100003147,Non-Small Cell Lung Cancer
NCT100003148,Coronary Artery Disease
NCT100003149,Breast Cancer
NCT100003150,Migraine
NCT100003151,Ulcerative Colitis
NCT100003152,HIV Infections
NCT100003153,Chronic Kidney Disease
NCT100003154,Osteoarthritis
NCT100003155,Ulcerative Colitis
NCT100003156,Type 2 Diabetes Mellitus
NCT100003157,Migraine
NCT100003158,Non-Small Cell Lung Cancer
NCT100003159,Osteoarthritis
NCT100003160,Migraine
NCT100003161,Major Depressive Disorder
NCT100003162,HIV Infections
NCT100003163,Chronic Kidney Disease
NCT100003164,Breast Cancer
NCT100003165,HIV Infections
NCT100003166,Osteoarthritis
NCT100003167,Ulcerative Colitis
NCT100003168,Chronic Obstructive Pulmonary Disease
NCT100003169,Coronary Artery Disease
NCT100003170,Chronic Kidney Disease
NCT100003171,Psoriasis
NCT100003172,Multiple Sclerosis
NCT100003173,Obesity
NCT100003174,Multiple Sclerosis
NCT100003175,Non-Small Cell Lung Cancer
NCT100003176,Multiple Sclerosis
NCT100003177,Alzheimer's Disease
NCT100003178,Psoriasis
NCT100003179,Alzheimer's Disease
NCT100003180,Parkinson's Disease
NCT100003181,Migraine
NCT100003182,Migraine
NCT100003183,Rheumatoid Arthritis
NCT100003184,Hypertension
NCT100003185,Type 2 Diabetes Mellitus
NCT100003186,Alzheimer's Disease
NCT100003187,Ulcerative Colitis
NCT100003188,Osteoarthritis
NCT100003189,Schizophrenia
NCT100003190,Chronic Obstructive Pulmonary Disease
NCT100003191,Alzheimer's Disease
NCT100003192,Ulcerative Colitis
NCT100003193,Asthma
NCT100003194,Multiple Sclerosis
NCT100003195,Multiple Sclerosis
NCT100003196,Ulcerative Colitis
NCT100003197,Parkinson's Disease
NCT100003198,HIV Infections
NCT100003199,Alzheimer's Disease
NCT100003200,Obesity
NCT100003201,Breast Cancer
NCT100003202,Alzheimer's Disease
NCT100003203,Asthma
NCT100003204,Coronary Artery Disease
NCT100003205,Coronary Artery Disease
NCT100003206,Parkinson's Disease
NCT100003207,Major Depressive Disorder
NCT100003208,Schizophrenia
NCT100003209,HIV Infections
NCT100003210,Non-Small Cell Lung Cancer
NCT100003211,Asthma
NCT100003212,Chronic Obstructive Pulmonary Disease
NCT100003213,Migraine
NCT100003214,Hypertension
NCT100003215,Schizophrenia
NCT100003216,Psoriasis
NCT100003217,Alzheimer's Disease
NCT100003218,Ulcerative Colitis
NCT100003219,Multiple Sclerosis
NCT100003220,Osteoarthritis
NCT100003221,Osteoarthritis
NCT100003222,Alzheimer's Disease
NCT100003223,Migraine
NCT100003224,Type 2 Diabetes Mellitus
NCT100003225,Multiple Sclerosis
NCT100003226,Chronic Kidney Disease
NCT100003227,Schizophrenia
NCT100003228,Breast Cancer
NCT100003229,Obesity
NCT100003230,Multiple Sclerosis
NCT100003231,Psoriasis
NCT100003232,Schizophrenia
NCT100003233,Asthma
NCT100003234,Chronic Kidney Disease
NCT100003235,Non-Small Cell Lung Cancer
NCT100003236,Major Depressive Disorder
NCT100003237,Chronic Obstructive Pulmonary Disease
NCT100003238,Type 2 Diabetes Mellitus
NCT100003239,Parkinson's Disease
NCT100003240,Rheumatoid Arthritis
NCT100003241,Non-Small Cell Lung Cancer
NCT100003242,Chronic Obstructive Pulmonary Disease
NCT100003243,Chronic Kidney Disease
NCT100003244,Breast Cancer
NCT100003245,Ulcerative Colitis
NCT100003246,Multiple Sclerosis
NCT100003247,Non-Small Cell Lung Cancer
NCT100003248,Major Depressive Disorder
NCT100003249,Chronic Obstructive Pulmonary Disease
NCT100003250,Chronic Obstructive Pulmonary Disease
NCT100003251,Alzheimer's Disease
NCT100003252,Major Depressive Disorder
NCT100003253,Psoriasis
NCT100003254,Chronic Kidney Disease
NCT100003255,Hypertension
NCT100003256,Rheumatoid Arthritis
NCT100003257,Parkinson's Disease
NCT100003258,Alzheimer's Disease
NCT100003259,Coronary Artery Disease
NCT100003260,HIV Infections
NCT100003261,Non-Small Cell Lung Cancer
NCT100003262,Rheumatoid Arthritis
NCT100003263,Asthma
NCT100003264,Chronic Kidney Disease
NCT100003265,Rheumatoid Arthritis
NCT100003266,Rheumatoid Arthritis
NCT100003267,Hypertension
NCT100003268,HIV Infections
NCT100003269,Multiple Sclerosis
NCT100003270,HIV Infections
NCT100003271,Hypertension
NCT100003272,Parkinson's Disease
NCT100003273,Non-Small Cell Lung Cancer
NCT100003274,Parkinson's Disease
NCT100003275,Breast Cancer
NCT100003276,Coronary Artery Disease
NCT100003277,Chronic Kidney Disease
NCT100003278,Hypertension
NCT100003279,Non-Small Cell Lung Cancer
NCT100003280,Chronic Kidney Disease
NCT100003281,Alzheimer's Disease
NCT100003282,Coronary Artery Disease
NCT100003283,Psoriasis
NCT100003284,Major Depressive Disorder
NCT100003285,Obesity
NCT100003286,Migraine
NCT100003287,Rheumatoid Arthritis
NCT100003288,Coronary Artery Disease
NCT100003289,Migraine
NCT100003290,Osteoarthritis
NCT100003291,Ulcerative Colitis
NCT100003292,Alzheimer's Disease
NCT100003293,Major Depressive Disorder
NCT100003294,Rheumatoid Arthritis
NCT100003295,Parkinson's Disease
NCT100003296,Breast Cancer
NCT100003297,Coronary Artery Disease
NCT100003298,Breast Cancer
NCT100003299,Major Depressive Disorder
NCT100003300,Rheumatoid Arthritis
NCT100003301,Osteoarthritis
NCT100003302,Chronic Kidney Disease
NCT100003303,Migraine
NCT100003304,Osteoarthritis
NCT100003305,Alzheimer's Disease
NCT100003306,Schizophrenia
NCT100003307,Osteoarthritis
NCT100003308,Breast Cancer
NCT100003309,HIV Infections
NCT100003310,Non-Small Cell Lung Cancer
NCT100003311,Migraine
NCT100003312,Migraine
NCT100003313,Schizophrenia
NCT100003314,Ulcerative Colitis
NCT100003315,Rheumatoid Arthritis
NCT100003316,Asthma
NCT100003317,Hypertension
NCT100003318,Multiple Sclerosis
NCT100003319,Multiple Sclerosis
NCT100003320,Type 2 Diabetes Mellitus
NCT100003321,Breast Cancer
NCT100003322,Breast Cancer
NCT100003323,Rheumatoid Arthritis
NCT100003324,Psoriasis
NCT100003325,Non-Small Cell Lung Cancer
NCT100003326,Rheumatoid Arthritis
NCT100003327,Breast Cancer
NCT100003328,Chronic Obstructive Pulmonary Disease
NCT100003329,Migraine
NCT100003330,Multiple Sclerosis
NCT100003331,Asthma
NCT100003332,Chronic Kidney Disease
NCT100003333,Hypertension
NCT100003334,HIV Infections
NCT100003335,Hypertension
NCT100003336,Obesity
NCT100003337,Coronary Artery Disease
NCT100003338,Coronary Artery Disease
NCT100003339,Major Depressive Disorder
NCT100003340,Psoriasis
NCT100003341,Non-Small Cell Lung Cancer
NCT100003342,Parkinson's Disease
NCT100003343,Obesity
NCT100003344,Ulcerative Colitis
NCT100003345,Obesity
NCT100003346,Major Depressive Disorder
NCT100003347,Psoriasis
NCT100003348,Breast Cancer
NCT100003349,Obesity
NCT100003350,Type 2 Diabetes Mellitus
NCT100003351,Migraine
NCT100003352,Non-Small Cell Lung Cancer
NCT100003353,Alzheimer's Disease
NCT100003354,Migraine
NCT100003355,Rheumatoid Arthritis
NCT100003356,Type 2 Diabetes Mellitus
NCT100003357,Ulcerative Colitis
NCT100003358,HIV Infections
NCT100003359,Asthma
NCT100003360,Parkinson's Disease
NCT100003361,Obesity
NCT100003362,Parkinson's Disease
NCT100003363,Chronic Kidney Disease
NCT100003364,Alzheimer's Disease
NCT100003365,Breast Cancer
NCT100003366,Psoriasis
NCT100003367,Coronary Artery Disease
NCT100003368,Major Depressive Disorder
NCT100003369,Chronic Kidney Disease
NCT100003370,HIV Infections
NCT100003371,Osteoarthritis
NCT100003372,Rheumatoid Arthritis
NCT100003373,Chronic Kidney Disease
NCT100003374,Ulcerative Colitis
NCT100003375,Major Depressive Disorder
NCT100003376,Alzheimer's Disease
NCT100003377,Hypertension
NCT100003378,Chronic Kidney Disease
NCT100003379,Alzheimer's Disease
NCT100003380,Migraine
NCT100003381,Non-Small Cell Lung Cancer
NCT100003382,Osteoarthritis
NCT100003383,Major Depressive Disorder
NCT100003384,Major Depressive Disorder
NCT100003385,Multiple Sclerosis
NCT100003386,Schizophrenia
NCT100003387,Coronary Artery Disease
NCT100003388,HIV Infections
NCT100003389,Chronic Obstructive Pulmonary Disease
NCT100003390,Parkinson's Disease
NCT100003391,Major Depressive Disorder
NCT100003392,HIV Infections
NCT100003393,Asthma
NCT100003394,Ulcerative Colitis
NCT100003395,Type 2 Diabetes Mellitus
NCT100003396,Chronic Obstructive Pulmonary Disease
NCT100003397,Chronic Obstructive Pulmonary Disease
NCT100003398,Ulcerative Colitis
NCT100003399,Breast Cancer
NCT100003400,Alzheimer's Disease
NCT100003401,Breast Cancer
NCT100003402,Parkinson's Disease
NCT100003403,HIV Infections
NCT100003404,Multiple Sclerosis
NCT100003405,Multiple Sclerosis
NCT100003406,Breast Cancer
NCT100003407,Chronic Kidney Disease
NCT100003408,Asthma
NCT100003409,HIV Infections
NCT100003410,Asthma
NCT100003411,Coronary Artery Disease
NCT100003412,Asthma
NCT100003413,Asthma
NCT100003414,Breast Cancer
NCT100003415,Hypertension
NCT100003416,Breast Cancer
NCT100003417,Type 2 Diabetes Mellitus
NCT100003418,Chronic Obstructive Pulmonary Disease
NCT100003419,Alzheimer's Disease
NCT100003420,HIV Infections
NCT100003421,Osteoarthritis
NCT100003422,Psoriasis
NCT100003423,Schizophrenia
NCT100003424,Parkinson's Disease
NCT100003425,Chronic Kidney Disease
NCT100003426,Obesity
NCT100003427,Multiple Sclerosis
NCT100003428,Chronic Obstructive Pulmonary Disease
NCT100003429,HIV Infections
NCT100003430,Obesity
NCT100003431,Migraine
NCT100003432,Asthma
NCT100003433,Alzheimer's Disease
NCT100003434,Asthma
NCT100003435,Alzheimer's Disease
NCT100003436,Type 2 Diabetes Mellitus
NCT100003437,Type 2 Diabetes Mellitus
NCT100003438,Coronary Artery Disease
NCT100003439,Alzheimer's Disease
NCT100003440,Breast Cancer
NCT100003441,Non-Small Cell Lung Cancer
NCT100003442,Multiple Sclerosis
NCT100003443,Rheumatoid Arthritis
NCT100003444,HIV Infections
NCT100003445,Schizophrenia
NCT100003446,Multiple Sclerosis
NCT100003447,Alzheimer's Disease
NCT100003448,Rheumatoid Arthritis
NCT100003449,Rheumatoid Arthritis
NCT100003450,Alzheimer's Disease
NCT100003451,Multiple Sclerosis
NCT100003452,Multiple Sclerosis
NCT100003453,Osteoarthritis
NCT100003454,HIV Infections
NCT100003455,Rheumatoid Arthritis
NCT100003456,Ulcerative Colitis
NCT100003457,Migraine
NCT100003458,Parkinson's Disease
NCT100003459,Chronic Obstructive Pulmonary Disease
NCT100003460,Major Depressive Disorder
NCT100003461,Migraine
NCT100003462,Ulcerative Colitis
NCT100003463,Migraine
NCT100003464,Asthma
NCT100003465,Asthma
NCT100003466,Hypertension
NCT100003467,Major Depressive Disorder
NCT100003468,Coronary Artery Disease
NCT100003469,Asthma
NCT100003470,Non-Small Cell Lung Cancer
NCT100003471,Schizophrenia
NCT100003472,Breast Cancer
NCT100003473,Psoriasis
NCT100003474,Alzheimer's Disease
NCT100003475,Psoriasis
NCT100003476,HIV Infections
NCT100003477,Obesity
NCT100003478,Non-Small Cell Lung Cancer
NCT100003479,Obesity
NCT100003480,Psoriasis
NCT100003481,Hypertension
NCT100003482,Chronic Obstructive Pulmonary Disease
NCT100003483,Hypertension
NCT100003484,Psoriasis
NCT100003485,Asthma
NCT100003486,Obesity
NCT100003487,Non-Small Cell Lung Cancer
NCT100003488,Hypertension
NCT100003489,Hypertension
NCT100003490,Asthma
NCT100003491,Non-Small Cell Lung Cancer
NCT100003492,Multiple Sclerosis
NCT100003493,Breast Cancer
NCT100003494,Chronic Kidney Disease
NCT100003495,Ulcerative Colitis
NCT100003496,Breast Cancer
NCT100003497,Non-Small Cell Lung Cancer
NCT100003498,Breast Cancer
NCT100003499,Non-Small Cell Lung Cancer
NCT100003500,Major Depressive Disorder
NCT100003501,HIV Infections
NCT100003502,Psoriasis
NCT100003503,Chronic Kidney Disease
NCT100003504,Coronary Artery Disease
NCT100003505,Osteoarthritis
NCT100003506,Major Depressive Disorder
NCT100003507,Migraine
NCT100003508,Obesity
NCT100003509,Obesity
NCT100003510,Chronic Obstructive Pulmonary Disease
NCT100003511,Rheumatoid Arthritis
NCT100003512,Non-Small Cell Lung Cancer
NCT100003513,Ulcerative Colitis
NCT100003514,Chronic Obstructive Pulmonary Disease
NCT100003515,Schizophrenia
NCT100003516,Multiple Sclerosis
NCT100003517,HIV Infections
NCT100003518,Migraine
NCT100003519,Type 2 Diabetes Mellitus
NCT100003520,Breast Cancer
NCT100003521,Schizophrenia
NCT100003522,Migraine
NCT100003523,Alzheimer's Disease
NCT100003524,Coronary Artery Disease
NCT100003525,Osteoarthritis
NCT100003526,Alzheimer's Disease
NCT100003527,Psoriasis
NCT100003528,Schizophrenia
NCT100003529,Schizophrenia
NCT100003530,Non-Small Cell Lung Cancer
NCT100003531,Migraine
NCT100003532,Chronic Kidney Disease
NCT100003533,Ulcerative Colitis
NCT100003534,Non-Small Cell Lung Cancer
NCT100003535,Ulcerative Colitis
NCT100003536,Schizophrenia
NCT100003537,Chronic Obstructive Pulmonary Disease
NCT100003538,Chronic Kidney Disease
NCT100003539,Coronary Artery Disease
NCT100003540,Breast Cancer
NCT100003541,Asthma
NCT100003542,Schizophrenia
NCT100003543,Migraine
NCT100003544,Type 2 Diabetes Mellitus
NCT100003545,Non-Small Cell Lung Cancer
NCT100003546,Asthma
NCT100003547,Hypertension
NCT100003548,Asthma
NCT100003549,Rheumatoid Arthritis
NCT100003550,Non-Small Cell Lung Cancer
NCT100003551,Schizophrenia
NCT100003552,Chronic Kidney Disease
NCT100003553,Psoriasis
NCT100003554,Migraine
NCT100003555,Alzheimer's Disease
NCT100003556,Major Depressive Disorder
NCT100003557,Psoriasis
NCT100003558,Alzheimer's Disease
NCT100003559,Obesity
NCT100003560,Asthma
NCT100003561,Obesity
NCT100003562,HIV Infections
NCT100003563,Chronic Kidney Disease
NCT100003564,Schizophrenia
NCT100003565,Parkinson's Disease
NCT100003566,Obesity
NCT100003567,Non-Small Cell Lung Cancer
NCT100003568,Chronic Obstructive Pulmonary Disease
NCT100003569,Coronary Artery Disease
NCT100003570,Schizophrenia
NCT100003571,Alzheimer's Disease
NCT100003572,Breast Cancer
NCT100003573,Migraine
NCT100003574,Chronic Kidney Disease
NCT100003575,Breast Cancer
NCT100003576,Alzheimer's Disease
NCT100003577,Obesity
NCT100003578,Migraine
NCT100003579,Alzheimer's Disease
NCT100003580,Multiple Sclerosis
NCT100003581,Coronary Artery Disease
NCT100003582,Asthma
NCT100003583,Multiple Sclerosis
NCT100003584,Hypertension
NCT100003585,Asthma
NCT100003586,Hypertension
NCT100003587,Coronary Artery Disease
NCT100003588,HIV Infections
NCT100003589,HIV Infections
NCT100003590,Hypertension
NCT100003591,Hypertension
NCT100003592,Migraine
NCT100003593,Asthma
NCT100003594,Non-Small Cell Lung Cancer
NCT100003595,Psoriasis
NCT100003596,HIV Infections
NCT100003597,Schizophrenia
NCT100003598,Breast Cancer
NCT100003599,Multiple Sclerosis
NCT100003600,Migraine
NCT100003601,Chronic Kidney Disease
NCT100003602,Ulcerative Colitis
NCT100003603,Breast Cancer
NCT100003604,Hypertension
NCT100003605,Multiple Sclerosis
NCT100003606,Breast Cancer
NCT100003607,Parkinson's Disease
NCT100003608,Type 2 Diabetes Mellitus
NCT100003609,Coronary Artery Disease
NCT100003610,Chronic Kidney Disease
NCT100003611,Asthma
NCT100003612,Chronic Kidney Disease
NCT100003613,Rheumatoid Arthritis
NCT100003614,Non-Small Cell Lung Cancer
NCT100003615,Type 2 Diabetes Mellitus
NCT100003616,Chronic Kidney Disease
NCT100003617,Non-Small Cell Lung Cancer
NCT100003618,Obesity
NCT100003619,Psoriasis
NCT100003620,Psoriasis
NCT100003621,Ulcerative Colitis
NCT100003622,Alzheimer's Disease
NCT100003623,Hypertension
NCT100003624,Major Depressive Disorder
NCT100003625,Type 2 Diabetes Mellitus
NCT100003626,Chronic Obstructive Pulmonary Disease
NCT100003627,Psoriasis
NCT100003628,Schizophrenia
NCT100003629,Parkinson's Disease
NCT100003630,Osteoarthritis
NCT100003631,Multiple Sclerosis
NCT100003632,Migraine
NCT100003633,Coronary Artery Disease
NCT100003634,Psoriasis
NCT100003635,Chronic Kidney Disease
NCT100003636,Coronary Artery Disease
NCT100003637,Obesity
NCT100003638,Hypertension
NCT100003639,Hypertension
NCT100003640,Major Depressive Disorder
NCT100003641,Rheumatoid Arthritis
NCT100003642,HIV Infections
NCT100003643,Psoriasis
NCT100003644,Multiple Sclerosis
NCT100003645,Ulcerative Colitis
NCT100003646,Chronic Kidney Disease
NCT100003647,Multiple Sclerosis
NCT100003648,Migraine
NCT100003649,Alzheimer's Disease
NCT100003650,Non-Small Cell Lung Cancer
NCT100003651,Breast Cancer
NCT100003652,Rheumatoid Arthritis
NCT100003653,Type 2 Diabetes Mellitus
NCT100003654,Chronic Kidney Disease
NCT100003655,Parkinson's Disease
NCT100003656,Multiple Sclerosis
NCT100003657,Breast Cancer
NCT100003658,Coronary Artery Disease
NCT100003659,Ulcerative Colitis
NCT100003660,Hypertension
NCT100003661,HIV Infections
NCT100003662,Alzheimer's Disease
NCT100003663,Chronic Obstructive Pulmonary Disease
NCT100003664,Rheumatoid Arthritis
NCT100003665,Ulcerative Colitis
NCT100003666,Breast Cancer
NCT100003667,Multiple Sclerosis
NCT100003668,Type 2 Diabetes Mellitus
NCT100003669,Parkinson's Disease
NCT100003670,Psoriasis
NCT100003671,Obesity
NCT100003672,Psoriasis
NCT100003673,Osteoarthritis
NCT100003674,Ulcerative Colitis
NCT100003675,Osteoarthritis
NCT100003676,Ulcerative Colitis
NCT100003677,Breast Cancer
NCT100003678,Obesity
NCT100003679,Chronic Kidney Disease
NCT100003680,Migraine
NCT100003681,Multiple Sclerosis
NCT100003682,Obesity
NCT100003683,Coronary Artery Disease
NCT100003684,HIV Infections
NCT100003685,Ulcerative Colitis
NCT100003686,Parkinson's Disease
NCT100003687,Ulcerative Colitis
NCT100003688,Non-Small Cell Lung Cancer
NCT100003689,Non-Small Cell Lung Cancer
NCT100003690,Schizophrenia
NCT100003691,Breast Cancer
NCT100003692,Major Depressive Disorder
NCT100003693,Chronic Kidney Disease
NCT100003694,HIV Infections
NCT100003695,Multiple Sclerosis
NCT100003696,Obesity
NCT100003697,Obesity
NCT100003698,Obesity
NCT100003699,Coronary Artery Disease
NCT100003700,Chronic Obstructive Pulmonary Disease
NCT100003701,Alzheimer's Disease
NCT100003702,Breast Cancer
NCT100003703,Non-Small Cell Lung Cancer
NCT100003704,Multiple Sclerosis
NCT100003705,Schizophrenia
NCT100003706,Breast Cancer
NCT100003707,Osteoarthritis
NCT100003708,Major Depressive Disorder
NCT100003709,Type 2 Diabetes Mellitus
NCT100003710,Coronary Artery Disease
NCT100003711,Alzheimer's Disease
NCT100003712,Type 2 Diabetes Mellitus
NCT100003713,Rheumatoid Arthritis
NCT100003714,Psoriasis
NCT100003715,Coronary Artery Disease
NCT100003716,Parkinson's Disease
NCT100003717,Hypertension
NCT100003718,Asthma
NCT100003719,Multiple Sclerosis
NCT100003720,Obesity
NCT100003721,Psoriasis
NCT100003722,Obesity
NCT100003723,HIV Infections
NCT100003724,Hypertension
NCT100003725,Migraine
NCT100003726,Multiple Sclerosis
NCT100003727,Rheumatoid Arthritis
NCT100003728,Ulcerative Colitis
NCT100003729,Osteoarthritis
NCT100003730,Non-Small Cell Lung Cancer
NCT100003731,Migraine
NCT100003732,Hypertension
NCT100003733,Migraine
NCT100003734,Ulcerative Colitis
NCT100003735,Osteoarthritis
NCT100003736,Asthma
NCT100003737,Chronic Obstructive Pulmonary Disease
NCT100003738,Hypertension
NCT100003739,Schizophrenia
NCT100003740,Migraine
NCT100003741,Major Depressive Disorder
NCT100003742,Chronic Kidney Disease
NCT100003743,Type 2 Diabetes Mellitus
NCT100003744,Chronic Kidney Disease
NCT100003745,Obesity
NCT100003746,Multiple Sclerosis
NCT100003747,Ulcerative Colitis
NCT100003748,HIV Infections
NCT100003749,Chronic Obstructive Pulmonary Disease
NCT100003750,Type 2 Diabetes Mellitus
NCT100003751,Alzheimer's Disease
NCT100003752,Ulcerative Colitis
NCT100003753,Parkinson's Disease
NCT100003754,Alzheimer's Disease
NCT100003755,HIV Infections
NCT100003756,Hypertension
NCT100003757,Migraine
NCT100003758,Non-Small Cell Lung Cancer
NCT100003759,Coronary Artery Disease
NCT100003760,Obesity
NCT100003761,Schizophrenia
NCT100003762,Parkinson's Disease
NCT100003763,HIV Infections
NCT100003764,Type 2 Diabetes Mellitus
NCT100003765,Coronary Artery Disease
NCT100003766,Migraine
NCT100003767,Chronic Kidney Disease
NCT100003768,Parkinson's Disease
NCT100003769,Migraine
NCT100003770,Schizophrenia
NCT100003771,Hypertension
NCT100003772,Coronary Artery Disease
NCT100003773,Type 2 Diabetes Mellitus
NCT100003774,HIV Infections
NCT100003775,Migraine
NCT100003776,Breast Cancer
NCT100003777,Osteoarthritis
NCT100003778,HIV Infections
NCT100003779,Hypertension
NCT100003780,Type 2 Diabetes Mellitus
NCT100003781,Alzheimer's Disease
NCT100003782,Obesity
NCT100003783,Parkinson's Disease
NCT100003784,Chronic Kidney Disease
NCT100003785,Psoriasis
NCT100003786,Coronary Artery Disease
NCT100003787,Alzheimer's Disease
NCT100003788,Psoriasis
NCT100003789,Osteoarthritis
NCT100003790,Non-Small Cell Lung Cancer
NCT100003791,Migraine
NCT100003792,Chronic Obstructive Pulmonary Disease
NCT100003793,Rheumatoid Arthritis
NCT100003794,Alzheimer's Disease
NCT100003795,Hypertension
NCT100003796,Hypertension
NCT100003797,Osteoarthritis
NCT100003798,Breast Cancer
NCT100003799,Major Depressive Disorder
NCT100003800,Type 2 Diabetes Mellitus
NCT100003801,Chronic Obstructive Pulmonary Disease
NCT100003802,Parkinson's Disease
NCT100003803,Migraine
NCT100003804,Ulcerative Colitis
NCT100003805,Obesity
NCT100003806,Alzheimer's Disease
NCT100003807,Type 2 Diabetes Mellitus
NCT100003808,Multiple Sclerosis
NCT100003809,Multiple Sclerosis
NCT100003810,Rheumatoid Arthritis
NCT100003811,Multiple Sclerosis
NCT100003812,Alzheimer's Disease
NCT100003813,Non-Small Cell Lung Cancer
NCT100003814,Asthma
NCT100003815,Schizophrenia
NCT100003816,Major Depressive Disorder
NCT100003817,Major Depressive Disorder
NCT100003818,Obesity
NCT100003819,Coronary Artery Disease
NCT100003820,Osteoarthritis
NCT100003821,Osteoarthritis
NCT100003822,Alzheimer's Disease
NCT100003823,Alzheimer's Disease
NCT100003824,Chronic Kidney Disease
NCT100003825,Psoriasis
NCT100003826,Psoriasis
NCT100003827,HIV Infections
NCT100003828,Multiple Sclerosis
NCT100003829,Obesity
NCT100003830,Rheumatoid Arthritis
NCT100003831,Osteoarthritis
NCT100003832,Obesity
NCT100003833,Coronary Artery Disease
NCT100003834,Breast Cancer
NCT100003835,Osteoarthritis
NCT100003836,Hypertension
NCT100003837,Chronic Kidney Disease
NCT100003838,Alzheimer's Disease
NCT100003839,Asthma
NCT100003840,Obesity
NCT100003841,Rheumatoid Arthritis
NCT100003842,Coronary Artery Disease
NCT100003843,Non-Small Cell Lung Cancer
NCT100003844,Coronary Artery Disease
NCT100003845,HIV Infections
NCT100003846,Coronary Artery Disease
NCT100003847,Major Depressive Disorder
NCT100003848,HIV Infections
NCT100003849,Migraine
NCT100003850,Chronic Kidney Disease
NCT100003851,Alzheimer's Disease
NCT100003852,Chronic Obstructive Pulmonary Disease
NCT100003853,Parkinson's Disease
NCT100003854,Coronary Artery Disease
NCT100003855,Hypertension
NCT100003856,Hypertension
NCT100003857,Hypertension
NCT100003858,Type 2 Diabetes Mellitus
NCT100003859,Chronic Kidney Disease
NCT100003860,Rheumatoid Arthritis
NCT100003861,Multiple Sclerosis
NCT100003862,Hypertension
NCT100003863,Osteoarthritis
NCT100003864,Parkinson's Disease
NCT100003865,Rheumatoid Arthritis
NCT100003866,Coronary Artery Disease
NCT100003867,Hypertension
NCT100003868,Rheumatoid Arthritis
NCT100003869,Obesity
NCT100003870,Chronic Obstructive Pulmonary Disease
NCT100003871,Schizophrenia
NCT100003872,Asthma
NCT100003873,Multiple Sclerosis
NCT100003874,Asthma
NCT100003875,Asthma
NCT100003876,Hypertension
NCT100003877,Ulcerative Colitis
NCT100003878,Schizophrenia
NCT100003879,Multiple Sclerosis
NCT100003880,Ulcerative Colitis
NCT100003881,Hypertension
NCT100003882,Breast Cancer
NCT100003883,Coronary Artery Disease
NCT100003884,Chronic Kidney Disease
NCT100003885,Ulcerative Colitis
NCT100003886,Obesity
NCT100003887,Rheumatoid Arthritis
NCT100003888,Major Depressive Disorder
NCT100003889,Migraine
NCT100003890,Parkinson's Disease
NCT100003891,Coronary Artery Disease
NCT100003892,HIV Infections
NCT100003893,Alzheimer's Disease
NCT100003894,HIV Infections
NCT100003895,Breast Cancer
NCT100003896,Psoriasis
NCT100003897,Migraine
NCT100003898,Multiple Sclerosis
NCT100003899,Ulcerative Colitis
NCT100003900,Coronary Artery Disease
NCT100003901,Schizophrenia
NCT100003902,Migraine
NCT100003903,Schizophrenia
NCT100003904,Chronic Kidney Disease
NCT100003905,Psoriasis
NCT100003906,Breast Cancer
NCT100003907,Coronary Artery Disease
NCT100003908,Chronic Kidney Disease
NCT100003909,HIV Infections
NCT100003910,Rheumatoid Arthritis
NCT100003911,Coronary Artery Disease
NCT100003912,Ulcerative Colitis
NCT100003913,Chronic Kidney Disease
NCT100003914,Breast Cancer
NCT100003915,Asthma
NCT100003916,Coronary Artery Disease
NCT100003917,Multiple Sclerosis
NCT100003918,Chronic Kidney Disease
NCT100003919,Type 2 Diabetes Mellitus
NCT100003920,Multiple Sclerosis
NCT100003921,Rheumatoid Arthritis
NCT100003922,Chronic Kidney Disease
NCT100003923,Parkinson's Disease
NCT100003924,Hypertension
NCT100003925,Alzheimer's Disease
NCT100003926,Breast Cancer
NCT100003927,Chronic Obstructive Pulmonary Disease
NCT100003928,Psoriasis
NCT100003929,Major Depressive Disorder
NCT100003930,Schizophrenia
NCT100003931,Osteoarthritis
NCT100003932,Chronic Kidney Disease
NCT100003933,Coronary Artery Disease
NCT100003934,Psoriasis
NCT100003935,Chronic Kidney Disease
NCT100003936,Coronary Artery Disease
NCT100003937,Major Depressive Disorder
NCT100003938,Major Depressive Disorder
NCT100003939,Multiple Sclerosis
NCT100003940,Rheumatoid Arthritis
NCT100003941,Parkinson's Disease
NCT100003942,Rheumatoid Arthritis
NCT100003943,HIV Infections
NCT100003944,Alzheimer's Disease
NCT100003945,Rheumatoid Arthritis
NCT100003946,Ulcerative Colitis
NCT100003947,Schizophrenia
NCT100003948,Multiple Sclerosis
NCT100003949,Rheumatoid Arthritis
NCT100003950,Chronic Kidney Disease
NCT100003951,Major Depressive Disorder
NCT100003952,Hypertension
NCT100003953,Major Depressive Disorder
NCT100003954,Asthma
NCT100003955,Psoriasis
NCT100003956,Alzheimer's Disease
NCT100003957,Parkinson's Disease
NCT100003958,Asthma
NCT100003959,Major Depressive Disorder
NCT100003960,Osteoarthritis
NCT100003961,Type 2 Diabetes Mellitus
NCT100003962,Asthma
NCT100003963,Non-Small Cell Lung Cancer
NCT100003964,Psoriasis
NCT100003965,HIV Infections
NCT100003966,Breast Cancer
NCT100003967,Rheumatoid Arthritis
NCT100003968,Chronic Obstructive Pulmonary Disease
NCT100003969,Rheumatoid Arthritis
NCT100003970,Osteoarthritis
NCT100003971,HIV Infections
NCT100003972,Ulcerative Colitis
NCT100003973,Type 2 Diabetes Mellitus
NCT100003974,Rheumatoid Arthritis
NCT100003975,HIV Infections
NCT100003976,Migraine
NCT100003977,Chronic Kidney Disease
NCT100003978,Schizophrenia
NCT100003979,Type 2 Diabetes Mellitus
NCT100003980,Hypertension
NCT100003981,Multiple Sclerosis
NCT100003982,Type 2 Diabetes Mellitus
NCT100003983,Type 2 Diabetes Mellitus
NCT100003984,Hypertension
NCT100003985,Multiple Sclerosis
NCT100003986,Coronary Artery Disease
NCT100003987,Breast Cancer
NCT100003988,Parkinson's Disease
NCT100003989,Schizophrenia
NCT100003990,Ulcerative Colitis
NCT100003991,Psoriasis
NCT100003992,Major Depressive Disorder
NCT100003993,Chronic Obstructive Pulmonary Disease
NCT100003994,Breast Cancer
NCT100003995,Migraine
NCT100003996,Psoriasis
NCT100003997,Ulcerative Colitis
NCT100003998,Parkinson's Disease
NCT100003999,Obesity
NCT100004000,Rheumatoid Arthritis
NCT100004001,Chronic Kidney Disease
NCT100004002,Psoriasis
NCT100004003,Psoriasis
NCT100004004,Chronic Obstructive Pulmonary Disease
NCT100004005,Breast Cancer
NCT100004006,Parkinson's Disease
NCT100004007,Ulcerative Colitis
NCT100004008,Chronic Kidney Disease
NCT100004009,Type 2 Diabetes Mellitus
NCT100004010,Coronary Artery Disease
NCT100004011,Parkinson's Disease
NCT100004012,Major Depressive Disorder
NCT100004013,Chronic Kidney Disease
NCT100004014,Alzheimer's Disease
NCT100004015,Rheumatoid Arthritis
NCT100004016,Psoriasis
NCT100004017,Hypertension
NCT100004018,HIV Infections
NCT100004019,Major Depressive Disorder
NCT100004020,Multiple Sclerosis
NCT100004021,Breast Cancer
NCT100004022,Non-Small Cell Lung Cancer
NCT100004023,Coronary Artery Disease
NCT100004024,Major Depressive Disorder
NCT100004025,Ulcerative Colitis
NCT100004026,Alzheimer's Disease
NCT100004027,Obesity
NCT100004028,Non-Small Cell Lung Cancer
NCT100004029,Rheumatoid Arthritis
NCT100004030,Rheumatoid Arthritis
NCT100004031,Breast Cancer
NCT100004032,Rheumatoid Arthritis
NCT100004033,Chronic Obstructive Pulmonary Disease
NCT100004034,Chronic Obstructive Pulmonary Disease
NCT100004035,Type 2 Diabetes Mellitus
NCT100004036,Major Depressive Disorder
NCT100004037,Asthma
NCT100004038,Schizophrenia
NCT100004039,Alzheimer's Disease
NCT100004040,Breast Cancer
NCT100004041,Obesity
NCT100004042,HIV Infections
NCT100004043,Alzheimer's Disease
NCT100004044,Chronic Obstructive Pulmonary Disease
NCT100004045,Schizophrenia
NCT100004046,Rheumatoid Arthritis
NCT100004047,Major Depressive Disorder
NCT100004048,Parkinson's Disease
NCT100004049,Chronic Obstructive Pulmonary Disease
NCT100004050,Breast Cancer
NCT100004051,Chronic Kidney Disease
NCT100004052,Ulcerative Colitis
NCT100004053,Chronic Kidney Disease
NCT100004054,Migraine
NCT100004055,Major Depressive Disorder
NCT100004056,Multiple Sclerosis
NCT100004057,Chronic Obstructive Pulmonary Disease
NCT100004058,Hypertension
NCT100004059,Chronic Kidney Disease
NCT100004060,Rheumatoid Arthritis
NCT100004061,Major Depressive Disorder
NCT100004062,Psoriasis
NCT100004063,Asthma
NCT100004064,Type 2 Diabetes Mellitus
NCT100004065,Rheumatoid Arthritis
NCT100004066,Type 2 Diabetes Mellitus
NCT100004067,Schizophrenia
NCT100004068,Chronic Obstructive Pulmonary Disease
NCT100004069,Breast Cancer
NCT100004070,Chronic Kidney Disease
NCT100004071,Coronary Artery Disease
NCT100004072,Non-Small Cell Lung Cancer
NCT100004073,Parkinson's Disease
NCT100004074,Coronary Artery Disease
NCT100004075,Chronic Kidney Disease
NCT100004076,Psoriasis
NCT100004077,Migraine
NCT100004078,Obesity
NCT100004079,Rheumatoid Arthritis
NCT100004080,Breast Cancer
NCT100004081,Obesity
NCT100004082,Obesity
NCT100004083,Multiple Sclerosis
NCT100004084,HIV Infections
NCT100004085,Schizophrenia
NCT100004086,Parkinson's Disease
NCT100004087,Psoriasis
NCT100004088,Psoriasis
NCT100004089,Coronary Artery Disease
NCT100004090,Alzheimer's Disease
NCT100004091,Alzheimer's Disease
NCT100004092,Major Depressive Disorder
NCT100004093,Asthma
NCT100004094,Obesity
NCT100004095,Type 2 Diabetes Mellitus
NCT100004096,Psoriasis
NCT100004097,Type 2 Diabetes Mellitus
NCT100004098,Major Depressive Disorder
NCT100004099,Multiple Sclerosis
NCT100004100,Asthma
NCT100004101,Chronic Kidney Disease
NCT100004102,Parkinson's Disease
NCT100004103,Obesity
NCT100004104,Ulcerative Colitis
NCT100004105,Osteoarthritis
NCT100004106,Obesity
NCT100004107,Hypertension
NCT100004108,Multiple Sclerosis
NCT100004109,Obesity
NCT100004110,Alzheimer's Disease
NCT100004111,Psoriasis
NCT100004112,Psoriasis
NCT100004113,Rheumatoid Arthritis
NCT100004114,Psoriasis
NCT100004115,Major Depressive Disorder
NCT100004116,Hypertension
NCT100004117,Schizophrenia
NCT100004118,Asthma
NCT100004119,Rheumatoid Arthritis
NCT100004120,Chronic Kidney Disease
NCT100004121,Obesity
NCT100004122,Alzheimer's Disease
NCT100004123,Osteoarthritis
NCT100004124,Parkinson's Disease
NCT100004125,Parkinson's Disease
NCT100004126,Hypertension
NCT100004127,Asthma
NCT100004128,Parkinson's Disease
NCT100004129,Type 2 Diabetes Mellitus
NCT100004130,Type 2 Diabetes Mellitus
NCT100004131,HIV Infections
NCT100004132,Alzheimer's Disease
NCT100004133,Rheumatoid Arthritis
NCT100004134,Non-Small Cell Lung Cancer
NCT100004135,Alzheimer's Disease
NCT100004136,Migraine
NCT100004137,Ulcerative Colitis
NCT100004138,Osteoarthritis
NCT100004139,Alzheimer's Disease
NCT100004140,Coronary Artery Disease
NCT100004141,Rheumatoid Arthritis
NCT100004142,Breast Cancer
NCT100004143,Migraine
NCT100004144,Major Depressive Disorder
NCT100004145,Coronary Artery Disease
NCT100004146,Psoriasis
NCT100004147,Alzheimer's Disease
NCT100004148,Ulcerative Colitis
NCT100004149,Major Depressive Disorder
NCT100004150,Alzheimer's Disease
NCT100004151,Migraine
NCT100004152,Rheumatoid Arthritis
NCT100004153,Hypertension
NCT100004154,Chronic Obstructive Pulmonary Disease
NCT100004155,Major Depressive Disorder
NCT100004156,Ulcerative Colitis
NCT100004157,Obesity
NCT100004158,Osteoarthritis
NCT100004159,Migraine
NCT100004160,Parkinson's Disease
NCT100004161,Hypertension
NCT100004162,Schizophrenia
NCT100004163,Alzheimer's Disease
NCT100004164,Rheumatoid Arthritis
NCT100004165,Parkinson's Disease
NCT100004166,Osteoarthritis
NCT100004167,HIV Infections
NCT100004168,Osteoarthritis
NCT100004169,Asthma
NCT100004170,Obesity
NCT100004171,Schizophrenia
NCT100004172,Parkinson's Disease
NCT100004173,Alzheimer's Disease
NCT100004174,Psoriasis
NCT100004175,Obesity
NCT100004176,Hypertension
NCT100004177,Osteoarthritis
NCT100004178,Chronic Obstructive Pulmonary Disease
NCT100004179,Asthma
NCT100004180,Major Depressive Disorder
NCT100004181,Osteoarthritis
NCT100004182,Alzheimer's Disease
NCT100004183,Multiple Sclerosis
NCT100004184,Osteoarthritis
NCT100004185,Chronic Obstructive Pulmonary Disease
NCT100004186,Non-Small Cell Lung Cancer
NCT100004187,Hypertension
NCT100004188,Obesity
NCT100004189,Chronic Kidney Disease
NCT100004190,Non-Small Cell Lung Cancer
NCT100004191,Major Depressive Disorder
NCT100004192,Parkinson's Disease
NCT100004193,Type 2 Diabetes Mellitus
NCT100004194,Rheumatoid Arthritis
NCT100004195,Asthma
NCT100004196,Hypertension
NCT100004197,Parkinson's Disease
NCT100004198,Coronary Artery Disease
NCT100004199,Non-Small Cell Lung Cancer
NCT100004200,Type 2 Diabetes Mellitus
NCT100004201,Coronary Artery Disease
NCT100004202,Coronary Artery Disease
NCT100004203,Breast Cancer
NCT100004204,Schizophrenia
NCT100004205,Ulcerative Colitis
NCT100004206,Osteoarthritis
NCT100004207,Hypertension
NCT100004208,Multiple Sclerosis
NCT100004209,Asthma
NCT100004210,Chronic Kidney Disease
NCT100004211,Type 2 Diabetes Mellitus
NCT100004212,Obesity
NCT100004213,Hypertension
NCT100004214,Breast Cancer
NCT100004215,Rheumatoid Arthritis
NCT100004216,Non-Small Cell Lung Cancer
NCT100004217,Alzheimer's Disease
NCT100004218,Obesity
NCT100004219,Psoriasis
NCT100004220,Rheumatoid Arthritis
NCT100004221,Psoriasis
NCT100004222,Psoriasis
NCT100004223,Obesity
NCT100004224,Multiple Sclerosis
NCT100004225,HIV Infections
NCT100004226,Osteoarthritis
NCT100004227,Coronary Artery Disease
NCT100004228,Non-Small Cell Lung Cancer
NCT100004229,Obesity
NCT100004230,Hypertension
NCT100004231,HIV Infections
NCT100004232,Multiple Sclerosis
NCT100004233,Chronic Kidney Disease
NCT100004234,Coronary Artery Disease
NCT100004235,Osteoarthritis
NCT100004236,Breast Cancer
NCT100004237,Coronary Artery Disease
NCT100004238,Migraine
NCT100004239,Major Depressive Disorder
NCT100004240,Migraine
NCT100004241,Coronary Artery Disease
NCT100004242,Coronary Artery Disease
NCT100004243,Chronic Kidney Disease
NCT100004244,Hypertension
NCT100004245,Hypertension
NCT100004246,Parkinson's Disease
NCT100004247,Chronic Kidney Disease
NCT100004248,Coronary Artery Disease
NCT100004249,Schizophrenia
NCT100004250,Rheumatoid Arthritis
NCT100004251,Type 2 Diabetes Mellitus
NCT100004252,Psoriasis
NCT100004253,Chronic Kidney Disease
NCT100004254,Migraine
NCT100004255,Psoriasis
NCT100004256,Rheumatoid Arthritis
NCT100004257,Breast Cancer
NCT100004258,Rheumatoid Arthritis
NCT100004259,Schizophrenia
NCT100004260,Chronic Obstructive Pulmonary Disease
NCT100004261,Osteoarthritis
NCT100004262,Rheumatoid Arthritis
NCT100004263,Multiple Sclerosis
NCT100004264,Obesity
NCT100004265,Type 2 Diabetes Mellitus
NCT100004266,Alzheimer's Disease
NCT100004267,Hypertension
NCT100004268,Multiple Sclerosis
NCT100004269,HIV Infections
NCT100004270,Parkinson's Disease
NCT100004271,Parkinson's Disease
NCT100004272,Chronic Kidney Disease
NCT100004273,Rheumatoid Arthritis
NCT100004274,Schizophrenia
NCT100004275,Asthma
NCT100004276,Multiple Sclerosis
NCT100004277,Rheumatoid Arthritis
NCT100004278,Chronic Kidney Disease
NCT100004279,Osteoarthritis
NCT100004280,Non-Small Cell Lung Cancer
NCT100004281,Schizophrenia
NCT100004282,Asthma
NCT100004283,Migraine
NCT100004284,Hypertension
NCT100004285,Rheumatoid Arthritis
NCT100004286,Migraine
NCT100004287,Asthma
NCT100004288,Schizophrenia
NCT100004289,Hypertension
NCT100004290,Major Depressive Disorder
NCT100004291,Major Depressive Disorder
NCT100004292,Type 2 Diabetes Mellitus
NCT100004293,Chronic Kidney Disease
NCT100004294,Asthma
NCT100004295,Alzheimer's Disease
NCT100004296,Rheumatoid Arthritis
NCT100004297,Chronic Kidney Disease
NCT100004298,Chronic Obstructive Pulmonary Disease
NCT100004299,Coronary Artery Disease
NCT100004300,Type 2 Diabetes Mellitus
NCT100004301,Obesity
NCT100004302,Coronary Artery Disease
NCT100004303,Rheumatoid Arthritis
NCT100004304,Type 2 Diabetes Mellitus
NCT100004305,Breast Cancer
NCT100004306,Schizophrenia
NCT100004307,Rheumatoid Arthritis
NCT100004308,Obesity
NCT100004309,Parkinson's Disease
NCT100004310,Osteoarthritis
NCT100004311,Hypertension
NCT100004312,Psoriasis
NCT100004313,Asthma
NCT100004314,Schizophrenia
NCT100004315,Major Depressive Disorder
NCT100004316,Type 2 Diabetes Mellitus
NCT100004317,Ulcerative Colitis
NCT100004318,Asthma
NCT100004319,Chronic Kidney Disease
NCT100004320,Non-Small Cell Lung Cancer
NCT100004321,Obesity
NCT100004322,Multiple Sclerosis
NCT100004323,Ulcerative Colitis
NCT100004324,Schizophrenia
NCT100004325,Rheumatoid Arthritis
NCT100004326,Chronic Obstructive Pulmonary Disease
NCT100004327,HIV Infections
NCT100004328,Breast Cancer
NCT100004329,Ulcerative Colitis
NCT100004330,Osteoarthritis
NCT100004331,Osteoarthritis
NCT100004332,Alzheimer's Disease
NCT100004333,Type 2 Diabetes Mellitus
NCT100004334,Parkinson's Disease
NCT100004335,Ulcerative Colitis
NCT100004336,Rheumatoid Arthritis
NCT100004337,Asthma
NCT100004338,Breast Cancer
NCT100004339,Type 2 Diabetes Mellitus
NCT100004340,Obesity
NCT100004341,Non-Small Cell Lung Cancer
NCT100004342,Osteoarthritis
NCT100004343,Parkinson's Disease
NCT100004344,Asthma
NCT100004345,Non-Small Cell Lung Cancer
NCT100004346,Asthma
NCT100004347,Schizophrenia
NCT100004348,Multiple Sclerosis
NCT100004349,Schizophrenia
NCT100004350,Type 2 Diabetes Mellitus
NCT100004351,Major Depressive Disorder
NCT100004352,Osteoarthritis
NCT100004353,Non-Small Cell Lung Cancer
NCT100004354,Asthma
NCT100004355,Obesity
NCT100004356,Chronic Obstructive Pulmonary Disease
NCT100004357,HIV Infections
NCT100004358,Psoriasis
NCT100004359,Rheumatoid Arthritis
NCT100004360,Chronic Kidney Disease
NCT100004361,Coronary Artery Disease
NCT100004362,Psoriasis
NCT100004363,Type 2 Diabetes Mellitus
NCT100004364,Chronic Obstructive Pulmonary Disease
NCT100004365,Hypertension
NCT100004366,Psoriasis
NCT100004367,Schizophrenia
NCT100004368,Osteoarthritis
NCT100004369,Psoriasis
NCT100004370,Coronary Artery Disease
NCT100004371,Non-Small Cell Lung Cancer
NCT100004372,Multiple Sclerosis
NCT100004373,Multiple Sclerosis
NCT100004374,Schizophrenia
NCT100004375,Obesity
NCT100004376,Asthma
NCT100004377,Type 2 Diabetes Mellitus
NCT100004378,Psoriasis
NCT100004379,Major Depressive Disorder
NCT100004380,Schizophrenia
NCT100004381,Parkinson's Disease
NCT100004382,Non-Small Cell Lung Cancer
NCT100004383,Coronary Artery Disease
NCT100004384,Multiple Sclerosis
NCT100004385,Breast Cancer
NCT100004386,Schizophrenia
NCT100004387,Chronic Kidney Disease
NCT100004388,Major Depressive Disorder
NCT100004389,Coronary Artery Disease
NCT100004390,HIV Infections
NCT100004391,Alzheimer's Disease
NCT100004392,Ulcerative Colitis
NCT100004393,Breast Cancer
NCT100004394,Schizophrenia
NCT100004395,Type 2 Diabetes Mellitus
NCT100004396,Parkinson's Disease
NCT100004397,Major Depressive Disorder
NCT100004398,Alzheimer's Disease
NCT100004399,Alzheimer's Disease
NCT100004400,Psoriasis
NCT100004401,Rheumatoid Arthritis
NCT100004402,Psoriasis
NCT100004403,Type 2 Diabetes Mellitus
NCT100004404,Schizophrenia
NCT100004405,Osteoarthritis
NCT100004406,Breast Cancer
NCT100004407,Type 2 Diabetes Mellitus
NCT100004408,Obesity
NCT100004409,Multiple Sclerosis
NCT100004410,Osteoarthritis
NCT100004411,Ulcerative Colitis
NCT100004412,Chronic Obstructive Pulmonary Disease
NCT100004413,Hypertension
NCT100004414,Schizophrenia
NCT100004415,Non-Small Cell Lung Cancer
NCT100004416,Non-Small Cell Lung Cancer
NCT100004417,Multiple Sclerosis
NCT100004418,Rheumatoid Arthritis
NCT100004419,Chronic Obstructive Pulmonary Disease
NCT100004420,Non-Small Cell Lung Cancer
NCT100004421,Breast Cancer
NCT100004422,Non-Small Cell Lung Cancer
NCT100004423,Chronic Obstructive Pulmonary Disease
NCT100004424,Chronic Kidney Disease
NCT100004425,Parkinson's Disease
NCT100004426,Psoriasis
NCT100004427,Asthma
NCT100004428,Type 2 Diabetes Mellitus
NCT100004429,Alzheimer's Disease
NCT100004430,Chronic Kidney Disease
NCT100004431,Type 2 Diabetes Mellitus
NCT100004432,Chronic Kidney Disease
NCT100004433,Parkinson's Disease
NCT100004434,Schizophrenia
NCT100004435,Major Depressive Disorder
NCT100004436,Breast Cancer
NCT100004437,Alzheimer's Disease
NCT100004438,Chronic Kidney Disease
NCT100004439,Ulcerative Colitis
NCT100004440,Schizophrenia
NCT100004441,Coronary Artery Disease
NCT100004442,HIV Infections
NCT100004443,Non-Small Cell Lung Cancer
NCT100004444,Asthma
NCT100004445,Migraine
NCT100004446,Osteoarthritis
NCT100004447,Parkinson's Disease
NCT100004448,Psoriasis
NCT100004449,Rheumatoid Arthritis
NCT100004450,Chronic Kidney Disease
NCT100004451,Multiple Sclerosis
NCT100004452,HIV Infections
NCT100004453,Non-Small Cell Lung Cancer
NCT100004454,HIV Infections
NCT100004455,Non-Small Cell Lung Cancer
NCT100004456,Parkinson's Disease
NCT100004457,Coronary Artery Disease
NCT100004458,HIV Infections
NCT100004459,Multiple Sclerosis
NCT100004460,Osteoarthritis
NCT100004461,Major Depressive Disorder
NCT100004462,Coronary Artery Disease
NCT100004463,HIV Infections
NCT100004464,Osteoarthritis
NCT100004465,Chronic Obstructive Pulmonary Disease
NCT100004466,Psoriasis
NCT100004467,Schizophrenia
NCT100004468,Ulcerative Colitis
NCT100004469,HIV Infections
NCT100004470,Chronic Obstructive Pulmonary Disease
NCT100004471,Osteoarthritis
NCT100004472,Hypertension
NCT100004473,Migraine
NCT100004474,Asthma
NCT100004475,Rheumatoid Arthritis
NCT100004476,Chronic Kidney Disease
NCT100004477,Non-Small Cell Lung Cancer
NCT100004478,Rheumatoid Arthritis
NCT100004479,Schizophrenia
NCT100004480,Type 2 Diabetes Mellitus
NCT100004481,Migraine
NCT100004482,Ulcerative Colitis
NCT100004483,Breast Cancer
NCT100004484,Psoriasis
NCT100004485,HIV Infections
NCT100004486,Rheumatoid Arthritis
NCT100004487,Hypertension
NCT100004488,Rheumatoid Arthritis
NCT100004489,Ulcerative Colitis
NCT100004490,Osteoarthritis
NCT100004491,Osteoarthritis
NCT100004492,Migraine
NCT100004493,Asthma
NCT100004494,Asthma
NCT100004495,Psoriasis
NCT100004496,Rheumatoid Arthritis
NCT100004497,Rheumatoid Arthritis
NCT100004498,Asthma
NCT100004499,Type 2 Diabetes Mellitus
NCT100004500,Multiple Sclerosis
NCT100004501,Ulcerative Colitis
NCT100004502,Breast Cancer
NCT100004503,Rheumatoid Arthritis
NCT100004504,Major Depressive Disorder
NCT100004505,Osteoarthritis
NCT100004506,Schizophrenia
NCT100004507,Rheumatoid Arthritis
NCT100004508,Osteoarthritis
NCT100004509,Parkinson's Disease
NCT100004510,Psoriasis
NCT100004511,HIV Infections
NCT100004512,HIV Infections
NCT100004513,Coronary Artery Disease
NCT100004514,Hypertension
NCT100004515,Osteoarthritis
NCT100004516,Obesity
NCT100004517,Chronic Obstructive Pulmonary Disease
NCT100004518,HIV Infections
NCT100004519,Multiple Sclerosis
NCT100004520,Type 2 Diabetes Mellitus
NCT100004521,Migraine
NCT100004522,Obesity
NCT100004523,Schizophrenia
NCT100004524,Coronary Artery Disease
NCT100004525,Rheumatoid Arthritis
NCT100004526,Alzheimer's Disease
NCT100004527,Major Depressive Disorder
NCT100004528,Asthma
NCT100004529,Breast Cancer
NCT100004530,Alzheimer's Disease
NCT100004531,Osteoarthritis
NCT100004532,Multiple Sclerosis
NCT100004533,Hypertension
NCT100004534,Asthma
NCT100004535,Type 2 Diabetes Mellitus
NCT100004536,Type 2 Diabetes Mellitus
NCT100004537,Rheumatoid Arthritis
NCT100004538,Non-Small Cell Lung Cancer
NCT100004539,Major Depressive Disorder
NCT100004540,Obesity
NCT100004541,Chronic Obstructive Pulmonary Disease
NCT100004542,Multiple Sclerosis
NCT100004543,Psoriasis
NCT100004544,Ulcerative Colitis
NCT100004545,Multiple Sclerosis
NCT100004546,Alzheimer's Disease
NCT100004547,Non-Small Cell Lung Cancer
NCT100004548,Alzheimer's Disease
NCT100004549,Alzheimer's Disease
NCT100004550,Psoriasis
NCT100004551,Non-Small Cell Lung Cancer
NCT100004552,Multiple Sclerosis
NCT100004553,Psoriasis
NCT100004554,Ulcerative Colitis
NCT100004555,Psoriasis
NCT100004556,Parkinson's Disease
NCT100004557,Major Depressive Disorder
NCT100004558,Rheumatoid Arthritis
NCT100004559,Hypertension
NCT100004560,Multiple Sclerosis
NCT100004561,Multiple Sclerosis
NCT100004562,Psoriasis
NCT100004563,Chronic Obstructive Pulmonary Disease
NCT100004564,Osteoarthritis
NCT100004565,Major Depressive Disorder
NCT100004566,Migraine
NCT100004567,Chronic Kidney Disease
NCT100004568,Psoriasis
NCT100004569,Psoriasis
NCT100004570,Migraine
NCT100004571,Parkinson's Disease
NCT100004572,Coronary Artery Disease
NCT100004573,Ulcerative Colitis
NCT100004574,Chronic Kidney Disease
NCT100004575,Osteoarthritis
NCT100004576,Chronic Obstructive Pulmonary Disease
NCT100004577,Obesity
NCT100004578,Migraine
NCT100004579,Obesity
NCT100004580,Coronary Artery Disease
NCT100004581,Chronic Obstructive Pulmonary Disease
NCT100004582,Psoriasis
NCT100004583,Parkinson's Disease
NCT100004584,Migraine
NCT100004585,Coronary Artery Disease
NCT100004586,Type 2 Diabetes Mellitus
NCT100004587,Type 2 Diabetes Mellitus
NCT100004588,Type 2 Diabetes Mellitus
NCT100004589,Ulcerative Colitis
NCT100004590,Chronic Obstructive Pulmonary Disease
NCT100004591,Type 2 Diabetes Mellitus
NCT100004592,Schizophrenia
NCT100004593,Osteoarthritis
NCT100004594,Chronic Kidney Disease
NCT100004595,Schizophrenia
NCT100004596,Chronic Kidney Disease
NCT100004597,Coronary Artery Disease
NCT100004598,Hypertension
NCT100004599,Ulcerative Colitis
NCT100004600,Obesity
NCT100004601,Chronic Obstructive Pulmonary Disease
NCT100004602,Schizophrenia
NCT100004603,Rheumatoid Arthritis
NCT100004604,Rheumatoid Arthritis
NCT100004605,Non-Small Cell Lung Cancer
NCT100004606,HIV Infections
NCT100004607,Major Depressive Disorder
NCT100004608,Non-Small Cell Lung Cancer
NCT100004609,Breast Cancer
NCT100004610,Major Depressive Disorder
NCT100004611,Multiple Sclerosis
NCT100004612,Coronary Artery Disease
NCT100004613,Hypertension
NCT100004614,Hypertension
NCT100004615,Coronary Artery Disease
NCT100004616,Multiple Sclerosis
NCT100004617,HIV Infections
NCT100004618,Type 2 Diabetes Mellitus
NCT100004619,Ulcerative Colitis
NCT100004620,Psoriasis
NCT100004621,Parkinson's Disease
NCT100004622,Chronic Obstructive Pulmonary Disease
NCT100004623,Schizophrenia
NCT100004624,Alzheimer's Disease
NCT100004625,Chronic Kidney Disease
NCT100004626,Obesity
NCT100004627,Migraine
NCT100004628,Type 2 Diabetes Mellitus
NCT100004629,Major Depressive Disorder
NCT100004630,Non-Small Cell Lung Cancer
NCT100004631,Migraine
NCT100004632,Ulcerative Colitis
NCT100004633,Major Depressive Disorder
NCT100004634,Hypertension
NCT100004635,Multiple Sclerosis
NCT100004636,Major Depressive Disorder
NCT100004637,Obesity
NCT100004638,Coronary Artery Disease
NCT100004639,Non-Small Cell Lung Cancer
NCT100004640,Obesity
NCT100004641,Breast Cancer
NCT100004642,Type 2 Diabetes Mellitus
NCT100004643,Psoriasis
NCT100004644,HIV Infections
NCT100004645,Obesity
NCT100004646,Migraine
NCT100004647,Schizophrenia
NCT100004648,Hypertension
NCT100004649,Chronic Obstructive Pulmonary Disease
NCT100004650,Type 2 Diabetes Mellitus
NCT100004651,Alzheimer's Disease
NCT100004652,Rheumatoid Arthritis
NCT100004653,Psoriasis
NCT100004654,HIV Infections
NCT100004655,Parkinson's Disease
NCT100004656,Rheumatoid Arthritis
NCT100004657,Chronic Kidney Disease
NCT100004658,Breast Cancer
NCT100004659,Hypertension
NCT100004660,Hypertension
NCT100004661,Non-Small Cell Lung Cancer
NCT100004662,Rheumatoid Arthritis
NCT100004663,Ulcerative Colitis
NCT100004664,Osteoarthritis
NCT100004665,Non-Small Cell Lung Cancer
NCT100004666,Alzheimer's Disease
NCT100004667,Hypertension
NCT100004668,Chronic Obstructive Pulmonary Disease
NCT100004669,Chronic Kidney Disease
NCT100004670,Rheumatoid Arthritis
NCT100004671,Obesity
NCT100004672,HIV Infections
NCT100004673,Hypertension
NCT100004674,Migraine
NCT100004675,Asthma
NCT100004676,Asthma
NCT100004677,Non-Small Cell Lung Cancer
NCT100004678,Migraine
NCT100004679,Alzheimer's Disease
NCT100004680,Multiple Sclerosis
NCT100004681,Schizophrenia
NCT100004682,Ulcerative Colitis
NCT100004683,Rheumatoid Arthritis
NCT100004684,Major Depressive Disorder
NCT100004685,Chronic Obstructive Pulmonary Disease
NCT100004686,Multiple Sclerosis
NCT100004687,Alzheimer's Disease
NCT100004688,Psoriasis
NCT100004689,Rheumatoid Arthritis
NCT100004690,Chronic Kidney Disease
NCT100004691,Psoriasis
NCT100004692,Psoriasis
NCT100004693,Breast Cancer
NCT100004694,Ulcerative Colitis
NCT100004695,Ulcerative Colitis
NCT100004696,Type 2 Diabetes Mellitus
NCT100004697,Alzheimer's Disease
NCT100004698,Breast Cancer
NCT100004699,Rheumatoid Arthritis
NCT100004700,Asthma
NCT100004701,Hypertension
NCT100004702,Breast Cancer
NCT100004703,Coronary Artery Disease
NCT100004704,Asthma
NCT100004705,Rheumatoid Arthritis
NCT100004706,Chronic Obstructive Pulmonary Disease
NCT100004707,HIV Infections
NCT100004708,Rheumatoid Arthritis
NCT100004709,Major Depressive Disorder
NCT100004710,Parkinson's Disease
NCT100004711,Non-Small Cell Lung Cancer
NCT100004712,HIV Infections
NCT100004713,Breast Cancer
NCT100004714,Osteoarthritis
NCT100004715,Coronary Artery Disease
NCT100004716,Obesity
NCT100004717,Multiple Sclerosis
NCT100004718,Asthma
NCT100004719,Migraine
NCT100004720,Non-Small Cell Lung Cancer
NCT100004721,Chronic Kidney Disease
NCT100004722,Type 2 Diabetes Mellitus
NCT100004723,Multiple Sclerosis
NCT100004724,Migraine
NCT100004725,Non-Small Cell Lung Cancer
NCT100004726,Migraine
NCT100004727,Coronary Artery Disease
NCT100004728,Multiple Sclerosis
NCT100004729,Asthma
NCT100004730,HIV Infections
NCT100004731,HIV Infections
NCT100004732,Obesity
NCT100004733,Major Depressive Disorder
NCT100004734,Osteoarthritis
NCT100004735,Chronic Obstructive Pulmonary Disease
NCT100004736,Ulcerative Colitis
NCT100004737,Ulcerative Colitis
NCT100004738,Parkinson's Disease
NCT100004739,Osteoarthritis
NCT100004740,Major Depressive Disorder
NCT100004741,Alzheimer's Disease
NCT100004742,Rheumatoid Arthritis
NCT100004743,Ulcerative Colitis
NCT100004744,Osteoarthritis
NCT100004745,Breast Cancer
NCT100004746,Coronary Artery Disease
NCT100004747,Type 2 Diabetes Mellitus
NCT100004748,Chronic Kidney Disease
NCT100004749,HIV Infections
NCT100004750,Non-Small Cell Lung Cancer
NCT100004751,Ulcerative Colitis
NCT100004752,Multiple Sclerosis
NCT100004753,Migraine
NCT100004754,Type 2 Diabetes Mellitus
NCT100004755,HIV Infections
NCT100004756,Breast Cancer
NCT100004757,Asthma
NCT100004758,Alzheimer's Disease
NCT100004759,Migraine
NCT100004760,Rheumatoid Arthritis
NCT100004761,Alzheimer's Disease
NCT100004762,HIV Infections
NCT100004763,Alzheimer's Disease
NCT100004764,Osteoarthritis
NCT100004765,Type 2 Diabetes Mellitus
NCT100004766,Coronary Artery Disease
NCT100004767,Chronic Kidney Disease
NCT100004768,Rheumatoid Arthritis
NCT100004769,HIV Infections
NCT100004770,Migraine
NCT100004771,Breast Cancer
NCT100004772,Type 2 Diabetes Mellitus
NCT100004773,Parkinson's Disease
NCT100004774,Chronic Obstructive Pulmonary Disease
NCT100004775,Non-Small Cell Lung Cancer
NCT100004776,Chronic Kidney Disease
NCT100004777,Osteoarthritis
NCT100004778,Multiple Sclerosis
NCT100004779,HIV Infections
NCT100004780,Type 2 Diabetes Mellitus
NCT100004781,HIV Infections
NCT100004782,Hypertension
NCT100004783,Osteoarthritis
NCT100004784,Major Depressive Disorder
NCT100004785,Obesity
NCT100004786,HIV Infections
NCT100004787,Schizophrenia
NCT100004788,Migraine
NCT100004789,Breast Cancer
NCT100004790,Coronary Artery Disease
NCT100004791,Non-Small Cell Lung Cancer
NCT100004792,Obesity
NCT100004793,HIV Infections
NCT100004794,Migraine
NCT100004795,Obesity
NCT100004796,Schizophrenia
NCT100004797,Rheumatoid Arthritis
NCT100004798,Rheumatoid Arthritis
NCT100004799,HIV Infections
NCT100004800,Obesity
NCT100004801,Chronic Obstructive Pulmonary Disease
NCT100004802,Parkinson's Disease
NCT100004803,Osteoarthritis
NCT100004804,Non-Small Cell Lung Cancer
NCT100004805,Hypertension
NCT100004806,Non-Small Cell Lung Cancer
NCT100004807,Breast Cancer
NCT100004808,Major Depressive Disorder
NCT100004809,Parkinson's Disease
NCT100004810,HIV Infections
NCT100004811,Type 2 Diabetes Mellitus
NCT100004812,Type 2 Diabetes Mellitus
NCT100004813,Breast Cancer
NCT100004814,Alzheimer's Disease
NCT100004815,Asthma
NCT100004816,Multiple Sclerosis
NCT100004817,HIV Infections
NCT100004818,Schizophrenia
NCT100004819,Psoriasis
NCT100004820,Hypertension
NCT100004821,HIV Infections
NCT100004822,Schizophrenia
NCT100004823,Breast Cancer
NCT100004824,Type 2 Diabetes Mellitus
NCT100004825,Hypertension
NCT100004826,Multiple Sclerosis
NCT100004827,Non-Small Cell Lung Cancer
NCT100004828,Asthma
NCT100004829,Major Depressive Disorder
NCT100004830,Hypertension
NCT100004831,Multiple Sclerosis
NCT100004832,Ulcerative Colitis
NCT100004833,Non-Small Cell Lung Cancer
NCT100004834,Obesity
NCT100004835,Breast Cancer
NCT100004836,Parkinson's Disease
NCT100004837,Coronary Artery Disease
NCT100004838,Chronic Kidney Disease
NCT100004839,Parkinson's Disease
NCT100004840,Hypertension
NCT100004841,Rheumatoid Arthritis
NCT100004842,Ulcerative Colitis
NCT100004843,Parkinson's Disease
NCT100004844,Hypertension
NCT100004845,Osteoarthritis
NCT100004846,Obesity
NCT100004847,Chronic Kidney Disease
NCT100004848,Ulcerative Colitis
NCT100004849,Psoriasis
NCT100004850,Chronic Kidney Disease
NCT100004851,HIV Infections
NCT100004852,Major Depressive Disorder
NCT100004853,Type 2 Diabetes Mellitus
NCT100004854,Parkinson's Disease
NCT100004855,Psoriasis
NCT100004856,Hypertension
NCT100004857,Parkinson's Disease
NCT100004858,Coronary Artery Disease
NCT100004859,Psoriasis
NCT100004860,Asthma
NCT100004861,Migraine
NCT100004862,Schizophrenia
NCT100004863,Migraine
NCT100004864,HIV Infections
NCT100004865,Schizophrenia
NCT100004866,Asthma
NCT100004867,Ulcerative Colitis
NCT100004868,Rheumatoid Arthritis
NCT100004869,Rheumatoid Arthritis
NCT100004870,Breast Cancer
NCT100004871,HIV Infections
NCT100004872,Alzheimer's Disease
NCT100004873,Psoriasis
NCT100004874,HIV Infections
NCT100004875,Multiple Sclerosis
NCT100004876,HIV Infections
NCT100004877,Breast Cancer
NCT100004878,Multiple Sclerosis
NCT100004879,Osteoarthritis
NCT100004880,Obesity
NCT100004881,Osteoarthritis
NCT100004882,Ulcerative Colitis
NCT100004883,Coronary Artery Disease
NCT100004884,Alzheimer's Disease
NCT100004885,Asthma
NCT100004886,Breast Cancer
NCT100004887,Multiple Sclerosis
NCT100004888,Type 2 Diabetes Mellitus
NCT100004889,Hypertension
NCT100004890,Breast Cancer
NCT100004891,Chronic Kidney Disease
NCT100004892,Multiple Sclerosis
NCT100004893,Psoriasis
NCT100004894,Rheumatoid Arthritis
NCT100004895,Multiple Sclerosis
NCT100004896,Osteoarthritis
NCT100004897,Schizophrenia
NCT100004898,Alzheimer's Disease
NCT100004899,Major Depressive Disorder
NCT100004900,Migraine
NCT100004901,Psoriasis
NCT100004902,Ulcerative Colitis
NCT100004903,Schizophrenia
NCT100004904,Multiple Sclerosis
NCT100004905,Chronic Kidney Disease
NCT100004906,Migraine
NCT100004907,Alzheimer's Disease
NCT100004908,Coronary Artery Disease
NCT100004909,Breast Cancer
NCT100004910,Psoriasis
NCT100004911,Parkinson's Disease
NCT100004912,Rheumatoid Arthritis
NCT100004913,Major Depressive Disorder
NCT100004914,Ulcerative Colitis
NCT100004915,Schizophrenia
NCT100004916,Parkinson's Disease
NCT100004917,Asthma
NCT100004918,Alzheimer's Disease
NCT100004919,Schizophrenia
NCT100004920,Hypertension
NCT100004921,Major Depressive Disorder
NCT100004922,Rheumatoid Arthritis
NCT100004923,Chronic Obstructive Pulmonary Disease
NCT100004924,Type 2 Diabetes Mellitus
NCT100004925,Parkinson's Disease
NCT100004926,Major Depressive Disorder
NCT100004927,Breast Cancer
NCT100004928,Alzheimer's Disease
NCT100004929,Hypertension
NCT100004930,Psoriasis
NCT100004931,Alzheimer's Disease
NCT100004932,Chronic Obstructive Pulmonary Disease
NCT100004933,Type 2 Diabetes Mellitus
NCT100004934,Osteoarthritis
NCT100004935,Schizophrenia
NCT100004936,Schizophrenia
NCT100004937,HIV Infections
NCT100004938,Breast Cancer
NCT100004939,Type 2 Diabetes Mellitus
NCT100004940,Breast Cancer
NCT100004941,Coronary Artery Disease
NCT100004942,Asthma
NCT100004943,Rheumatoid Arthritis
NCT100004944,Psoriasis
NCT100004945,Major Depressive Disorder
NCT100004946,Ulcerative Colitis
NCT100004947,Chronic Obstructive Pulmonary Disease
NCT100004948,Type 2 Diabetes Mellitus
NCT100004949,Obesity
NCT100004950,Non-Small Cell Lung Cancer
NCT100004951,Alzheimer's Disease
NCT100004952,Chronic Kidney Disease
NCT100004953,Major Depressive Disorder
NCT100004954,Migraine
NCT100004955,Hypertension
NCT100004956,Chronic Kidney Disease
NCT100004957,Multiple Sclerosis
NCT100004958,Asthma
NCT100004959,Alzheimer's Disease
NCT100004960,Non-Small Cell Lung Cancer
NCT100004961,Obesity
NCT100004962,Obesity
NCT100004963,Ulcerative Colitis
NCT100004964,HIV Infections
NCT100004965,Type 2 Diabetes Mellitus
NCT100004966,Breast Cancer
NCT100004967,Psoriasis
NCT100004968,Breast Cancer
NCT100004969,Parkinson's Disease
NCT100004970,Osteoarthritis
NCT100004971,Asthma
NCT100004972,Osteoarthritis
NCT100004973,Parkinson's Disease
NCT100004974,Breast Cancer
NCT100004975,HIV Infections
NCT100004976,Multiple Sclerosis
NCT100004977,Migraine
NCT100004978,Hypertension
NCT100004979,Schizophrenia
NCT100004980,Alzheimer's Disease
NCT100004981,Coronary Artery Disease
NCT100004982,Alzheimer's Disease
NCT100004983,Chronic Obstructive Pulmonary Disease
NCT100004984,Chronic Kidney Disease
NCT100004985,Rheumatoid Arthritis
NCT100004986,Parkinson's Disease
NCT100004987,Ulcerative Colitis
NCT100004988,Breast Cancer
NCT100004989,Chronic Kidney Disease
NCT100004990,Alzheimer's Disease
NCT100004991,Coronary Artery Disease
NCT100004992,Multiple Sclerosis
NCT100004993,Parkinson's Disease
NCT100004994,Multiple Sclerosis
NCT100004995,Migraine
NCT100004996,Osteoarthritis
NCT100004997,Migraine
NCT100004998,Osteoarthritis
NCT100004999,Major Depressive Disorder
NCT100005000,Parkinson's Disease
NCT100005001,Ulcerative Colitis
NCT100005002,Osteoarthritis
NCT100005003,Osteoarthritis
NCT100005004,Obesity
NCT100005005,Obesity
NCT100005006,Multiple Sclerosis
NCT100005007,Hypertension
NCT100005008,Osteoarthritis
NCT100005009,Rheumatoid Arthritis
NCT100005010,Alzheimer's Disease
NCT100005011,Non-Small Cell Lung Cancer
NCT100005012,Type 2 Diabetes Mellitus
NCT100005013,Type 2 Diabetes Mellitus
NCT100005014,Non-Small Cell Lung Cancer
NCT100005015,Chronic Obstructive Pulmonary Disease
NCT100005016,Psoriasis
NCT100005017,Parkinson's Disease
NCT100005018,Psoriasis
NCT100005019,Rheumatoid Arthritis
NCT100005020,Asthma
NCT100005021,Type 2 Diabetes Mellitus
NCT100005022,Type 2 Diabetes Mellitus
NCT100005023,Chronic Obstructive Pulmonary Disease
NCT100005024,Non-Small Cell Lung Cancer
NCT100005025,Parkinson's Disease
NCT100005026,Major Depressive Disorder
NCT100005027,Major Depressive Disorder
NCT100005028,Chronic Kidney Disease
NCT100005029,Rheumatoid Arthritis
NCT100005030,Asthma
NCT100005031,HIV Infections
NCT100005032,Schizophrenia
NCT100005033,Osteoarthritis
NCT100005034,Ulcerative Colitis
NCT100005035,Asthma
NCT100005036,Psoriasis
NCT100005037,Multiple Sclerosis
NCT100005038,Chronic Kidney Disease
NCT100005039,Hypertension
NCT100005040,Rheumatoid Arthritis
NCT100005041,Ulcerative Colitis
NCT100005042,Major Depressive Disorder
NCT100005043,Chronic Obstructive Pulmonary Disease
NCT100005044,Multiple Sclerosis
NCT100005045,Coronary Artery Disease
NCT100005046,Parkinson's Disease
NCT100005047,Hypertension
NCT100005048,Chronic Kidney Disease
NCT100005049,HIV Infections
NCT100005050,Ulcerative Colitis
NCT100005051,Chronic Kidney Disease
NCT100005052,Migraine
NCT100005053,Chronic Obstructive Pulmonary Disease
NCT100005054,Osteoarthritis
NCT100005055,Hypertension
NCT100005056,Parkinson's Disease
NCT100005057,Psoriasis
NCT100005058,Obesity
NCT100005059,Alzheimer's Disease
NCT100005060,Multiple Sclerosis
NCT100005061,Hypertension
NCT100005062,HIV Infections
NCT100005063,Non-Small Cell Lung Cancer
NCT100005064,Ulcerative Colitis
NCT100005065,Osteoarthritis
NCT100005066,Asthma
NCT100005067,Chronic Kidney Disease
NCT100005068,Chronic Kidney Disease
NCT100005069,Chronic Obstructive Pulmonary Disease
NCT100005070,Coronary Artery Disease
NCT100005071,HIV Infections
NCT100005072,Obesity
NCT100005073,Osteoarthritis
NCT100005074,Obesity
NCT100005075,Type 2 Diabetes Mellitus
NCT100005076,Chronic Obstructive Pulmonary Disease
NCT100005077,Breast Cancer
NCT100005078,Breast Cancer
NCT100005079,Breast Cancer
NCT100005080,Migraine
NCT100005081,Hypertension
NCT100005082,Psoriasis
NCT100005083,Alzheimer's Disease
NCT100005084,Parkinson's Disease
NCT100005085,Chronic Obstructive Pulmonary Disease
NCT100005086,Psoriasis
NCT100005087,Osteoarthritis
NCT100005088,Psoriasis
NCT100005089,Type 2 Diabetes Mellitus
NCT100005090,Parkinson's Disease
NCT100005091,Non-Small Cell Lung Cancer
NCT100005092,Rheumatoid Arthritis
NCT100005093,Obesity
NCT100005094,Hypertension
NCT100005095,Alzheimer's Disease
NCT100005096,Parkinson's Disease
NCT100005097,Coronary Artery Disease
NCT100005098,Schizophrenia
NCT100005099,Chronic Kidney Disease
NCT100005100,Hypertension
NCT100005101,Major Depressive Disorder
NCT100005102,Breast Cancer
NCT100005103,Hypertension
NCT100005104,Non-Small Cell Lung Cancer
NCT100005105,Chronic Kidney Disease
NCT100005106,Ulcerative Colitis
NCT100005107,Obesity
NCT100005108,Psoriasis
NCT100005109,Schizophrenia
NCT100005110,Obesity
NCT100005111,HIV Infections
NCT100005112,Chronic Obstructive Pulmonary Disease
NCT100005113,Chronic Kidney Disease
NCT100005114,Multiple Sclerosis
NCT100005115,Schizophrenia
NCT100005116,Rheumatoid Arthritis
NCT100005117,Schizophrenia
NCT100005118,Obesity
NCT100005119,Parkinson's Disease
NCT100005120,Psoriasis
NCT100005121,Rheumatoid Arthritis
NCT100005122,Chronic Kidney Disease
NCT100005123,Coronary Artery Disease
NCT100005124,Rheumatoid Arthritis
NCT100005125,Hypertension
NCT100005126,Schizophrenia
NCT100005127,Rheumatoid Arthritis
NCT100005128,Osteoarthritis
NCT100005129,Non-Small Cell Lung Cancer
NCT100005130,Non-Small Cell Lung Cancer
NCT100005131,Parkinson's Disease
NCT100005132,Rheumatoid Arthritis
NCT100005133,Chronic Obstructive Pulmonary Disease
NCT100005134,Ulcerative Colitis
NCT100005135,Rheumatoid Arthritis
NCT100005136,Schizophrenia
NCT100005137,Parkinson's Disease
NCT100005138,Obesity
NCT100005139,Parkinson's Disease
NCT100005140,Multiple Sclerosis
NCT100005141,Asthma
NCT100005142,Migraine
NCT100005143,Non-Small Cell Lung Cancer
NCT100005144,Migraine
NCT100005145,Ulcerative Colitis
NCT100005146,Hypertension
NCT100005147,Schizophrenia
NCT100005148,Major Depressive Disorder
NCT100005149,Hypertension
NCT100005150,Chronic Kidney Disease
NCT100005151,Schizophrenia
NCT100005152,Chronic Obstructive Pulmonary Disease
NCT100005153,Alzheimer's Disease
NCT100005154,Schizophrenia
NCT100005155,Coronary Artery Disease
NCT100005156,Psoriasis
NCT100005157,Parkinson's Disease
NCT100005158,Osteoarthritis
NCT100005159,Alzheimer's Disease
NCT100005160,Chronic Obstructive Pulmonary Disease
NCT100005161,Type 2 Diabetes Mellitus
NCT100005162,Coronary Artery Disease
NCT100005163,Parkinson's Disease
NCT100005164,Psoriasis
NCT100005165,Rheumatoid Arthritis
NCT100005166,Rheumatoid Arthritis
NCT100005167,Migraine
NCT100005168,Non-Small Cell Lung Cancer
NCT100005169,Psoriasis
NCT100005170,Chronic Kidney Disease
NCT100005171,Chronic Obstructive Pulmonary Disease
NCT100005172,Non-Small Cell Lung Cancer
NCT100005173,Obesity
NCT100005174,Alzheimer's Disease
NCT100005175,Alzheimer's Disease
NCT100005176,Obesity
NCT100005177,Migraine
NCT100005178,Major Depressive Disorder
NCT100005179,Osteoarthritis
NCT100005180,Parkinson's Disease
NCT100005181,Coronary Artery Disease
NCT100005182,Migraine
NCT100005183,Parkinson's Disease
NCT100005184,Parkinson's Disease
NCT100005185,Schizophrenia
NCT100005186,Chronic Obstructive Pulmonary Disease
NCT100005187,Osteoarthritis
NCT100005188,Major Depressive Disorder
NCT100005189,Schizophrenia
NCT100005190,Chronic Kidney Disease
NCT100005191,Chronic Kidney Disease
NCT100005192,Coronary Artery Disease
NCT100005193,HIV Infections
NCT100005194,Major Depressive Disorder
NCT100005195,HIV Infections
NCT100005196,HIV Infections
NCT100005197,Obesity
NCT100005198,Migraine
NCT100005199,Ulcerative Colitis
NCT100005200,Parkinson's Disease
NCT100005201,Chronic Obstructive Pulmonary Disease
NCT100005202,Parkinson's Disease
NCT100005203,Schizophrenia
NCT100005204,Chronic Kidney Disease
NCT100005205,Hypertension
NCT100005206,Multiple Sclerosis
NCT100005207,Breast Cancer
NCT100005208,Multiple Sclerosis
NCT100005209,Psoriasis
NCT100005210,Psoriasis
NCT100005211,Osteoarthritis
NCT100005212,Ulcerative Colitis
NCT100005213,HIV Infections
NCT100005214,Chronic Kidney Disease
NCT100005215,Type 2 Diabetes Mellitus
NCT100005216,Migraine
NCT100005217,HIV Infections
NCT100005218,Type 2 Diabetes Mellitus
NCT100005219,Osteoarthritis
NCT100005220,Osteoarthritis
NCT100005221,Parkinson's Disease
NCT100005222,Multiple Sclerosis
NCT100005223,Parkinson's Disease
NCT100005224,Non-Small Cell Lung Cancer
NCT100005225,Parkinson's Disease
NCT100005226,Asthma
NCT100005227,Parkinson's Disease
NCT100005228,Migraine
NCT100005229,Major Depressive Disorder
NCT100005230,Psoriasis
NCT100005231,Chronic Obstructive Pulmonary Disease
NCT100005232,Multiple Sclerosis
NCT100005233,Type 2 Diabetes Mellitus
NCT100005234,Breast Cancer
NCT100005235,Migraine
NCT100005236,Chronic Obstructive Pulmonary Disease
NCT100005237,Chronic Obstructive Pulmonary Disease
NCT100005238,Coronary Artery Disease
NCT100005239,Major Depressive Disorder
NCT100005240,Chronic Kidney Disease
NCT100005241,Schizophrenia
NCT100005242,Migraine
NCT100005243,Chronic Obstructive Pulmonary Disease
NCT100005244,Obesity
NCT100005245,Type 2 Diabetes Mellitus
NCT100005246,Rheumatoid Arthritis
NCT100005247,Breast Cancer
NCT100005248,Chronic Kidney Disease
NCT100005249,Osteoarthritis
NCT100005250,HIV Infections
NCT100005251,Chronic Obstructive Pulmonary Disease
NCT100005252,Hypertension
NCT100005253,Chronic Kidney Disease
NCT100005254,Type 2 Diabetes Mellitus
NCT100005255,Coronary Artery Disease
NCT100005256,Parkinson's Disease
NCT100005257,Multiple Sclerosis
NCT100005258,Hypertension
NCT100005259,Rheumatoid Arthritis
NCT100005260,Asthma
NCT100005261,Ulcerative Colitis
NCT100005262,Major Depressive Disorder
NCT100005263,Ulcerative Colitis
NCT100005264,Coronary Artery Disease
NCT100005265,Breast Cancer
NCT100005266,Alzheimer's Disease
NCT100005267,Psoriasis
NCT100005268,Psoriasis
NCT100005269,Rheumatoid Arthritis
NCT100005270,Parkinson's Disease
NCT100005271,Major Depressive Disorder
NCT100005272,Alzheimer's Disease
NCT100005273,Coronary Artery Disease
NCT100005274,Coronary Artery Disease
NCT100005275,Major Depressive Disorder
NCT100005276,Parkinson's Disease
NCT100005277,HIV Infections
NCT100005278,Rheumatoid Arthritis
NCT100005279,Psoriasis
NCT100005280,Chronic Obstructive Pulmonary Disease
NCT100005281,Psoriasis
NCT100005282,Multiple Sclerosis
NCT100005283,Chronic Obstructive Pulmonary Disease
NCT100005284,Ulcerative Colitis
NCT100005285,Osteoarthritis
NCT100005286,Hypertension
NCT100005287,Asthma
NCT100005288,Migraine
NCT100005289,Hypertension
NCT100005290,Breast Cancer
NCT100005291,Schizophrenia
NCT100005292,Chronic Kidney Disease
NCT100005293,Alzheimer's Disease
NCT100005294,Breast Cancer
NCT100005295,Asthma
NCT100005296,Ulcerative Colitis
NCT100005297,HIV Infections
NCT100005298,Migraine
NCT100005299,Chronic Kidney Disease
NCT100005300,Breast Cancer
NCT100005301,Parkinson's Disease
NCT100005302,Migraine
NCT100005303,Coronary Artery Disease
NCT100005304,Schizophrenia
NCT100005305,Multiple Sclerosis
NCT100005306,Non-Small Cell Lung Cancer
NCT100005307,Migraine
NCT100005308,Ulcerative Colitis
NCT100005309,Rheumatoid Arthritis
NCT100005310,Rheumatoid Arthritis
NCT100005311,Chronic Obstructive Pulmonary Disease
NCT100005312,Hypertension
NCT100005313,Parkinson's Disease
NCT100005314,Multiple Sclerosis
NCT100005315,Psoriasis
NCT100005316,Rheumatoid Arthritis
NCT100005317,Non-Small Cell Lung Cancer
NCT100005318,Type 2 Diabetes Mellitus
NCT100005319,Non-Small Cell Lung Cancer
NCT100005320,Ulcerative Colitis
NCT100005321,Alzheimer's Disease
NCT100005322,Breast Cancer
NCT100005323,Migraine
NCT100005324,Asthma
NCT100005325,Asthma
NCT100005326,Type 2 Diabetes Mellitus
NCT100005327,Parkinson's Disease
NCT100005328,HIV Infections
NCT100005329,Obesity
NCT100005330,Asthma
NCT100005331,Chronic Obstructive Pulmonary Disease
NCT100005332,Breast Cancer
NCT100005333,Hypertension
NCT100005334,Migraine
NCT100005335,Major Depressive Disorder
NCT100005336,Hypertension
NCT100005337,Obesity
NCT100005338,Hypertension
NCT100005339,Rheumatoid Arthritis
NCT100005340,Rheumatoid Arthritis
NCT100005341,Rheumatoid Arthritis
NCT100005342,Obesity
NCT100005343,Asthma
NCT100005344,Asthma
NCT100005345,Alzheimer's Disease
NCT100005346,Multiple Sclerosis
NCT100005347,HIV Infections
NCT100005348,Rheumatoid Arthritis
NCT100005349,Multiple Sclerosis
NCT100005350,Type 2 Diabetes Mellitus
NCT100005351,Coronary Artery Disease
NCT100005352,Chronic Obstructive Pulmonary Disease
NCT100005353,Alzheimer's Disease
NCT100005354,HIV Infections
NCT100005355,Major Depressive Disorder
NCT100005356,Rheumatoid Arthritis
NCT100005357,Type 2 Diabetes Mellitus
NCT100005358,Alzheimer's Disease
NCT100005359,Hypertension
NCT100005360,Chronic Kidney Disease
NCT100005361,Alzheimer's Disease
NCT100005362,Type 2 Diabetes Mellitus
NCT100005363,Migraine
NCT100005364,Chronic Kidney Disease
NCT100005365,Coronary Artery Disease
NCT100005366,Psoriasis
NCT100005367,Chronic Kidney Disease
NCT100005368,Multiple Sclerosis
NCT100005369,Asthma
NCT100005370,Hypertension
NCT100005371,Schizophrenia
NCT100005372,Hypertension
NCT100005373,HIV Infections
NCT100005374,Asthma
NCT100005375,HIV Infections
NCT100005376,Osteoarthritis
NCT100005377,Multiple Sclerosis
NCT100005378,Breast Cancer
NCT100005379,Osteoarthritis
NCT100005380,Major Depressive Disorder
NCT100005381,HIV Infections
NCT100005382,Parkinson's Disease
NCT100005383,Parkinson's Disease
NCT100005384,Parkinson's Disease
NCT100005385,Alzheimer's Disease
NCT100005386,Multiple Sclerosis
NCT100005387,Parkinson's Disease
NCT100005388,Schizophrenia
NCT100005389,Rheumatoid Arthritis
NCT100005390,Osteoarthritis
NCT100005391,Hypertension
NCT100005392,Chronic Kidney Disease
NCT100005393,Alzheimer's Disease
NCT100005394,Schizophrenia
NCT100005395,Major Depressive Disorder
NCT100005396,Coronary Artery Disease
NCT100005397,Rheumatoid Arthritis
NCT100005398,Breast Cancer
NCT100005399,HIV Infections
NCT100005400,Parkinson's Disease
NCT100005401,Coronary Artery Disease
NCT100005402,Multiple Sclerosis
NCT100005403,Schizophrenia
NCT100005404,Psoriasis
NCT100005405,Chronic Obstructive Pulmonary Disease
NCT100005406,Ulcerative Colitis
NCT100005407,Osteoarthritis
NCT100005408,Rheumatoid Arthritis
NCT100005409,Psoriasis
NCT100005410,Ulcerative Colitis
NCT100005411,Schizophrenia
NCT100005412,Psoriasis
NCT100005413,Hypertension
NCT100005414,Psoriasis
NCT100005415,Asthma
NCT100005416,Asthma
NCT100005417,Non-Small Cell Lung Cancer
NCT100005418,Osteoarthritis
NCT100005419,Coronary Artery Disease
NCT100005420,Non-Small Cell Lung Cancer
NCT100005421,Ulcerative Colitis
NCT100005422,Rheumatoid Arthritis
NCT100005423,Asthma
NCT100005424,Ulcerative Colitis
NCT100005425,Ulcerative Colitis
NCT100005426,Breast Cancer
NCT100005427,Obesity
NCT100005428,Major Depressive Disorder
NCT100005429,Coronary Artery Disease
NCT100005430,Major Depressive Disorder
NCT100005431,Major Depressive Disorder
NCT100005432,Chronic Kidney Disease
NCT100005433,Major Depressive Disorder
NCT100005434,Type 2 Diabetes Mellitus
NCT100005435,Obesity
NCT100005436,Hypertension
NCT100005437,Chronic Kidney Disease
NCT100005438,Coronary Artery Disease
NCT100005439,Migraine
NCT100005440,Chronic Obstructive Pulmonary Disease
NCT100005441,Alzheimer's Disease
NCT100005442,Rheumatoid Arthritis
NCT100005443,Asthma
NCT100005444,Asthma
NCT100005445,Breast Cancer
NCT100005446,Osteoarthritis
NCT100005447,Parkinson's Disease
NCT100005448,Rheumatoid Arthritis
NCT100005449,Type 2 Diabetes Mellitus
NCT100005450,Breast Cancer
NCT100005451,Asthma
NCT100005452,Migraine
NCT100005453,Alzheimer's Disease
NCT100005454,Migraine
NCT100005455,Asthma
NCT100005456,Non-Small Cell Lung Cancer
NCT100005457,Schizophrenia
NCT100005458,Osteoarthritis
NCT100005459,HIV Infections
NCT100005460,Parkinson's Disease
NCT100005461,Osteoarthritis
NCT100005462,Obesity
NCT100005463,Psoriasis
NCT100005464,Psoriasis
NCT100005465,Multiple Sclerosis
NCT100005466,Major Depressive Disorder
NCT100005467,Obesity
NCT100005468,Non-Small Cell Lung Cancer
NCT100005469,Non-Small Cell Lung Cancer
NCT100005470,HIV Infections
NCT100005471,Migraine
NCT100005472,Osteoarthritis
NCT100005473,Multiple Sclerosis
NCT100005474,Osteoarthritis
NCT100005475,Coronary Artery Disease
NCT100005476,Migraine
NCT100005477,Multiple Sclerosis
NCT100005478,Migraine
NCT100005479,Psoriasis
NCT100005480,Rheumatoid Arthritis
NCT100005481,Rheumatoid Arthritis
NCT100005482,Migraine
NCT100005483,Osteoarthritis
NCT100005484,Rheumatoid Arthritis
NCT100005485,Chronic Obstructive Pulmonary Disease
NCT100005486,Hypertension
NCT100005487,Breast Cancer
NCT100005488,HIV Infections
NCT100005489,Rheumatoid Arthritis
NCT100005490,Hypertension
NCT100005491,Schizophrenia
NCT100005492,Parkinson's Disease
NCT100005493,HIV Infections
NCT100005494,Osteoarthritis
NCT100005495,Ulcerative Colitis
NCT100005496,Multiple Sclerosis
NCT100005497,HIV Infections
NCT100005498,Osteoarthritis
NCT100005499,Major Depressive Disorder
NCT100005500,Osteoarthritis
NCT100005501,Rheumatoid Arthritis
NCT100005502,Alzheimer's Disease
NCT100005503,Obesity
NCT100005504,Type 2 Diabetes Mellitus
NCT100005505,Migraine
NCT100005506,Psoriasis
NCT100005507,Type 2 Diabetes Mellitus
NCT100005508,HIV Infections
NCT100005509,Asthma
NCT100005510,Breast Cancer
NCT100005511,Hypertension
NCT100005512,Psoriasis
NCT100005513,Breast Cancer
NCT100005514,Rheumatoid Arthritis
NCT100005515,Non-Small Cell Lung Cancer
NCT100005516,Ulcerative Colitis
NCT100005517,Coronary Artery Disease
NCT100005518,Chronic Kidney Disease
NCT100005519,Non-Small Cell Lung Cancer
NCT100005520,Major Depressive Disorder
NCT100005521,Osteoarthritis
NCT100005522,Breast Cancer
NCT100005523,Hypertension
NCT100005524,Non-Small Cell Lung Cancer
NCT100005525,Major Depressive Disorder
NCT100005526,Alzheimer's Disease
NCT100005527,Rheumatoid Arthritis
NCT100005528,Multiple Sclerosis
NCT100005529,Hypertension
NCT100005530,Breast Cancer
NCT100005531,Chronic Kidney Disease
NCT100005532,Asthma
NCT100005533,HIV Infections
NCT100005534,Multiple Sclerosis
NCT100005535,Schizophrenia
NCT100005536,Hypertension
NCT100005537,Multiple Sclerosis
NCT100005538,Psoriasis
NCT100005539,Type 2 Diabetes Mellitus
NCT100005540,Alzheimer's Disease
NCT100005541,Multiple Sclerosis
NCT100005542,Parkinson's Disease
NCT100005543,Chronic Obstructive Pulmonary Disease
NCT100005544,Non-Small Cell Lung Cancer
NCT100005545,Non-Small Cell Lung Cancer
NCT100005546,Coronary Artery Disease
NCT100005547,Ulcerative Colitis
NCT100005548,HIV Infections
NCT100005549,Coronary Artery Disease
NCT100005550,Non-Small Cell Lung Cancer
NCT100005551,Schizophrenia
NCT100005552,Alzheimer's Disease
NCT100005553,Chronic Kidney Disease
NCT100005554,Coronary Artery Disease
NCT100005555,Alzheimer's Disease
NCT100005556,Schizophrenia
NCT100005557,Osteoarthritis
NCT100005558,Parkinson's Disease
NCT100005559,Coronary Artery Disease
NCT100005560,Chronic Obstructive Pulmonary Disease
NCT100005561,Rheumatoid Arthritis
NCT100005562,Non-Small Cell Lung Cancer
NCT100005563,Parkinson's Disease
NCT100005564,Non-Small Cell Lung Cancer
NCT100005565,Asthma
NCT100005566,Psoriasis
NCT100005567,Parkinson's Disease
NCT100005568,Ulcerative Colitis
NCT100005569,Non-Small Cell Lung Cancer
NCT100005570,Alzheimer's Disease
NCT100005571,HIV Infections
NCT100005572,Psoriasis
NCT100005573,Asthma
NCT100005574,Ulcerative Colitis
NCT100005575,Psoriasis
NCT100005576,Osteoarthritis
NCT100005577,Osteoarthritis
NCT100005578,Alzheimer's Disease
NCT100005579,Non-Small Cell Lung Cancer
NCT100005580,HIV Infections
NCT100005581,Rheumatoid Arthritis
NCT100005582,Asthma
NCT100005583,Major Depressive Disorder
NCT100005584,Obesity
NCT100005585,Schizophrenia
NCT100005586,Schizophrenia
NCT100005587,Type 2 Diabetes Mellitus
NCT100005588,HIV Infections
NCT100005589,Type 2 Diabetes Mellitus
NCT100005590,Parkinson's Disease
NCT100005591,Osteoarthritis
NCT100005592,HIV Infections
NCT100005593,HIV Infections
NCT100005594,Coronary Artery Disease
NCT100005595,Multiple Sclerosis
NCT100005596,Parkinson's Disease
NCT100005597,Chronic Obstructive Pulmonary Disease
NCT100005598,Chronic Kidney Disease
NCT100005599,Obesity
NCT100005600,Psoriasis
NCT100005601,Chronic Kidney Disease
NCT100005602,Coronary Artery Disease
NCT100005603,Multiple Sclerosis
NCT100005604,Major Depressive Disorder
NCT100005605,Rheumatoid Arthritis
NCT100005606,Non-Small Cell Lung Cancer
NCT100005607,Psoriasis
NCT100005608,Asthma
NCT100005609,Alzheimer's Disease
NCT100005610,Psoriasis
NCT100005611,Alzheimer's Disease
NCT100005612,Osteoarthritis
NCT100005613,Asthma
NCT100005614,Breast Cancer
NCT100005615,Chronic Obstructive Pulmonary Disease
NCT100005616,Chronic Kidney Disease
NCT100005617,Migraine
NCT100005618,HIV Infections
NCT100005619,Chronic Kidney Disease
NCT100005620,Type 2 Diabetes Mellitus
NCT100005621,Coronary Artery Disease
NCT100005622,Chronic Kidney Disease
NCT100005623,Psoriasis
NCT100005624,Psoriasis
NCT100005625,Migraine
NCT100005626,Alzheimer's Disease
NCT100005627,Parkinson's Disease
NCT100005628,Asthma
NCT100005629,Ulcerative Colitis
NCT100005630,Major Depressive Disorder
NCT100005631,Ulcerative Colitis
NCT100005632,Non-Small Cell Lung Cancer
NCT100005633,Coronary Artery Disease
NCT100005634,Major Depressive Disorder
NCT100005635,Parkinson's Disease
NCT100005636,Chronic Kidney Disease
NCT100005637,Breast Cancer
NCT100005638,Obesity
NCT100005639,Type 2 Diabetes Mellitus
NCT100005640,Migraine
NCT100005641,Rheumatoid Arthritis
NCT100005642,Obesity
NCT100005643,Obesity
NCT100005644,Obesity
NCT100005645,Type 2 Diabetes Mellitus
NCT100005646,Alzheimer's Disease
NCT100005647,Ulcerative Colitis
NCT100005648,Ulcerative Colitis
NCT100005649,Chronic Kidney Disease
NCT100005650,Non-Small Cell Lung Cancer
NCT100005651,HIV Infections
NCT100005652,Hypertension
NCT100005653,Obesity
NCT100005654,Migraine
NCT100005655,Chronic Kidney Disease
NCT100005656,Major Depressive Disorder
NCT100005657,Schizophrenia
NCT100005658,Migraine
NCT100005659,Osteoarthritis
NCT100005660,Type 2 Diabetes Mellitus
NCT100005661,Schizophrenia
NCT100005662,Rheumatoid Arthritis
NCT100005663,Major Depressive Disorder
NCT100005664,Asthma
NCT100005665,Major Depressive Disorder
NCT100005666,Psoriasis
NCT100005667,Alzheimer's Disease
NCT100005668,Parkinson's Disease
NCT100005669,Hypertension
NCT100005670,Psoriasis
NCT100005671,Alzheimer's Disease
NCT100005672,HIV Infections
NCT100005673,Schizophrenia
NCT100005674,Multiple Sclerosis
NCT100005675,Parkinson's Disease
NCT100005676,Rheumatoid Arthritis
NCT100005677,Major Depressive Disorder
NCT100005678,Major Depressive Disorder
NCT100005679,Rheumatoid Arthritis
NCT100005680,Psoriasis
NCT100005681,Type 2 Diabetes Mellitus
NCT100005682,Multiple Sclerosis
NCT100005683,Osteoarthritis
NCT100005684,Major Depressive Disorder
NCT100005685,Osteoarthritis
NCT100005686,Asthma
NCT100005687,Chronic Kidney Disease
NCT100005688,Non-Small Cell Lung Cancer
NCT100005689,Osteoarthritis
NCT100005690,Breast Cancer
NCT100005691,Ulcerative Colitis
NCT100005692,HIV Infections
NCT100005693,Chronic Obstructive Pulmonary Disease
NCT100005694,Type 2 Diabetes Mellitus
NCT100005695,Obesity
NCT100005696,Psoriasis
NCT100005697,HIV Infections
NCT100005698,Alzheimer's Disease
NCT100005699,Ulcerative Colitis
NCT100005700,Chronic Obstructive Pulmonary Disease
NCT100005701,Hypertension
NCT100005702,Chronic Kidney Disease
NCT100005703,Obesity
NCT100005704,Alzheimer's Disease
NCT100005705,Ulcerative Colitis
NCT100005706,Rheumatoid Arthritis
NCT100005707,Chronic Obstructive Pulmonary Disease
NCT100005708,Coronary Artery Disease
NCT100005709,Parkinson's Disease
NCT100005710,Rheumatoid Arthritis
NCT100005711,Coronary Artery Disease
NCT100005712,Coronary Artery Disease
NCT100005713,Obesity
NCT100005714,Migraine
NCT100005715,Chronic Kidney Disease
NCT100005716,Coronary Artery Disease
NCT100005717,Migraine
NCT100005718,Coronary Artery Disease
NCT100005719,Breast Cancer
NCT100005720,Parkinson's Disease
NCT100005721,Rheumatoid Arthritis
NCT100005722,Coronary Artery Disease
NCT100005723,Type 2 Diabetes Mellitus
NCT100005724,Alzheimer's Disease
NCT100005725,Type 2 Diabetes Mellitus
NCT100005726,Hypertension
NCT100005727,Migraine
NCT100005728,Schizophrenia
NCT100005729,Schizophrenia
NCT100005730,Hypertension
NCT100005731,Alzheimer's Disease
NCT100005732,Non-Small Cell Lung Cancer
NCT100005733,Parkinson's Disease
NCT100005734,Breast Cancer
NCT100005735,Chronic Obstructive Pulmonary Disease
NCT100005736,Alzheimer's Disease
NCT100005737,Chronic Kidney Disease
NCT100005738,Osteoarthritis
NCT100005739,Schizophrenia
NCT100005740,Psoriasis
NCT100005741,HIV Infections
NCT100005742,Breast Cancer
NCT100005743,HIV Infections
NCT100005744,Coronary Artery Disease
NCT100005745,Ulcerative Colitis
NCT100005746,Obesity
NCT100005747,Migraine
NCT100005748,Non-Small Cell Lung Cancer
NCT100005749,Migraine
NCT100005750,Asthma
NCT100005751,Schizophrenia
NCT100005752,Rheumatoid Arthritis
NCT100005753,Psoriasis
NCT100005754,Major Depressive Disorder
NCT100005755,Chronic Obstructive Pulmonary Disease
NCT100005756,Hypertension
NCT100005757,Migraine
NCT100005758,Chronic Obstructive Pulmonary Disease
NCT100005759,Breast Cancer
NCT100005760,Multiple Sclerosis
NCT100005761,Chronic Obstructive Pulmonary Disease
NCT100005762,Breast Cancer
NCT100005763,Migraine
NCT100005764,Ulcerative Colitis
NCT100005765,Alzheimer's Disease
NCT100005766,Type 2 Diabetes Mellitus
NCT100005767,Hypertension
NCT100005768,Alzheimer's Disease
NCT100005769,Rheumatoid Arthritis
NCT100005770,Obesity
NCT100005771,Schizophrenia
NCT100005772,Parkinson's Disease
NCT100005773,Hypertension
NCT100005774,Ulcerative Colitis
NCT100005775,Non-Small Cell Lung Cancer
NCT100005776,Coronary Artery Disease
NCT100005777,Osteoarthritis
NCT100005778,Multiple Sclerosis
NCT100005779,Osteoarthritis
NCT100005780,Rheumatoid Arthritis
NCT100005781,Parkinson's Disease
NCT100005782,Psoriasis
NCT100005783,Rheumatoid Arthritis
NCT100005784,Osteoarthritis
NCT100005785,Ulcerative Colitis
NCT100005786,Chronic Obstructive Pulmonary Disease
NCT100005787,Asthma
NCT100005788,Obesity
NCT100005789,Migraine
NCT100005790,Multiple Sclerosis
NCT100005791,Schizophrenia
NCT100005792,Rheumatoid Arthritis
NCT100005793,Coronary Artery Disease
NCT100005794,Chronic Obstructive Pulmonary Disease
NCT100005795,Hypertension
NCT100005796,Obesity
NCT100005797,Chronic Obstructive Pulmonary Disease
NCT100005798,Major Depressive Disorder
NCT100005799,Coronary Artery Disease
NCT100005800,Osteoarthritis
NCT100005801,Hypertension
NCT100005802,Chronic Kidney Disease
NCT100005803,Obesity
NCT100005804,Coronary Artery Disease
NCT100005805,Chronic Obstructive Pulmonary Disease
NCT100005806,Psoriasis
NCT100005807,Major Depressive Disorder
NCT100005808,Non-Small Cell Lung Cancer
NCT100005809,HIV Infections
NCT100005810,Hypertension
NCT100005811,Alzheimer's Disease
NCT100005812,Type 2 Diabetes Mellitus
NCT100005813,Obesity
NCT100005814,Schizophrenia
NCT100005815,Rheumatoid Arthritis
NCT100005816,Multiple Sclerosis
NCT100005817,Osteoarthritis
NCT100005818,Chronic Obstructive Pulmonary Disease
NCT100005819,Parkinson's Disease
NCT100005820,Ulcerative Colitis
NCT100005821,Hypertension
NCT100005822,HIV Infections
NCT100005823,HIV Infections
NCT100005824,Hypertension
NCT100005825,Alzheimer's Disease
NCT100005826,Psoriasis
NCT100005827,Schizophrenia
NCT100005828,Parkinson's Disease
NCT100005829,Multiple Sclerosis
NCT100005830,Chronic Obstructive Pulmonary Disease
NCT100005831,Psoriasis
NCT100005832,Breast Cancer
NCT100005833,Multiple Sclerosis
NCT100005834,Chronic Kidney Disease
NCT100005835,HIV Infections
NCT100005836,Asthma
NCT100005837,Chronic Kidney Disease
NCT100005838,Rheumatoid Arthritis
NCT100005839,Multiple Sclerosis
NCT100005840,HIV Infections
NCT100005841,Obesity
NCT100005842,Non-Small Cell Lung Cancer
NCT100005843,Hypertension
NCT100005844,Coronary Artery Disease
NCT100005845,Parkinson's Disease
NCT100005846,Asthma
NCT100005847,Asthma
NCT100005848,Osteoarthritis
NCT100005849,HIV Infections
NCT100005850,Hypertension
NCT100005851,Multiple Sclerosis
NCT100005852,Schizophrenia
NCT100005853,Rheumatoid Arthritis
NCT100005854,Rheumatoid Arthritis
NCT100005855,Ulcerative Colitis
NCT100005856,Chronic Kidney Disease
NCT100005857,Ulcerative Colitis
NCT100005858,Chronic Kidney Disease
NCT100005859,Alzheimer's Disease
NCT100005860,Alzheimer's Disease
NCT100005861,Schizophrenia
NCT100005862,Hypertension
NCT100005863,Parkinson's Disease
NCT100005864,Psoriasis
NCT100005865,Ulcerative Colitis
NCT100005866,Major Depressive Disorder
NCT100005867,Psoriasis
NCT100005868,Chronic Obstructive Pulmonary Disease
NCT100005869,Hypertension
NCT100005870,Rheumatoid Arthritis
NCT100005871,HIV Infections
NCT100005872,Coronary Artery Disease
NCT100005873,Migraine
NCT100005874,Type 2 Diabetes Mellitus
NCT100005875,Asthma
NCT100005876,Ulcerative Colitis
NCT100005877,Ulcerative Colitis
NCT100005878,Osteoarthritis
NCT100005879,Schizophrenia
NCT100005880,Chronic Kidney Disease
NCT100005881,Osteoarthritis
NCT100005882,Rheumatoid Arthritis
NCT100005883,Psoriasis
NCT100005884,Parkinson's Disease
NCT100005885,Coronary Artery Disease
NCT100005886,Alzheimer's Disease
NCT100005887,Ulcerative Colitis
NCT100005888,Type 2 Diabetes Mellitus
NCT100005889,Alzheimer's Disease
NCT100005890,Osteoarthritis
NCT100005891,Multiple Sclerosis
NCT100005892,Chronic Obstructive Pulmonary Disease
NCT100005893,Hypertension
NCT100005894,Ulcerative Colitis
NCT100005895,Obesity
NCT100005896,Coronary Artery Disease
NCT100005897,Multiple Sclerosis
NCT100005898,Hypertension
NCT100005899,Psoriasis
NCT100005900,Osteoarthritis
NCT100005901,HIV Infections
NCT100005902,Ulcerative Colitis
NCT100005903,Chronic Obstructive Pulmonary Disease
NCT100005904,Chronic Obstructive Pulmonary Disease
NCT100005905,Osteoarthritis
NCT100005906,Coronary Artery Disease
NCT100005907,Chronic Obstructive Pulmonary Disease
NCT100005908,Alzheimer's Disease
NCT100005909,Alzheimer's Disease
NCT100005910,Psoriasis
NCT100005911,Chronic Kidney Disease
NCT100005912,Hypertension
NCT100005913,Asthma
NCT100005914,Asthma
NCT100005915,Rheumatoid Arthritis
NCT100005916,Rheumatoid Arthritis
NCT100005917,Obesity
NCT100005918,Migraine
NCT100005919,Major Depressive Disorder
NCT100005920,Chronic Obstructive Pulmonary Disease
NCT100005921,Schizophrenia
NCT100005922,Multiple Sclerosis
NCT100005923,Parkinson's Disease
NCT100005924,Parkinson's Disease
NCT100005925,Chronic Obstructive Pulmonary Disease
NCT100005926,Multiple Sclerosis
NCT100005927,Alzheimer's Disease
NCT100005928,Hypertension
NCT100005929,Schizophrenia
NCT100005930,Schizophrenia
NCT100005931,Hypertension
NCT100005932,Alzheimer's Disease
NCT100005933,Psoriasis
NCT100005934,Chronic Kidney Disease
NCT100005935,Breast Cancer
NCT100005936,Non-Small Cell Lung Cancer
NCT100005937,Alzheimer's Disease
NCT100005938,Type 2 Diabetes Mellitus
NCT100005939,Chronic Kidney Disease
NCT100005940,Psoriasis
NCT100005941,Major Depressive Disorder
NCT100005942,Major Depressive Disorder
NCT100005943,Parkinson's Disease
NCT100005944,Alzheimer's Disease
NCT100005945,Hypertension
NCT100005946,Parkinson's Disease
NCT100005947,HIV Infections
NCT100005948,Parkinson's Disease
NCT100005949,Chronic Kidney Disease
NCT100005950,Parkinson's Disease
NCT100005951,Alzheimer's Disease
NCT100005952,Multiple Sclerosis
NCT100005953,Type 2 Diabetes Mellitus
NCT100005954,Multiple Sclerosis
NCT100005955,Obesity
NCT100005956,Type 2 Diabetes Mellitus
NCT100005957,Chronic Kidney Disease
NCT100005958,Breast Cancer
NCT100005959,Ulcerative Colitis
NCT100005960,Coronary Artery Disease
NCT100005961,Type 2 Diabetes Mellitus
NCT100005962,Osteoarthritis
NCT100005963,Breast Cancer
NCT100005964,Asthma
NCT100005965,Chronic Obstructive Pulmonary Disease
NCT100005966,Osteoarthritis
NCT100005967,Osteoarthritis
NCT100005968,HIV Infections
NCT100005969,Chronic Kidney Disease
NCT100005970,Hypertension
NCT100005971,Parkinson's Disease
NCT100005972,Chronic Obstructive Pulmonary Disease
NCT100005973,Osteoarthritis
NCT100005974,Chronic Kidney Disease
NCT100005975,Psoriasis
NCT100005976,Major Depressive Disorder
NCT100005977,HIV Infections
NCT100005978,Migraine
NCT100005979,HIV Infections
NCT100005980,Asthma
NCT100005981,Ulcerative Colitis
NCT100005982,Parkinson's Disease
NCT100005983,Chronic Kidney Disease
NCT100005984,Major Depressive Disorder
NCT100005985,Coronary Artery Disease
NCT100005986,Multiple Sclerosis
NCT100005987,Type 2 Diabetes Mellitus
NCT100005988,Major Depressive Disorder
NCT100005989,Psoriasis
NCT100005990,Type 2 Diabetes Mellitus
NCT100005991,Schizophrenia
NCT100005992,Alzheimer's Disease
NCT100005993,Obesity
NCT100005994,Chronic Kidney Disease
NCT100005995,Coronary Artery Disease
NCT100005996,Type 2 Diabetes Mellitus
NCT100005997,Ulcerative Colitis
NCT100005998,Asthma
NCT100005999,Chronic Kidney Disease
NCT100006000,Ulcerative Colitis
NCT100006001,Obesity
NCT100006002,Breast Cancer
NCT100006003,HIV Infections
NCT100006004,Chronic Obstructive Pulmonary Disease
NCT100006005,Non-Small Cell Lung Cancer
NCT100006006,Ulcerative Colitis
NCT100006007,Alzheimer's Disease
NCT100006008,Multiple Sclerosis
NCT100006009,Ulcerative Colitis
NCT100006010,Alzheimer's Disease
NCT100006011,Obesity
NCT100006012,HIV Infections
NCT100006013,Obesity
NCT100006014,Chronic Obstructive Pulmonary Disease
NCT100006015,Migraine
NCT100006016,HIV Infections
NCT100006017,Breast Cancer
NCT100006018,Coronary Artery Disease
NCT100006019,Chronic Kidney Disease
NCT100006020,Parkinson's Disease
NCT100006021,Alzheimer's Disease
NCT100006022,Coronary Artery Disease
NCT100006023,Alzheimer's Disease
NCT100006024,Major Depressive Disorder
NCT100006025,Rheumatoid Arthritis
NCT100006026,Multiple Sclerosis
NCT100006027,Osteoarthritis
NCT100006028,Ulcerative Colitis
NCT100006029,Type 2 Diabetes Mellitus
NCT100006030,Coronary Artery Disease
NCT100006031,Chronic Obstructive Pulmonary Disease
NCT100006032,Rheumatoid Arthritis
NCT100006033,Parkinson's Disease
NCT100006034,Rheumatoid Arthritis
NCT100006035,Chronic Obstructive Pulmonary Disease
NCT100006036,Breast Cancer
NCT100006037,Asthma
NCT100006038,Breast Cancer
NCT100006039,Major Depressive Disorder
NCT100006040,Hypertension
NCT100006041,Osteoarthritis
NCT100006042,Migraine
NCT100006043,Major Depressive Disorder
NCT100006044,Asthma
NCT100006045,Alzheimer's Disease
NCT100006046,Schizophrenia
NCT100006047,Psoriasis
NCT100006048,Alzheimer's Disease
NCT100006049,Alzheimer's Disease
NCT100006050,Migraine
NCT100006051,Ulcerative Colitis
NCT100006052,Osteoarthritis
NCT100006053,Non-Small Cell Lung Cancer
NCT100006054,Major Depressive Disorder
NCT100006055,Type 2 Diabetes Mellitus
NCT100006056,Major Depressive Disorder
NCT100006057,Breast Cancer
NCT100006058,Non-Small Cell Lung Cancer
NCT100006059,Non-Small Cell Lung Cancer
NCT100006060,Chronic Kidney Disease
NCT100006061,Rheumatoid Arthritis
NCT100006062,Chronic Obstructive Pulmonary Disease
NCT100006063,Osteoarthritis
NCT100006064,Breast Cancer
NCT100006065,Psoriasis
NCT100006066,Major Depressive Disorder
NCT100006067,Non-Small Cell Lung Cancer
NCT100006068,Non-Small Cell Lung Cancer
NCT100006069,Alzheimer's Disease
NCT100006070,Rheumatoid Arthritis
NCT100006071,Psoriasis
NCT100006072,Breast Cancer
NCT100006073,Coronary Artery Disease
NCT100006074,HIV Infections
NCT100006075,Obesity
NCT100006076,Multiple Sclerosis
NCT100006077,Chronic Obstructive Pulmonary Disease
NCT100006078,Osteoarthritis
NCT100006079,Parkinson's Disease
NCT100006080,Asthma
NCT100006081,HIV Infections
NCT100006082,Chronic Kidney Disease
NCT100006083,Hypertension
NCT100006084,Obesity
NCT100006085,Hypertension
NCT100006086,Parkinson's Disease
NCT100006087,Asthma
NCT100006088,Breast Cancer
NCT100006089,Psoriasis
NCT100006090,Obesity
NCT100006091,Breast Cancer
NCT100006092,Major Depressive Disorder
NCT100006093,HIV Infections
NCT100006094,Obesity
NCT100006095,Osteoarthritis
NCT100006096,Multiple Sclerosis
NCT100006097,Non-Small Cell Lung Cancer
NCT100006098,Psoriasis
NCT100006099,Obesity
NCT100006100,Psoriasis
NCT100006101,Alzheimer's Disease
NCT100006102,Rheumatoid Arthritis
NCT100006103,HIV Infections
NCT100006104,Parkinson's Disease
NCT100006105,Type 2 Diabetes Mellitus
NCT100006106,Parkinson's Disease
NCT100006107,Rheumatoid Arthritis
NCT100006108,HIV Infections
NCT100006109,Coronary Artery Disease
NCT100006110,Coronary Artery Disease
NCT100006111,Rheumatoid Arthritis
NCT100006112,Psoriasis
NCT100006113,Multiple Sclerosis
NCT100006114,Obesity
NCT100006115,Type 2 Diabetes Mellitus
NCT100006116,Multiple Sclerosis
NCT100006117,Schizophrenia
NCT100006118,Type 2 Diabetes Mellitus
NCT100006119,Multiple Sclerosis
NCT100006120,Asthma
NCT100006121,Non-Small Cell Lung Cancer
NCT100006122,Hypertension
NCT100006123,Ulcerative Colitis
NCT100006124,HIV Infections
NCT100006125,Psoriasis
NCT100006126,HIV Infections
NCT100006127,Asthma
NCT100006128,Non-Small Cell Lung Cancer
NCT100006129,Migraine
NCT100006130,Schizophrenia
NCT100006131,Asthma
NCT100006132,Osteoarthritis
NCT100006133,Ulcerative Colitis
NCT100006134,Chronic Obstructive Pulmonary Disease
NCT100006135,Breast Cancer
NCT100006136,Chronic Obstructive Pulmonary Disease
NCT100006137,Hypertension
NCT100006138,Rheumatoid Arthritis
NCT100006139,HIV Infections
NCT100006140,Asthma
NCT100006141,Migraine
NCT100006142,Coronary Artery Disease
NCT100006143,Rheumatoid Arthritis
NCT100006144,Breast Cancer
NCT100006145,Breast Cancer
NCT100006146,Breast Cancer
NCT100006147,Migraine
NCT100006148,Ulcerative Colitis
NCT100006149,Obesity
NCT100006150,Coronary Artery Disease
NCT100006151,Ulcerative Colitis
NCT100006152,Chronic Obstructive Pulmonary Disease
NCT100006153,Migraine
NCT100006154,Chronic Kidney Disease
NCT100006155,Non-Small Cell Lung Cancer
NCT100006156,Major Depressive Disorder
NCT100006157,Breast Cancer
NCT100006158,Ulcerative Colitis
NCT100006159,Psoriasis
NCT100006160,Multiple Sclerosis
NCT100006161,Migraine
NCT100006162,Osteoarthritis
NCT100006163,Chronic Kidney Disease
NCT100006164,Alzheimer's Disease
NCT100006165,Non-Small Cell Lung Cancer
NCT100006166,Migraine
NCT100006167,Psoriasis
NCT100006168,Rheumatoid Arthritis
NCT100006169,Alzheimer's Disease
NCT100006170,Chronic Obstructive Pulmonary Disease
NCT100006171,Parkinson's Disease
NCT100006172,Breast Cancer
NCT100006173,Osteoarthritis
NCT100006174,Osteoarthritis
NCT100006175,Major Depressive Disorder
NCT100006176,Breast Cancer
NCT100006177,Obesity
NCT100006178,Parkinson's Disease
NCT100006179,Type 2 Diabetes Mellitus
NCT100006180,Migraine
NCT100006181,Breast Cancer
NCT100006182,Schizophrenia
NCT100006183,Rheumatoid Arthritis
NCT100006184,Psoriasis
NCT100006185,Non-Small Cell Lung Cancer
NCT100006186,Ulcerative Colitis
NCT100006187,Obesity
NCT100006188,Chronic Kidney Disease
NCT100006189,Asthma
NCT100006190,Osteoarthritis
NCT100006191,Type 2 Diabetes Mellitus
NCT100006192,Ulcerative Colitis
NCT100006193,Multiple Sclerosis
NCT100006194,Coronary Artery Disease
NCT100006195,Hypertension
NCT100006196,Hypertension
NCT100006197,Osteoarthritis
NCT100006198,Asthma
NCT100006199,HIV Infections
NCT100006200,Osteoarthritis
NCT100006201,Parkinson's Disease
NCT100006202,Migraine
NCT100006203,Asthma
NCT100006204,Hypertension
NCT100006205,Type 2 Diabetes Mellitus
NCT100006206,Breast Cancer
NCT100006207,Asthma
NCT100006208,Osteoarthritis
NCT100006209,Ulcerative Colitis
NCT100006210,HIV Infections
NCT100006211,Non-Small Cell Lung Cancer
NCT100006212,HIV Infections
NCT100006213,Rheumatoid Arthritis
NCT100006214,Chronic Obstructive Pulmonary Disease
NCT100006215,Hypertension
NCT100006216,Asthma
NCT100006217,Schizophrenia
NCT100006218,Schizophrenia
NCT100006219,Major Depressive Disorder
NCT100006220,Ulcerative Colitis
NCT100006221,Psoriasis
NCT100006222,Rheumatoid Arthritis
NCT100006223,Parkinson's Disease
NCT100006224,Type 2 Diabetes Mellitus
NCT100006225,HIV Infections
NCT100006226,Hypertension
NCT100006227,Chronic Obstructive Pulmonary Disease
NCT100006228,HIV Infections
NCT100006229,Type 2 Diabetes Mellitus
NCT100006230,Chronic Kidney Disease
NCT100006231,Major Depressive Disorder
NCT100006232,HIV Infections
NCT100006233,Type 2 Diabetes Mellitus
NCT100006234,Chronic Obstructive Pulmonary Disease
NCT100006235,Asthma
NCT100006236,Migraine
NCT100006237,Ulcerative Colitis
NCT100006238,Osteoarthritis
NCT100006239,Rheumatoid Arthritis
NCT100006240,Rheumatoid Arthritis
NCT100006241,Asthma
NCT100006242,Psoriasis
NCT100006243,Ulcerative Colitis
NCT100006244,Obesity
NCT100006245,Schizophrenia
NCT100006246,Multiple Sclerosis
NCT100006247,Rheumatoid Arthritis
NCT100006248,Alzheimer's Disease
NCT100006249,Major Depressive Disorder
NCT100006250,Coronary Artery Disease
NCT100006251,Obesity
NCT100006252,Ulcerative Colitis
NCT100006253,Psoriasis
NCT100006254,Psoriasis
NCT100006255,Breast Cancer
NCT100006256,Parkinson's Disease
NCT100006257,HIV Infections
NCT100006258,Chronic Kidney Disease
NCT100006259,Alzheimer's Disease
NCT100006260,Parkinson's Disease
NCT100006261,Asthma
NCT100006262,Parkinson's Disease
NCT100006263,Multiple Sclerosis
NCT100006264,Breast Cancer
NCT100006265,Osteoarthritis
NCT100006266,Alzheimer's Disease
NCT100006267,Multiple Sclerosis
NCT100006268,Alzheimer's Disease
NCT100006269,Psoriasis
NCT100006270,Psoriasis
NCT100006271,Non-Small Cell Lung Cancer
NCT100006272,Obesity
NCT100006273,Parkinson's Disease
NCT100006274,Ulcerative Colitis
NCT100006275,Schizophrenia
NCT100006276,Parkinson's Disease
NCT100006277,Asthma
NCT100006278,Breast Cancer
NCT100006279,Migraine
NCT100006280,Non-Small Cell Lung Cancer
NCT100006281,Parkinson's Disease
NCT100006282,Obesity
NCT100006283,Parkinson's Disease
NCT100006284,Chronic Kidney Disease
NCT100006285,Chronic Kidney Disease
NCT100006286,Parkinson's Disease
NCT100006287,HIV Infections
NCT100006288,Ulcerative Colitis
NCT100006289,Osteoarthritis
NCT100006290,Type 2 Diabetes Mellitus
NCT100006291,Asthma
NCT100006292,Rheumatoid Arthritis
NCT100006293,Breast Cancer
NCT100006294,Major Depressive Disorder
NCT100006295,HIV Infections
NCT100006296,Migraine
NCT100006297,Multiple Sclerosis
NCT100006298,Chronic Kidney Disease
NCT100006299,Schizophrenia
NCT100006300,Psoriasis
NCT100006301,Rheumatoid Arthritis
NCT100006302,Breast Cancer
NCT100006303,Alzheimer's Disease
NCT100006304,Coronary Artery Disease
NCT100006305,Obesity
NCT100006306,Obesity
NCT100006307,Ulcerative Colitis
NCT100006308,Obesity
NCT100006309,HIV Infections
NCT100006310,Breast Cancer
NCT100006311,Rheumatoid Arthritis
NCT100006312,Migraine
NCT100006313,Ulcerative Colitis
NCT100006314,Parkinson's Disease
NCT100006315,Breast Cancer
NCT100006316,Alzheimer's Disease
NCT100006317,Major Depressive Disorder
NCT100006318,Coronary Artery Disease
NCT100006319,Type 2 Diabetes Mellitus
NCT100006320,Migraine
NCT100006321,Type 2 Diabetes Mellitus
NCT100006322,Psoriasis
NCT100006323,Alzheimer's Disease
NCT100006324,Multiple Sclerosis
NCT100006325,Alzheimer's Disease
NCT100006326,Asthma
NCT100006327,Obesity
NCT100006328,Non-Small Cell Lung Cancer
NCT100006329,Migraine
NCT100006330,Multiple Sclerosis
NCT100006331,Osteoarthritis
NCT100006332,Osteoarthritis
NCT100006333,Major Depressive Disorder
NCT100006334,Asthma
NCT100006335,Obesity
NCT100006336,Psoriasis
NCT100006337,Chronic Kidney Disease
NCT100006338,Parkinson's Disease
NCT100006339,Type 2 Diabetes Mellitus
NCT100006340,Major Depressive Disorder
NCT100006341,Major Depressive Disorder
NCT100006342,Non-Small Cell Lung Cancer
NCT100006343,Major Depressive Disorder
NCT100006344,Ulcerative Colitis
NCT100006345,Psoriasis
NCT100006346,HIV Infections
NCT100006347,Schizophrenia
NCT100006348,Multiple Sclerosis
NCT100006349,Breast Cancer
NCT100006350,Non-Small Cell Lung Cancer
NCT100006351,Rheumatoid Arthritis
NCT100006352,Obesity
NCT100006353,Psoriasis
NCT100006354,Psoriasis
NCT100006355,Type 2 Diabetes Mellitus
NCT100006356,HIV Infections
NCT100006357,Asthma
NCT100006358,Alzheimer's Disease
NCT100006359,Rheumatoid Arthritis
NCT100006360,Multiple Sclerosis
NCT100006361,Migraine
NCT100006362,Osteoarthritis
NCT100006363,Parkinson's Disease
NCT100006364,Chronic Kidney Disease
NCT100006365,Multiple Sclerosis
NCT100006366,Type 2 Diabetes Mellitus
NCT100006367,Major Depressive Disorder
NCT100006368,Chronic Obstructive Pulmonary Disease
NCT100006369,Major Depressive Disorder
NCT100006370,Obesity
NCT100006371,Ulcerative Colitis
NCT100006372,Hypertension
NCT100006373,Major Depressive Disorder
NCT100006374,Hypertension
NCT100006375,Asthma
NCT100006376,Rheumatoid Arthritis
NCT100006377,Parkinson's Disease
NCT100006378,Migraine
NCT100006379,Major Depressive Disorder
NCT100006380,Hypertension
NCT100006381,Breast Cancer
NCT100006382,Schizophrenia
NCT100006383,Obesity
NCT100006384,Chronic Kidney Disease
NCT100006385,HIV Infections
NCT100006386,HIV Infections
NCT100006387,Schizophrenia
NCT100006388,Asthma
NCT100006389,Parkinson's Disease
NCT100006390,Ulcerative Colitis
NCT100006391,Asthma
NCT100006392,Asthma
NCT100006393,Alzheimer's Disease
NCT100006394,Psoriasis
NCT100006395,Non-Small Cell Lung Cancer
NCT100006396,Osteoarthritis
NCT100006397,Schizophrenia
NCT100006398,Psoriasis
NCT100006399,Breast Cancer
NCT100006400,Type 2 Diabetes Mellitus
NCT100006401,Psoriasis
NCT100006402,Psoriasis
NCT100006403,Coronary Artery Disease
NCT100006404,Chronic Obstructive Pulmonary Disease
NCT100006405,Chronic Kidney Disease
NCT100006406,Chronic Kidney Disease
NCT100006407,Type 2 Diabetes Mellitus
NCT100006408,Hypertension
NCT100006409,Non-Small Cell Lung Cancer
NCT100006410,Breast Cancer
NCT100006411,Multiple Sclerosis
NCT100006412,Obesity
NCT100006413,Alzheimer's Disease
NCT100006414,Asthma
NCT100006415,Major Depressive Disorder
NCT100006416,Osteoarthritis
NCT100006417,Hypertension
NCT100006418,Chronic Obstructive Pulmonary Disease
NCT100006419,Parkinson's Disease
NCT100006420,Ulcerative Colitis
NCT100006421,Major Depressive Disorder
NCT100006422,Non-Small Cell Lung Cancer
NCT100006423,Coronary Artery Disease
NCT100006424,Parkinson's Disease
NCT100006425,Breast Cancer
NCT100006426,Migraine
NCT100006427,Hypertension
NCT100006428,Type 2 Diabetes Mellitus
NCT100006429,Hypertension
NCT100006430,Breast Cancer
NCT100006431,Obesity
NCT100006432,Multiple Sclerosis
NCT100006433,HIV Infections
NCT100006434,Non-Small Cell Lung Cancer
NCT100006435,Hypertension
NCT100006436,Obesity
NCT100006437,Type 2 Diabetes Mellitus
NCT100006438,Type 2 Diabetes Mellitus
NCT100006439,Multiple Sclerosis
NCT100006440,Rheumatoid Arthritis
NCT100006441,Alzheimer's Disease
NCT100006442,Breast Cancer
NCT100006443,Chronic Obstructive Pulmonary Disease
NCT100006444,Coronary Artery Disease
NCT100006445,Parkinson's Disease
NCT100006446,Multiple Sclerosis
NCT100006447,Breast Cancer
NCT100006448,Parkinson's Disease
NCT100006449,Schizophrenia
NCT100006450,Obesity
NCT100006451,Hypertension
NCT100006452,Chronic Obstructive Pulmonary Disease
NCT100006453,Migraine
NCT100006454,Osteoarthritis
NCT100006455,Psoriasis
NCT100006456,Rheumatoid Arthritis
NCT100006457,Schizophrenia
NCT100006458,Non-Small Cell Lung Cancer
NCT100006459,Chronic Kidney Disease
NCT100006460,Migraine
NCT100006461,Hypertension
NCT100006462,Rheumatoid Arthritis
NCT100006463,Hypertension
NCT100006464,Chronic Obstructive Pulmonary Disease
NCT100006465,Asthma
NCT100006466,Non-Small Cell Lung Cancer
NCT100006467,Multiple Sclerosis
NCT100006468,Major Depressive Disorder
NCT100006469,Type 2 Diabetes Mellitus
NCT100006470,Ulcerative Colitis
NCT100006471,Multiple Sclerosis
NCT100006472,Breast Cancer
NCT100006473,Parkinson's Disease
NCT100006474,Asthma
NCT100006475,Major Depressive Disorder
NCT100006476,Hypertension
NCT100006477,Chronic Obstructive Pulmonary Disease
NCT100006478,Type 2 Diabetes Mellitus
NCT100006479,Major Depressive Disorder
NCT100006480,Type 2 Diabetes Mellitus
NCT100006481,Parkinson's Disease
NCT100006482,Major Depressive Disorder
NCT100006483,HIV Infections
NCT100006484,Major Depressive Disorder
NCT100006485,Type 2 Diabetes Mellitus
NCT100006486,Psoriasis
NCT100006487,Schizophrenia
NCT100006488,HIV Infections
NCT100006489,Migraine
NCT100006490,Non-Small Cell Lung Cancer
NCT100006491,Parkinson's Disease
NCT100006492,Multiple Sclerosis
NCT100006493,Major Depressive Disorder
NCT100006494,Alzheimer's Disease
NCT100006495,Migraine
NCT100006496,Ulcerative Colitis
NCT100006497,Multiple Sclerosis
NCT100006498,Breast Cancer
NCT100006499,Chronic Kidney Disease
NCT100006500,Hypertension
NCT100006501,Alzheimer's Disease
NCT100006502,Alzheimer's Disease
NCT100006503,Parkinson's Disease
NCT100006504,Breast Cancer
NCT100006505,Major Depressive Disorder
NCT100006506,Coronary Artery Disease
NCT100006507,Multiple Sclerosis
NCT100006508,Schizophrenia
NCT100006509,Major Depressive Disorder
NCT100006510,Schizophrenia
NCT100006511,Multiple Sclerosis
NCT100006512,Obesity
NCT100006513,Multiple Sclerosis
NCT100006514,Hypertension
NCT100006515,Psoriasis
NCT100006516,Obesity
NCT100006517,Chronic Kidney Disease
NCT100006518,Type 2 Diabetes Mellitus
NCT100006519,Type 2 Diabetes Mellitus
NCT100006520,Osteoarthritis
NCT100006521,Ulcerative Colitis
NCT100006522,Coronary Artery Disease
NCT100006523,Ulcerative Colitis
NCT100006524,Psoriasis
NCT100006525,Coronary Artery Disease
NCT100006526,Ulcerative Colitis
NCT100006527,Major Depressive Disorder
NCT100006528,Migraine
NCT100006529,Major Depressive Disorder
NCT100006530,Non-Small Cell Lung Cancer
NCT100006531,Chronic Kidney Disease
NCT100006532,Alzheimer's Disease
NCT100006533,Psoriasis
NCT100006534,Non-Small Cell Lung Cancer
NCT100006535,Asthma
NCT100006536,Hypertension
NCT100006537,Non-Small Cell Lung Cancer
NCT100006538,Osteoarthritis
NCT100006539,Non-Small Cell Lung Cancer
NCT100006540,Breast Cancer
NCT100006541,Non-Small Cell Lung Cancer
NCT100006542,Migraine
NCT100006543,Chronic Kidney Disease
NCT100006544,Parkinson's Disease
NCT100006545,Osteoarthritis
NCT100006546,Osteoarthritis
NCT100006547,Chronic Kidney Disease
NCT100006548,Asthma
NCT100006549,Major Depressive Disorder
NCT100006550,Psoriasis
NCT100006551,Psoriasis
NCT100006552,Obesity
NCT100006553,Parkinson's Disease
NCT100006554,HIV Infections
NCT100006555,Psoriasis
NCT100006556,Schizophrenia
NCT100006557,Chronic Obstructive Pulmonary Disease
NCT100006558,Multiple Sclerosis
NCT100006559,Chronic Obstructive Pulmonary Disease
NCT100006560,Multiple Sclerosis
NCT100006561,HIV Infections
NCT100006562,Rheumatoid Arthritis
NCT100006563,Migraine
NCT100006564,Obesity
NCT100006565,Asthma
NCT100006566,Schizophrenia
NCT100006567,Type 2 Diabetes Mellitus
NCT100006568,Alzheimer's Disease
NCT100006569,Non-Small Cell Lung Cancer
NCT100006570,Chronic Kidney Disease
NCT100006571,Parkinson's Disease
NCT100006572,Psoriasis
NCT100006573,Type 2 Diabetes Mellitus
NCT100006574,Coronary Artery Disease
NCT100006575,Alzheimer's Disease
NCT100006576,Non-Small Cell Lung Cancer
NCT100006577,Osteoarthritis
NCT100006578,Asthma
NCT100006579,Major Depressive Disorder
NCT100006580,Psoriasis
NCT100006581,Chronic Obstructive Pulmonary Disease
NCT100006582,Schizophrenia
NCT100006583,Coronary Artery Disease
NCT100006584,Coronary Artery Disease
NCT100006585,Parkinson's Disease
NCT100006586,Alzheimer's Disease
NCT100006587,Rheumatoid Arthritis
NCT100006588,Chronic Kidney Disease
NCT100006589,HIV Infections
NCT100006590,Ulcerative Colitis
NCT100006591,Parkinson's Disease
NCT100006592,Non-Small Cell Lung Cancer
NCT100006593,HIV Infections
NCT100006594,Hypertension
NCT100006595,Schizophrenia
NCT100006596,Multiple Sclerosis
NCT100006597,Breast Cancer
NCT100006598,Rheumatoid Arthritis
NCT100006599,Type 2 Diabetes Mellitus
NCT100006600,Coronary Artery Disease
NCT100006601,Hypertension
NCT100006602,Psoriasis
NCT100006603,Parkinson's Disease
NCT100006604,Non-Small Cell Lung Cancer
NCT100006605,Parkinson's Disease
NCT100006606,Chronic Obstructive Pulmonary Disease
NCT100006607,Breast Cancer
NCT100006608,Hypertension
NCT100006609,Asthma
NCT100006610,Osteoarthritis
NCT100006611,Hypertension
NCT100006612,Non-Small Cell Lung Cancer
NCT100006613,Type 2 Diabetes Mellitus
NCT100006614,Major Depressive Disorder
NCT100006615,Rheumatoid Arthritis
NCT100006616,Parkinson's Disease
NCT100006617,Multiple Sclerosis
NCT100006618,Chronic Kidney Disease
NCT100006619,Ulcerative Colitis
NCT100006620,Major Depressive Disorder
NCT100006621,Migraine
NCT100006622,Hypertension
NCT100006623,Type 2 Diabetes Mellitus
NCT100006624,Non-Small Cell Lung Cancer
NCT100006625,Schizophrenia
NCT100006626,Migraine
NCT100006627,Alzheimer's Disease
NCT100006628,Non-Small Cell Lung Cancer
NCT100006629,Hypertension
NCT100006630,Breast Cancer
NCT100006631,Type 2 Diabetes Mellitus
NCT100006632,Rheumatoid Arthritis
NCT100006633,Major Depressive Disorder
NCT100006634,Multiple Sclerosis
NCT100006635,HIV Infections
NCT100006636,HIV Infections
NCT100006637,Psoriasis
NCT100006638,Obesity
NCT100006639,Asthma
NCT100006640,Osteoarthritis
NCT100006641,Schizophrenia
NCT100006642,Non-Small Cell Lung Cancer
NCT100006643,Osteoarthritis
NCT100006644,Chronic Kidney Disease
NCT100006645,Asthma
NCT100006646,Major Depressive Disorder
NCT100006647,Type 2 Diabetes Mellitus
NCT100006648,Chronic Kidney Disease
NCT100006649,Schizophrenia
NCT100006650,Obesity
NCT100006651,Chronic Kidney Disease
NCT100006652,Psoriasis
NCT100006653,Type 2 Diabetes Mellitus
NCT100006654,Breast Cancer
NCT100006655,Migraine
NCT100006656,Coronary Artery Disease
NCT100006657,Migraine
NCT100006658,Osteoarthritis
NCT100006659,Multiple Sclerosis
NCT100006660,Parkinson's Disease
NCT100006661,Schizophrenia
NCT100006662,Multiple Sclerosis
NCT100006663,Breast Cancer
NCT100006664,Breast Cancer
NCT100006665,Migraine
NCT100006666,Breast Cancer
NCT100006667,Asthma
NCT100006668,Asthma
NCT100006669,Psoriasis
NCT100006670,Hypertension
NCT100006671,Psoriasis
NCT100006672,Ulcerative Colitis
NCT100006673,Coronary Artery Disease
NCT100006674,Type 2 Diabetes Mellitus
NCT100006675,Schizophrenia
NCT100006676,Schizophrenia
NCT100006677,Alzheimer's Disease
NCT100006678,Psoriasis
NCT100006679,Type 2 Diabetes Mellitus
NCT100006680,Chronic Obstructive Pulmonary Disease
NCT100006681,Hypertension
NCT100006682,Obesity
NCT100006683,Coronary Artery Disease
NCT100006684,Non-Small Cell Lung Cancer
NCT100006685,Major Depressive Disorder
NCT100006686,Major Depressive Disorder
NCT100006687,Type 2 Diabetes Mellitus
NCT100006688,Alzheimer's Disease
NCT100006689,Chronic Kidney Disease
NCT100006690,Parkinson's Disease
NCT100006691,Obesity
NCT100006692,Chronic Kidney Disease
NCT100006693,Obesity
NCT100006694,Type 2 Diabetes Mellitus
NCT100006695,Type 2 Diabetes Mellitus
NCT100006696,Coronary Artery Disease
NCT100006697,Chronic Kidney Disease
NCT100006698,Obesity
NCT100006699,Hypertension
NCT100006700,Chronic Kidney Disease
NCT100006701,Asthma
NCT100006702,Non-Small Cell Lung Cancer
NCT100006703,HIV Infections
NCT100006704,Schizophrenia
NCT100006705,Migraine
NCT100006706,Non-Small Cell Lung Cancer
NCT100006707,Non-Small Cell Lung Cancer
NCT100006708,HIV Infections
NCT100006709,Hypertension
NCT100006710,Obesity
NCT100006711,Coronary Artery Disease
NCT100006712,Chronic Obstructive Pulmonary Disease
NCT100006713,Alzheimer's Disease
NCT100006714,Breast Cancer
NCT100006715,Major Depressive Disorder
NCT100006716,Asthma
NCT100006717,Rheumatoid Arthritis
NCT100006718,Chronic Obstructive Pulmonary Disease
NCT100006719,Type 2 Diabetes Mellitus
NCT100006720,Ulcerative Colitis
NCT100006721,Chronic Kidney Disease
NCT100006722,Obesity
NCT100006723,Multiple Sclerosis
NCT100006724,Coronary Artery Disease
NCT100006725,Asthma
NCT100006726,Obesity
NCT100006727,Alzheimer's Disease
NCT100006728,Migraine
NCT100006729,Schizophrenia
NCT100006730,Ulcerative Colitis
NCT100006731,Type 2 Diabetes Mellitus
NCT100006732,Coronary Artery Disease
NCT100006733,Osteoarthritis
NCT100006734,Type 2 Diabetes Mellitus
NCT100006735,Type 2 Diabetes Mellitus
NCT100006736,Hypertension
NCT100006737,Osteoarthritis
NCT100006738,Major Depressive Disorder
NCT100006739,Parkinson's Disease
NCT100006740,Breast Cancer
NCT100006741,Ulcerative Colitis
NCT100006742,Chronic Obstructive Pulmonary Disease
NCT100006743,Osteoarthritis
NCT100006744,Hypertension
NCT100006745,Breast Cancer
NCT100006746,Obesity
NCT100006747,Rheumatoid Arthritis
NCT100006748,Chronic Obstructive Pulmonary Disease
NCT100006749,Obesity
NCT100006750,Migraine
NCT100006751,Parkinson's Disease
NCT100006752,Ulcerative Colitis
NCT100006753,Major Depressive Disorder
NCT100006754,Alzheimer's Disease
NCT100006755,Rheumatoid Arthritis
NCT100006756,Parkinson's Disease
NCT100006757,Parkinson's Disease
NCT100006758,Non-Small Cell Lung Cancer
NCT100006759,Chronic Obstructive Pulmonary Disease
NCT100006760,Hypertension
NCT100006761,Schizophrenia
NCT100006762,Rheumatoid Arthritis
NCT100006763,Type 2 Diabetes Mellitus
NCT100006764,Breast Cancer
NCT100006765,Ulcerative Colitis
NCT100006766,Psoriasis
NCT100006767,Non-Small Cell Lung Cancer
NCT100006768,Alzheimer's Disease
NCT100006769,Migraine
NCT100006770,Major Depressive Disorder
NCT100006771,Coronary Artery Disease
NCT100006772,Non-Small Cell Lung Cancer
NCT100006773,HIV Infections
NCT100006774,Breast Cancer
NCT100006775,Non-Small Cell Lung Cancer
NCT100006776,Multiple Sclerosis
NCT100006777,Non-Small Cell Lung Cancer
NCT100006778,Alzheimer's Disease
NCT100006779,Chronic Obstructive Pulmonary Disease
NCT100006780,Major Depressive Disorder
NCT100006781,Osteoarthritis
NCT100006782,Osteoarthritis
NCT100006783,Psoriasis
NCT100006784,Coronary Artery Disease
NCT100006785,Psoriasis
NCT100006786,Alzheimer's Disease
NCT100006787,Chronic Kidney Disease
NCT100006788,Chronic Kidney Disease
NCT100006789,Asthma
NCT100006790,Ulcerative Colitis
NCT100006791,Psoriasis
NCT100006792,Obesity
NCT100006793,Chronic Kidney Disease
NCT100006794,Parkinson's Disease
NCT100006795,Ulcerative Colitis
NCT100006796,Psoriasis
NCT100006797,Breast Cancer
NCT100006798,Coronary Artery Disease
NCT100006799,Osteoarthritis
NCT100006800,Chronic Kidney Disease
NCT100006801,Rheumatoid Arthritis
NCT100006802,Obesity
NCT100006803,Migraine
NCT100006804,Hypertension
NCT100006805,Non-Small Cell Lung Cancer
NCT100006806,Chronic Kidney Disease
NCT100006807,Non-Small Cell Lung Cancer
NCT100006808,Chronic Kidney Disease
NCT100006809,Chronic Kidney Disease
NCT100006810,Parkinson's Disease
NCT100006811,Breast Cancer
NCT100006812,Coronary Artery Disease
NCT100006813,Parkinson's Disease
NCT100006814,Multiple Sclerosis
NCT100006815,Coronary Artery Disease
NCT100006816,Obesity
NCT100006817,Psoriasis
NCT100006818,Major Depressive Disorder
NCT100006819,Osteoarthritis
NCT100006820,Parkinson's Disease
NCT100006821,Obesity
NCT100006822,Schizophrenia
NCT100006823,Ulcerative Colitis
NCT100006824,Parkinson's Disease
NCT100006825,Chronic Obstructive Pulmonary Disease
NCT100006826,Obesity
NCT100006827,Alzheimer's Disease
NCT100006828,Multiple Sclerosis
NCT100006829,Chronic Obstructive Pulmonary Disease
NCT100006830,Hypertension
NCT100006831,Non-Small Cell Lung Cancer
NCT100006832,Coronary Artery Disease
NCT100006833,Non-Small Cell Lung Cancer
NCT100006834,Psoriasis
NCT100006835,Major Depressive Disorder
NCT100006836,Osteoarthritis
NCT100006837,Obesity
NCT100006838,Migraine
NCT100006839,Rheumatoid Arthritis
NCT100006840,Hypertension
NCT100006841,Obesity
NCT100006842,Hypertension
NCT100006843,Parkinson's Disease
NCT100006844,Breast Cancer
NCT100006845,Ulcerative Colitis
NCT100006846,Schizophrenia
NCT100006847,Parkinson's Disease
NCT100006848,Psoriasis
NCT100006849,Osteoarthritis
NCT100006850,Coronary Artery Disease
NCT100006851,Osteoarthritis
NCT100006852,Osteoarthritis
NCT100006853,Non-Small Cell Lung Cancer
NCT100006854,Parkinson's Disease
NCT100006855,Asthma
NCT100006856,Non-Small Cell Lung Cancer
NCT100006857,Major Depressive Disorder
NCT100006858,Major Depressive Disorder
NCT100006859,Psoriasis
NCT100006860,Breast Cancer
NCT100006861,Asthma
NCT100006862,Alzheimer's Disease
NCT100006863,Parkinson's Disease
NCT100006864,Breast Cancer
NCT100006865,Non-Small Cell Lung Cancer
NCT100006866,Coronary Artery Disease
NCT100006867,Migraine
NCT100006868,Asthma
NCT100006869,Asthma
NCT100006870,Type 2 Diabetes Mellitus
NCT100006871,Chronic Obstructive Pulmonary Disease
NCT100006872,Breast Cancer
NCT100006873,Breast Cancer
NCT100006874,Multiple Sclerosis
NCT100006875,Chronic Obstructive Pulmonary Disease
NCT100006876,Breast Cancer
NCT100006877,Asthma
NCT100006878,Rheumatoid Arthritis
NCT100006879,Psoriasis
NCT100006880,Coronary Artery Disease
NCT100006881,Asthma
NCT100006882,Obesity
NCT100006883,Chronic Kidney Disease
NCT100006884,Chronic Kidney Disease
NCT100006885,Schizophrenia
NCT100006886,Chronic Obstructive Pulmonary Disease
NCT100006887,Ulcerative Colitis
NCT100006888,Major Depressive Disorder
NCT100006889,Chronic Kidney Disease
NCT100006890,Multiple Sclerosis
NCT100006891,Migraine
NCT100006892,Migraine
NCT100006893,Breast Cancer
NCT100006894,Breast Cancer
NCT100006895,Migraine
NCT100006896,Parkinson's Disease
NCT100006897,Parkinson's Disease
NCT100006898,Hypertension
NCT100006899,Coronary Artery Disease
NCT100006900,Parkinson's Disease
NCT100006901,Migraine
NCT100006902,Parkinson's Disease
NCT100006903,Major Depressive Disorder
NCT100006904,Breast Cancer
NCT100006905,Ulcerative Colitis
NCT100006906,Rheumatoid Arthritis
NCT100006907,Schizophrenia
NCT100006908,Psoriasis
NCT100006909,Osteoarthritis
NCT100006910,Hypertension
NCT100006911,Chronic Kidney Disease
NCT100006912,Chronic Obstructive Pulmonary Disease
NCT100006913,Migraine
NCT100006914,Schizophrenia
NCT100006915,HIV Infections
NCT100006916,Psoriasis
NCT100006917,Chronic Obstructive Pulmonary Disease
NCT100006918,Asthma
NCT100006919,Major Depressive Disorder
NCT100006920,Multiple Sclerosis
NCT100006921,Chronic Obstructive Pulmonary Disease
NCT100006922,Breast Cancer
NCT100006923,Obesity
NCT100006924,Alzheimer's Disease
NCT100006925,Osteoarthritis
NCT100006926,Chronic Kidney Disease
NCT100006927,Obesity
NCT100006928,Breast Cancer
NCT100006929,Coronary Artery Disease
NCT100006930,Major Depressive Disorder
NCT100006931,Major Depressive Disorder
NCT100006932,Breast Cancer
NCT100006933,Multiple Sclerosis
NCT100006934,HIV Infections
NCT100006935,Chronic Kidney Disease
NCT100006936,Coronary Artery Disease
NCT100006937,Migraine
NCT100006938,Migraine
NCT100006939,Multiple Sclerosis
NCT100006940,Rheumatoid Arthritis
NCT100006941,Osteoarthritis
NCT100006942,Psoriasis
NCT100006943,Schizophrenia
NCT100006944,Chronic Obstructive Pulmonary Disease
NCT100006945,Rheumatoid Arthritis
NCT100006946,Ulcerative Colitis
NCT100006947,Obesity
NCT100006948,HIV Infections
NCT100006949,Psoriasis
NCT100006950,Chronic Obstructive Pulmonary Disease
NCT100006951,Osteoarthritis
NCT100006952,Major Depressive Disorder
NCT100006953,Non-Small Cell Lung Cancer
NCT100006954,Schizophrenia
NCT100006955,Migraine
NCT100006956,Major Depressive Disorder
NCT100006957,Non-Small Cell Lung Cancer
NCT100006958,Migraine
NCT100006959,Psoriasis
NCT100006960,Osteoarthritis
NCT100006961,Osteoarthritis
NCT100006962,Major Depressive Disorder
NCT100006963,Breast Cancer
NCT100006964,Obesity
NCT100006965,Osteoarthritis
NCT100006966,Type 2 Diabetes Mellitus
NCT100006967,Migraine
NCT100006968,Obesity
NCT100006969,Hypertension
NCT100006970,Major Depressive Disorder
NCT100006971,Coronary Artery Disease
NCT100006972,Alzheimer's Disease
NCT100006973,Major Depressive Disorder
NCT100006974,Obesity
NCT100006975,Asthma
NCT100006976,Non-Small Cell Lung Cancer
NCT100006977,Schizophrenia
NCT100006978,Major Depressive Disorder
NCT100006979,Alzheimer's Disease
NCT100006980,Migraine
NCT100006981,Hypertension
NCT100006982,Alzheimer's Disease
NCT100006983,Alzheimer's Disease
NCT100006984,Chronic Obstructive Pulmonary Disease
NCT100006985,Migraine
NCT100006986,Asthma
NCT100006987,Alzheimer's Disease
NCT100006988,Obesity
NCT100006989,Chronic Kidney Disease
NCT100006990,Breast Cancer
NCT100006991,Migraine
NCT100006992,Major Depressive Disorder
NCT100006993,Non-Small Cell Lung Cancer
NCT100006994,Chronic Kidney Disease
NCT100006995,HIV Infections
NCT100006996,Obesity
NCT100006997,Hypertension
NCT100006998,Ulcerative Colitis
NCT100006999,Ulcerative Colitis
NCT100007000,Non-Small Cell Lung Cancer
NCT100007001,Migraine
NCT100007002,Asthma
NCT100007003,Chronic Obstructive Pulmonary Disease
NCT100007004,Asthma
NCT100007005,Alzheimer's Disease
NCT100007006,Breast Cancer
NCT100007007,Obesity
NCT100007008,Breast Cancer
NCT100007009,Ulcerative Colitis
NCT100007010,Multiple Sclerosis
NCT100007011,Asthma
NCT100007012,Osteoarthritis
NCT100007013,Alzheimer's Disease
NCT100007014,Hypertension
NCT100007015,Alzheimer's Disease
NCT100007016,Non-Small Cell Lung Cancer
NCT100007017,Migraine
NCT100007018,Migraine
NCT100007019,Multiple Sclerosis
NCT100007020,Obesity
NCT100007021,Obesity
NCT100007022,Multiple Sclerosis
NCT100007023,Psoriasis
NCT100007024,Alzheimer's Disease
NCT100007025,Parkinson's Disease
NCT100007026,Multiple Sclerosis
NCT100007027,Rheumatoid Arthritis
NCT100007028,Migraine
NCT100007029,Coronary Artery Disease
NCT100007030,Chronic Kidney Disease
NCT100007031,Chronic Kidney Disease
NCT100007032,Asthma
NCT100007033,Major Depressive Disorder
NCT100007034,Alzheimer's Disease
NCT100007035,Parkinson's Disease
NCT100007036,Ulcerative Colitis
NCT100007037,Schizophrenia
NCT100007038,Chronic Obstructive Pulmonary Disease
NCT100007039,Parkinson's Disease
NCT100007040,Chronic Kidney Disease
NCT100007041,Chronic Obstructive Pulmonary Disease
NCT100007042,Parkinson's Disease
NCT100007043,Ulcerative Colitis
NCT100007044,Chronic Kidney Disease
NCT100007045,Obesity
NCT100007046,Asthma
NCT100007047,Hypertension
NCT100007048,HIV Infections
NCT100007049,Chronic Kidney Disease
NCT100007050,Alzheimer's Disease
NCT100007051,Osteoarthritis
NCT100007052,Major Depressive Disorder
NCT100007053,Breast Cancer
NCT100007054,Multiple Sclerosis
NCT100007055,HIV Infections
NCT100007056,Breast Cancer
NCT100007057,Hypertension
NCT100007058,Schizophrenia
NCT100007059,Migraine
NCT100007060,Psoriasis
NCT100007061,Type 2 Diabetes Mellitus
NCT100007062,Parkinson's Disease
NCT100007063,Chronic Obstructive Pulmonary Disease
NCT100007064,Osteoarthritis
NCT100007065,Breast Cancer
NCT100007066,Coronary Artery Disease
NCT100007067,HIV Infections
NCT100007068,Non-Small Cell Lung Cancer
NCT100007069,Chronic Kidney Disease
NCT100007070,Coronary Artery Disease
NCT100007071,Coronary Artery Disease
NCT100007072,Type 2 Diabetes Mellitus
NCT100007073,Migraine
NCT100007074,Asthma
NCT100007075,Alzheimer's Disease
NCT100007076,Migraine
NCT100007077,Schizophrenia
NCT100007078,Parkinson's Disease
NCT100007079,Schizophrenia
NCT100007080,Parkinson's Disease
NCT100007081,Ulcerative Colitis
NCT100007082,Ulcerative Colitis
NCT100007083,Chronic Obstructive Pulmonary Disease
NCT100007084,Obesity
NCT100007085,Schizophrenia
NCT100007086,HIV Infections
NCT100007087,Alzheimer's Disease
NCT100007088,Migraine
NCT100007089,Non-Small Cell Lung Cancer
NCT100007090,Breast Cancer
NCT100007091,Chronic Kidney Disease
NCT100007092,Chronic Obstructive Pulmonary Disease
NCT100007093,Non-Small Cell Lung Cancer
NCT100007094,Non-Small Cell Lung Cancer
NCT100007095,Hypertension
NCT100007096,Chronic Obstructive Pulmonary Disease
NCT100007097,Rheumatoid Arthritis
NCT100007098,Chronic Kidney Disease
NCT100007099,Psoriasis
NCT100007100,Hypertension
NCT100007101,Obesity
NCT100007102,Psoriasis
NCT100007103,Alzheimer's Disease
NCT100007104,Coronary Artery Disease
NCT100007105,Asthma
NCT100007106,Multiple Sclerosis
NCT100007107,Obesity
NCT100007108,Breast Cancer
NCT100007109,Ulcerative Colitis
NCT100007110,Non-Small Cell Lung Cancer
NCT100007111,Multiple Sclerosis
NCT100007112,Type 2 Diabetes Mellitus
NCT100007113,Rheumatoid Arthritis
NCT100007114,Major Depressive Disorder
NCT100007115,HIV Infections
NCT100007116,Non-Small Cell Lung Cancer
NCT100007117,Rheumatoid Arthritis
NCT100007118,Asthma
NCT100007119,Type 2 Diabetes Mellitus
NCT100007120,Osteoarthritis
NCT100007121,Chronic Obstructive Pulmonary Disease
NCT100007122,Psoriasis
NCT100007123,Ulcerative Colitis
NCT100007124,Migraine
NCT100007125,Osteoarthritis
NCT100007126,HIV Infections
NCT100007127,Breast Cancer
NCT100007128,Ulcerative Colitis
NCT100007129,Psoriasis
NCT100007130,Breast Cancer
NCT100007131,Multiple Sclerosis
NCT100007132,HIV Infections
NCT100007133,Type 2 Diabetes Mellitus
NCT100007134,Rheumatoid Arthritis
NCT100007135,Coronary Artery Disease
NCT100007136,Parkinson's Disease
NCT100007137,Non-Small Cell Lung Cancer
NCT100007138,Migraine
NCT100007139,Chronic Obstructive Pulmonary Disease
NCT100007140,Hypertension
NCT100007141,Chronic Kidney Disease
NCT100007142,Osteoarthritis
NCT100007143,Breast Cancer
NCT100007144,Breast Cancer
NCT100007145,Hypertension
NCT100007146,Parkinson's Disease
NCT100007147,Chronic Obstructive Pulmonary Disease
NCT100007148,Alzheimer's Disease
NCT100007149,Non-Small Cell Lung Cancer
NCT100007150,Type 2 Diabetes Mellitus
NCT100007151,Schizophrenia
NCT100007152,Asthma
NCT100007153,Migraine
NCT100007154,Chronic Kidney Disease
NCT100007155,Psoriasis
NCT100007156,Alzheimer's Disease
NCT100007157,Non-Small Cell Lung Cancer
NCT100007158,Schizophrenia
NCT100007159,Migraine
NCT100007160,Breast Cancer
NCT100007161,Schizophrenia
NCT100007162,Rheumatoid Arthritis
NCT100007163,Chronic Obstructive Pulmonary Disease
NCT100007164,Hypertension
NCT100007165,Rheumatoid Arthritis
NCT100007166,Asthma
NCT100007167,Type 2 Diabetes Mellitus
NCT100007168,Breast Cancer
NCT100007169,Ulcerative Colitis
NCT100007170,HIV Infections
NCT100007171,Breast Cancer
NCT100007172,Obesity
NCT100007173,Obesity
NCT100007174,Breast Cancer
NCT100007175,Coronary Artery Disease
NCT100007176,Obesity
NCT100007177,Multiple Sclerosis
NCT100007178,Parkinson's Disease
NCT100007179,Chronic Kidney Disease
NCT100007180,Parkinson's Disease
NCT100007181,Schizophrenia
NCT100007182,Hypertension
NCT100007183,Alzheimer's Disease
NCT100007184,Osteoarthritis
NCT100007185,Psoriasis
NCT100007186,Osteoarthritis
NCT100007187,Ulcerative Colitis
NCT100007188,Chronic Obstructive Pulmonary Disease
NCT100007189,Ulcerative Colitis
NCT100007190,Obesity
NCT100007191,Alzheimer's Disease
NCT100007192,Obesity
NCT100007193,Alzheimer's Disease
NCT100007194,Rheumatoid Arthritis
NCT100007195,Asthma
NCT100007196,Type 2 Diabetes Mellitus
NCT100007197,Parkinson's Disease
NCT100007198,Major Depressive Disorder
NCT100007199,Chronic Kidney Disease
NCT100007200,Non-Small Cell Lung Cancer
NCT100007201,Rheumatoid Arthritis
NCT100007202,Major Depressive Disorder
NCT100007203,Rheumatoid Arthritis
NCT100007204,Multiple Sclerosis
NCT100007205,Multiple Sclerosis
NCT100007206,HIV Infections
NCT100007207,HIV Infections
NCT100007208,Coronary Artery Disease
NCT100007209,Psoriasis
NCT100007210,Breast Cancer
NCT100007211,Obesity
NCT100007212,Osteoarthritis
NCT100007213,Alzheimer's Disease
NCT100007214,Ulcerative Colitis
NCT100007215,Breast Cancer
NCT100007216,Multiple Sclerosis
NCT100007217,Osteoarthritis
NCT100007218,Non-Small Cell Lung Cancer
NCT100007219,Asthma
NCT100007220,Schizophrenia
NCT100007221,HIV Infections
NCT100007222,HIV Infections
NCT100007223,Chronic Kidney Disease
NCT100007224,Psoriasis
NCT100007225,Ulcerative Colitis
NCT100007226,Rheumatoid Arthritis
NCT100007227,Rheumatoid Arthritis
NCT100007228,Migraine
NCT100007229,Chronic Obstructive Pulmonary Disease
NCT100007230,Psoriasis
NCT100007231,Breast Cancer
NCT100007232,Asthma
NCT100007233,Obesity
NCT100007234,Chronic Kidney Disease
NCT100007235,Non-Small Cell Lung Cancer
NCT100007236,Alzheimer's Disease
NCT100007237,Rheumatoid Arthritis
NCT100007238,Ulcerative Colitis
NCT100007239,Psoriasis
NCT100007240,Rheumatoid Arthritis
NCT100007241,Type 2 Diabetes Mellitus
NCT100007242,Type 2 Diabetes Mellitus
NCT100007243,Major Depressive Disorder
NCT100007244,Schizophrenia
NCT100007245,Ulcerative Colitis
NCT100007246,Type 2 Diabetes Mellitus
NCT100007247,Chronic Kidney Disease
NCT100007248,Breast Cancer
NCT100007249,Parkinson's Disease
NCT100007250,HIV Infections
NCT100007251,Obesity
NCT100007252,Breast Cancer
NCT100007253,Rheumatoid Arthritis
NCT100007254,Parkinson's Disease
NCT100007255,Type 2 Diabetes Mellitus
NCT100007256,Obesity
NCT100007257,Asthma
NCT100007258,Type 2 Diabetes Mellitus
NCT100007259,Schizophrenia
NCT100007260,Obesity
NCT100007261,Ulcerative Colitis
NCT100007262,Chronic Obstructive Pulmonary Disease
NCT100007263,Chronic Obstructive Pulmonary Disease
NCT100007264,Asthma
NCT100007265,Psoriasis
NCT100007266,Psoriasis
NCT100007267,Asthma
NCT100007268,Type 2 Diabetes Mellitus
NCT100007269,Multiple Sclerosis
NCT100007270,Ulcerative Colitis
NCT100007271,Coronary Artery Disease
NCT100007272,Type 2 Diabetes Mellitus
NCT100007273,Osteoarthritis
NCT100007274,Psoriasis
NCT100007275,Chronic Obstructive Pulmonary Disease
NCT100007276,Hypertension
NCT100007277,HIV Infections
NCT100007278,Breast Cancer
NCT100007279,Non-Small Cell Lung Cancer
NCT100007280,Schizophrenia
NCT100007281,Ulcerative Colitis
NCT100007282,Hypertension
NCT100007283,Type 2 Diabetes Mellitus
NCT100007284,Asthma
NCT100007285,Breast Cancer
NCT100007286,Parkinson's Disease
NCT100007287,Coronary Artery Disease
NCT100007288,Multiple Sclerosis
NCT100007289,Hypertension
NCT100007290,Ulcerative Colitis
NCT100007291,Alzheimer's Disease
NCT100007292,Asthma
NCT100007293,Psoriasis
NCT100007294,Asthma
NCT100007295,Coronary Artery Disease
NCT100007296,Type 2 Diabetes Mellitus
NCT100007297,Hypertension
NCT100007298,Coronary Artery Disease
NCT100007299,Chronic Kidney Disease
NCT100007300,Chronic Kidney Disease
NCT100007301,Asthma
NCT100007302,Alzheimer's Disease
NCT100007303,Chronic Kidney Disease
NCT100007304,Psoriasis
NCT100007305,Alzheimer's Disease
NCT100007306,Multiple Sclerosis
NCT100007307,Chronic Kidney Disease
NCT100007308,Non-Small Cell Lung Cancer
NCT100007309,Asthma
NCT100007310,Migraine
NCT100007311,Psoriasis
NCT100007312,Rheumatoid Arthritis
NCT100007313,Ulcerative Colitis
NCT100007314,Parkinson's Disease
NCT100007315,Rheumatoid Arthritis
NCT100007316,Non-Small Cell Lung Cancer
NCT100007317,Breast Cancer
NCT100007318,Schizophrenia
NCT100007319,Chronic Kidney Disease
NCT100007320,Asthma
NCT100007321,Alzheimer's Disease
NCT100007322,Parkinson's Disease
NCT100007323,Hypertension
NCT100007324,Rheumatoid Arthritis
NCT100007325,Major Depressive Disorder
NCT100007326,Coronary Artery Disease
NCT100007327,Alzheimer's Disease
NCT100007328,Rheumatoid Arthritis
NCT100007329,Non-Small Cell Lung Cancer
NCT100007330,Alzheimer's Disease
NCT100007331,Parkinson's Disease
NCT100007332,Non-Small Cell Lung Cancer
NCT100007333,Schizophrenia
NCT100007334,Non-Small Cell Lung Cancer
NCT100007335,Chronic Kidney Disease
NCT100007336,Chronic Obstructive Pulmonary Disease
NCT100007337,Asthma
NCT100007338,Osteoarthritis
NCT100007339,HIV Infections
NCT100007340,Chronic Obstructive Pulmonary Disease
NCT100007341,Asthma
NCT100007342,Chronic Obstructive Pulmonary Disease
NCT100007343,Breast Cancer
NCT100007344,Coronary Artery Disease
NCT100007345,Coronary Artery Disease
NCT100007346,Psoriasis
NCT100007347,Osteoarthritis
NCT100007348,Obesity
NCT100007349,HIV Infections
NCT100007350,Alzheimer's Disease
NCT100007351,Schizophrenia
NCT100007352,Type 2 Diabetes Mellitus
NCT100007353,Psoriasis
NCT100007354,Asthma
NCT100007355,Obesity
NCT100007356,Coronary Artery Disease
NCT100007357,Asthma
NCT100007358,Psoriasis
NCT100007359,Rheumatoid Arthritis
NCT100007360,Rheumatoid Arthritis
NCT100007361,Major Depressive Disorder
NCT100007362,Obesity
NCT100007363,HIV Infections
NCT100007364,Type 2 Diabetes Mellitus
NCT100007365,Non-Small Cell Lung Cancer
NCT100007366,Rheumatoid Arthritis
NCT100007367,Obesity
NCT100007368,Chronic Obstructive Pulmonary Disease
NCT100007369,Major Depressive Disorder
NCT100007370,Breast Cancer
NCT100007371,Hypertension
NCT100007372,HIV Infections
NCT100007373,Chronic Kidney Disease
NCT100007374,Breast Cancer
NCT100007375,Major Depressive Disorder
NCT100007376,Chronic Kidney Disease
NCT100007377,Parkinson's Disease
NCT100007378,Type 2 Diabetes Mellitus
NCT100007379,Hypertension
NCT100007380,Breast Cancer
NCT100007381,Type 2 Diabetes Mellitus
NCT100007382,Psoriasis
NCT100007383,HIV Infections
NCT100007384,Psoriasis
NCT100007385,Hypertension
NCT100007386,HIV Infections
NCT100007387,Major Depressive Disorder
NCT100007388,Parkinson's Disease
NCT100007389,Major Depressive Disorder
NCT100007390,Non-Small Cell Lung Cancer
NCT100007391,Major Depressive Disorder
NCT100007392,Breast Cancer
NCT100007393,Multiple Sclerosis
NCT100007394,Obesity
NCT100007395,Major Depressive Disorder
NCT100007396,Alzheimer's Disease
NCT100007397,Non-Small Cell Lung Cancer
NCT100007398,Schizophrenia
NCT100007399,Asthma
NCT100007400,Osteoarthritis
NCT100007401,Chronic Obstructive Pulmonary Disease
NCT100007402,Asthma
NCT100007403,Chronic Kidney Disease
NCT100007404,Hypertension
NCT100007405,HIV Infections
NCT100007406,Schizophrenia
NCT100007407,Parkinson's Disease
NCT100007408,Alzheimer's Disease
NCT100007409,Major Depressive Disorder
NCT100007410,Alzheimer's Disease
NCT100007411,Breast Cancer
NCT100007412,Rheumatoid Arthritis
NCT100007413,Obesity
NCT100007414,Breast Cancer
NCT100007415,Parkinson's Disease
NCT100007416,Obesity
NCT100007417,Psoriasis
NCT100007418,Multiple Sclerosis
NCT100007419,Type 2 Diabetes Mellitus
NCT100007420,Asthma
NCT100007421,Psoriasis
NCT100007422,Coronary Artery Disease
NCT100007423,Type 2 Diabetes Mellitus
NCT100007424,Schizophrenia
NCT100007425,Coronary Artery Disease
NCT100007426,Breast Cancer
NCT100007427,Hypertension
NCT100007428,Type 2 Diabetes Mellitus
NCT100007429,Major Depressive Disorder
NCT100007430,Schizophrenia
NCT100007431,Chronic Obstructive Pulmonary Disease
NCT100007432,HIV Infections
NCT100007433,Multiple Sclerosis
NCT100007434,Schizophrenia
NCT100007435,Migraine
NCT100007436,Breast Cancer
NCT100007437,Alzheimer's Disease
NCT100007438,Schizophrenia
NCT100007439,Psoriasis
NCT100007440,Chronic Kidney Disease
NCT100007441,Osteoarthritis
NCT100007442,Obesity
NCT100007443,Major Depressive Disorder
NCT100007444,Chronic Kidney Disease
NCT100007445,Obesity
NCT100007446,Multiple Sclerosis
NCT100007447,Schizophrenia
NCT100007448,Psoriasis
NCT100007449,Hypertension
NCT100007450,Alzheimer's Disease
NCT100007451,Type 2 Diabetes Mellitus
NCT100007452,HIV Infections
NCT100007453,Osteoarthritis
NCT100007454,Migraine
NCT100007455,Hypertension
NCT100007456,Parkinson's Disease
NCT100007457,Breast Cancer
NCT100007458,HIV Infections
NCT100007459,Psoriasis
NCT100007460,Type 2 Diabetes Mellitus
NCT100007461,Alzheimer's Disease
NCT100007462,Chronic Kidney Disease
NCT100007463,Ulcerative Colitis
NCT100007464,Alzheimer's Disease
NCT100007465,Chronic Obstructive Pulmonary Disease
NCT100007466,Coronary Artery Disease
NCT100007467,Ulcerative Colitis
NCT100007468,Non-Small Cell Lung Cancer
NCT100007469,Psoriasis
NCT100007470,Major Depressive Disorder
NCT100007471,Psoriasis
NCT100007472,Type 2 Diabetes Mellitus
NCT100007473,HIV Infections
NCT100007474,Multiple Sclerosis
NCT100007475,Chronic Kidney Disease
NCT100007476,Hypertension
NCT100007477,Hypertension
NCT100007478,Non-Small Cell Lung Cancer
NCT100007479,Alzheimer's Disease
NCT100007480,HIV Infections
NCT100007481,Hypertension
NCT100007482,Hypertension
NCT100007483,Osteoarthritis
NCT100007484,Multiple Sclerosis
NCT100007485,Parkinson's Disease
NCT100007486,Parkinson's Disease
NCT100007487,Rheumatoid Arthritis
NCT100007488,Multiple Sclerosis
NCT100007489,HIV Infections
NCT100007490,Coronary Artery Disease
NCT100007491,HIV Infections
NCT100007492,Asthma
NCT100007493,Non-Small Cell Lung Cancer
NCT100007494,Chronic Obstructive Pulmonary Disease
NCT100007495,Schizophrenia
NCT100007496,Rheumatoid Arthritis
NCT100007497,Ulcerative Colitis
NCT100007498,Osteoarthritis
NCT100007499,Coronary Artery Disease
NCT100007500,Non-Small Cell Lung Cancer
NCT100007501,Ulcerative Colitis
NCT100007502,Schizophrenia
NCT100007503,Asthma
NCT100007504,HIV Infections
NCT100007505,Major Depressive Disorder
NCT100007506,Alzheimer's Disease
NCT100007507,Chronic Obstructive Pulmonary Disease
NCT100007508,Major Depressive Disorder
NCT100007509,Ulcerative Colitis
NCT100007510,Hypertension
NCT100007511,Rheumatoid Arthritis
NCT100007512,Type 2 Diabetes Mellitus
NCT100007513,Non-Small Cell Lung Cancer
NCT100007514,Migraine
NCT100007515,Type 2 Diabetes Mellitus
NCT100007516,Alzheimer's Disease
NCT100007517,Major Depressive Disorder
NCT100007518,Hypertension
NCT100007519,Breast Cancer
NCT100007520,Schizophrenia
NCT100007521,Migraine
NCT100007522,Breast Cancer
NCT100007523,Asthma
NCT100007524,Schizophrenia
NCT100007525,HIV Infections
NCT100007526,Migraine
NCT100007527,Non-Small Cell Lung Cancer
NCT100007528,Chronic Obstructive Pulmonary Disease
NCT100007529,Obesity
NCT100007530,Coronary Artery Disease
NCT100007531,Chronic Obstructive Pulmonary Disease
NCT100007532,Rheumatoid Arthritis
NCT100007533,Osteoarthritis
NCT100007534,Schizophrenia
NCT100007535,Multiple Sclerosis
NCT100007536,Osteoarthritis
NCT100007537,Breast Cancer
NCT100007538,Schizophrenia
NCT100007539,Psoriasis
NCT100007540,Type 2 Diabetes Mellitus
NCT100007541,Breast Cancer
NCT100007542,Obesity
NCT100007543,Non-Small Cell Lung Cancer
NCT100007544,Chronic Obstructive Pulmonary Disease
NCT100007545,Multiple Sclerosis
NCT100007546,Parkinson's Disease
NCT100007547,Type 2 Diabetes Mellitus
NCT100007548,Osteoarthritis
NCT100007549,Chronic Obstructive Pulmonary Disease
NCT100007550,Hypertension
NCT100007551,Chronic Obstructive Pulmonary Disease
NCT100007552,Chronic Obstructive Pulmonary Disease
NCT100007553,Osteoarthritis
NCT100007554,Breast Cancer
NCT100007555,Coronary Artery Disease
NCT100007556,Migraine
NCT100007557,Non-Small Cell Lung Cancer
NCT100007558,Osteoarthritis
NCT100007559,HIV Infections
NCT100007560,Major Depressive Disorder
NCT100007561,Chronic Kidney Disease
NCT100007562,Psoriasis
NCT100007563,Chronic Kidney Disease
NCT100007564,Rheumatoid Arthritis
NCT100007565,Rheumatoid Arthritis
NCT100007566,Ulcerative Colitis
NCT100007567,Parkinson's Disease
NCT100007568,Psoriasis
NCT100007569,Ulcerative Colitis
NCT100007570,Hypertension
NCT100007571,Non-Small Cell Lung Cancer
NCT100007572,Chronic Kidney Disease
NCT100007573,Psoriasis
NCT100007574,Rheumatoid Arthritis
NCT100007575,Multiple Sclerosis
NCT100007576,Multiple Sclerosis
NCT100007577,Osteoarthritis
NCT100007578,Major Depressive Disorder
NCT100007579,Major Depressive Disorder
NCT100007580,Type 2 Diabetes Mellitus
NCT100007581,Obesity
NCT100007582,Ulcerative Colitis
NCT100007583,Asthma
NCT100007584,Osteoarthritis
NCT100007585,Alzheimer's Disease
NCT100007586,Coronary Artery Disease
NCT100007587,Ulcerative Colitis
NCT100007588,Chronic Obstructive Pulmonary Disease
NCT100007589,Multiple Sclerosis
NCT100007590,Hypertension
NCT100007591,Hypertension
NCT100007592,Major Depressive Disorder
NCT100007593,Osteoarthritis
NCT100007594,Hypertension
NCT100007595,Obesity
NCT100007596,Rheumatoid Arthritis
NCT100007597,Asthma
NCT100007598,HIV Infections
NCT100007599,Non-Small Cell Lung Cancer
NCT100007600,Alzheimer's Disease
NCT100007601,Alzheimer's Disease
NCT100007602,Breast Cancer
NCT100007603,Asthma
NCT100007604,Breast Cancer
NCT100007605,Parkinson's Disease
NCT100007606,Chronic Kidney Disease
NCT100007607,HIV Infections
NCT100007608,Chronic Obstructive Pulmonary Disease
NCT100007609,Chronic Kidney Disease
NCT100007610,Ulcerative Colitis
NCT100007611,Coronary Artery Disease
NCT100007612,Type 2 Diabetes Mellitus
NCT100007613,Breast Cancer
NCT100007614,Alzheimer's Disease
NCT100007615,Obesity
NCT100007616,Schizophrenia
NCT100007617,Parkinson's Disease
NCT100007618,Hypertension
NCT100007619,Osteoarthritis
NCT100007620,Ulcerative Colitis
NCT100007621,Asthma
NCT100007622,Coronary Artery Disease
NCT100007623,Migraine
NCT100007624,HIV Infections
NCT100007625,Coronary Artery Disease
NCT100007626,Schizophrenia
NCT100007627,Chronic Kidney Disease
NCT100007628,HIV Infections
NCT100007629,Parkinson's Disease
NCT100007630,Osteoarthritis
NCT100007631,HIV Infections
NCT100007632,Ulcerative Colitis
NCT100007633,Multiple Sclerosis
NCT100007634,HIV Infections
NCT100007635,HIV Infections
NCT100007636,Chronic Obstructive Pulmonary Disease
NCT100007637,Non-Small Cell Lung Cancer
NCT100007638,Asthma
NCT100007639,Type 2 Diabetes Mellitus
NCT100007640,Major Depressive Disorder
NCT100007641,Chronic Kidney Disease
NCT100007642,Coronary Artery Disease
NCT100007643,Type 2 Diabetes Mellitus
NCT100007644,HIV Infections
NCT100007645,Non-Small Cell Lung Cancer
NCT100007646,HIV Infections
NCT100007647,Multiple Sclerosis
NCT100007648,Breast Cancer
NCT100007649,Major Depressive Disorder
NCT100007650,Non-Small Cell Lung Cancer
NCT100007651,Hypertension
NCT100007652,Chronic Kidney Disease
NCT100007653,Asthma
NCT100007654,Schizophrenia
NCT100007655,Multiple Sclerosis
NCT100007656,Chronic Obstructive Pulmonary Disease
NCT100007657,Chronic Obstructive Pulmonary Disease
NCT100007658,Schizophrenia
NCT100007659,Chronic Kidney Disease
NCT100007660,Parkinson's Disease
NCT100007661,Ulcerative Colitis
NCT100007662,Major Depressive Disorder
NCT100007663,Osteoarthritis
NCT100007664,HIV Infections
NCT100007665,Chronic Kidney Disease
NCT100007666,Non-Small Cell Lung Cancer
NCT100007667,Major Depressive Disorder
NCT100007668,Osteoarthritis
NCT100007669,Coronary Artery Disease
NCT100007670,Coronary Artery Disease
NCT100007671,Psoriasis
NCT100007672,HIV Infections
NCT100007673,Type 2 Diabetes Mellitus
NCT100007674,HIV Infections
NCT100007675,Multiple Sclerosis
NCT100007676,Psoriasis
NCT100007677,Alzheimer's Disease
NCT100007678,Hypertension
NCT100007679,HIV Infections
NCT100007680,Rheumatoid Arthritis
NCT100007681,Alzheimer's Disease
NCT100007682,Chronic Kidney Disease
NCT100007683,Psoriasis
NCT100007684,Breast Cancer
NCT100007685,Ulcerative Colitis
NCT100007686,Major Depressive Disorder
NCT100007687,Chronic Kidney Disease
NCT100007688,Psoriasis
NCT100007689,Parkinson's Disease
NCT100007690,Breast Cancer
NCT100007691,Hypertension
NCT100007692,Asthma
NCT100007693,Obesity
NCT100007694,Asthma
NCT100007695,Alzheimer's Disease
NCT100007696,Coronary Artery Disease
NCT100007697,Schizophrenia
NCT100007698,Hypertension
NCT100007699,Migraine
NCT100007700,Asthma
NCT100007701,Asthma
NCT100007702,Parkinson's Disease
NCT100007703,Multiple Sclerosis
NCT100007704,Asthma
NCT100007705,Chronic Kidney Disease
NCT100007706,Migraine
NCT100007707,Major Depressive Disorder
NCT100007708,Multiple Sclerosis
NCT100007709,Parkinson's Disease
NCT100007710,Rheumatoid Arthritis
NCT100007711,Non-Small Cell Lung Cancer
NCT100007712,Chronic Obstructive Pulmonary Disease
NCT100007713,HIV Infections
NCT100007714,Schizophrenia
NCT100007715,Non-Small Cell Lung Cancer
NCT100007716,Coronary Artery Disease
NCT100007717,Rheumatoid Arthritis
NCT100007718,Parkinson's Disease
NCT100007719,Rheumatoid Arthritis
NCT100007720,Osteoarthritis
NCT100007721,Osteoarthritis
NCT100007722,Type 2 Diabetes Mellitus
NCT100007723,Multiple Sclerosis
NCT100007724,Multiple Sclerosis
NCT100007725,Obesity
NCT100007726,HIV Infections
NCT100007727,Chronic Kidney Disease
NCT100007728,Psoriasis
NCT100007729,Asthma
NCT100007730,Rheumatoid Arthritis
NCT100007731,Osteoarthritis
NCT100007732,Ulcerative Colitis
NCT100007733,Major Depressive Disorder
NCT100007734,Asthma
NCT100007735,Multiple Sclerosis
NCT100007736,Alzheimer's Disease
NCT100007737,Obesity
NCT100007738,Parkinson's Disease
NCT100007739,Obesity
NCT100007740,Asthma
NCT100007741,Chronic Kidney Disease
NCT100007742,Non-Small Cell Lung Cancer
NCT100007743,Major Depressive Disorder
NCT100007744,Migraine
NCT100007745,Major Depressive Disorder
NCT100007746,Multiple Sclerosis
NCT100007747,Non-Small Cell Lung Cancer
NCT100007748,Coronary Artery Disease
NCT100007749,Hypertension
NCT100007750,Chronic Kidney Disease
NCT100007751,Asthma
NCT100007752,Schizophrenia
NCT100007753,Psoriasis
NCT100007754,Schizophrenia
NCT100007755,Chronic Kidney Disease
NCT100007756,Non-Small Cell Lung Cancer
NCT100007757,Major Depressive Disorder
NCT100007758,Chronic Obstructive Pulmonary Disease
NCT100007759,Schizophrenia
NCT100007760,Rheumatoid Arthritis
NCT100007761,HIV Infections
NCT100007762,Chronic Obstructive Pulmonary Disease
NCT100007763,Osteoarthritis
NCT100007764,Type 2 Diabetes Mellitus
NCT100007765,Migraine
NCT100007766,Parkinson's Disease
NCT100007767,Non-Small Cell Lung Cancer
NCT100007768,HIV Infections
NCT100007769,Hypertension
NCT100007770,Major Depressive Disorder
NCT100007771,Obesity
NCT100007772,Parkinson's Disease
NCT100007773,Multiple Sclerosis
NCT100007774,Psoriasis
NCT100007775,HIV Infections
NCT100007776,Alzheimer's Disease
NCT100007777,Parkinson's Disease
NCT100007778,Rheumatoid Arthritis
NCT100007779,Migraine
NCT100007780,Type 2 Diabetes Mellitus
NCT100007781,Coronary Artery Disease
NCT100007782,Non-Small Cell Lung Cancer
NCT100007783,Osteoarthritis
NCT100007784,Parkinson's Disease
NCT100007785,Type 2 Diabetes Mellitus
NCT100007786,Migraine
NCT100007787,Osteoarthritis
NCT100007788,Ulcerative Colitis
NCT100007789,Alzheimer's Disease
NCT100007790,Breast Cancer
NCT100007791,Alzheimer's Disease
NCT100007792,Chronic Obstructive Pulmonary Disease
NCT100007793,Osteoarthritis
NCT100007794,Alzheimer's Disease
NCT100007795,Psoriasis
NCT100007796,Breast Cancer
NCT100007797,Schizophrenia
NCT100007798,Parkinson's Disease
NCT100007799,Multiple Sclerosis
NCT100007800,Asthma
NCT100007801,Asthma
NCT100007802,Asthma
NCT100007803,Psoriasis
NCT100007804,Breast Cancer
NCT100007805,Migraine
NCT100007806,HIV Infections
NCT100007807,Schizophrenia
NCT100007808,Chronic Obstructive Pulmonary Disease
NCT100007809,Ulcerative Colitis
NCT100007810,HIV Infections
NCT100007811,Major Depressive Disorder
NCT100007812,Obesity
NCT100007813,Chronic Kidney Disease
NCT100007814,Asthma
NCT100007815,Psoriasis
NCT100007816,Psoriasis
NCT100007817,Multiple Sclerosis
NCT100007818,Coronary Artery Disease
NCT100007819,Obesity
NCT100007820,Obesity
NCT100007821,Parkinson's Disease
NCT100007822,Breast Cancer
NCT100007823,Schizophrenia
NCT100007824,Psoriasis
NCT100007825,HIV Infections
NCT100007826,Parkinson's Disease
NCT100007827,Obesity
NCT100007828,Asthma
NCT100007829,Multiple Sclerosis
NCT100007830,Asthma
NCT100007831,Asthma
NCT100007832,Rheumatoid Arthritis
NCT100007833,Non-Small Cell Lung Cancer
NCT100007834,Schizophrenia
NCT100007835,Migraine
NCT100007836,Coronary Artery Disease
NCT100007837,Hypertension
NCT100007838,Schizophrenia
NCT100007839,Rheumatoid Arthritis
NCT100007840,Coronary Artery Disease
NCT100007841,Schizophrenia
NCT100007842,Major Depressive Disorder
NCT100007843,Multiple Sclerosis
NCT100007844,Type 2 Diabetes Mellitus
NCT100007845,Coronary Artery Disease
NCT100007846,Coronary Artery Disease
NCT100007847,Osteoarthritis
NCT100007848,Psoriasis
NCT100007849,Chronic Obstructive Pulmonary Disease
NCT100007850,HIV Infections
NCT100007851,Obesity
NCT100007852,Migraine
NCT100007853,Psoriasis
NCT100007854,Type 2 Diabetes Mellitus
NCT100007855,Major Depressive Disorder
NCT100007856,Obesity
NCT100007857,Breast Cancer
NCT100007858,Breast Cancer
NCT100007859,Parkinson's Disease
NCT100007860,Obesity
NCT100007861,Non-Small Cell Lung Cancer
NCT100007862,Ulcerative Colitis
NCT100007863,Hypertension
NCT100007864,Asthma
NCT100007865,HIV Infections
NCT100007866,Parkinson's Disease
NCT100007867,Schizophrenia
NCT100007868,Asthma
NCT100007869,Coronary Artery Disease
NCT100007870,Parkinson's Disease
NCT100007871,Osteoarthritis
NCT100007872,Multiple Sclerosis
NCT100007873,Rheumatoid Arthritis
NCT100007874,Alzheimer's Disease
NCT100007875,Chronic Obstructive Pulmonary Disease
NCT100007876,Parkinson's Disease
NCT100007877,Alzheimer's Disease
NCT100007878,Asthma
NCT100007879,Parkinson's Disease
NCT100007880,HIV Infections
NCT100007881,Major Depressive Disorder
NCT100007882,Obesity
NCT100007883,Osteoarthritis
NCT100007884,Major Depressive Disorder
NCT100007885,Osteoarthritis
NCT100007886,Ulcerative Colitis
NCT100007887,Osteoarthritis
NCT100007888,Rheumatoid Arthritis
NCT100007889,Coronary Artery Disease
NCT100007890,Osteoarthritis
NCT100007891,Coronary Artery Disease
NCT100007892,Coronary Artery Disease
NCT100007893,Migraine
NCT100007894,Breast Cancer
NCT100007895,Alzheimer's Disease
NCT100007896,Parkinson's Disease
NCT100007897,Rheumatoid Arthritis
NCT100007898,Rheumatoid Arthritis
NCT100007899,Breast Cancer
NCT100007900,Asthma
NCT100007901,Coronary Artery Disease
NCT100007902,Type 2 Diabetes Mellitus
NCT100007903,Migraine
NCT100007904,Breast Cancer
NCT100007905,Psoriasis
NCT100007906,Alzheimer's Disease
NCT100007907,Major Depressive Disorder
NCT100007908,Osteoarthritis
NCT100007909,Schizophrenia
NCT100007910,Rheumatoid Arthritis
NCT100007911,Osteoarthritis
NCT100007912,HIV Infections
NCT100007913,Type 2 Diabetes Mellitus
NCT100007914,Rheumatoid Arthritis
NCT100007915,Type 2 Diabetes Mellitus
NCT100007916,Major Depressive Disorder
NCT100007917,Ulcerative Colitis
NCT100007918,Parkinson's Disease
NCT100007919,Rheumatoid Arthritis
NCT100007920,Osteoarthritis
NCT100007921,Osteoarthritis
NCT100007922,Coronary Artery Disease
NCT100007923,Psoriasis
NCT100007924,Parkinson's Disease
NCT100007925,Type 2 Diabetes Mellitus
NCT100007926,Rheumatoid Arthritis
NCT100007927,Rheumatoid Arthritis
NCT100007928,Chronic Kidney Disease
NCT100007929,Parkinson's Disease
NCT100007930,Hypertension
NCT100007931,Type 2 Diabetes Mellitus
NCT100007932,Chronic Obstructive Pulmonary Disease
NCT100007933,Major Depressive Disorder
NCT100007934,Chronic Obstructive Pulmonary Disease
NCT100007935,Chronic Kidney Disease
NCT100007936,Asthma
NCT100007937,Non-Small Cell Lung Cancer
NCT100007938,Psoriasis
NCT100007939,Alzheimer's Disease
NCT100007940,Chronic Obstructive Pulmonary Disease
NCT100007941,Chronic Kidney Disease
NCT100007942,Hypertension
NCT100007943,Multiple Sclerosis
NCT100007944,Schizophrenia
NCT100007945,HIV Infections
NCT100007946,Chronic Kidney Disease
NCT100007947,Alzheimer's Disease
NCT100007948,Osteoarthritis
NCT100007949,Multiple Sclerosis
NCT100007950,Non-Small Cell Lung Cancer
NCT100007951,Obesity
NCT100007952,Psoriasis
NCT100007953,Non-Small Cell Lung Cancer
NCT100007954,Parkinson's Disease
NCT100007955,Type 2 Diabetes Mellitus
NCT100007956,Non-Small Cell Lung Cancer
NCT100007957,HIV Infections
NCT100007958,Multiple Sclerosis
NCT100007959,HIV Infections
NCT100007960,Schizophrenia
NCT100007961,Hypertension
NCT100007962,Asthma
NCT100007963,Schizophrenia
NCT100007964,Migraine
NCT100007965,Alzheimer's Disease
NCT100007966,Obesity
NCT100007967,Osteoarthritis
NCT100007968,Parkinson's Disease
NCT100007969,Rheumatoid Arthritis
NCT100007970,Chronic Obstructive Pulmonary Disease
NCT100007971,HIV Infections
NCT100007972,HIV Infections
NCT100007973,Obesity
NCT100007974,Coronary Artery Disease
NCT100007975,HIV Infections
NCT100007976,Chronic Obstructive Pulmonary Disease
NCT100007977,Hypertension
NCT100007978,HIV Infections
NCT100007979,Rheumatoid Arthritis
NCT100007980,Major Depressive Disorder
NCT100007981,Migraine
NCT100007982,Breast Cancer
NCT100007983,Hypertension
NCT100007984,Alzheimer's Disease
NCT100007985,Rheumatoid Arthritis
NCT100007986,Major Depressive Disorder
NCT100007987,Rheumatoid Arthritis
NCT100007988,Multiple Sclerosis
NCT100007989,Hypertension
NCT100007990,Non-Small Cell Lung Cancer
NCT100007991,Multiple Sclerosis
NCT100007992,Rheumatoid Arthritis
NCT100007993,Multiple Sclerosis
NCT100007994,Rheumatoid Arthritis
NCT100007995,Alzheimer's Disease
NCT100007996,HIV Infections
NCT100007997,Breast Cancer
NCT100007998,Alzheimer's Disease
NCT100007999,Obesity
NCT100008000,Obesity
NCT100008001,Parkinson's Disease
NCT100008002,Non-Small Cell Lung Cancer
NCT100008003,Obesity
NCT100008004,HIV Infections
NCT100008005,Asthma
NCT100008006,Asthma
NCT100008007,Rheumatoid Arthritis
NCT100008008,Coronary Artery Disease
NCT100008009,Major Depressive Disorder
NCT100008010,Osteoarthritis
NCT100008011,Chronic Obstructive Pulmonary Disease
NCT100008012,Chronic Obstructive Pulmonary Disease
NCT100008013,Ulcerative Colitis
NCT100008014,Rheumatoid Arthritis
NCT100008015,Major Depressive Disorder
NCT100008016,Schizophrenia
NCT100008017,Coronary Artery Disease
NCT100008018,Major Depressive Disorder
NCT100008019,Migraine
NCT100008020,Multiple Sclerosis
NCT100008021,Psoriasis
NCT100008022,Psoriasis
NCT100008023,Osteoarthritis
NCT100008024,Alzheimer's Disease
NCT100008025,Rheumatoid Arthritis
NCT100008026,Ulcerative Colitis
NCT100008027,Obesity
NCT100008028,HIV Infections
NCT100008029,Non-Small Cell Lung Cancer
NCT100008030,Alzheimer's Disease
NCT100008031,Major Depressive Disorder
NCT100008032,Hypertension
NCT100008033,Schizophrenia
NCT100008034,Parkinson's Disease
NCT100008035,Rheumatoid Arthritis
NCT100008036,Schizophrenia
NCT100008037,Coronary Artery Disease
NCT100008038,Rheumatoid Arthritis
NCT100008039,Parkinson's Disease
NCT100008040,Type 2 Diabetes Mellitus
NCT100008041,Rheumatoid Arthritis
NCT100008042,Multiple Sclerosis
NCT100008043,Rheumatoid Arthritis
NCT100008044,Asthma
NCT100008045,Parkinson's Disease
NCT100008046,Parkinson's Disease
NCT100008047,Hypertension
NCT100008048,Obesity
NCT100008049,Hypertension
NCT100008050,Migraine
NCT100008051,Schizophrenia
NCT100008052,Psoriasis
NCT100008053,Parkinson's Disease
NCT100008054,Major Depressive Disorder
NCT100008055,Migraine
NCT100008056,Rheumatoid Arthritis
NCT100008057,HIV Infections
NCT100008058,Type 2 Diabetes Mellitus
NCT100008059,Migraine
NCT100008060,Osteoarthritis
NCT100008061,Migraine
NCT100008062,Major Depressive Disorder
NCT100008063,Obesity
NCT100008064,Asthma
NCT100008065,Chronic Obstructive Pulmonary Disease
NCT100008066,Ulcerative Colitis
NCT100008067,Non-Small Cell Lung Cancer
NCT100008068,Multiple Sclerosis
NCT100008069,Obesity
NCT100008070,Asthma
NCT100008071,Chronic Obstructive Pulmonary Disease
NCT100008072,Chronic Kidney Disease
NCT100008073,Chronic Kidney Disease
NCT100008074,Breast Cancer
NCT100008075,Schizophrenia
NCT100008076,Non-Small Cell Lung Cancer
NCT100008077,Non-Small Cell Lung Cancer
NCT100008078,Coronary Artery Disease
NCT100008079,Breast Cancer
NCT100008080,Ulcerative Colitis
NCT100008081,Chronic Obstructive Pulmonary Disease
NCT100008082,Major Depressive Disorder
NCT100008083,Migraine
NCT100008084,HIV Infections
NCT100008085,HIV Infections
NCT100008086,Schizophrenia
NCT100008087,Ulcerative Colitis
NCT100008088,Hypertension
NCT100008089,HIV Infections
NCT100008090,Parkinson's Disease
NCT100008091,Psoriasis
NCT100008092,Obesity
NCT100008093,Asthma
NCT100008094,Asthma
NCT100008095,Alzheimer's Disease
NCT100008096,Parkinson's Disease
NCT100008097,HIV Infections
NCT100008098,Non-Small Cell Lung Cancer
NCT100008099,Migraine
NCT100008100,Ulcerative Colitis
NCT100008101,Chronic Obstructive Pulmonary Disease
NCT100008102,Psoriasis
NCT100008103,Obesity
NCT100008104,Coronary Artery Disease
NCT100008105,Alzheimer's Disease
NCT100008106,Rheumatoid Arthritis
NCT100008107,Chronic Kidney Disease
NCT100008108,Obesity
NCT100008109,Chronic Kidney Disease
NCT100008110,Type 2 Diabetes Mellitus
NCT100008111,Major Depressive Disorder
NCT100008112,Non-Small Cell Lung Cancer
NCT100008113,Major Depressive Disorder
NCT100008114,Type 2 Diabetes Mellitus
NCT100008115,Psoriasis
NCT100008116,Schizophrenia
NCT100008117,Parkinson's Disease
NCT100008118,Hypertension
NCT100008119,Schizophrenia
NCT100008120,Osteoarthritis
NCT100008121,Chronic Obstructive Pulmonary Disease
NCT100008122,Obesity
NCT100008123,Breast Cancer
NCT100008124,Alzheimer's Disease
NCT100008125,Non-Small Cell Lung Cancer
NCT100008126,Major Depressive Disorder
NCT100008127,Psoriasis
NCT100008128,Obesity
NCT100008129,Asthma
NCT100008130,Migraine
NCT100008131,Rheumatoid Arthritis
NCT100008132,Multiple Sclerosis
NCT100008133,Major Depressive Disorder
NCT100008134,Migraine
NCT100008135,Type 2 Diabetes Mellitus
NCT100008136,Breast Cancer
NCT100008137,Chronic Kidney Disease
NCT100008138,Chronic Obstructive Pulmonary Disease
NCT100008139,HIV Infections
NCT100008140,Hypertension
NCT100008141,Coronary Artery Disease
NCT100008142,Parkinson's Disease
NCT100008143,Hypertension
NCT100008144,Obesity
NCT100008145,Non-Small Cell Lung Cancer
NCT100008146,Multiple Sclerosis
NCT100008147,Type 2 Diabetes Mellitus
NCT100008148,Ulcerative Colitis
NCT100008149,Psoriasis
NCT100008150,Hypertension
NCT100008151,Schizophrenia
NCT100008152,Parkinson's Disease
NCT100008153,Non-Small Cell Lung Cancer
NCT100008154,Breast Cancer
NCT100008155,Coronary Artery Disease
NCT100008156,Hypertension
NCT100008157,Ulcerative Colitis
NCT100008158,Osteoarthritis
NCT100008159,Breast Cancer
NCT100008160,Migraine
NCT100008161,Multiple Sclerosis
NCT100008162,Breast Cancer
NCT100008163,HIV Infections
NCT100008164,Alzheimer's Disease
NCT100008165,Multiple Sclerosis
NCT100008166,Osteoarthritis
NCT100008167,Non-Small Cell Lung Cancer
NCT100008168,Ulcerative Colitis
NCT100008169,Ulcerative Colitis
NCT100008170,Alzheimer's Disease
NCT100008171,Alzheimer's Disease
NCT100008172,Migraine
NCT100008173,Rheumatoid Arthritis
NCT100008174,Migraine
NCT100008175,Multiple Sclerosis
NCT100008176,Alzheimer's Disease
NCT100008177,Osteoarthritis
NCT100008178,Schizophrenia
NCT100008179,Schizophrenia
NCT100008180,Rheumatoid Arthritis
NCT100008181,HIV Infections
NCT100008182,Alzheimer's Disease
NCT100008183,Osteoarthritis
NCT100008184,Alzheimer's Disease
NCT100008185,Asthma
NCT100008186,Migraine
NCT100008187,Non-Small Cell Lung Cancer
NCT100008188,Hypertension
NCT100008189,Asthma
NCT100008190,Chronic Kidney Disease
NCT100008191,Alzheimer's Disease
NCT100008192,Schizophrenia
NCT100008193,Osteoarthritis
NCT100008194,Hypertension
NCT100008195,Parkinson's Disease
NCT100008196,Chronic Kidney Disease
NCT100008197,Parkinson's Disease
NCT100008198,Asthma
NCT100008199,Hypertension
NCT100008200,Rheumatoid Arthritis
NCT100008201,Schizophrenia
NCT100008202,Type 2 Diabetes Mellitus
NCT100008203,Breast Cancer
NCT100008204,Type 2 Diabetes Mellitus
NCT100008205,Schizophrenia
NCT100008206,Alzheimer's Disease
NCT100008207,Multiple Sclerosis
NCT100008208,Coronary Artery Disease
NCT100008209,HIV Infections
NCT100008210,Multiple Sclerosis
NCT100008211,Obesity
NCT100008212,Chronic Obstructive Pulmonary Disease
NCT100008213,Parkinson's Disease
NCT100008214,Chronic Obstructive Pulmonary Disease
NCT100008215,Ulcerative Colitis
NCT100008216,Ulcerative Colitis
NCT100008217,Alzheimer's Disease
NCT100008218,Hypertension
NCT100008219,Chronic Obstructive Pulmonary Disease
NCT100008220,Migraine
NCT100008221,Migraine
NCT100008222,Alzheimer's Disease
NCT100008223,Schizophrenia
NCT100008224,Psoriasis
NCT100008225,Rheumatoid Arthritis
NCT100008226,Chronic Kidney Disease
NCT100008227,Psoriasis
NCT100008228,Alzheimer's Disease
NCT100008229,Type 2 Diabetes Mellitus
NCT100008230,Ulcerative Colitis
NCT100008231,Osteoarthritis
NCT100008232,Schizophrenia
NCT100008233,Type 2 Diabetes Mellitus
NCT100008234,Chronic Kidney Disease
NCT100008235,Coronary Artery Disease
NCT100008236,Osteoarthritis
NCT100008237,Parkinson's Disease
NCT100008238,Alzheimer's Disease
NCT100008239,Asthma
NCT100008240,Chronic Kidney Disease
NCT100008241,Rheumatoid Arthritis
NCT100008242,Migraine
NCT100008243,Type 2 Diabetes Mellitus
NCT100008244,Chronic Obstructive Pulmonary Disease
NCT100008245,Multiple Sclerosis
NCT100008246,Major Depressive Disorder
NCT100008247,Non-Small Cell Lung Cancer
NCT100008248,Major Depressive Disorder
NCT100008249,Multiple Sclerosis
NCT100008250,Obesity
NCT100008251,Alzheimer's Disease
NCT100008252,Schizophrenia
NCT100008253,Coronary Artery Disease
NCT100008254,Obesity
NCT100008255,Schizophrenia
NCT100008256,Alzheimer's Disease
NCT100008257,Chronic Obstructive Pulmonary Disease
NCT100008258,Chronic Obstructive Pulmonary Disease
NCT100008259,Ulcerative Colitis
NCT100008260,HIV Infections
NCT100008261,Chronic Kidney Disease
NCT100008262,Asthma
NCT100008263,Non-Small Cell Lung Cancer
NCT100008264,Coronary Artery Disease
NCT100008265,Parkinson's Disease
NCT100008266,Multiple Sclerosis
NCT100008267,Ulcerative Colitis
NCT100008268,Ulcerative Colitis
NCT100008269,Rheumatoid Arthritis
NCT100008270,Migraine
NCT100008271,HIV Infections
NCT100008272,Major Depressive Disorder
NCT100008273,Asthma
NCT100008274,Major Depressive Disorder
NCT100008275,Ulcerative Colitis
NCT100008276,Parkinson's Disease
NCT100008277,Parkinson's Disease
NCT100008278,Osteoarthritis
NCT100008279,Migraine
NCT100008280,HIV Infections
NCT100008281,Non-Small Cell Lung Cancer
NCT100008282,Coronary Artery Disease
NCT100008283,Breast Cancer
NCT100008284,Multiple Sclerosis
NCT100008285,Psoriasis
NCT100008286,Ulcerative Colitis
NCT100008287,Chronic Kidney Disease
NCT100008288,Parkinson's Disease
NCT100008289,Chronic Obstructive Pulmonary Disease
NCT100008290,Non-Small Cell Lung Cancer
NCT100008291,Psoriasis
NCT100008292,Chronic Obstructive Pulmonary Disease
NCT100008293,Psoriasis
NCT100008294,Coronary Artery Disease
NCT100008295,Schizophrenia
NCT100008296,Hypertension
NCT100008297,Hypertension
NCT100008298,Coronary Artery Disease
NCT100008299,Coronary Artery Disease
NCT100008300,Asthma
NCT100008301,Schizophrenia
NCT100008302,Migraine
NCT100008303,Parkinson's Disease
NCT100008304,Psoriasis
NCT100008305,Schizophrenia
NCT100008306,Psoriasis
NCT100008307,Rheumatoid Arthritis
NCT100008308,Parkinson's Disease
NCT100008309,Ulcerative Colitis
NCT100008310,HIV Infections
NCT100008311,Ulcerative Colitis
NCT100008312,Coronary Artery Disease
NCT100008313,Multiple Sclerosis
NCT100008314,Chronic Kidney Disease
NCT100008315,Rheumatoid Arthritis
NCT100008316,Major Depressive Disorder
NCT100008317,Breast Cancer
NCT100008318,Psoriasis
NCT100008319,Rheumatoid Arthritis
NCT100008320,Rheumatoid Arthritis
NCT100008321,Rheumatoid Arthritis
NCT100008322,Type 2 Diabetes Mellitus
NCT100008323,HIV Infections
NCT100008324,Psoriasis
NCT100008325,Chronic Kidney Disease
NCT100008326,Chronic Kidney Disease
NCT100008327,Multiple Sclerosis
NCT100008328,Psoriasis
NCT100008329,Obesity
NCT100008330,Coronary Artery Disease
NCT100008331,Schizophrenia
NCT100008332,Parkinson's Disease
NCT100008333,Schizophrenia
NCT100008334,Major Depressive Disorder
NCT100008335,Asthma
NCT100008336,Rheumatoid Arthritis
NCT100008337,Chronic Kidney Disease
NCT100008338,Chronic Obstructive Pulmonary Disease
NCT100008339,Schizophrenia
NCT100008340,Migraine
NCT100008341,Hypertension
NCT100008342,Schizophrenia
NCT100008343,Coronary Artery Disease
NCT100008344,Chronic Obstructive Pulmonary Disease
NCT100008345,Migraine
NCT100008346,Schizophrenia
NCT100008347,Non-Small Cell Lung Cancer
NCT100008348,Asthma
NCT100008349,Obesity
NCT100008350,Major Depressive Disorder
NCT100008351,Schizophrenia
NCT100008352,Breast Cancer
NCT100008353,Alzheimer's Disease
NCT100008354,Chronic Kidney Disease
NCT100008355,Rheumatoid Arthritis
NCT100008356,Asthma
NCT100008357,Rheumatoid Arthritis
NCT100008358,Rheumatoid Arthritis
NCT100008359,Chronic Kidney Disease
NCT100008360,Asthma
NCT100008361,Coronary Artery Disease
NCT100008362,Migraine
NCT100008363,HIV Infections
NCT100008364,Major Depressive Disorder
NCT100008365,HIV Infections
NCT100008366,Schizophrenia
NCT100008367,Parkinson's Disease
NCT100008368,Hypertension
NCT100008369,Breast Cancer
NCT100008370,Obesity
NCT100008371,Alzheimer's Disease
NCT100008372,Schizophrenia
NCT100008373,Obesity
NCT100008374,Schizophrenia
NCT100008375,Major Depressive Disorder
NCT100008376,Chronic Kidney Disease
NCT100008377,Hypertension
NCT100008378,Rheumatoid Arthritis
NCT100008379,Multiple Sclerosis
NCT100008380,Chronic Obstructive Pulmonary Disease
NCT100008381,Alzheimer's Disease
NCT100008382,Breast Cancer
NCT100008383,Hypertension
NCT100008384,Breast Cancer
NCT100008385,Rheumatoid Arthritis
NCT100008386,Non-Small Cell Lung Cancer
NCT100008387,Chronic Kidney Disease
NCT100008388,Chronic Kidney Disease
NCT100008389,Parkinson's Disease
NCT100008390,Parkinson's Disease
NCT100008391,Chronic Obstructive Pulmonary Disease
NCT100008392,Parkinson's Disease
NCT100008393,Rheumatoid Arthritis
NCT100008394,Parkinson's Disease
NCT100008395,Psoriasis
NCT100008396,Type 2 Diabetes Mellitus
NCT100008397,Obesity
NCT100008398,Multiple Sclerosis
NCT100008399,Chronic Kidney Disease
NCT100008400,Chronic Obstructive Pulmonary Disease
NCT100008401,Migraine
NCT100008402,Type 2 Diabetes Mellitus
NCT100008403,Parkinson's Disease
NCT100008404,Rheumatoid Arthritis
NCT100008405,Multiple Sclerosis
NCT100008406,Rheumatoid Arthritis
NCT100008407,Chronic Obstructive Pulmonary Disease
NCT100008408,Schizophrenia
NCT100008409,Schizophrenia
NCT100008410,HIV Infections
NCT100008411,Migraine
NCT100008412,Chronic Kidney Disease
NCT100008413,Non-Small Cell Lung Cancer
NCT100008414,Breast Cancer
NCT100008415,Migraine
NCT100008416,HIV Infections
NCT100008417,Breast Cancer
NCT100008418,Major Depressive Disorder
NCT100008419,Hypertension
NCT100008420,Breast Cancer
NCT100008421,Multiple Sclerosis
NCT100008422,Osteoarthritis
NCT100008423,Ulcerative Colitis
NCT100008424,Obesity
NCT100008425,Non-Small Cell Lung Cancer
NCT100008426,Obesity
NCT100008427,Coronary Artery Disease
NCT100008428,Multiple Sclerosis
NCT100008429,Migraine
NCT100008430,Major Depressive Disorder
NCT100008431,Ulcerative Colitis
NCT100008432,Schizophrenia
NCT100008433,Major Depressive Disorder
NCT100008434,Major Depressive Disorder
NCT100008435,Chronic Kidney Disease
NCT100008436,Osteoarthritis
NCT100008437,Migraine
NCT100008438,Chronic Kidney Disease
NCT100008439,HIV Infections
NCT100008440,HIV Infections
NCT100008441,Migraine
NCT100008442,Hypertension
NCT100008443,Breast Cancer
NCT100008444,Major Depressive Disorder
NCT100008445,Hypertension
NCT100008446,Coronary Artery Disease
NCT100008447,Osteoarthritis
NCT100008448,Hypertension
NCT100008449,Psoriasis
NCT100008450,Chronic Obstructive Pulmonary Disease
NCT100008451,Breast Cancer
NCT100008452,Non-Small Cell Lung Cancer
NCT100008453,Breast Cancer
NCT100008454,Migraine
NCT100008455,Non-Small Cell Lung Cancer
NCT100008456,HIV Infections
NCT100008457,Chronic Kidney Disease
NCT100008458,Non-Small Cell Lung Cancer
NCT100008459,Schizophrenia
NCT100008460,Ulcerative Colitis
NCT100008461,Psoriasis
NCT100008462,Type 2 Diabetes Mellitus
NCT100008463,Asthma
NCT100008464,Non-Small Cell Lung Cancer
NCT100008465,HIV Infections
NCT100008466,Parkinson's Disease
NCT100008467,Ulcerative Colitis
NCT100008468,Osteoarthritis
NCT100008469,Multiple Sclerosis
NCT100008470,Alzheimer's Disease
NCT100008471,Migraine
NCT100008472,Ulcerative Colitis
NCT100008473,Schizophrenia
NCT100008474,Major Depressive Disorder
NCT100008475,Migraine
NCT100008476,Obesity
NCT100008477,Breast Cancer
NCT100008478,Breast Cancer
NCT100008479,Schizophrenia
NCT100008480,Osteoarthritis
NCT100008481,Osteoarthritis
NCT100008482,Migraine
NCT100008483,Chronic Obstructive Pulmonary Disease
NCT100008484,HIV Infections
NCT100008485,Coronary Artery Disease
NCT100008486,Non-Small Cell Lung Cancer
NCT100008487,Hypertension
NCT100008488,Asthma
NCT100008489,Migraine
NCT100008490,Asthma
NCT100008491,Migraine
NCT100008492,Breast Cancer
NCT100008493,Type 2 Diabetes Mellitus
NCT100008494,Breast Cancer
NCT100008495,Chronic Obstructive Pulmonary Disease
NCT100008496,Coronary Artery Disease
NCT100008497,Psoriasis
NCT100008498,Alzheimer's Disease
NCT100008499,Coronary Artery Disease
NCT100008500,Asthma
NCT100008501,Obesity
NCT100008502,Parkinson's Disease
NCT100008503,Osteoarthritis
NCT100008504,Hypertension
NCT100008505,Chronic Obstructive Pulmonary Disease
NCT100008506,Hypertension
NCT100008507,Breast Cancer
NCT100008508,Breast Cancer
NCT100008509,Obesity
NCT100008510,Psoriasis
NCT100008511,Asthma
NCT100008512,Migraine
NCT100008513,Alzheimer's Disease
NCT100008514,HIV Infections
NCT100008515,Schizophrenia
NCT100008516,Parkinson's Disease
NCT100008517,Migraine
NCT100008518,Coronary Artery Disease
NCT100008519,Type 2 Diabetes Mellitus
NCT100008520,Ulcerative Colitis
NCT100008521,Osteoarthritis
NCT100008522,Rheumatoid Arthritis
NCT100008523,Psoriasis
NCT100008524,Hypertension
NCT100008525,Hypertension
NCT100008526,Obesity
NCT100008527,Breast Cancer
NCT100008528,Osteoarthritis
NCT100008529,Ulcerative Colitis
NCT100008530,Asthma
NCT100008531,Coronary Artery Disease
NCT100008532,Obesity
NCT100008533,Psoriasis
NCT100008534,Ulcerative Colitis
NCT100008535,Obesity
NCT100008536,Obesity
NCT100008537,Psoriasis
NCT100008538,Asthma
NCT100008539,Psoriasis
NCT100008540,HIV Infections
NCT100008541,Migraine
NCT100008542,HIV Infections
NCT100008543,Non-Small Cell Lung Cancer
NCT100008544,Multiple Sclerosis
NCT100008545,Chronic Obstructive Pulmonary Disease
NCT100008546,Hypertension
NCT100008547,Non-Small Cell Lung Cancer
NCT100008548,Non-Small Cell Lung Cancer
NCT100008549,HIV Infections
NCT100008550,Major Depressive Disorder
NCT100008551,Coronary Artery Disease
NCT100008552,Schizophrenia
NCT100008553,HIV Infections
NCT100008554,Obesity
NCT100008555,Parkinson's Disease
NCT100008556,Alzheimer's Disease
NCT100008557,Osteoarthritis
NCT100008558,Hypertension
NCT100008559,Major Depressive Disorder
NCT100008560,Ulcerative Colitis
NCT100008561,Multiple Sclerosis
NCT100008562,HIV Infections
NCT100008563,Asthma
NCT100008564,HIV Infections
NCT100008565,Migraine
NCT100008566,Chronic Obstructive Pulmonary Disease
NCT100008567,Alzheimer's Disease
NCT100008568,Migraine
NCT100008569,Multiple Sclerosis
NCT100008570,Hypertension
NCT100008571,Psoriasis
NCT100008572,Chronic Obstructive Pulmonary Disease
NCT100008573,HIV Infections
NCT100008574,Asthma
NCT100008575,Parkinson's Disease
NCT100008576,Psoriasis
NCT100008577,Coronary Artery Disease
NCT100008578,Alzheimer's Disease
NCT100008579,Major Depressive Disorder
NCT100008580,Psoriasis
NCT100008581,Parkinson's Disease
NCT100008582,Chronic Kidney Disease
NCT100008583,Asthma
NCT100008584,Coronary Artery Disease
NCT100008585,Breast Cancer
NCT100008586,Alzheimer's Disease
NCT100008587,Hypertension
NCT100008588,Type 2 Diabetes Mellitus
NCT100008589,Type 2 Diabetes Mellitus
NCT100008590,Osteoarthritis
NCT100008591,Breast Cancer
NCT100008592,Breast Cancer
NCT100008593,Osteoarthritis
NCT100008594,Obesity
NCT100008595,HIV Infections
NCT100008596,Breast Cancer
NCT100008597,Multiple Sclerosis
NCT100008598,Type 2 Diabetes Mellitus
NCT100008599,Obesity
NCT100008600,Non-Small Cell Lung Cancer
NCT100008601,Coronary Artery Disease
NCT100008602,HIV Infections
NCT100008603,Parkinson's Disease
NCT100008604,Migraine
NCT100008605,Rheumatoid Arthritis
NCT100008606,Chronic Kidney Disease
NCT100008607,Type 2 Diabetes Mellitus
NCT100008608,Chronic Kidney Disease
NCT100008609,Chronic Obstructive Pulmonary Disease
NCT100008610,Coronary Artery Disease
NCT100008611,Alzheimer's Disease
NCT100008612,Ulcerative Colitis
NCT100008613,HIV Infections
NCT100008614,Migraine
NCT100008615,Non-Small Cell Lung Cancer
NCT100008616,Chronic Obstructive Pulmonary Disease
NCT100008617,Coronary Artery Disease
NCT100008618,Multiple Sclerosis
NCT100008619,Parkinson's Disease
NCT100008620,Psoriasis
NCT100008621,Osteoarthritis
NCT100008622,Parkinson's Disease
NCT100008623,Schizophrenia
NCT100008624,Schizophrenia
NCT100008625,Major Depressive Disorder
NCT100008626,Hypertension
NCT100008627,Psoriasis
NCT100008628,Chronic Obstructive Pulmonary Disease
NCT100008629,Rheumatoid Arthritis
NCT100008630,Major Depressive Disorder
NCT100008631,Non-Small Cell Lung Cancer
NCT100008632,Osteoarthritis
NCT100008633,Alzheimer's Disease
NCT100008634,Migraine
NCT100008635,Coronary Artery Disease
NCT100008636,Alzheimer's Disease
NCT100008637,Asthma
NCT100008638,Chronic Obstructive Pulmonary Disease
NCT100008639,Rheumatoid Arthritis
NCT100008640,Parkinson's Disease
NCT100008641,Type 2 Diabetes Mellitus
NCT100008642,Multiple Sclerosis
NCT100008643,Ulcerative Colitis
NCT100008644,Hypertension
NCT100008645,Non-Small Cell Lung Cancer
NCT100008646,Alzheimer's Disease
NCT100008647,Osteoarthritis
NCT100008648,HIV Infections
NCT100008649,Coronary Artery Disease
NCT100008650,Chronic Obstructive Pulmonary Disease
NCT100008651,Type 2 Diabetes Mellitus
NCT100008652,Major Depressive Disorder
NCT100008653,Alzheimer's Disease
NCT100008654,Major Depressive Disorder
NCT100008655,Hypertension
NCT100008656,Osteoarthritis
NCT100008657,Breast Cancer
NCT100008658,Coronary Artery Disease
NCT100008659,Multiple Sclerosis
NCT100008660,Ulcerative Colitis
NCT100008661,Ulcerative Colitis
NCT100008662,Alzheimer's Disease
NCT100008663,Asthma
NCT100008664,Migraine
NCT100008665,Psoriasis
NCT100008666,Alzheimer's Disease
NCT100008667,Osteoarthritis
NCT100008668,Asthma
NCT100008669,Chronic Obstructive Pulmonary Disease
NCT100008670,Schizophrenia
NCT100008671,Breast Cancer
NCT100008672,Alzheimer's Disease
NCT100008673,HIV Infections
NCT100008674,Major Depressive Disorder
NCT100008675,Multiple Sclerosis
NCT100008676,Schizophrenia
NCT100008677,Chronic Kidney Disease
NCT100008678,Parkinson's Disease
NCT100008679,Chronic Kidney Disease
NCT100008680,HIV Infections
NCT100008681,Osteoarthritis
NCT100008682,Migraine
NCT100008683,Chronic Kidney Disease
NCT100008684,Hypertension
NCT100008685,Non-Small Cell Lung Cancer
NCT100008686,Asthma
NCT100008687,Hypertension
NCT100008688,Obesity
NCT100008689,Obesity
NCT100008690,Coronary Artery Disease
NCT100008691,Breast Cancer
NCT100008692,Breast Cancer
NCT100008693,Parkinson's Disease
NCT100008694,Multiple Sclerosis
NCT100008695,Osteoarthritis
NCT100008696,Non-Small Cell Lung Cancer
NCT100008697,Chronic Kidney Disease
NCT100008698,Chronic Kidney Disease
NCT100008699,Type 2 Diabetes Mellitus
NCT100008700,Non-Small Cell Lung Cancer
NCT100008701,Breast Cancer
NCT100008702,Psoriasis
NCT100008703,Rheumatoid Arthritis
NCT100008704,Alzheimer's Disease
NCT100008705,Major Depressive Disorder
NCT100008706,Chronic Obstructive Pulmonary Disease
NCT100008707,Major Depressive Disorder
NCT100008708,Major Depressive Disorder
NCT100008709,Osteoarthritis
NCT100008710,Schizophrenia
NCT100008711,Major Depressive Disorder
NCT100008712,Obesity
NCT100008713,Coronary Artery Disease
NCT100008714,Breast Cancer
NCT100008715,Obesity
NCT100008716,Rheumatoid Arthritis
NCT100008717,Chronic Kidney Disease
NCT100008718,Coronary Artery Disease
NCT100008719,Rheumatoid Arthritis
NCT100008720,Chronic Kidney Disease
NCT100008721,Rheumatoid Arthritis
NCT100008722,Psoriasis
NCT100008723,Obesity
NCT100008724,Coronary Artery Disease
NCT100008725,Chronic Obstructive Pulmonary Disease
NCT100008726,Alzheimer's Disease
NCT100008727,Breast Cancer
NCT100008728,Non-Small Cell Lung Cancer
NCT100008729,HIV Infections
NCT100008730,Obesity
NCT100008731,HIV Infections
NCT100008732,Ulcerative Colitis
NCT100008733,Ulcerative Colitis
NCT100008734,Obesity
NCT100008735,Ulcerative Colitis
NCT100008736,Ulcerative Colitis
NCT100008737,Major Depressive Disorder
NCT100008738,Psoriasis
NCT100008739,Parkinson's Disease
NCT100008740,Breast Cancer
NCT100008741,Rheumatoid Arthritis
NCT100008742,Ulcerative Colitis
NCT100008743,Chronic Obstructive Pulmonary Disease
NCT100008744,Migraine
NCT100008745,Parkinson's Disease
NCT100008746,Chronic Kidney Disease
NCT100008747,Migraine
NCT100008748,Multiple Sclerosis
NCT100008749,Ulcerative Colitis
NCT100008750,HIV Infections
NCT100008751,HIV Infections
NCT100008752,Ulcerative Colitis
NCT100008753,Breast Cancer
NCT100008754,Chronic Obstructive Pulmonary Disease
NCT100008755,HIV Infections
NCT100008756,Osteoarthritis
NCT100008757,Hypertension
NCT100008758,Hypertension
NCT100008759,Alzheimer's Disease
NCT100008760,Parkinson's Disease
NCT100008761,Psoriasis
NCT100008762,Major Depressive Disorder
NCT100008763,Chronic Kidney Disease
NCT100008764,Ulcerative Colitis
NCT100008765,Major Depressive Disorder
NCT100008766,Major Depressive Disorder
NCT100008767,Major Depressive Disorder
NCT100008768,Breast Cancer
NCT100008769,Breast Cancer
NCT100008770,Chronic Kidney Disease
NCT100008771,Ulcerative Colitis
NCT100008772,Multiple Sclerosis
NCT100008773,Alzheimer's Disease
NCT100008774,Non-Small Cell Lung Cancer
NCT100008775,Coronary Artery Disease
NCT100008776,Breast Cancer
NCT100008777,Chronic Obstructive Pulmonary Disease
NCT100008778,Asthma
NCT100008779,Type 2 Diabetes Mellitus
NCT100008780,Obesity
NCT100008781,Osteoarthritis
NCT100008782,Multiple Sclerosis
NCT100008783,Coronary Artery Disease
NCT100008784,Hypertension
NCT100008785,Multiple Sclerosis
NCT100008786,Major Depressive Disorder
NCT100008787,Migraine
NCT100008788,Schizophrenia
NCT100008789,Ulcerative Colitis
NCT100008790,Multiple Sclerosis
NCT100008791,Schizophrenia
NCT100008792,Migraine
NCT100008793,HIV Infections
NCT100008794,Rheumatoid Arthritis
NCT100008795,Hypertension
NCT100008796,HIV Infections
NCT100008797,Non-Small Cell Lung Cancer
NCT100008798,Non-Small Cell Lung Cancer
NCT100008799,Psoriasis
NCT100008800,Schizophrenia
NCT100008801,Chronic Kidney Disease
NCT100008802,Coronary Artery Disease
NCT100008803,Osteoarthritis
NCT100008804,Hypertension
NCT100008805,Alzheimer's Disease
NCT100008806,Ulcerative Colitis
NCT100008807,Obesity
NCT100008808,Asthma
NCT100008809,Asthma
NCT100008810,Obesity
NCT100008811,Breast Cancer
NCT100008812,Rheumatoid Arthritis
NCT100008813,Alzheimer's Disease
NCT100008814,Breast Cancer
NCT100008815,Major Depressive Disorder
NCT100008816,Obesity
NCT100008817,Major Depressive Disorder
NCT100008818,Coronary Artery Disease
NCT100008819,Osteoarthritis
NCT100008820,Chronic Obstructive Pulmonary Disease
NCT100008821,Obesity
NCT100008822,Major Depressive Disorder
NCT100008823,Multiple Sclerosis
NCT100008824,Psoriasis
NCT100008825,Breast Cancer
NCT100008826,Coronary Artery Disease
NCT100008827,Obesity
NCT100008828,HIV Infections
NCT100008829,Coronary Artery Disease
NCT100008830,HIV Infections
NCT100008831,Asthma
NCT100008832,Rheumatoid Arthritis
NCT100008833,Chronic Obstructive Pulmonary Disease
NCT100008834,Asthma
NCT100008835,Breast Cancer
NCT100008836,Type 2 Diabetes Mellitus
NCT100008837,Major Depressive Disorder
NCT100008838,Alzheimer's Disease
NCT100008839,Non-Small Cell Lung Cancer
NCT100008840,Multiple Sclerosis
NCT100008841,Hypertension
NCT100008842,Asthma
NCT100008843,Schizophrenia
NCT100008844,Breast Cancer
NCT100008845,Psoriasis
NCT100008846,Schizophrenia
NCT100008847,Hypertension
NCT100008848,HIV Infections
NCT100008849,Chronic Kidney Disease
NCT100008850,Rheumatoid Arthritis
NCT100008851,Coronary Artery Disease
NCT100008852,Psoriasis
NCT100008853,Multiple Sclerosis
NCT100008854,Schizophrenia
NCT100008855,Hypertension
NCT100008856,Rheumatoid Arthritis
NCT100008857,Schizophrenia
NCT100008858,Multiple Sclerosis
NCT100008859,HIV Infections
NCT100008860,HIV Infections
NCT100008861,Chronic Kidney Disease
NCT100008862,Schizophrenia
NCT100008863,Asthma
NCT100008864,Chronic Obstructive Pulmonary Disease
NCT100008865,Multiple Sclerosis
NCT100008866,Hypertension
NCT100008867,Obesity
NCT100008868,Asthma
NCT100008869,Major Depressive Disorder
NCT100008870,Non-Small Cell Lung Cancer
NCT100008871,Non-Small Cell Lung Cancer
NCT100008872,Multiple Sclerosis
NCT100008873,Schizophrenia
NCT100008874,Major Depressive Disorder
NCT100008875,Alzheimer's Disease
NCT100008876,Rheumatoid Arthritis
NCT100008877,Parkinson's Disease
NCT100008878,Ulcerative Colitis
NCT100008879,HIV Infections
NCT100008880,Parkinson's Disease
NCT100008881,Schizophrenia
NCT100008882,Multiple Sclerosis
NCT100008883,Chronic Obstructive Pulmonary Disease
NCT100008884,Obesity
NCT100008885,Hypertension
NCT100008886,Multiple Sclerosis
NCT100008887,Asthma
NCT100008888,Migraine
NCT100008889,Schizophrenia
NCT100008890,Type 2 Diabetes Mellitus
NCT100008891,Osteoarthritis
NCT100008892,Obesity
NCT100008893,Multiple Sclerosis
NCT100008894,Asthma
NCT100008895,Major Depressive Disorder
NCT100008896,Asthma
NCT100008897,Psoriasis
NCT100008898,HIV Infections
NCT100008899,Ulcerative Colitis
NCT100008900,Schizophrenia
NCT100008901,Ulcerative Colitis
NCT100008902,Non-Small Cell Lung Cancer
NCT100008903,Psoriasis
NCT100008904,Major Depressive Disorder
NCT100008905,Hypertension
NCT100008906,Chronic Kidney Disease
NCT100008907,Schizophrenia
NCT100008908,Ulcerative Colitis
NCT100008909,HIV Infections
NCT100008910,Obesity
NCT100008911,Chronic Obstructive Pulmonary Disease
NCT100008912,Major Depressive Disorder
NCT100008913,Parkinson's Disease
NCT100008914,Obesity
NCT100008915,Breast Cancer
NCT100008916,Major Depressive Disorder
NCT100008917,Hypertension
NCT100008918,Coronary Artery Disease
NCT100008919,Osteoarthritis
NCT100008920,Ulcerative Colitis
NCT100008921,Migraine
NCT100008922,Parkinson's Disease
NCT100008923,Obesity
NCT100008924,Asthma
NCT100008925,Chronic Kidney Disease
NCT100008926,Asthma
NCT100008927,Major Depressive Disorder
NCT100008928,Obesity
NCT100008929,Non-Small Cell Lung Cancer
NCT100008930,Osteoarthritis
NCT100008931,Multiple Sclerosis
NCT100008932,Non-Small Cell Lung Cancer
NCT100008933,Rheumatoid Arthritis
NCT100008934,Coronary Artery Disease
NCT100008935,Non-Small Cell Lung Cancer
NCT100008936,Asthma
NCT100008937,Rheumatoid Arthritis
NCT100008938,Asthma
NCT100008939,Migraine
NCT100008940,Rheumatoid Arthritis
NCT100008941,Chronic Kidney Disease
NCT100008942,Asthma
NCT100008943,Hypertension
NCT100008944,Ulcerative Colitis
NCT100008945,Schizophrenia
NCT100008946,Chronic Obstructive Pulmonary Disease
NCT100008947,Chronic Kidney Disease
NCT100008948,Ulcerative Colitis
NCT100008949,HIV Infections
NCT100008950,Psoriasis
NCT100008951,Type 2 Diabetes Mellitus
NCT100008952,Parkinson's Disease
NCT100008953,HIV Infections
NCT100008954,Ulcerative Colitis
NCT100008955,Type 2 Diabetes Mellitus
NCT100008956,Migraine
NCT100008957,Chronic Kidney Disease
NCT100008958,Parkinson's Disease
NCT100008959,Alzheimer's Disease
NCT100008960,Osteoarthritis
NCT100008961,Coronary Artery Disease
NCT100008962,HIV Infections
NCT100008963,Ulcerative Colitis
NCT100008964,Non-Small Cell Lung Cancer
NCT100008965,Non-Small Cell Lung Cancer
NCT100008966,Alzheimer's Disease
NCT100008967,Breast Cancer
NCT100008968,HIV Infections
NCT100008969,HIV Infections
NCT100008970,Osteoarthritis
NCT100008971,Parkinson's Disease
NCT100008972,Asthma
NCT100008973,Breast Cancer
NCT100008974,Migraine
NCT100008975,Breast Cancer
NCT100008976,Alzheimer's Disease
NCT100008977,Major Depressive Disorder
NCT100008978,Osteoarthritis
NCT100008979,Ulcerative Colitis
NCT100008980,Migraine
NCT100008981,Asthma
NCT100008982,Osteoarthritis
NCT100008983,Migraine
NCT100008984,Non-Small Cell Lung Cancer
NCT100008985,Alzheimer's Disease
NCT100008986,Chronic Kidney Disease
NCT100008987,Obesity
NCT100008988,Major Depressive Disorder
NCT100008989,HIV Infections
NCT100008990,Parkinson's Disease
NCT100008991,Asthma
NCT100008992,Psoriasis
NCT100008993,Rheumatoid Arthritis
NCT100008994,Chronic Kidney Disease
NCT100008995,Psoriasis
NCT100008996,Osteoarthritis
NCT100008997,Coronary Artery Disease
NCT100008998,Type 2 Diabetes Mellitus
NCT100008999,Schizophrenia
