nct_id,sponsor_type,sponsor_name
NCT100000000,Industry,Industry Sponsor #115
NCT100000001,Other,Other Sponsor #217
NCT100000002,Industry,Industry Sponsor #102
NCT100000003,NIH,NIH Sponsor #4
NCT100000004,Industry,Industry Sponsor #173
NCT100000005,Other,Other Sponsor #23
NCT100000006,Industry,Industry Sponsor #322
NCT100000007,Industry,Industry Sponsor #396
NCT100000008,Other,Other Sponsor #233
NCT100000009,Industry,Industry Sponsor #350
NCT100000010,Industry,Industry Sponsor #139
NCT100000011,Other,Other Sponsor #17
NCT100000012,Other,Other Sponsor #368
NCT100000013,Other,Other Sponsor #136
NCT100000014,Other,Other Sponsor #299
NCT100000015,Industry,Industry Sponsor #387
NCT100000016,Industry,Industry Sponsor #306
NCT100000017,Industry,Industry Sponsor #284
NCT100000018,Industry,Industry Sponsor #329
NCT100000019,Industry,Industry Sponsor #369
NCT100000020,Industry,Industry Sponsor #321
NCT100000021,Industry,Industry Sponsor #277
NCT100000022,Industry,Industry Sponsor #158
NCT100000023,Other,Other Sponsor #249
NCT100000024,Industry,Industry Sponsor #136
NCT100000025,Industry,Industry Sponsor #374
NCT100000026,Other,Other Sponsor #265
NCT100000027,Industry,Industry Sponsor #118
NCT100000028,Other,Other Sponsor #17
NCT100000029,Other,Other Sponsor #68
NCT100000030,Other,Other Sponsor #98
NCT100000031,Industry,Industry Sponsor #28
NCT100000032,Industry,Industry Sponsor #128
NCT100000033,Industry,Industry Sponsor #128
NCT100000034,Other,Other Sponsor #334
NCT100000035,Industry,Industry Sponsor #206
NCT100000036,Industry,Industry Sponsor #233
NCT100000037,Industry,Industry Sponsor #112
NCT100000038,Industry,Industry Sponsor #258
NCT100000039,Industry,Industry Sponsor #305
NCT100000040,Other,Other Sponsor #297
NCT100000041,Other,Other Sponsor #162
NCT100000042,Industry,Industry Sponsor #235
NCT100000043,Other,Other Sponsor #52
NCT100000044,Industry,Industry Sponsor #36
NCT100000045,Other,Other Sponsor #314
NCT100000046,Other,Other Sponsor #69
NCT100000047,Industry,Industry Sponsor #108
NCT100000048,Industry,Industry Sponsor #27
NCT100000049,Industry,Industry Sponsor #67
NCT100000050,NIH,NIH Sponsor #5
NCT100000051,Other,Other Sponsor #76
NCT100000052,Other,Other Sponsor #21
NCT100000053,Industry,Industry Sponsor #209
NCT100000054,Other,Other Sponsor #13
NCT100000055,Industry,Industry Sponsor #377
NCT100000056,Industry,Industry Sponsor #241
NCT100000057,Other,Other Sponsor #115
NCT100000058,Industry,Industry Sponsor #396
NCT100000059,Other,Other Sponsor #15
NCT100000060,Other,Other Sponsor #56
NCT100000061,Industry,Industry Sponsor #262
NCT100000062,Industry,Industry Sponsor #267
NCT100000063,Other,Other Sponsor #320
NCT100000064,Industry,Industry Sponsor #210
NCT100000065,Industry,Industry Sponsor #195
NCT100000066,Industry,Industry Sponsor #147
NCT100000067,Industry,Industry Sponsor #346
NCT100000068,Other,Other Sponsor #338
NCT100000069,NIH,NIH Sponsor #385
NCT100000070,Industry,Industry Sponsor #126
NCT100000071,Other,Other Sponsor #357
NCT100000072,Other,Other Sponsor #385
NCT100000073,Other,Other Sponsor #238
NCT100000074,Industry,Industry Sponsor #238
NCT100000075,Other,Other Sponsor #369
NCT100000076,Industry,Industry Sponsor #231
NCT100000077,Industry,Industry Sponsor #249
NCT100000078,Industry,Industry Sponsor #164
NCT100000079,Industry,Industry Sponsor #110
NCT100000080,Industry,Industry Sponsor #216
NCT100000081,Industry,Industry Sponsor #295
NCT100000082,Industry,Industry Sponsor #215
NCT100000083,Other,Other Sponsor #140
NCT100000084,Other,Other Sponsor #371
NCT100000085,Other,Other Sponsor #202
NCT100000086,Industry,Industry Sponsor #94
NCT100000087,Industry,Industry Sponsor #195
NCT100000088,Industry,Industry Sponsor #277
NCT100000089,Industry,Industry Sponsor #21
NCT100000090,Other,Other Sponsor #243
NCT100000091,Industry,Industry Sponsor #311
NCT100000092,Industry,Industry Sponsor #160
NCT100000093,Other,Other Sponsor #354
NCT100000094,Industry,Industry Sponsor #62
NCT100000095,Industry,Industry Sponsor #260
NCT100000096,Industry,Industry Sponsor #326
NCT100000097,Other,Other Sponsor #139
NCT100000098,Other,Other Sponsor #166
NCT100000099,Industry,Industry Sponsor #313
NCT100000100,Industry,Industry Sponsor #182
NCT100000101,Other,Other Sponsor #6
NCT100000102,Other,Other Sponsor #389
NCT100000103,Industry,Industry Sponsor #48
NCT100000104,Industry,Industry Sponsor #243
NCT100000105,Other,Other Sponsor #360
NCT100000106,Industry,Industry Sponsor #62
NCT100000107,Industry,Industry Sponsor #390
NCT100000108,Other,Other Sponsor #185
NCT100000109,Industry,Industry Sponsor #28
NCT100000110,Other,Other Sponsor #7
NCT100000111,Industry,Industry Sponsor #130
NCT100000112,Industry,Industry Sponsor #28
NCT100000113,Industry,Industry Sponsor #286
NCT100000114,Industry,Industry Sponsor #153
NCT100000115,Industry,Industry Sponsor #51
NCT100000116,Industry,Industry Sponsor #39
NCT100000117,NIH,NIH Sponsor #119
NCT100000118,Industry,Industry Sponsor #136
NCT100000119,Industry,Industry Sponsor #137
NCT100000120,Industry,Industry Sponsor #292
NCT100000121,Other,Other Sponsor #257
NCT100000122,Industry,Industry Sponsor #166
NCT100000123,Other,Other Sponsor #301
NCT100000124,Industry,Industry Sponsor #227
NCT100000125,Industry,Industry Sponsor #179
NCT100000126,Other,Other Sponsor #356
NCT100000127,NIH,NIH Sponsor #162
NCT100000128,Industry,Industry Sponsor #1
NCT100000129,Industry,Industry Sponsor #388
NCT100000130,Industry,Industry Sponsor #148
NCT100000131,Other,Other Sponsor #123
NCT100000132,Industry,Industry Sponsor #59
NCT100000133,Industry,Industry Sponsor #150
NCT100000134,Industry,Industry Sponsor #234
NCT100000135,NIH,NIH Sponsor #70
NCT100000136,Other,Other Sponsor #2
NCT100000137,NIH,NIH Sponsor #77
NCT100000138,NIH,NIH Sponsor #234
NCT100000139,Other,Other Sponsor #382
NCT100000140,Other,Other Sponsor #78
NCT100000141,Other,Other Sponsor #52
NCT100000142,Industry,Industry Sponsor #210
NCT100000143,Other,Other Sponsor #355
NCT100000144,Other,Other Sponsor #195
NCT100000145,Industry,Industry Sponsor #148
NCT100000146,Other,Other Sponsor #86
NCT100000147,Industry,Industry Sponsor #221
NCT100000148,Other,Other Sponsor #90
NCT100000149,Industry,Industry Sponsor #74
NCT100000150,Other,Other Sponsor #239
NCT100000151,Industry,Industry Sponsor #328
NCT100000152,Industry,Industry Sponsor #122
NCT100000153,Other,Other Sponsor #338
NCT100000154,Other,Other Sponsor #26
NCT100000155,Industry,Industry Sponsor #318
NCT100000156,Other,Other Sponsor #159
NCT100000157,Industry,Industry Sponsor #168
NCT100000158,Industry,Industry Sponsor #272
NCT100000159,Industry,Industry Sponsor #247
NCT100000160,Industry,Industry Sponsor #116
NCT100000161,Other,Other Sponsor #275
NCT100000162,Other,Other Sponsor #327
NCT100000163,Other,Other Sponsor #313
NCT100000164,Industry,Industry Sponsor #333
NCT100000165,Industry,Industry Sponsor #60
NCT100000166,Industry,Industry Sponsor #381
NCT100000167,Other,Other Sponsor #336
NCT100000168,Other,Other Sponsor #354
NCT100000169,Industry,Industry Sponsor #352
NCT100000170,Industry,Industry Sponsor #233
NCT100000171,NIH,NIH Sponsor #171
NCT100000172,Industry,Industry Sponsor #284
NCT100000173,Industry,Industry Sponsor #306
NCT100000174,Industry,Industry Sponsor #57
NCT100000175,Other,Other Sponsor #166
NCT100000176,Other,Other Sponsor #382
NCT100000177,Industry,Industry Sponsor #258
NCT100000178,Other,Other Sponsor #267
NCT100000179,Industry,Industry Sponsor #352
NCT100000180,Industry,Industry Sponsor #34
NCT100000181,Industry,Industry Sponsor #306
NCT100000182,Industry,Industry Sponsor #59
NCT100000183,Other,Other Sponsor #233
NCT100000184,Industry,Industry Sponsor #79
NCT100000185,Industry,Industry Sponsor #382
NCT100000186,Other,Other Sponsor #344
NCT100000187,Other,Other Sponsor #370
NCT100000188,Industry,Industry Sponsor #109
NCT100000189,Industry,Industry Sponsor #189
NCT100000190,Other,Other Sponsor #393
NCT100000191,Other,Other Sponsor #137
NCT100000192,Industry,Industry Sponsor #4
NCT100000193,Industry,Industry Sponsor #325
NCT100000194,Industry,Industry Sponsor #160
NCT100000195,Industry,Industry Sponsor #26
NCT100000196,Industry,Industry Sponsor #140
NCT100000197,Industry,Industry Sponsor #348
NCT100000198,Industry,Industry Sponsor #307
NCT100000199,Industry,Industry Sponsor #131
NCT100000200,Other,Other Sponsor #195
NCT100000201,Other,Other Sponsor #37
NCT100000202,Industry,Industry Sponsor #161
NCT100000203,Other,Other Sponsor #208
NCT100000204,Other,Other Sponsor #354
NCT100000205,NIH,NIH Sponsor #203
NCT100000206,Industry,Industry Sponsor #59
NCT100000207,Industry,Industry Sponsor #331
NCT100000208,Industry,Industry Sponsor #390
NCT100000209,Other,Other Sponsor #289
NCT100000210,Other,Other Sponsor #322
NCT100000211,Industry,Industry Sponsor #141
NCT100000212,Industry,Industry Sponsor #30
NCT100000213,Other,Other Sponsor #315
NCT100000214,NIH,NIH Sponsor #22
NCT100000215,Industry,Industry Sponsor #78
NCT100000216,Industry,Industry Sponsor #21
NCT100000217,Industry,Industry Sponsor #187
NCT100000218,Other,Other Sponsor #27
NCT100000219,NIH,NIH Sponsor #130
NCT100000220,NIH,NIH Sponsor #180
NCT100000221,Other,Other Sponsor #287
NCT100000222,Other,Other Sponsor #379
NCT100000223,Industry,Industry Sponsor #110
NCT100000224,Other,Other Sponsor #152
NCT100000225,Other,Other Sponsor #20
NCT100000226,Industry,Industry Sponsor #355
NCT100000227,Industry,Industry Sponsor #228
NCT100000228,Industry,Industry Sponsor #241
NCT100000229,Industry,Industry Sponsor #271
NCT100000230,Other,Other Sponsor #129
NCT100000231,NIH,NIH Sponsor #265
NCT100000232,Industry,Industry Sponsor #76
NCT100000233,Other,Other Sponsor #213
NCT100000234,Industry,Industry Sponsor #115
NCT100000235,Other,Other Sponsor #71
NCT100000236,Industry,Industry Sponsor #230
NCT100000237,Other,Other Sponsor #373
NCT100000238,Industry,Industry Sponsor #123
NCT100000239,Industry,Industry Sponsor #306
NCT100000240,Other,Other Sponsor #1
NCT100000241,Other,Other Sponsor #185
NCT100000242,Other,Other Sponsor #11
NCT100000243,Industry,Industry Sponsor #383
NCT100000244,Other,Other Sponsor #396
NCT100000245,Industry,Industry Sponsor #330
NCT100000246,Industry,Industry Sponsor #70
NCT100000247,Industry,Industry Sponsor #22
NCT100000248,Other,Other Sponsor #130
NCT100000249,Other,Other Sponsor #336
NCT100000250,Industry,Industry Sponsor #226
NCT100000251,Industry,Industry Sponsor #266
NCT100000252,Industry,Industry Sponsor #93
NCT100000253,Industry,Industry Sponsor #229
NCT100000254,Industry,Industry Sponsor #181
NCT100000255,Other,Other Sponsor #344
NCT100000256,Other,Other Sponsor #74
NCT100000257,Industry,Industry Sponsor #186
NCT100000258,Industry,Industry Sponsor #190
NCT100000259,Industry,Industry Sponsor #333
NCT100000260,Industry,Industry Sponsor #288
NCT100000261,Industry,Industry Sponsor #356
NCT100000262,Industry,Industry Sponsor #366
NCT100000263,Other,Other Sponsor #342
NCT100000264,Industry,Industry Sponsor #81
NCT100000265,Industry,Industry Sponsor #72
NCT100000266,NIH,NIH Sponsor #283
NCT100000267,Industry,Industry Sponsor #246
NCT100000268,Industry,Industry Sponsor #329
NCT100000269,Industry,Industry Sponsor #400
NCT100000270,Other,Other Sponsor #29
NCT100000271,Industry,Industry Sponsor #116
NCT100000272,Other,Other Sponsor #326
NCT100000273,Industry,Industry Sponsor #304
NCT100000274,NIH,NIH Sponsor #15
NCT100000275,Industry,Industry Sponsor #317
NCT100000276,Other,Other Sponsor #351
NCT100000277,Industry,Industry Sponsor #248
NCT100000278,Industry,Industry Sponsor #376
NCT100000279,Industry,Industry Sponsor #124
NCT100000280,Industry,Industry Sponsor #197
NCT100000281,Other,Other Sponsor #296
NCT100000282,Industry,Industry Sponsor #158
NCT100000283,Industry,Industry Sponsor #111
NCT100000284,Industry,Industry Sponsor #335
NCT100000285,Industry,Industry Sponsor #136
NCT100000286,Industry,Industry Sponsor #186
NCT100000287,Industry,Industry Sponsor #320
NCT100000288,Industry,Industry Sponsor #174
NCT100000289,Industry,Industry Sponsor #257
NCT100000290,Industry,Industry Sponsor #234
NCT100000291,Other,Other Sponsor #202
NCT100000292,Industry,Industry Sponsor #289
NCT100000293,Other,Other Sponsor #299
NCT100000294,Industry,Industry Sponsor #398
NCT100000295,NIH,NIH Sponsor #323
NCT100000296,Industry,Industry Sponsor #359
NCT100000297,Industry,Industry Sponsor #105
NCT100000298,Other,Other Sponsor #32
NCT100000299,Other,Other Sponsor #193
NCT100000300,Industry,Industry Sponsor #347
NCT100000301,Industry,Industry Sponsor #116
NCT100000302,Industry,Industry Sponsor #287
NCT100000303,Industry,Industry Sponsor #203
NCT100000304,Other,Other Sponsor #227
NCT100000305,Industry,Industry Sponsor #357
NCT100000306,NIH,NIH Sponsor #343
NCT100000307,Industry,Industry Sponsor #349
NCT100000308,Industry,Industry Sponsor #244
NCT100000309,Industry,Industry Sponsor #31
NCT100000310,Other,Other Sponsor #90
NCT100000311,Industry,Industry Sponsor #254
NCT100000312,Industry,Industry Sponsor #55
NCT100000313,Industry,Industry Sponsor #69
NCT100000314,Industry,Industry Sponsor #235
NCT100000315,Other,Other Sponsor #388
NCT100000316,Other,Other Sponsor #264
NCT100000317,Industry,Industry Sponsor #166
NCT100000318,Other,Other Sponsor #155
NCT100000319,Other,Other Sponsor #32
NCT100000320,Other,Other Sponsor #361
NCT100000321,Industry,Industry Sponsor #245
NCT100000322,Other,Other Sponsor #388
NCT100000323,Other,Other Sponsor #42
NCT100000324,Industry,Industry Sponsor #32
NCT100000325,Industry,Industry Sponsor #267
NCT100000326,Industry,Industry Sponsor #229
NCT100000327,Industry,Industry Sponsor #237
NCT100000328,Other,Other Sponsor #297
NCT100000329,Industry,Industry Sponsor #36
NCT100000330,Other,Other Sponsor #374
NCT100000331,Industry,Industry Sponsor #194
NCT100000332,Other,Other Sponsor #276
NCT100000333,Industry,Industry Sponsor #12
NCT100000334,Other,Other Sponsor #178
NCT100000335,Other,Other Sponsor #339
NCT100000336,Industry,Industry Sponsor #229
NCT100000337,Industry,Industry Sponsor #277
NCT100000338,Other,Other Sponsor #375
NCT100000339,Other,Other Sponsor #155
NCT100000340,Industry,Industry Sponsor #303
NCT100000341,Industry,Industry Sponsor #330
NCT100000342,Industry,Industry Sponsor #95
NCT100000343,Industry,Industry Sponsor #238
NCT100000344,Industry,Industry Sponsor #105
NCT100000345,Other,Other Sponsor #371
NCT100000346,NIH,NIH Sponsor #38
NCT100000347,NIH,NIH Sponsor #171
NCT100000348,Industry,Industry Sponsor #383
NCT100000349,Industry,Industry Sponsor #145
NCT100000350,Industry,Industry Sponsor #255
NCT100000351,Industry,Industry Sponsor #161
NCT100000352,Other,Other Sponsor #284
NCT100000353,Industry,Industry Sponsor #126
NCT100000354,Other,Other Sponsor #329
NCT100000355,Industry,Industry Sponsor #280
NCT100000356,Other,Other Sponsor #39
NCT100000357,Other,Other Sponsor #78
NCT100000358,Industry,Industry Sponsor #316
NCT100000359,Industry,Industry Sponsor #370
NCT100000360,Other,Other Sponsor #92
NCT100000361,Industry,Industry Sponsor #130
NCT100000362,Other,Other Sponsor #125
NCT100000363,Other,Other Sponsor #48
NCT100000364,Industry,Industry Sponsor #88
NCT100000365,Industry,Industry Sponsor #49
NCT100000366,Other,Other Sponsor #244
NCT100000367,Industry,Industry Sponsor #337
NCT100000368,Industry,Industry Sponsor #365
NCT100000369,Industry,Industry Sponsor #200
NCT100000370,Other,Other Sponsor #353
NCT100000371,Industry,Industry Sponsor #175
NCT100000372,Industry,Industry Sponsor #231
NCT100000373,Industry,Industry Sponsor #300
NCT100000374,Other,Other Sponsor #79
NCT100000375,Industry,Industry Sponsor #3
NCT100000376,Industry,Industry Sponsor #286
NCT100000377,Industry,Industry Sponsor #306
NCT100000378,Industry,Industry Sponsor #399
NCT100000379,Other,Other Sponsor #87
NCT100000380,Industry,Industry Sponsor #86
NCT100000381,Other,Other Sponsor #127
NCT100000382,Industry,Industry Sponsor #203
NCT100000383,Other,Other Sponsor #221
NCT100000384,NIH,NIH Sponsor #246
NCT100000385,Industry,Industry Sponsor #252
NCT100000386,Other,Other Sponsor #289
NCT100000387,Other,Other Sponsor #373
NCT100000388,Industry,Industry Sponsor #210
NCT100000389,Other,Other Sponsor #194
NCT100000390,Industry,Industry Sponsor #355
NCT100000391,Industry,Industry Sponsor #275
NCT100000392,Industry,Industry Sponsor #86
NCT100000393,Other,Other Sponsor #386
NCT100000394,Industry,Industry Sponsor #383
NCT100000395,Industry,Industry Sponsor #238
NCT100000396,Other,Other Sponsor #152
NCT100000397,Other,Other Sponsor #160
NCT100000398,Industry,Industry Sponsor #370
NCT100000399,Other,Other Sponsor #176
NCT100000400,NIH,NIH Sponsor #219
NCT100000401,Other,Other Sponsor #378
NCT100000402,Industry,Industry Sponsor #106
NCT100000403,Other,Other Sponsor #188
NCT100000404,Other,Other Sponsor #328
NCT100000405,NIH,NIH Sponsor #235
NCT100000406,Industry,Industry Sponsor #157
NCT100000407,Industry,Industry Sponsor #71
NCT100000408,Other,Other Sponsor #331
NCT100000409,Industry,Industry Sponsor #231
NCT100000410,Industry,Industry Sponsor #288
NCT100000411,Industry,Industry Sponsor #228
NCT100000412,Other,Other Sponsor #17
NCT100000413,Other,Other Sponsor #396
NCT100000414,Industry,Industry Sponsor #188
NCT100000415,Industry,Industry Sponsor #218
NCT100000416,Other,Other Sponsor #179
NCT100000417,Industry,Industry Sponsor #108
NCT100000418,NIH,NIH Sponsor #316
NCT100000419,Other,Other Sponsor #273
NCT100000420,Other,Other Sponsor #294
NCT100000421,Other,Other Sponsor #385
NCT100000422,Industry,Industry Sponsor #128
NCT100000423,Other,Other Sponsor #251
NCT100000424,Industry,Industry Sponsor #394
NCT100000425,Other,Other Sponsor #233
NCT100000426,Other,Other Sponsor #235
NCT100000427,Industry,Industry Sponsor #109
NCT100000428,Industry,Industry Sponsor #290
NCT100000429,Other,Other Sponsor #9
NCT100000430,Industry,Industry Sponsor #104
NCT100000431,Other,Other Sponsor #185
NCT100000432,Other,Other Sponsor #321
NCT100000433,Industry,Industry Sponsor #110
NCT100000434,Industry,Industry Sponsor #5
NCT100000435,Industry,Industry Sponsor #46
NCT100000436,Other,Other Sponsor #397
NCT100000437,NIH,NIH Sponsor #85
NCT100000438,Industry,Industry Sponsor #352
NCT100000439,Industry,Industry Sponsor #302
NCT100000440,Industry,Industry Sponsor #44
NCT100000441,NIH,NIH Sponsor #354
NCT100000442,NIH,NIH Sponsor #201
NCT100000443,Other,Other Sponsor #198
NCT100000444,Industry,Industry Sponsor #7
NCT100000445,NIH,NIH Sponsor #350
NCT100000446,Other,Other Sponsor #35
NCT100000447,Industry,Industry Sponsor #260
NCT100000448,Industry,Industry Sponsor #328
NCT100000449,Industry,Industry Sponsor #105
NCT100000450,Other,Other Sponsor #349
NCT100000451,Other,Other Sponsor #45
NCT100000452,Other,Other Sponsor #62
NCT100000453,Industry,Industry Sponsor #268
NCT100000454,Industry,Industry Sponsor #138
NCT100000455,Industry,Industry Sponsor #135
NCT100000456,Industry,Industry Sponsor #291
NCT100000457,Industry,Industry Sponsor #371
NCT100000458,Other,Other Sponsor #24
NCT100000459,Industry,Industry Sponsor #19
NCT100000460,Industry,Industry Sponsor #164
NCT100000461,Industry,Industry Sponsor #27
NCT100000462,Other,Other Sponsor #239
NCT100000463,Industry,Industry Sponsor #150
NCT100000464,Industry,Industry Sponsor #253
NCT100000465,Other,Other Sponsor #278
NCT100000466,Industry,Industry Sponsor #378
NCT100000467,Industry,Industry Sponsor #31
NCT100000468,Industry,Industry Sponsor #212
NCT100000469,Industry,Industry Sponsor #69
NCT100000470,Industry,Industry Sponsor #67
NCT100000471,Other,Other Sponsor #377
NCT100000472,Industry,Industry Sponsor #400
NCT100000473,Industry,Industry Sponsor #62
NCT100000474,Industry,Industry Sponsor #47
NCT100000475,Other,Other Sponsor #168
NCT100000476,Industry,Industry Sponsor #154
NCT100000477,Industry,Industry Sponsor #384
NCT100000478,Other,Other Sponsor #7
NCT100000479,Other,Other Sponsor #323
NCT100000480,Industry,Industry Sponsor #102
NCT100000481,Other,Other Sponsor #22
NCT100000482,Industry,Industry Sponsor #350
NCT100000483,Industry,Industry Sponsor #77
NCT100000484,Other,Other Sponsor #282
NCT100000485,Industry,Industry Sponsor #270
NCT100000486,Other,Other Sponsor #184
NCT100000487,NIH,NIH Sponsor #139
NCT100000488,Industry,Industry Sponsor #144
NCT100000489,Other,Other Sponsor #82
NCT100000490,Other,Other Sponsor #29
NCT100000491,Other,Other Sponsor #89
NCT100000492,Other,Other Sponsor #303
NCT100000493,NIH,NIH Sponsor #97
NCT100000494,Industry,Industry Sponsor #120
NCT100000495,Industry,Industry Sponsor #67
NCT100000496,Other,Other Sponsor #12
NCT100000497,Other,Other Sponsor #38
NCT100000498,Industry,Industry Sponsor #81
NCT100000499,Industry,Industry Sponsor #356
NCT100000500,NIH,NIH Sponsor #158
NCT100000501,Industry,Industry Sponsor #294
NCT100000502,NIH,NIH Sponsor #314
NCT100000503,Industry,Industry Sponsor #40
NCT100000504,Other,Other Sponsor #363
NCT100000505,Industry,Industry Sponsor #180
NCT100000506,Industry,Industry Sponsor #215
NCT100000507,Industry,Industry Sponsor #296
NCT100000508,Other,Other Sponsor #11
NCT100000509,Industry,Industry Sponsor #375
NCT100000510,Other,Other Sponsor #361
NCT100000511,Industry,Industry Sponsor #170
NCT100000512,NIH,NIH Sponsor #277
NCT100000513,Industry,Industry Sponsor #282
NCT100000514,Industry,Industry Sponsor #339
NCT100000515,Industry,Industry Sponsor #42
NCT100000516,Industry,Industry Sponsor #339
NCT100000517,Industry,Industry Sponsor #96
NCT100000518,Industry,Industry Sponsor #289
NCT100000519,Industry,Industry Sponsor #388
NCT100000520,Industry,Industry Sponsor #275
NCT100000521,Industry,Industry Sponsor #366
NCT100000522,Other,Other Sponsor #318
NCT100000523,Other,Other Sponsor #99
NCT100000524,Other,Other Sponsor #322
NCT100000525,Other,Other Sponsor #35
NCT100000526,Industry,Industry Sponsor #235
NCT100000527,Industry,Industry Sponsor #291
NCT100000528,NIH,NIH Sponsor #147
NCT100000529,Other,Other Sponsor #243
NCT100000530,NIH,NIH Sponsor #206
NCT100000531,Industry,Industry Sponsor #138
NCT100000532,Industry,Industry Sponsor #252
NCT100000533,Other,Other Sponsor #165
NCT100000534,Industry,Industry Sponsor #209
NCT100000535,Industry,Industry Sponsor #160
NCT100000536,Industry,Industry Sponsor #89
NCT100000537,Industry,Industry Sponsor #185
NCT100000538,Industry,Industry Sponsor #64
NCT100000539,Industry,Industry Sponsor #243
NCT100000540,Other,Other Sponsor #353
NCT100000541,Industry,Industry Sponsor #110
NCT100000542,Industry,Industry Sponsor #400
NCT100000543,NIH,NIH Sponsor #130
NCT100000544,Industry,Industry Sponsor #130
NCT100000545,Other,Other Sponsor #53
NCT100000546,NIH,NIH Sponsor #351
NCT100000547,Industry,Industry Sponsor #142
NCT100000548,Industry,Industry Sponsor #30
NCT100000549,Other,Other Sponsor #336
NCT100000550,Industry,Industry Sponsor #19
NCT100000551,Industry,Industry Sponsor #352
NCT100000552,Other,Other Sponsor #88
NCT100000553,Industry,Industry Sponsor #372
NCT100000554,Industry,Industry Sponsor #158
NCT100000555,NIH,NIH Sponsor #61
NCT100000556,Other,Other Sponsor #100
NCT100000557,Industry,Industry Sponsor #78
NCT100000558,Other,Other Sponsor #235
NCT100000559,Industry,Industry Sponsor #91
NCT100000560,Industry,Industry Sponsor #87
NCT100000561,Other,Other Sponsor #315
NCT100000562,Other,Other Sponsor #20
NCT100000563,Other,Other Sponsor #272
NCT100000564,Industry,Industry Sponsor #177
NCT100000565,NIH,NIH Sponsor #24
NCT100000566,Industry,Industry Sponsor #223
NCT100000567,Industry,Industry Sponsor #85
NCT100000568,Other,Other Sponsor #12
NCT100000569,Other,Other Sponsor #193
NCT100000570,NIH,NIH Sponsor #56
NCT100000571,Industry,Industry Sponsor #281
NCT100000572,Other,Other Sponsor #216
NCT100000573,Other,Other Sponsor #54
NCT100000574,Industry,Industry Sponsor #102
NCT100000575,Industry,Industry Sponsor #83
NCT100000576,Other,Other Sponsor #121
NCT100000577,Other,Other Sponsor #77
NCT100000578,Other,Other Sponsor #152
NCT100000579,Industry,Industry Sponsor #149
NCT100000580,Industry,Industry Sponsor #24
NCT100000581,Industry,Industry Sponsor #225
NCT100000582,Industry,Industry Sponsor #234
NCT100000583,Industry,Industry Sponsor #86
NCT100000584,Other,Other Sponsor #303
NCT100000585,Industry,Industry Sponsor #184
NCT100000586,Industry,Industry Sponsor #24
NCT100000587,Other,Other Sponsor #381
NCT100000588,Other,Other Sponsor #266
NCT100000589,Other,Other Sponsor #178
NCT100000590,NIH,NIH Sponsor #28
NCT100000591,Industry,Industry Sponsor #85
NCT100000592,Industry,Industry Sponsor #260
NCT100000593,Industry,Industry Sponsor #294
NCT100000594,Industry,Industry Sponsor #335
NCT100000595,NIH,NIH Sponsor #47
NCT100000596,NIH,NIH Sponsor #234
NCT100000597,Industry,Industry Sponsor #308
NCT100000598,Industry,Industry Sponsor #114
NCT100000599,Other,Other Sponsor #268
NCT100000600,Industry,Industry Sponsor #368
NCT100000601,Industry,Industry Sponsor #202
NCT100000602,Industry,Industry Sponsor #325
NCT100000603,Industry,Industry Sponsor #259
NCT100000604,Other,Other Sponsor #222
NCT100000605,Other,Other Sponsor #89
NCT100000606,NIH,NIH Sponsor #259
NCT100000607,Other,Other Sponsor #232
NCT100000608,Other,Other Sponsor #360
NCT100000609,Other,Other Sponsor #103
NCT100000610,Other,Other Sponsor #364
NCT100000611,Other,Other Sponsor #390
NCT100000612,Other,Other Sponsor #346
NCT100000613,Industry,Industry Sponsor #55
NCT100000614,Industry,Industry Sponsor #83
NCT100000615,Industry,Industry Sponsor #17
NCT100000616,Other,Other Sponsor #115
NCT100000617,Other,Other Sponsor #148
NCT100000618,Other,Other Sponsor #161
NCT100000619,Other,Other Sponsor #227
NCT100000620,NIH,NIH Sponsor #100
NCT100000621,Industry,Industry Sponsor #377
NCT100000622,Industry,Industry Sponsor #83
NCT100000623,Industry,Industry Sponsor #21
NCT100000624,Other,Other Sponsor #339
NCT100000625,Industry,Industry Sponsor #270
NCT100000626,Other,Other Sponsor #279
NCT100000627,Other,Other Sponsor #170
NCT100000628,NIH,NIH Sponsor #288
NCT100000629,Industry,Industry Sponsor #315
NCT100000630,Other,Other Sponsor #132
NCT100000631,Industry,Industry Sponsor #264
NCT100000632,Other,Other Sponsor #264
NCT100000633,Other,Other Sponsor #4
NCT100000634,Industry,Industry Sponsor #276
NCT100000635,Industry,Industry Sponsor #170
NCT100000636,Other,Other Sponsor #295
NCT100000637,Other,Other Sponsor #9
NCT100000638,Other,Other Sponsor #388
NCT100000639,Industry,Industry Sponsor #352
NCT100000640,Other,Other Sponsor #339
NCT100000641,Industry,Industry Sponsor #280
NCT100000642,Other,Other Sponsor #374
NCT100000643,Industry,Industry Sponsor #294
NCT100000644,Industry,Industry Sponsor #380
NCT100000645,Other,Other Sponsor #95
NCT100000646,Industry,Industry Sponsor #28
NCT100000647,Industry,Industry Sponsor #129
NCT100000648,Industry,Industry Sponsor #336
NCT100000649,Other,Other Sponsor #231
NCT100000650,Industry,Industry Sponsor #162
NCT100000651,Industry,Industry Sponsor #224
NCT100000652,Other,Other Sponsor #237
NCT100000653,Industry,Industry Sponsor #42
NCT100000654,Other,Other Sponsor #373
NCT100000655,Other,Other Sponsor #297
NCT100000656,Industry,Industry Sponsor #277
NCT100000657,Industry,Industry Sponsor #376
NCT100000658,Industry,Industry Sponsor #6
NCT100000659,Industry,Industry Sponsor #290
NCT100000660,Other,Other Sponsor #136
NCT100000661,Industry,Industry Sponsor #199
NCT100000662,Industry,Industry Sponsor #53
NCT100000663,Industry,Industry Sponsor #90
NCT100000664,Other,Other Sponsor #265
NCT100000665,Industry,Industry Sponsor #250
NCT100000666,Industry,Industry Sponsor #40
NCT100000667,Industry,Industry Sponsor #368
NCT100000668,Other,Other Sponsor #246
NCT100000669,Other,Other Sponsor #23
NCT100000670,Other,Other Sponsor #294
NCT100000671,Industry,Industry Sponsor #307
NCT100000672,NIH,NIH Sponsor #247
NCT100000673,Other,Other Sponsor #94
NCT100000674,Other,Other Sponsor #306
NCT100000675,Industry,Industry Sponsor #268
NCT100000676,NIH,NIH Sponsor #315
NCT100000677,Industry,Industry Sponsor #67
NCT100000678,Industry,Industry Sponsor #272
NCT100000679,Industry,Industry Sponsor #380
NCT100000680,Industry,Industry Sponsor #43
NCT100000681,Industry,Industry Sponsor #4
NCT100000682,Industry,Industry Sponsor #162
NCT100000683,Other,Other Sponsor #275
NCT100000684,Other,Other Sponsor #105
NCT100000685,Industry,Industry Sponsor #130
NCT100000686,Other,Other Sponsor #383
NCT100000687,Industry,Industry Sponsor #282
NCT100000688,Other,Other Sponsor #75
NCT100000689,Industry,Industry Sponsor #41
NCT100000690,Industry,Industry Sponsor #306
NCT100000691,Industry,Industry Sponsor #337
NCT100000692,NIH,NIH Sponsor #119
NCT100000693,Industry,Industry Sponsor #142
NCT100000694,Industry,Industry Sponsor #361
NCT100000695,Other,Other Sponsor #299
NCT100000696,Other,Other Sponsor #207
NCT100000697,Industry,Industry Sponsor #258
NCT100000698,Other,Other Sponsor #295
NCT100000699,NIH,NIH Sponsor #388
NCT100000700,Other,Other Sponsor #247
NCT100000701,Other,Other Sponsor #360
NCT100000702,Industry,Industry Sponsor #359
NCT100000703,Other,Other Sponsor #39
NCT100000704,Industry,Industry Sponsor #138
NCT100000705,Industry,Industry Sponsor #136
NCT100000706,Other,Other Sponsor #399
NCT100000707,Other,Other Sponsor #392
NCT100000708,Industry,Industry Sponsor #295
NCT100000709,Other,Other Sponsor #114
NCT100000710,Industry,Industry Sponsor #17
NCT100000711,Other,Other Sponsor #62
NCT100000712,Industry,Industry Sponsor #298
NCT100000713,Industry,Industry Sponsor #122
NCT100000714,Industry,Industry Sponsor #215
NCT100000715,Industry,Industry Sponsor #68
NCT100000716,NIH,NIH Sponsor #101
NCT100000717,Industry,Industry Sponsor #69
NCT100000718,Industry,Industry Sponsor #291
NCT100000719,Industry,Industry Sponsor #244
NCT100000720,Industry,Industry Sponsor #286
NCT100000721,Industry,Industry Sponsor #311
NCT100000722,Industry,Industry Sponsor #146
NCT100000723,Other,Other Sponsor #196
NCT100000724,Other,Other Sponsor #216
NCT100000725,Industry,Industry Sponsor #117
NCT100000726,NIH,NIH Sponsor #228
NCT100000727,Industry,Industry Sponsor #12
NCT100000728,Other,Other Sponsor #41
NCT100000729,Industry,Industry Sponsor #281
NCT100000730,Other,Other Sponsor #317
NCT100000731,Industry,Industry Sponsor #321
NCT100000732,Industry,Industry Sponsor #167
NCT100000733,Industry,Industry Sponsor #358
NCT100000734,Other,Other Sponsor #289
NCT100000735,Industry,Industry Sponsor #46
NCT100000736,Industry,Industry Sponsor #268
NCT100000737,Industry,Industry Sponsor #252
NCT100000738,Other,Other Sponsor #4
NCT100000739,NIH,NIH Sponsor #84
NCT100000740,Industry,Industry Sponsor #265
NCT100000741,Other,Other Sponsor #212
NCT100000742,Industry,Industry Sponsor #317
NCT100000743,Industry,Industry Sponsor #274
NCT100000744,Industry,Industry Sponsor #5
NCT100000745,Industry,Industry Sponsor #256
NCT100000746,Other,Other Sponsor #137
NCT100000747,Industry,Industry Sponsor #196
NCT100000748,Other,Other Sponsor #18
NCT100000749,Other,Other Sponsor #349
NCT100000750,Industry,Industry Sponsor #247
NCT100000751,Other,Other Sponsor #58
NCT100000752,Industry,Industry Sponsor #62
NCT100000753,Industry,Industry Sponsor #244
NCT100000754,Industry,Industry Sponsor #352
NCT100000755,Industry,Industry Sponsor #55
NCT100000756,NIH,NIH Sponsor #178
NCT100000757,Industry,Industry Sponsor #129
NCT100000758,Industry,Industry Sponsor #291
NCT100000759,Industry,Industry Sponsor #307
NCT100000760,Industry,Industry Sponsor #278
NCT100000761,Industry,Industry Sponsor #10
NCT100000762,Industry,Industry Sponsor #199
NCT100000763,Industry,Industry Sponsor #210
NCT100000764,Industry,Industry Sponsor #67
NCT100000765,Industry,Industry Sponsor #293
NCT100000766,Other,Other Sponsor #188
NCT100000767,Other,Other Sponsor #41
NCT100000768,Other,Other Sponsor #189
NCT100000769,Other,Other Sponsor #40
NCT100000770,Industry,Industry Sponsor #270
NCT100000771,NIH,NIH Sponsor #393
NCT100000772,Industry,Industry Sponsor #93
NCT100000773,Industry,Industry Sponsor #227
NCT100000774,Industry,Industry Sponsor #372
NCT100000775,Industry,Industry Sponsor #382
NCT100000776,Industry,Industry Sponsor #146
NCT100000777,Other,Other Sponsor #114
NCT100000778,Other,Other Sponsor #142
NCT100000779,Industry,Industry Sponsor #136
NCT100000780,Industry,Industry Sponsor #293
NCT100000781,Other,Other Sponsor #89
NCT100000782,Industry,Industry Sponsor #20
NCT100000783,Industry,Industry Sponsor #179
NCT100000784,Industry,Industry Sponsor #383
NCT100000785,Other,Other Sponsor #269
NCT100000786,Industry,Industry Sponsor #79
NCT100000787,Other,Other Sponsor #47
NCT100000788,Industry,Industry Sponsor #244
NCT100000789,Industry,Industry Sponsor #223
NCT100000790,Industry,Industry Sponsor #293
NCT100000791,Industry,Industry Sponsor #137
NCT100000792,Other,Other Sponsor #179
NCT100000793,Industry,Industry Sponsor #180
NCT100000794,Other,Other Sponsor #351
NCT100000795,Industry,Industry Sponsor #76
NCT100000796,Other,Other Sponsor #242
NCT100000797,Industry,Industry Sponsor #385
NCT100000798,Other,Other Sponsor #343
NCT100000799,Industry,Industry Sponsor #31
NCT100000800,Industry,Industry Sponsor #35
NCT100000801,Other,Other Sponsor #56
NCT100000802,Industry,Industry Sponsor #51
NCT100000803,Industry,Industry Sponsor #365
NCT100000804,Industry,Industry Sponsor #382
NCT100000805,Industry,Industry Sponsor #257
NCT100000806,Other,Other Sponsor #16
NCT100000807,Industry,Industry Sponsor #374
NCT100000808,Other,Other Sponsor #294
NCT100000809,Industry,Industry Sponsor #106
NCT100000810,Industry,Industry Sponsor #353
NCT100000811,Other,Other Sponsor #336
NCT100000812,Other,Other Sponsor #163
NCT100000813,Other,Other Sponsor #211
NCT100000814,Industry,Industry Sponsor #14
NCT100000815,NIH,NIH Sponsor #119
NCT100000816,Industry,Industry Sponsor #310
NCT100000817,Industry,Industry Sponsor #84
NCT100000818,Other,Other Sponsor #212
NCT100000819,Industry,Industry Sponsor #225
NCT100000820,Other,Other Sponsor #398
NCT100000821,Industry,Industry Sponsor #293
NCT100000822,Other,Other Sponsor #56
NCT100000823,Industry,Industry Sponsor #377
NCT100000824,Other,Other Sponsor #150
NCT100000825,Industry,Industry Sponsor #151
NCT100000826,Industry,Industry Sponsor #47
NCT100000827,Other,Other Sponsor #70
NCT100000828,Industry,Industry Sponsor #365
NCT100000829,Other,Other Sponsor #84
NCT100000830,Industry,Industry Sponsor #269
NCT100000831,Industry,Industry Sponsor #172
NCT100000832,Industry,Industry Sponsor #27
NCT100000833,Other,Other Sponsor #93
NCT100000834,Industry,Industry Sponsor #7
NCT100000835,Industry,Industry Sponsor #122
NCT100000836,Industry,Industry Sponsor #4
NCT100000837,Other,Other Sponsor #107
NCT100000838,Industry,Industry Sponsor #17
NCT100000839,Industry,Industry Sponsor #92
NCT100000840,Other,Other Sponsor #288
NCT100000841,Industry,Industry Sponsor #394
NCT100000842,Other,Other Sponsor #282
NCT100000843,Other,Other Sponsor #270
NCT100000844,NIH,NIH Sponsor #374
NCT100000845,NIH,NIH Sponsor #362
NCT100000846,Industry,Industry Sponsor #320
NCT100000847,Industry,Industry Sponsor #255
NCT100000848,Industry,Industry Sponsor #100
NCT100000849,Other,Other Sponsor #107
NCT100000850,Industry,Industry Sponsor #109
NCT100000851,Industry,Industry Sponsor #154
NCT100000852,Industry,Industry Sponsor #203
NCT100000853,Industry,Industry Sponsor #345
NCT100000854,Other,Other Sponsor #322
NCT100000855,Industry,Industry Sponsor #381
NCT100000856,Other,Other Sponsor #275
NCT100000857,Other,Other Sponsor #182
NCT100000858,Industry,Industry Sponsor #321
NCT100000859,Industry,Industry Sponsor #385
NCT100000860,Industry,Industry Sponsor #122
NCT100000861,Industry,Industry Sponsor #20
NCT100000862,Other,Other Sponsor #79
NCT100000863,Industry,Industry Sponsor #74
NCT100000864,Industry,Industry Sponsor #236
NCT100000865,Industry,Industry Sponsor #305
NCT100000866,Industry,Industry Sponsor #382
NCT100000867,Other,Other Sponsor #103
NCT100000868,Other,Other Sponsor #140
NCT100000869,Other,Other Sponsor #53
NCT100000870,Industry,Industry Sponsor #146
NCT100000871,NIH,NIH Sponsor #228
NCT100000872,Other,Other Sponsor #28
NCT100000873,NIH,NIH Sponsor #354
NCT100000874,Other,Other Sponsor #344
NCT100000875,Industry,Industry Sponsor #358
NCT100000876,Other,Other Sponsor #241
NCT100000877,Other,Other Sponsor #187
NCT100000878,Other,Other Sponsor #16
NCT100000879,Industry,Industry Sponsor #394
NCT100000880,Industry,Industry Sponsor #55
NCT100000881,Industry,Industry Sponsor #212
NCT100000882,Other,Other Sponsor #175
NCT100000883,Other,Other Sponsor #176
NCT100000884,Other,Other Sponsor #365
NCT100000885,NIH,NIH Sponsor #50
NCT100000886,Industry,Industry Sponsor #306
NCT100000887,Other,Other Sponsor #72
NCT100000888,Industry,Industry Sponsor #316
NCT100000889,Other,Other Sponsor #348
NCT100000890,Other,Other Sponsor #299
NCT100000891,Industry,Industry Sponsor #190
NCT100000892,Industry,Industry Sponsor #16
NCT100000893,Industry,Industry Sponsor #196
NCT100000894,Industry,Industry Sponsor #197
NCT100000895,Other,Other Sponsor #69
NCT100000896,Other,Other Sponsor #70
NCT100000897,Other,Other Sponsor #218
NCT100000898,Other,Other Sponsor #116
NCT100000899,Industry,Industry Sponsor #365
NCT100000900,NIH,NIH Sponsor #20
NCT100000901,Industry,Industry Sponsor #73
NCT100000902,Industry,Industry Sponsor #46
NCT100000903,Industry,Industry Sponsor #314
NCT100000904,Industry,Industry Sponsor #241
NCT100000905,Other,Other Sponsor #149
NCT100000906,Other,Other Sponsor #32
NCT100000907,Other,Other Sponsor #378
NCT100000908,Industry,Industry Sponsor #143
NCT100000909,Other,Other Sponsor #58
NCT100000910,Industry,Industry Sponsor #359
NCT100000911,Other,Other Sponsor #44
NCT100000912,Industry,Industry Sponsor #339
NCT100000913,Other,Other Sponsor #329
NCT100000914,Industry,Industry Sponsor #244
NCT100000915,Other,Other Sponsor #75
NCT100000916,Other,Other Sponsor #348
NCT100000917,Industry,Industry Sponsor #327
NCT100000918,Other,Other Sponsor #139
NCT100000919,NIH,NIH Sponsor #346
NCT100000920,Other,Other Sponsor #161
NCT100000921,Industry,Industry Sponsor #54
NCT100000922,Industry,Industry Sponsor #318
NCT100000923,Other,Other Sponsor #327
NCT100000924,NIH,NIH Sponsor #392
NCT100000925,Other,Other Sponsor #240
NCT100000926,Industry,Industry Sponsor #342
NCT100000927,Industry,Industry Sponsor #196
NCT100000928,Other,Other Sponsor #36
NCT100000929,Industry,Industry Sponsor #74
NCT100000930,Other,Other Sponsor #367
NCT100000931,NIH,NIH Sponsor #229
NCT100000932,Other,Other Sponsor #341
NCT100000933,Other,Other Sponsor #264
NCT100000934,Other,Other Sponsor #36
NCT100000935,Other,Other Sponsor #63
NCT100000936,Industry,Industry Sponsor #332
NCT100000937,Industry,Industry Sponsor #390
NCT100000938,Other,Other Sponsor #154
NCT100000939,Other,Other Sponsor #98
NCT100000940,Other,Other Sponsor #200
NCT100000941,Industry,Industry Sponsor #231
NCT100000942,Other,Other Sponsor #61
NCT100000943,Other,Other Sponsor #77
NCT100000944,Industry,Industry Sponsor #242
NCT100000945,Industry,Industry Sponsor #26
NCT100000946,Industry,Industry Sponsor #59
NCT100000947,Other,Other Sponsor #378
NCT100000948,NIH,NIH Sponsor #110
NCT100000949,Industry,Industry Sponsor #213
NCT100000950,Industry,Industry Sponsor #21
NCT100000951,Industry,Industry Sponsor #42
NCT100000952,Other,Other Sponsor #146
NCT100000953,Industry,Industry Sponsor #268
NCT100000954,NIH,NIH Sponsor #93
NCT100000955,Other,Other Sponsor #3
NCT100000956,Industry,Industry Sponsor #186
NCT100000957,Other,Other Sponsor #142
NCT100000958,Other,Other Sponsor #243
NCT100000959,Industry,Industry Sponsor #146
NCT100000960,Other,Other Sponsor #23
NCT100000961,Industry,Industry Sponsor #249
NCT100000962,Other,Other Sponsor #167
NCT100000963,Industry,Industry Sponsor #122
NCT100000964,Industry,Industry Sponsor #28
NCT100000965,Industry,Industry Sponsor #70
NCT100000966,Other,Other Sponsor #66
NCT100000967,Industry,Industry Sponsor #235
NCT100000968,Industry,Industry Sponsor #327
NCT100000969,Industry,Industry Sponsor #251
NCT100000970,Industry,Industry Sponsor #220
NCT100000971,NIH,NIH Sponsor #303
NCT100000972,Industry,Industry Sponsor #394
NCT100000973,Industry,Industry Sponsor #51
NCT100000974,Other,Other Sponsor #209
NCT100000975,Other,Other Sponsor #343
NCT100000976,Other,Other Sponsor #233
NCT100000977,Industry,Industry Sponsor #190
NCT100000978,Other,Other Sponsor #152
NCT100000979,NIH,NIH Sponsor #107
NCT100000980,Industry,Industry Sponsor #346
NCT100000981,Industry,Industry Sponsor #188
NCT100000982,NIH,NIH Sponsor #71
NCT100000983,Other,Other Sponsor #360
NCT100000984,Other,Other Sponsor #217
NCT100000985,Industry,Industry Sponsor #63
NCT100000986,Industry,Industry Sponsor #318
NCT100000987,Other,Other Sponsor #201
NCT100000988,Industry,Industry Sponsor #255
NCT100000989,Other,Other Sponsor #350
NCT100000990,Industry,Industry Sponsor #11
NCT100000991,Other,Other Sponsor #267
NCT100000992,Other,Other Sponsor #304
NCT100000993,Industry,Industry Sponsor #157
NCT100000994,Industry,Industry Sponsor #25
NCT100000995,Industry,Industry Sponsor #365
NCT100000996,Other,Other Sponsor #342
NCT100000997,Other,Other Sponsor #226
NCT100000998,Other,Other Sponsor #177
NCT100000999,Industry,Industry Sponsor #13
NCT100001000,Other,Other Sponsor #80
NCT100001001,Industry,Industry Sponsor #243
NCT100001002,Other,Other Sponsor #174
NCT100001003,NIH,NIH Sponsor #206
NCT100001004,Industry,Industry Sponsor #100
NCT100001005,Other,Other Sponsor #43
NCT100001006,Other,Other Sponsor #202
NCT100001007,Industry,Industry Sponsor #342
NCT100001008,Industry,Industry Sponsor #7
NCT100001009,Industry,Industry Sponsor #111
NCT100001010,Industry,Industry Sponsor #218
NCT100001011,NIH,NIH Sponsor #156
NCT100001012,Industry,Industry Sponsor #388
NCT100001013,Other,Other Sponsor #285
NCT100001014,Industry,Industry Sponsor #196
NCT100001015,Other,Other Sponsor #156
NCT100001016,Other,Other Sponsor #154
NCT100001017,Industry,Industry Sponsor #126
NCT100001018,Other,Other Sponsor #186
NCT100001019,Industry,Industry Sponsor #356
NCT100001020,Industry,Industry Sponsor #298
NCT100001021,Other,Other Sponsor #28
NCT100001022,Other,Other Sponsor #150
NCT100001023,Other,Other Sponsor #49
NCT100001024,Other,Other Sponsor #351
NCT100001025,NIH,NIH Sponsor #7
NCT100001026,Industry,Industry Sponsor #84
NCT100001027,Other,Other Sponsor #287
NCT100001028,Other,Other Sponsor #214
NCT100001029,Industry,Industry Sponsor #179
NCT100001030,Industry,Industry Sponsor #268
NCT100001031,Industry,Industry Sponsor #114
NCT100001032,Industry,Industry Sponsor #41
NCT100001033,Other,Other Sponsor #22
NCT100001034,Industry,Industry Sponsor #61
NCT100001035,Other,Other Sponsor #309
NCT100001036,Industry,Industry Sponsor #383
NCT100001037,Industry,Industry Sponsor #124
NCT100001038,NIH,NIH Sponsor #112
NCT100001039,Industry,Industry Sponsor #51
NCT100001040,Industry,Industry Sponsor #55
NCT100001041,Industry,Industry Sponsor #209
NCT100001042,Industry,Industry Sponsor #391
NCT100001043,Industry,Industry Sponsor #60
NCT100001044,Industry,Industry Sponsor #228
NCT100001045,Other,Other Sponsor #36
NCT100001046,Other,Other Sponsor #54
NCT100001047,Industry,Industry Sponsor #206
NCT100001048,Other,Other Sponsor #305
NCT100001049,Industry,Industry Sponsor #392
NCT100001050,Other,Other Sponsor #205
NCT100001051,Other,Other Sponsor #76
NCT100001052,Industry,Industry Sponsor #69
NCT100001053,Industry,Industry Sponsor #92
NCT100001054,Other,Other Sponsor #40
NCT100001055,Industry,Industry Sponsor #252
NCT100001056,Other,Other Sponsor #392
NCT100001057,Industry,Industry Sponsor #193
NCT100001058,NIH,NIH Sponsor #156
NCT100001059,Industry,Industry Sponsor #392
NCT100001060,Other,Other Sponsor #244
NCT100001061,Industry,Industry Sponsor #194
NCT100001062,Industry,Industry Sponsor #188
NCT100001063,Other,Other Sponsor #50
NCT100001064,Industry,Industry Sponsor #121
NCT100001065,Industry,Industry Sponsor #173
NCT100001066,Industry,Industry Sponsor #291
NCT100001067,Other,Other Sponsor #163
NCT100001068,Industry,Industry Sponsor #354
NCT100001069,Other,Other Sponsor #315
NCT100001070,Other,Other Sponsor #39
NCT100001071,Industry,Industry Sponsor #206
NCT100001072,NIH,NIH Sponsor #140
NCT100001073,Industry,Industry Sponsor #334
NCT100001074,Industry,Industry Sponsor #206
NCT100001075,Other,Other Sponsor #10
NCT100001076,Industry,Industry Sponsor #381
NCT100001077,Other,Other Sponsor #103
NCT100001078,Other,Other Sponsor #223
NCT100001079,Other,Other Sponsor #147
NCT100001080,Industry,Industry Sponsor #126
NCT100001081,Other,Other Sponsor #19
NCT100001082,Industry,Industry Sponsor #338
NCT100001083,Industry,Industry Sponsor #43
NCT100001084,Other,Other Sponsor #187
NCT100001085,Other,Other Sponsor #58
NCT100001086,Industry,Industry Sponsor #397
NCT100001087,Industry,Industry Sponsor #169
NCT100001088,Industry,Industry Sponsor #110
NCT100001089,Industry,Industry Sponsor #359
NCT100001090,Industry,Industry Sponsor #75
NCT100001091,Industry,Industry Sponsor #311
NCT100001092,Other,Other Sponsor #283
NCT100001093,Other,Other Sponsor #122
NCT100001094,Industry,Industry Sponsor #131
NCT100001095,Other,Other Sponsor #225
NCT100001096,Industry,Industry Sponsor #252
NCT100001097,Industry,Industry Sponsor #52
NCT100001098,Industry,Industry Sponsor #281
NCT100001099,Other,Other Sponsor #228
NCT100001100,Other,Other Sponsor #43
NCT100001101,Other,Other Sponsor #391
NCT100001102,Other,Other Sponsor #245
NCT100001103,NIH,NIH Sponsor #145
NCT100001104,Industry,Industry Sponsor #293
NCT100001105,Other,Other Sponsor #46
NCT100001106,NIH,NIH Sponsor #77
NCT100001107,NIH,NIH Sponsor #270
NCT100001108,Industry,Industry Sponsor #105
NCT100001109,Industry,Industry Sponsor #106
NCT100001110,Industry,Industry Sponsor #149
NCT100001111,Other,Other Sponsor #6
NCT100001112,Industry,Industry Sponsor #197
NCT100001113,NIH,NIH Sponsor #121
NCT100001114,Other,Other Sponsor #307
NCT100001115,NIH,NIH Sponsor #203
NCT100001116,Industry,Industry Sponsor #253
NCT100001117,Industry,Industry Sponsor #60
NCT100001118,Other,Other Sponsor #185
NCT100001119,Industry,Industry Sponsor #378
NCT100001120,Industry,Industry Sponsor #19
NCT100001121,Industry,Industry Sponsor #254
NCT100001122,NIH,NIH Sponsor #58
NCT100001123,Industry,Industry Sponsor #87
NCT100001124,NIH,NIH Sponsor #3
NCT100001125,Other,Other Sponsor #256
NCT100001126,Other,Other Sponsor #192
NCT100001127,Industry,Industry Sponsor #363
NCT100001128,Industry,Industry Sponsor #336
NCT100001129,Other,Other Sponsor #292
NCT100001130,Industry,Industry Sponsor #381
NCT100001131,Industry,Industry Sponsor #395
NCT100001132,Industry,Industry Sponsor #146
NCT100001133,Other,Other Sponsor #159
NCT100001134,Other,Other Sponsor #251
NCT100001135,NIH,NIH Sponsor #388
NCT100001136,Industry,Industry Sponsor #21
NCT100001137,Other,Other Sponsor #254
NCT100001138,Industry,Industry Sponsor #245
NCT100001139,Industry,Industry Sponsor #219
NCT100001140,Other,Other Sponsor #262
NCT100001141,Other,Other Sponsor #182
NCT100001142,Industry,Industry Sponsor #237
NCT100001143,Industry,Industry Sponsor #361
NCT100001144,Other,Other Sponsor #136
NCT100001145,Industry,Industry Sponsor #133
NCT100001146,Industry,Industry Sponsor #88
NCT100001147,Other,Other Sponsor #250
NCT100001148,Other,Other Sponsor #203
NCT100001149,Industry,Industry Sponsor #357
NCT100001150,Other,Other Sponsor #321
NCT100001151,Other,Other Sponsor #217
NCT100001152,Other,Other Sponsor #249
NCT100001153,Industry,Industry Sponsor #201
NCT100001154,Other,Other Sponsor #213
NCT100001155,Industry,Industry Sponsor #263
NCT100001156,Other,Other Sponsor #119
NCT100001157,Industry,Industry Sponsor #332
NCT100001158,Other,Other Sponsor #230
NCT100001159,Industry,Industry Sponsor #119
NCT100001160,Industry,Industry Sponsor #367
NCT100001161,Industry,Industry Sponsor #345
NCT100001162,Other,Other Sponsor #145
NCT100001163,Industry,Industry Sponsor #52
NCT100001164,NIH,NIH Sponsor #184
NCT100001165,Other,Other Sponsor #33
NCT100001166,Industry,Industry Sponsor #133
NCT100001167,Industry,Industry Sponsor #264
NCT100001168,Industry,Industry Sponsor #387
NCT100001169,NIH,NIH Sponsor #53
NCT100001170,Other,Other Sponsor #186
NCT100001171,Other,Other Sponsor #51
NCT100001172,Industry,Industry Sponsor #225
NCT100001173,Industry,Industry Sponsor #191
NCT100001174,Industry,Industry Sponsor #272
NCT100001175,Industry,Industry Sponsor #235
NCT100001176,Other,Other Sponsor #265
NCT100001177,Other,Other Sponsor #202
NCT100001178,Other,Other Sponsor #339
NCT100001179,Other,Other Sponsor #156
NCT100001180,Industry,Industry Sponsor #76
NCT100001181,Other,Other Sponsor #227
NCT100001182,Industry,Industry Sponsor #200
NCT100001183,Industry,Industry Sponsor #283
NCT100001184,Industry,Industry Sponsor #277
NCT100001185,Industry,Industry Sponsor #259
NCT100001186,Industry,Industry Sponsor #64
NCT100001187,NIH,NIH Sponsor #174
NCT100001188,Industry,Industry Sponsor #342
NCT100001189,Industry,Industry Sponsor #168
NCT100001190,Industry,Industry Sponsor #365
NCT100001191,Industry,Industry Sponsor #244
NCT100001192,Industry,Industry Sponsor #266
NCT100001193,Industry,Industry Sponsor #251
NCT100001194,Industry,Industry Sponsor #67
NCT100001195,Industry,Industry Sponsor #81
NCT100001196,Industry,Industry Sponsor #268
NCT100001197,Industry,Industry Sponsor #15
NCT100001198,Other,Other Sponsor #146
NCT100001199,Industry,Industry Sponsor #23
NCT100001200,Industry,Industry Sponsor #194
NCT100001201,Industry,Industry Sponsor #390
NCT100001202,Other,Other Sponsor #320
NCT100001203,Industry,Industry Sponsor #344
NCT100001204,Other,Other Sponsor #396
NCT100001205,Industry,Industry Sponsor #278
NCT100001206,Industry,Industry Sponsor #258
NCT100001207,Industry,Industry Sponsor #126
NCT100001208,Industry,Industry Sponsor #302
NCT100001209,Industry,Industry Sponsor #271
NCT100001210,Other,Other Sponsor #147
NCT100001211,Industry,Industry Sponsor #348
NCT100001212,Industry,Industry Sponsor #153
NCT100001213,Other,Other Sponsor #62
NCT100001214,NIH,NIH Sponsor #386
NCT100001215,Industry,Industry Sponsor #34
NCT100001216,Other,Other Sponsor #284
NCT100001217,Industry,Industry Sponsor #229
NCT100001218,Other,Other Sponsor #87
NCT100001219,NIH,NIH Sponsor #238
NCT100001220,Other,Other Sponsor #307
NCT100001221,Other,Other Sponsor #262
NCT100001222,NIH,NIH Sponsor #203
NCT100001223,Other,Other Sponsor #259
NCT100001224,Other,Other Sponsor #340
NCT100001225,Industry,Industry Sponsor #69
NCT100001226,Industry,Industry Sponsor #285
NCT100001227,Other,Other Sponsor #40
NCT100001228,Industry,Industry Sponsor #308
NCT100001229,Other,Other Sponsor #64
NCT100001230,Industry,Industry Sponsor #144
NCT100001231,NIH,NIH Sponsor #368
NCT100001232,Industry,Industry Sponsor #361
NCT100001233,Other,Other Sponsor #143
NCT100001234,Industry,Industry Sponsor #345
NCT100001235,Industry,Industry Sponsor #133
NCT100001236,Other,Other Sponsor #355
NCT100001237,Other,Other Sponsor #219
NCT100001238,Other,Other Sponsor #349
NCT100001239,Other,Other Sponsor #115
NCT100001240,Industry,Industry Sponsor #172
NCT100001241,Other,Other Sponsor #354
NCT100001242,Industry,Industry Sponsor #33
NCT100001243,Other,Other Sponsor #321
NCT100001244,Other,Other Sponsor #171
NCT100001245,Other,Other Sponsor #392
NCT100001246,Industry,Industry Sponsor #18
NCT100001247,Industry,Industry Sponsor #29
NCT100001248,Other,Other Sponsor #151
NCT100001249,Industry,Industry Sponsor #338
NCT100001250,Industry,Industry Sponsor #52
NCT100001251,Industry,Industry Sponsor #53
NCT100001252,Other,Other Sponsor #65
NCT100001253,Other,Other Sponsor #125
NCT100001254,Industry,Industry Sponsor #334
NCT100001255,Other,Other Sponsor #159
NCT100001256,Industry,Industry Sponsor #75
NCT100001257,NIH,NIH Sponsor #177
NCT100001258,Industry,Industry Sponsor #97
NCT100001259,NIH,NIH Sponsor #154
NCT100001260,Other,Other Sponsor #254
NCT100001261,Other,Other Sponsor #110
NCT100001262,Industry,Industry Sponsor #4
NCT100001263,NIH,NIH Sponsor #226
NCT100001264,Industry,Industry Sponsor #102
NCT100001265,Industry,Industry Sponsor #284
NCT100001266,Other,Other Sponsor #11
NCT100001267,Other,Other Sponsor #108
NCT100001268,Industry,Industry Sponsor #270
NCT100001269,Other,Other Sponsor #98
NCT100001270,Industry,Industry Sponsor #326
NCT100001271,NIH,NIH Sponsor #151
NCT100001272,Other,Other Sponsor #261
NCT100001273,Other,Other Sponsor #86
NCT100001274,Industry,Industry Sponsor #365
NCT100001275,Industry,Industry Sponsor #206
NCT100001276,Other,Other Sponsor #121
NCT100001277,Industry,Industry Sponsor #192
NCT100001278,Industry,Industry Sponsor #181
NCT100001279,Other,Other Sponsor #240
NCT100001280,Industry,Industry Sponsor #92
NCT100001281,Industry,Industry Sponsor #257
NCT100001282,Other,Other Sponsor #37
NCT100001283,Industry,Industry Sponsor #155
NCT100001284,Other,Other Sponsor #386
NCT100001285,Industry,Industry Sponsor #207
NCT100001286,Other,Other Sponsor #204
NCT100001287,Industry,Industry Sponsor #388
NCT100001288,Industry,Industry Sponsor #220
NCT100001289,Other,Other Sponsor #72
NCT100001290,Other,Other Sponsor #338
NCT100001291,Other,Other Sponsor #399
NCT100001292,NIH,NIH Sponsor #72
NCT100001293,Other,Other Sponsor #294
NCT100001294,Industry,Industry Sponsor #244
NCT100001295,Other,Other Sponsor #88
NCT100001296,Other,Other Sponsor #14
NCT100001297,Industry,Industry Sponsor #150
NCT100001298,Industry,Industry Sponsor #211
NCT100001299,Industry,Industry Sponsor #200
NCT100001300,Other,Other Sponsor #82
NCT100001301,Other,Other Sponsor #104
NCT100001302,Other,Other Sponsor #127
NCT100001303,Industry,Industry Sponsor #378
NCT100001304,Other,Other Sponsor #201
NCT100001305,Other,Other Sponsor #235
NCT100001306,Industry,Industry Sponsor #23
NCT100001307,Other,Other Sponsor #35
NCT100001308,Other,Other Sponsor #189
NCT100001309,Other,Other Sponsor #85
NCT100001310,Industry,Industry Sponsor #346
NCT100001311,Other,Other Sponsor #6
NCT100001312,Other,Other Sponsor #35
NCT100001313,Industry,Industry Sponsor #143
NCT100001314,Industry,Industry Sponsor #380
NCT100001315,Industry,Industry Sponsor #226
NCT100001316,Other,Other Sponsor #227
NCT100001317,Industry,Industry Sponsor #3
NCT100001318,Other,Other Sponsor #123
NCT100001319,Other,Other Sponsor #99
NCT100001320,Industry,Industry Sponsor #341
NCT100001321,Industry,Industry Sponsor #166
NCT100001322,Other,Other Sponsor #220
NCT100001323,Industry,Industry Sponsor #335
NCT100001324,Industry,Industry Sponsor #143
NCT100001325,Industry,Industry Sponsor #307
NCT100001326,Other,Other Sponsor #292
NCT100001327,Other,Other Sponsor #348
NCT100001328,Other,Other Sponsor #342
NCT100001329,Other,Other Sponsor #262
NCT100001330,Other,Other Sponsor #316
NCT100001331,Industry,Industry Sponsor #41
NCT100001332,Industry,Industry Sponsor #329
NCT100001333,Industry,Industry Sponsor #69
NCT100001334,Other,Other Sponsor #148
NCT100001335,Industry,Industry Sponsor #341
NCT100001336,Industry,Industry Sponsor #252
NCT100001337,Other,Other Sponsor #65
NCT100001338,Other,Other Sponsor #260
NCT100001339,Other,Other Sponsor #91
NCT100001340,Other,Other Sponsor #247
NCT100001341,Industry,Industry Sponsor #259
NCT100001342,Other,Other Sponsor #196
NCT100001343,Other,Other Sponsor #79
NCT100001344,Industry,Industry Sponsor #193
NCT100001345,Industry,Industry Sponsor #80
NCT100001346,Industry,Industry Sponsor #213
NCT100001347,Other,Other Sponsor #20
NCT100001348,Industry,Industry Sponsor #385
NCT100001349,Industry,Industry Sponsor #198
NCT100001350,Other,Other Sponsor #347
NCT100001351,Industry,Industry Sponsor #131
NCT100001352,Other,Other Sponsor #395
NCT100001353,NIH,NIH Sponsor #266
NCT100001354,Industry,Industry Sponsor #338
NCT100001355,Other,Other Sponsor #46
NCT100001356,Industry,Industry Sponsor #384
NCT100001357,Industry,Industry Sponsor #252
NCT100001358,Industry,Industry Sponsor #148
NCT100001359,Other,Other Sponsor #94
NCT100001360,Other,Other Sponsor #31
NCT100001361,Other,Other Sponsor #320
NCT100001362,Industry,Industry Sponsor #33
NCT100001363,Industry,Industry Sponsor #5
NCT100001364,Other,Other Sponsor #109
NCT100001365,Industry,Industry Sponsor #137
NCT100001366,Other,Other Sponsor #162
NCT100001367,Industry,Industry Sponsor #170
NCT100001368,Industry,Industry Sponsor #72
NCT100001369,Industry,Industry Sponsor #128
NCT100001370,Other,Other Sponsor #339
NCT100001371,Industry,Industry Sponsor #377
NCT100001372,Industry,Industry Sponsor #42
NCT100001373,Other,Other Sponsor #376
NCT100001374,Industry,Industry Sponsor #293
NCT100001375,Other,Other Sponsor #345
NCT100001376,Industry,Industry Sponsor #125
NCT100001377,Other,Other Sponsor #168
NCT100001378,Other,Other Sponsor #341
NCT100001379,Industry,Industry Sponsor #171
NCT100001380,Industry,Industry Sponsor #377
NCT100001381,Industry,Industry Sponsor #45
NCT100001382,Other,Other Sponsor #60
NCT100001383,Other,Other Sponsor #1
NCT100001384,Other,Other Sponsor #164
NCT100001385,NIH,NIH Sponsor #5
NCT100001386,Other,Other Sponsor #113
NCT100001387,Industry,Industry Sponsor #360
NCT100001388,Other,Other Sponsor #362
NCT100001389,Other,Other Sponsor #171
NCT100001390,Other,Other Sponsor #377
NCT100001391,Other,Other Sponsor #338
NCT100001392,Industry,Industry Sponsor #179
NCT100001393,Industry,Industry Sponsor #100
NCT100001394,Industry,Industry Sponsor #28
NCT100001395,NIH,NIH Sponsor #248
NCT100001396,Other,Other Sponsor #334
NCT100001397,Other,Other Sponsor #193
NCT100001398,Other,Other Sponsor #27
NCT100001399,NIH,NIH Sponsor #322
NCT100001400,Industry,Industry Sponsor #306
NCT100001401,Other,Other Sponsor #335
NCT100001402,Industry,Industry Sponsor #343
NCT100001403,Other,Other Sponsor #93
NCT100001404,Industry,Industry Sponsor #366
NCT100001405,Industry,Industry Sponsor #275
NCT100001406,Other,Other Sponsor #334
NCT100001407,Other,Other Sponsor #307
NCT100001408,Industry,Industry Sponsor #295
NCT100001409,Industry,Industry Sponsor #44
NCT100001410,Industry,Industry Sponsor #337
NCT100001411,Other,Other Sponsor #151
NCT100001412,Other,Other Sponsor #181
NCT100001413,Other,Other Sponsor #19
NCT100001414,Industry,Industry Sponsor #283
NCT100001415,Other,Other Sponsor #282
NCT100001416,Industry,Industry Sponsor #131
NCT100001417,Other,Other Sponsor #325
NCT100001418,Other,Other Sponsor #84
NCT100001419,Other,Other Sponsor #310
NCT100001420,Industry,Industry Sponsor #34
NCT100001421,Industry,Industry Sponsor #116
NCT100001422,Other,Other Sponsor #54
NCT100001423,Other,Other Sponsor #251
NCT100001424,Other,Other Sponsor #312
NCT100001425,Other,Other Sponsor #177
NCT100001426,Other,Other Sponsor #66
NCT100001427,Other,Other Sponsor #291
NCT100001428,Industry,Industry Sponsor #362
NCT100001429,Other,Other Sponsor #142
NCT100001430,Industry,Industry Sponsor #395
NCT100001431,Industry,Industry Sponsor #48
NCT100001432,Industry,Industry Sponsor #6
NCT100001433,Industry,Industry Sponsor #273
NCT100001434,Other,Other Sponsor #366
NCT100001435,Industry,Industry Sponsor #271
NCT100001436,Other,Other Sponsor #269
NCT100001437,Industry,Industry Sponsor #217
NCT100001438,Industry,Industry Sponsor #128
NCT100001439,Industry,Industry Sponsor #378
NCT100001440,Other,Other Sponsor #264
NCT100001441,Other,Other Sponsor #4
NCT100001442,Industry,Industry Sponsor #96
NCT100001443,Industry,Industry Sponsor #264
NCT100001444,Industry,Industry Sponsor #129
NCT100001445,Industry,Industry Sponsor #275
NCT100001446,Industry,Industry Sponsor #383
NCT100001447,Other,Other Sponsor #146
NCT100001448,Industry,Industry Sponsor #342
NCT100001449,Other,Other Sponsor #251
NCT100001450,Other,Other Sponsor #257
NCT100001451,Industry,Industry Sponsor #80
NCT100001452,Industry,Industry Sponsor #176
NCT100001453,Industry,Industry Sponsor #249
NCT100001454,Industry,Industry Sponsor #128
NCT100001455,Other,Other Sponsor #220
NCT100001456,Industry,Industry Sponsor #303
NCT100001457,Industry,Industry Sponsor #99
NCT100001458,Industry,Industry Sponsor #157
NCT100001459,Industry,Industry Sponsor #330
NCT100001460,Industry,Industry Sponsor #215
NCT100001461,Industry,Industry Sponsor #165
NCT100001462,NIH,NIH Sponsor #130
NCT100001463,Other,Other Sponsor #395
NCT100001464,Industry,Industry Sponsor #271
NCT100001465,Industry,Industry Sponsor #67
NCT100001466,Other,Other Sponsor #98
NCT100001467,Industry,Industry Sponsor #176
NCT100001468,Industry,Industry Sponsor #23
NCT100001469,Industry,Industry Sponsor #287
NCT100001470,Industry,Industry Sponsor #258
NCT100001471,Industry,Industry Sponsor #290
NCT100001472,Industry,Industry Sponsor #263
NCT100001473,Other,Other Sponsor #140
NCT100001474,Industry,Industry Sponsor #263
NCT100001475,Other,Other Sponsor #138
NCT100001476,Industry,Industry Sponsor #328
NCT100001477,Industry,Industry Sponsor #329
NCT100001478,Industry,Industry Sponsor #189
NCT100001479,Industry,Industry Sponsor #151
NCT100001480,Industry,Industry Sponsor #375
NCT100001481,Other,Other Sponsor #400
NCT100001482,Industry,Industry Sponsor #310
NCT100001483,Industry,Industry Sponsor #386
NCT100001484,Other,Other Sponsor #246
NCT100001485,Other,Other Sponsor #292
NCT100001486,Industry,Industry Sponsor #91
NCT100001487,Industry,Industry Sponsor #331
NCT100001488,Other,Other Sponsor #194
NCT100001489,Other,Other Sponsor #23
NCT100001490,Other,Other Sponsor #5
NCT100001491,Industry,Industry Sponsor #389
NCT100001492,Industry,Industry Sponsor #125
NCT100001493,Industry,Industry Sponsor #53
NCT100001494,Other,Other Sponsor #115
NCT100001495,Industry,Industry Sponsor #351
NCT100001496,Other,Other Sponsor #145
NCT100001497,Industry,Industry Sponsor #44
NCT100001498,Industry,Industry Sponsor #348
NCT100001499,Industry,Industry Sponsor #139
NCT100001500,Other,Other Sponsor #399
NCT100001501,Other,Other Sponsor #245
NCT100001502,Other,Other Sponsor #166
NCT100001503,Industry,Industry Sponsor #212
NCT100001504,Other,Other Sponsor #215
NCT100001505,Industry,Industry Sponsor #197
NCT100001506,Other,Other Sponsor #113
NCT100001507,Other,Other Sponsor #286
NCT100001508,Industry,Industry Sponsor #399
NCT100001509,Other,Other Sponsor #216
NCT100001510,Industry,Industry Sponsor #361
NCT100001511,Industry,Industry Sponsor #55
NCT100001512,Other,Other Sponsor #188
NCT100001513,NIH,NIH Sponsor #77
NCT100001514,Other,Other Sponsor #211
NCT100001515,Industry,Industry Sponsor #17
NCT100001516,Industry,Industry Sponsor #233
NCT100001517,Industry,Industry Sponsor #217
NCT100001518,Other,Other Sponsor #206
NCT100001519,Other,Other Sponsor #40
NCT100001520,Other,Other Sponsor #85
NCT100001521,Industry,Industry Sponsor #40
NCT100001522,Industry,Industry Sponsor #34
NCT100001523,Industry,Industry Sponsor #327
NCT100001524,NIH,NIH Sponsor #248
NCT100001525,Industry,Industry Sponsor #385
NCT100001526,Industry,Industry Sponsor #183
NCT100001527,Industry,Industry Sponsor #397
NCT100001528,Industry,Industry Sponsor #20
NCT100001529,Industry,Industry Sponsor #368
NCT100001530,Other,Other Sponsor #83
NCT100001531,Industry,Industry Sponsor #174
NCT100001532,Industry,Industry Sponsor #397
NCT100001533,NIH,NIH Sponsor #291
NCT100001534,Industry,Industry Sponsor #281
NCT100001535,Industry,Industry Sponsor #83
NCT100001536,Industry,Industry Sponsor #396
NCT100001537,Other,Other Sponsor #72
NCT100001538,Industry,Industry Sponsor #318
NCT100001539,Other,Other Sponsor #43
NCT100001540,Other,Other Sponsor #318
NCT100001541,Other,Other Sponsor #82
NCT100001542,Other,Other Sponsor #179
NCT100001543,Industry,Industry Sponsor #375
NCT100001544,Industry,Industry Sponsor #163
NCT100001545,Other,Other Sponsor #143
NCT100001546,Industry,Industry Sponsor #164
NCT100001547,Industry,Industry Sponsor #221
NCT100001548,Other,Other Sponsor #139
NCT100001549,Industry,Industry Sponsor #153
NCT100001550,Other,Other Sponsor #28
NCT100001551,Other,Other Sponsor #179
NCT100001552,Industry,Industry Sponsor #182
NCT100001553,Other,Other Sponsor #371
NCT100001554,Other,Other Sponsor #381
NCT100001555,Industry,Industry Sponsor #163
NCT100001556,Other,Other Sponsor #65
NCT100001557,Other,Other Sponsor #357
NCT100001558,Industry,Industry Sponsor #98
NCT100001559,Industry,Industry Sponsor #258
NCT100001560,Industry,Industry Sponsor #181
NCT100001561,Industry,Industry Sponsor #235
NCT100001562,Industry,Industry Sponsor #146
NCT100001563,Other,Other Sponsor #51
NCT100001564,Industry,Industry Sponsor #385
NCT100001565,Industry,Industry Sponsor #342
NCT100001566,Other,Other Sponsor #59
NCT100001567,Industry,Industry Sponsor #238
NCT100001568,Industry,Industry Sponsor #146
NCT100001569,Other,Other Sponsor #345
NCT100001570,Industry,Industry Sponsor #266
NCT100001571,Other,Other Sponsor #124
NCT100001572,Other,Other Sponsor #296
NCT100001573,Industry,Industry Sponsor #265
NCT100001574,Other,Other Sponsor #324
NCT100001575,Other,Other Sponsor #284
NCT100001576,Industry,Industry Sponsor #322
NCT100001577,Industry,Industry Sponsor #293
NCT100001578,Other,Other Sponsor #96
NCT100001579,Industry,Industry Sponsor #400
NCT100001580,Industry,Industry Sponsor #322
NCT100001581,Industry,Industry Sponsor #63
NCT100001582,Industry,Industry Sponsor #186
NCT100001583,Industry,Industry Sponsor #321
NCT100001584,Industry,Industry Sponsor #83
NCT100001585,Other,Other Sponsor #17
NCT100001586,Industry,Industry Sponsor #280
NCT100001587,Other,Other Sponsor #16
NCT100001588,Industry,Industry Sponsor #59
NCT100001589,Industry,Industry Sponsor #65
NCT100001590,Industry,Industry Sponsor #334
NCT100001591,Other,Other Sponsor #129
NCT100001592,Industry,Industry Sponsor #301
NCT100001593,Industry,Industry Sponsor #217
NCT100001594,Other,Other Sponsor #220
NCT100001595,Other,Other Sponsor #86
NCT100001596,Industry,Industry Sponsor #331
NCT100001597,Industry,Industry Sponsor #96
NCT100001598,Industry,Industry Sponsor #161
NCT100001599,Other,Other Sponsor #291
NCT100001600,Industry,Industry Sponsor #112
NCT100001601,Other,Other Sponsor #344
NCT100001602,Industry,Industry Sponsor #102
NCT100001603,Other,Other Sponsor #64
NCT100001604,Industry,Industry Sponsor #146
NCT100001605,Other,Other Sponsor #207
NCT100001606,Industry,Industry Sponsor #36
NCT100001607,Industry,Industry Sponsor #205
NCT100001608,Industry,Industry Sponsor #233
NCT100001609,Other,Other Sponsor #115
NCT100001610,Other,Other Sponsor #371
NCT100001611,Other,Other Sponsor #276
NCT100001612,Other,Other Sponsor #169
NCT100001613,Other,Other Sponsor #62
NCT100001614,Other,Other Sponsor #212
NCT100001615,NIH,NIH Sponsor #144
NCT100001616,Industry,Industry Sponsor #43
NCT100001617,Other,Other Sponsor #40
NCT100001618,Industry,Industry Sponsor #198
NCT100001619,Other,Other Sponsor #264
NCT100001620,Other,Other Sponsor #67
NCT100001621,Industry,Industry Sponsor #104
NCT100001622,Industry,Industry Sponsor #296
NCT100001623,Other,Other Sponsor #236
NCT100001624,Industry,Industry Sponsor #61
NCT100001625,Industry,Industry Sponsor #171
NCT100001626,Industry,Industry Sponsor #217
NCT100001627,NIH,NIH Sponsor #253
NCT100001628,Other,Other Sponsor #113
NCT100001629,Industry,Industry Sponsor #142
NCT100001630,Industry,Industry Sponsor #113
NCT100001631,Other,Other Sponsor #148
NCT100001632,Industry,Industry Sponsor #245
NCT100001633,Industry,Industry Sponsor #234
NCT100001634,Industry,Industry Sponsor #136
NCT100001635,Other,Other Sponsor #251
NCT100001636,Industry,Industry Sponsor #149
NCT100001637,Industry,Industry Sponsor #156
NCT100001638,Industry,Industry Sponsor #340
NCT100001639,Other,Other Sponsor #171
NCT100001640,Other,Other Sponsor #11
NCT100001641,Other,Other Sponsor #255
NCT100001642,Other,Other Sponsor #382
NCT100001643,Other,Other Sponsor #348
NCT100001644,Other,Other Sponsor #348
NCT100001645,Industry,Industry Sponsor #159
NCT100001646,Industry,Industry Sponsor #222
NCT100001647,Other,Other Sponsor #351
NCT100001648,Industry,Industry Sponsor #84
NCT100001649,Industry,Industry Sponsor #112
NCT100001650,Industry,Industry Sponsor #181
NCT100001651,Industry,Industry Sponsor #258
NCT100001652,Other,Other Sponsor #376
NCT100001653,Industry,Industry Sponsor #182
NCT100001654,Other,Other Sponsor #134
NCT100001655,Other,Other Sponsor #297
NCT100001656,Industry,Industry Sponsor #157
NCT100001657,Industry,Industry Sponsor #224
NCT100001658,Industry,Industry Sponsor #365
NCT100001659,Industry,Industry Sponsor #15
NCT100001660,NIH,NIH Sponsor #125
NCT100001661,Industry,Industry Sponsor #151
NCT100001662,Other,Other Sponsor #391
NCT100001663,Industry,Industry Sponsor #55
NCT100001664,NIH,NIH Sponsor #32
NCT100001665,Other,Other Sponsor #105
NCT100001666,Industry,Industry Sponsor #346
NCT100001667,Other,Other Sponsor #249
NCT100001668,Industry,Industry Sponsor #267
NCT100001669,Industry,Industry Sponsor #201
NCT100001670,Industry,Industry Sponsor #121
NCT100001671,Other,Other Sponsor #316
NCT100001672,Industry,Industry Sponsor #337
NCT100001673,Industry,Industry Sponsor #149
NCT100001674,Industry,Industry Sponsor #201
NCT100001675,Other,Other Sponsor #146
NCT100001676,NIH,NIH Sponsor #334
NCT100001677,Other,Other Sponsor #240
NCT100001678,Industry,Industry Sponsor #258
NCT100001679,Industry,Industry Sponsor #181
NCT100001680,Other,Other Sponsor #391
NCT100001681,Other,Other Sponsor #242
NCT100001682,Industry,Industry Sponsor #133
NCT100001683,NIH,NIH Sponsor #207
NCT100001684,Industry,Industry Sponsor #55
NCT100001685,Industry,Industry Sponsor #376
NCT100001686,Industry,Industry Sponsor #33
NCT100001687,Other,Other Sponsor #391
NCT100001688,Industry,Industry Sponsor #194
NCT100001689,Industry,Industry Sponsor #348
NCT100001690,Industry,Industry Sponsor #99
NCT100001691,Other,Other Sponsor #72
NCT100001692,Other,Other Sponsor #350
NCT100001693,Industry,Industry Sponsor #257
NCT100001694,Other,Other Sponsor #225
NCT100001695,NIH,NIH Sponsor #265
NCT100001696,Industry,Industry Sponsor #12
NCT100001697,Industry,Industry Sponsor #35
NCT100001698,NIH,NIH Sponsor #313
NCT100001699,Industry,Industry Sponsor #299
NCT100001700,Industry,Industry Sponsor #103
NCT100001701,Industry,Industry Sponsor #388
NCT100001702,Other,Other Sponsor #313
NCT100001703,Other,Other Sponsor #314
NCT100001704,Industry,Industry Sponsor #260
NCT100001705,Industry,Industry Sponsor #117
NCT100001706,Other,Other Sponsor #312
NCT100001707,Industry,Industry Sponsor #65
NCT100001708,Industry,Industry Sponsor #316
NCT100001709,Other,Other Sponsor #48
NCT100001710,Other,Other Sponsor #275
NCT100001711,Industry,Industry Sponsor #30
NCT100001712,Industry,Industry Sponsor #126
NCT100001713,Other,Other Sponsor #279
NCT100001714,Other,Other Sponsor #155
NCT100001715,Industry,Industry Sponsor #258
NCT100001716,Other,Other Sponsor #144
NCT100001717,Industry,Industry Sponsor #284
NCT100001718,Other,Other Sponsor #121
NCT100001719,Other,Other Sponsor #302
NCT100001720,Other,Other Sponsor #10
NCT100001721,Industry,Industry Sponsor #221
NCT100001722,Other,Other Sponsor #312
NCT100001723,NIH,NIH Sponsor #175
NCT100001724,Other,Other Sponsor #386
NCT100001725,Other,Other Sponsor #148
NCT100001726,Other,Other Sponsor #134
NCT100001727,Other,Other Sponsor #8
NCT100001728,Industry,Industry Sponsor #173
NCT100001729,Industry,Industry Sponsor #335
NCT100001730,NIH,NIH Sponsor #136
NCT100001731,Industry,Industry Sponsor #184
NCT100001732,Industry,Industry Sponsor #142
NCT100001733,Industry,Industry Sponsor #142
NCT100001734,Other,Other Sponsor #317
NCT100001735,Industry,Industry Sponsor #226
NCT100001736,Industry,Industry Sponsor #133
NCT100001737,NIH,NIH Sponsor #40
NCT100001738,Industry,Industry Sponsor #191
NCT100001739,Other,Other Sponsor #168
NCT100001740,Other,Other Sponsor #151
NCT100001741,Other,Other Sponsor #14
NCT100001742,Industry,Industry Sponsor #261
NCT100001743,NIH,NIH Sponsor #77
NCT100001744,Other,Other Sponsor #290
NCT100001745,Other,Other Sponsor #63
NCT100001746,Other,Other Sponsor #163
NCT100001747,Industry,Industry Sponsor #394
NCT100001748,Industry,Industry Sponsor #376
NCT100001749,Industry,Industry Sponsor #335
NCT100001750,Industry,Industry Sponsor #65
NCT100001751,Other,Other Sponsor #61
NCT100001752,Industry,Industry Sponsor #396
NCT100001753,Industry,Industry Sponsor #135
NCT100001754,Industry,Industry Sponsor #354
NCT100001755,Other,Other Sponsor #217
NCT100001756,Industry,Industry Sponsor #173
NCT100001757,Industry,Industry Sponsor #38
NCT100001758,Other,Other Sponsor #224
NCT100001759,Other,Other Sponsor #302
NCT100001760,NIH,NIH Sponsor #333
NCT100001761,Industry,Industry Sponsor #396
NCT100001762,Industry,Industry Sponsor #269
NCT100001763,Industry,Industry Sponsor #74
NCT100001764,Industry,Industry Sponsor #161
NCT100001765,Industry,Industry Sponsor #115
NCT100001766,Other,Other Sponsor #342
NCT100001767,Other,Other Sponsor #15
NCT100001768,Industry,Industry Sponsor #4
NCT100001769,Industry,Industry Sponsor #219
NCT100001770,Industry,Industry Sponsor #362
NCT100001771,Industry,Industry Sponsor #143
NCT100001772,Other,Other Sponsor #39
NCT100001773,Industry,Industry Sponsor #345
NCT100001774,Other,Other Sponsor #163
NCT100001775,Other,Other Sponsor #325
NCT100001776,Other,Other Sponsor #101
NCT100001777,Industry,Industry Sponsor #68
NCT100001778,Other,Other Sponsor #2
NCT100001779,Industry,Industry Sponsor #215
NCT100001780,Industry,Industry Sponsor #272
NCT100001781,Other,Other Sponsor #251
NCT100001782,Industry,Industry Sponsor #387
NCT100001783,Other,Other Sponsor #238
NCT100001784,Other,Other Sponsor #251
NCT100001785,Industry,Industry Sponsor #210
NCT100001786,Industry,Industry Sponsor #227
NCT100001787,Industry,Industry Sponsor #174
NCT100001788,Industry,Industry Sponsor #275
NCT100001789,NIH,NIH Sponsor #310
NCT100001790,Industry,Industry Sponsor #181
NCT100001791,Industry,Industry Sponsor #102
NCT100001792,Industry,Industry Sponsor #212
NCT100001793,Industry,Industry Sponsor #270
NCT100001794,Industry,Industry Sponsor #13
NCT100001795,Other,Other Sponsor #194
NCT100001796,Industry,Industry Sponsor #361
NCT100001797,Other,Other Sponsor #78
NCT100001798,Industry,Industry Sponsor #160
NCT100001799,Industry,Industry Sponsor #52
NCT100001800,Industry,Industry Sponsor #209
NCT100001801,Other,Other Sponsor #196
NCT100001802,Other,Other Sponsor #366
NCT100001803,Industry,Industry Sponsor #229
NCT100001804,Industry,Industry Sponsor #323
NCT100001805,Other,Other Sponsor #43
NCT100001806,Industry,Industry Sponsor #390
NCT100001807,Industry,Industry Sponsor #78
NCT100001808,Other,Other Sponsor #108
NCT100001809,Other,Other Sponsor #237
NCT100001810,Other,Other Sponsor #54
NCT100001811,Other,Other Sponsor #384
NCT100001812,Other,Other Sponsor #218
NCT100001813,Other,Other Sponsor #205
NCT100001814,Industry,Industry Sponsor #347
NCT100001815,Industry,Industry Sponsor #73
NCT100001816,Other,Other Sponsor #310
NCT100001817,Industry,Industry Sponsor #70
NCT100001818,Industry,Industry Sponsor #35
NCT100001819,Industry,Industry Sponsor #49
NCT100001820,Industry,Industry Sponsor #116
NCT100001821,Industry,Industry Sponsor #219
NCT100001822,Other,Other Sponsor #288
NCT100001823,Industry,Industry Sponsor #144
NCT100001824,Other,Other Sponsor #393
NCT100001825,NIH,NIH Sponsor #378
NCT100001826,Other,Other Sponsor #47
NCT100001827,Other,Other Sponsor #27
NCT100001828,Industry,Industry Sponsor #390
NCT100001829,Other,Other Sponsor #182
NCT100001830,Industry,Industry Sponsor #110
NCT100001831,Industry,Industry Sponsor #351
NCT100001832,Industry,Industry Sponsor #239
NCT100001833,NIH,NIH Sponsor #98
NCT100001834,Other,Other Sponsor #185
NCT100001835,Industry,Industry Sponsor #130
NCT100001836,Industry,Industry Sponsor #246
NCT100001837,Industry,Industry Sponsor #16
NCT100001838,Industry,Industry Sponsor #385
NCT100001839,Industry,Industry Sponsor #79
NCT100001840,Other,Other Sponsor #228
NCT100001841,Industry,Industry Sponsor #100
NCT100001842,Other,Other Sponsor #364
NCT100001843,Industry,Industry Sponsor #341
NCT100001844,Other,Other Sponsor #374
NCT100001845,Industry,Industry Sponsor #259
NCT100001846,NIH,NIH Sponsor #239
NCT100001847,Industry,Industry Sponsor #47
NCT100001848,NIH,NIH Sponsor #393
NCT100001849,Industry,Industry Sponsor #371
NCT100001850,Industry,Industry Sponsor #143
NCT100001851,Other,Other Sponsor #103
NCT100001852,Industry,Industry Sponsor #182
NCT100001853,Industry,Industry Sponsor #352
NCT100001854,Industry,Industry Sponsor #360
NCT100001855,Other,Other Sponsor #381
NCT100001856,Industry,Industry Sponsor #17
NCT100001857,NIH,NIH Sponsor #194
NCT100001858,Other,Other Sponsor #5
NCT100001859,Other,Other Sponsor #184
NCT100001860,Other,Other Sponsor #316
NCT100001861,Other,Other Sponsor #125
NCT100001862,Industry,Industry Sponsor #21
NCT100001863,Other,Other Sponsor #206
NCT100001864,Other,Other Sponsor #358
NCT100001865,Industry,Industry Sponsor #47
NCT100001866,Industry,Industry Sponsor #1
NCT100001867,Industry,Industry Sponsor #105
NCT100001868,NIH,NIH Sponsor #3
NCT100001869,Industry,Industry Sponsor #109
NCT100001870,Industry,Industry Sponsor #391
NCT100001871,Other,Other Sponsor #202
NCT100001872,Other,Other Sponsor #114
NCT100001873,Industry,Industry Sponsor #313
NCT100001874,Other,Other Sponsor #97
NCT100001875,Industry,Industry Sponsor #218
NCT100001876,Other,Other Sponsor #216
NCT100001877,Other,Other Sponsor #43
NCT100001878,Industry,Industry Sponsor #83
NCT100001879,Other,Other Sponsor #335
NCT100001880,Industry,Industry Sponsor #310
NCT100001881,Industry,Industry Sponsor #274
NCT100001882,Industry,Industry Sponsor #77
NCT100001883,Industry,Industry Sponsor #233
NCT100001884,Industry,Industry Sponsor #188
NCT100001885,Industry,Industry Sponsor #152
NCT100001886,Industry,Industry Sponsor #229
NCT100001887,Industry,Industry Sponsor #379
NCT100001888,Industry,Industry Sponsor #325
NCT100001889,Industry,Industry Sponsor #376
NCT100001890,Industry,Industry Sponsor #312
NCT100001891,Industry,Industry Sponsor #384
NCT100001892,Other,Other Sponsor #335
NCT100001893,Other,Other Sponsor #156
NCT100001894,Industry,Industry Sponsor #111
NCT100001895,Other,Other Sponsor #344
NCT100001896,Other,Other Sponsor #209
NCT100001897,Industry,Industry Sponsor #326
NCT100001898,Other,Other Sponsor #314
NCT100001899,NIH,NIH Sponsor #169
NCT100001900,Industry,Industry Sponsor #178
NCT100001901,Industry,Industry Sponsor #88
NCT100001902,Other,Other Sponsor #324
NCT100001903,Other,Other Sponsor #156
NCT100001904,Industry,Industry Sponsor #300
NCT100001905,Industry,Industry Sponsor #385
NCT100001906,Industry,Industry Sponsor #64
NCT100001907,Industry,Industry Sponsor #82
NCT100001908,Other,Other Sponsor #307
NCT100001909,Other,Other Sponsor #325
NCT100001910,Industry,Industry Sponsor #254
NCT100001911,Other,Other Sponsor #2
NCT100001912,Other,Other Sponsor #51
NCT100001913,Industry,Industry Sponsor #317
NCT100001914,Other,Other Sponsor #375
NCT100001915,Industry,Industry Sponsor #242
NCT100001916,Other,Other Sponsor #283
NCT100001917,Industry,Industry Sponsor #123
NCT100001918,Industry,Industry Sponsor #106
NCT100001919,NIH,NIH Sponsor #91
NCT100001920,Other,Other Sponsor #370
NCT100001921,Other,Other Sponsor #37
NCT100001922,Other,Other Sponsor #274
NCT100001923,Industry,Industry Sponsor #372
NCT100001924,Industry,Industry Sponsor #220
NCT100001925,Other,Other Sponsor #58
NCT100001926,Industry,Industry Sponsor #248
NCT100001927,Other,Other Sponsor #364
NCT100001928,Industry,Industry Sponsor #170
NCT100001929,Industry,Industry Sponsor #268
NCT100001930,NIH,NIH Sponsor #158
NCT100001931,Industry,Industry Sponsor #381
NCT100001932,Other,Other Sponsor #117
NCT100001933,Industry,Industry Sponsor #187
NCT100001934,Other,Other Sponsor #330
NCT100001935,Industry,Industry Sponsor #249
NCT100001936,Other,Other Sponsor #34
NCT100001937,Industry,Industry Sponsor #374
NCT100001938,NIH,NIH Sponsor #7
NCT100001939,Industry,Industry Sponsor #321
NCT100001940,Industry,Industry Sponsor #380
NCT100001941,Industry,Industry Sponsor #127
NCT100001942,Other,Other Sponsor #354
NCT100001943,Industry,Industry Sponsor #381
NCT100001944,Industry,Industry Sponsor #107
NCT100001945,Industry,Industry Sponsor #27
NCT100001946,Industry,Industry Sponsor #102
NCT100001947,Industry,Industry Sponsor #298
NCT100001948,Industry,Industry Sponsor #302
NCT100001949,Industry,Industry Sponsor #139
NCT100001950,Industry,Industry Sponsor #331
NCT100001951,Industry,Industry Sponsor #159
NCT100001952,Industry,Industry Sponsor #241
NCT100001953,Industry,Industry Sponsor #227
NCT100001954,Industry,Industry Sponsor #119
NCT100001955,Other,Other Sponsor #351
NCT100001956,Other,Other Sponsor #99
NCT100001957,Industry,Industry Sponsor #243
NCT100001958,Industry,Industry Sponsor #156
NCT100001959,Industry,Industry Sponsor #231
NCT100001960,Industry,Industry Sponsor #207
NCT100001961,Other,Other Sponsor #393
NCT100001962,Other,Other Sponsor #192
NCT100001963,Industry,Industry Sponsor #103
NCT100001964,Industry,Industry Sponsor #83
NCT100001965,NIH,NIH Sponsor #24
NCT100001966,Other,Other Sponsor #31
NCT100001967,Industry,Industry Sponsor #57
NCT100001968,Other,Other Sponsor #78
NCT100001969,NIH,NIH Sponsor #168
NCT100001970,Other,Other Sponsor #72
NCT100001971,Industry,Industry Sponsor #383
NCT100001972,Industry,Industry Sponsor #347
NCT100001973,Other,Other Sponsor #250
NCT100001974,Industry,Industry Sponsor #224
NCT100001975,NIH,NIH Sponsor #377
NCT100001976,Other,Other Sponsor #263
NCT100001977,NIH,NIH Sponsor #385
NCT100001978,Industry,Industry Sponsor #379
NCT100001979,Other,Other Sponsor #271
NCT100001980,Industry,Industry Sponsor #200
NCT100001981,Industry,Industry Sponsor #300
NCT100001982,Other,Other Sponsor #295
NCT100001983,Industry,Industry Sponsor #14
NCT100001984,Industry,Industry Sponsor #168
NCT100001985,Industry,Industry Sponsor #120
NCT100001986,Other,Other Sponsor #193
NCT100001987,Industry,Industry Sponsor #106
NCT100001988,Industry,Industry Sponsor #371
NCT100001989,Industry,Industry Sponsor #310
NCT100001990,Industry,Industry Sponsor #260
NCT100001991,Other,Other Sponsor #195
NCT100001992,Other,Other Sponsor #223
NCT100001993,Other,Other Sponsor #9
NCT100001994,Industry,Industry Sponsor #66
NCT100001995,Other,Other Sponsor #108
NCT100001996,Other,Other Sponsor #90
NCT100001997,Industry,Industry Sponsor #255
NCT100001998,Other,Other Sponsor #165
NCT100001999,Other,Other Sponsor #74
NCT100002000,Other,Other Sponsor #52
NCT100002001,Other,Other Sponsor #244
NCT100002002,Industry,Industry Sponsor #309
NCT100002003,Other,Other Sponsor #166
NCT100002004,Other,Other Sponsor #101
NCT100002005,Other,Other Sponsor #43
NCT100002006,Industry,Industry Sponsor #95
NCT100002007,Industry,Industry Sponsor #265
NCT100002008,Industry,Industry Sponsor #339
NCT100002009,Other,Other Sponsor #102
NCT100002010,Industry,Industry Sponsor #6
NCT100002011,Industry,Industry Sponsor #296
NCT100002012,Industry,Industry Sponsor #382
NCT100002013,Industry,Industry Sponsor #131
NCT100002014,Industry,Industry Sponsor #176
NCT100002015,Industry,Industry Sponsor #279
NCT100002016,Other,Other Sponsor #365
NCT100002017,Industry,Industry Sponsor #43
NCT100002018,Other,Other Sponsor #73
NCT100002019,Other,Other Sponsor #400
NCT100002020,Other,Other Sponsor #118
NCT100002021,Industry,Industry Sponsor #325
NCT100002022,Other,Other Sponsor #104
NCT100002023,Other,Other Sponsor #244
NCT100002024,Industry,Industry Sponsor #363
NCT100002025,Other,Other Sponsor #35
NCT100002026,Industry,Industry Sponsor #125
NCT100002027,Industry,Industry Sponsor #180
NCT100002028,Industry,Industry Sponsor #300
NCT100002029,Industry,Industry Sponsor #327
NCT100002030,Other,Other Sponsor #119
NCT100002031,NIH,NIH Sponsor #387
NCT100002032,Other,Other Sponsor #239
NCT100002033,Other,Other Sponsor #389
NCT100002034,Other,Other Sponsor #307
NCT100002035,Other,Other Sponsor #327
NCT100002036,Other,Other Sponsor #328
NCT100002037,Industry,Industry Sponsor #7
NCT100002038,Industry,Industry Sponsor #341
NCT100002039,Other,Other Sponsor #266
NCT100002040,NIH,NIH Sponsor #51
NCT100002041,Industry,Industry Sponsor #364
NCT100002042,Other,Other Sponsor #294
NCT100002043,Other,Other Sponsor #343
NCT100002044,Other,Other Sponsor #212
NCT100002045,Other,Other Sponsor #128
NCT100002046,Other,Other Sponsor #394
NCT100002047,Industry,Industry Sponsor #206
NCT100002048,Industry,Industry Sponsor #379
NCT100002049,Industry,Industry Sponsor #328
NCT100002050,Industry,Industry Sponsor #136
NCT100002051,Industry,Industry Sponsor #82
NCT100002052,Industry,Industry Sponsor #329
NCT100002053,Industry,Industry Sponsor #102
NCT100002054,Other,Other Sponsor #75
NCT100002055,Other,Other Sponsor #377
NCT100002056,Industry,Industry Sponsor #21
NCT100002057,Industry,Industry Sponsor #356
NCT100002058,Industry,Industry Sponsor #125
NCT100002059,NIH,NIH Sponsor #212
NCT100002060,Other,Other Sponsor #199
NCT100002061,Industry,Industry Sponsor #121
NCT100002062,Other,Other Sponsor #360
NCT100002063,Industry,Industry Sponsor #260
NCT100002064,Other,Other Sponsor #179
NCT100002065,NIH,NIH Sponsor #317
NCT100002066,Other,Other Sponsor #287
NCT100002067,Industry,Industry Sponsor #33
NCT100002068,Other,Other Sponsor #366
NCT100002069,Other,Other Sponsor #111
NCT100002070,Industry,Industry Sponsor #261
NCT100002071,Other,Other Sponsor #387
NCT100002072,Industry,Industry Sponsor #212
NCT100002073,Other,Other Sponsor #93
NCT100002074,Industry,Industry Sponsor #207
NCT100002075,Industry,Industry Sponsor #176
NCT100002076,Other,Other Sponsor #256
NCT100002077,Industry,Industry Sponsor #325
NCT100002078,Industry,Industry Sponsor #311
NCT100002079,Industry,Industry Sponsor #271
NCT100002080,Industry,Industry Sponsor #289
NCT100002081,Industry,Industry Sponsor #94
NCT100002082,Other,Other Sponsor #192
NCT100002083,Other,Other Sponsor #77
NCT100002084,Other,Other Sponsor #62
NCT100002085,Other,Other Sponsor #86
NCT100002086,Other,Other Sponsor #338
NCT100002087,Other,Other Sponsor #34
NCT100002088,Other,Other Sponsor #207
NCT100002089,Other,Other Sponsor #338
NCT100002090,Industry,Industry Sponsor #270
NCT100002091,Other,Other Sponsor #145
NCT100002092,Industry,Industry Sponsor #207
NCT100002093,Industry,Industry Sponsor #248
NCT100002094,Other,Other Sponsor #358
NCT100002095,Industry,Industry Sponsor #383
NCT100002096,Industry,Industry Sponsor #156
NCT100002097,Industry,Industry Sponsor #223
NCT100002098,Other,Other Sponsor #110
NCT100002099,Other,Other Sponsor #105
NCT100002100,Industry,Industry Sponsor #106
NCT100002101,Other,Other Sponsor #170
NCT100002102,Industry,Industry Sponsor #307
NCT100002103,Industry,Industry Sponsor #321
NCT100002104,Industry,Industry Sponsor #194
NCT100002105,Industry,Industry Sponsor #321
NCT100002106,Other,Other Sponsor #59
NCT100002107,Industry,Industry Sponsor #379
NCT100002108,Industry,Industry Sponsor #134
NCT100002109,Other,Other Sponsor #45
NCT100002110,Industry,Industry Sponsor #246
NCT100002111,Industry,Industry Sponsor #356
NCT100002112,Industry,Industry Sponsor #306
NCT100002113,Other,Other Sponsor #8
NCT100002114,Industry,Industry Sponsor #201
NCT100002115,Industry,Industry Sponsor #172
NCT100002116,Industry,Industry Sponsor #271
NCT100002117,Other,Other Sponsor #351
NCT100002118,NIH,NIH Sponsor #165
NCT100002119,Other,Other Sponsor #2
NCT100002120,Industry,Industry Sponsor #322
NCT100002121,Other,Other Sponsor #293
NCT100002122,Other,Other Sponsor #314
NCT100002123,Other,Other Sponsor #185
NCT100002124,Industry,Industry Sponsor #132
NCT100002125,Industry,Industry Sponsor #211
NCT100002126,Industry,Industry Sponsor #107
NCT100002127,Industry,Industry Sponsor #187
NCT100002128,Industry,Industry Sponsor #365
NCT100002129,Other,Other Sponsor #187
NCT100002130,Industry,Industry Sponsor #56
NCT100002131,Other,Other Sponsor #320
NCT100002132,NIH,NIH Sponsor #197
NCT100002133,Industry,Industry Sponsor #89
NCT100002134,Other,Other Sponsor #102
NCT100002135,Other,Other Sponsor #250
NCT100002136,Other,Other Sponsor #50
NCT100002137,Other,Other Sponsor #47
NCT100002138,Industry,Industry Sponsor #34
NCT100002139,Other,Other Sponsor #361
NCT100002140,NIH,NIH Sponsor #78
NCT100002141,NIH,NIH Sponsor #283
NCT100002142,Other,Other Sponsor #228
NCT100002143,Industry,Industry Sponsor #88
NCT100002144,NIH,NIH Sponsor #11
NCT100002145,Other,Other Sponsor #70
NCT100002146,Other,Other Sponsor #101
NCT100002147,Other,Other Sponsor #319
NCT100002148,Industry,Industry Sponsor #267
NCT100002149,Industry,Industry Sponsor #157
NCT100002150,Industry,Industry Sponsor #337
NCT100002151,Industry,Industry Sponsor #320
NCT100002152,Industry,Industry Sponsor #195
NCT100002153,Industry,Industry Sponsor #218
NCT100002154,Industry,Industry Sponsor #99
NCT100002155,Industry,Industry Sponsor #342
NCT100002156,Other,Other Sponsor #39
NCT100002157,Other,Other Sponsor #39
NCT100002158,Industry,Industry Sponsor #37
NCT100002159,Industry,Industry Sponsor #314
NCT100002160,Other,Other Sponsor #47
NCT100002161,Other,Other Sponsor #368
NCT100002162,Industry,Industry Sponsor #363
NCT100002163,Other,Other Sponsor #32
NCT100002164,Industry,Industry Sponsor #74
NCT100002165,Other,Other Sponsor #96
NCT100002166,Other,Other Sponsor #212
NCT100002167,Industry,Industry Sponsor #124
NCT100002168,Industry,Industry Sponsor #253
NCT100002169,Other,Other Sponsor #392
NCT100002170,Other,Other Sponsor #395
NCT100002171,Industry,Industry Sponsor #246
NCT100002172,Industry,Industry Sponsor #98
NCT100002173,Industry,Industry Sponsor #237
NCT100002174,Other,Other Sponsor #73
NCT100002175,Other,Other Sponsor #196
NCT100002176,Other,Other Sponsor #89
NCT100002177,Industry,Industry Sponsor #139
NCT100002178,Industry,Industry Sponsor #282
NCT100002179,Other,Other Sponsor #82
NCT100002180,Industry,Industry Sponsor #362
NCT100002181,Industry,Industry Sponsor #111
NCT100002182,Other,Other Sponsor #160
NCT100002183,Industry,Industry Sponsor #192
NCT100002184,Industry,Industry Sponsor #190
NCT100002185,Other,Other Sponsor #161
NCT100002186,NIH,NIH Sponsor #100
NCT100002187,NIH,NIH Sponsor #128
NCT100002188,Industry,Industry Sponsor #197
NCT100002189,Industry,Industry Sponsor #373
NCT100002190,Industry,Industry Sponsor #365
NCT100002191,Industry,Industry Sponsor #183
NCT100002192,Industry,Industry Sponsor #161
NCT100002193,Other,Other Sponsor #306
NCT100002194,Industry,Industry Sponsor #145
NCT100002195,Other,Other Sponsor #134
NCT100002196,Other,Other Sponsor #41
NCT100002197,Industry,Industry Sponsor #228
NCT100002198,Industry,Industry Sponsor #146
NCT100002199,Industry,Industry Sponsor #168
NCT100002200,Other,Other Sponsor #14
NCT100002201,NIH,NIH Sponsor #330
NCT100002202,Industry,Industry Sponsor #371
NCT100002203,Industry,Industry Sponsor #268
NCT100002204,Industry,Industry Sponsor #42
NCT100002205,Industry,Industry Sponsor #329
NCT100002206,Other,Other Sponsor #60
NCT100002207,Other,Other Sponsor #27
NCT100002208,Industry,Industry Sponsor #79
NCT100002209,Other,Other Sponsor #10
NCT100002210,Other,Other Sponsor #282
NCT100002211,Industry,Industry Sponsor #4
NCT100002212,Industry,Industry Sponsor #85
NCT100002213,Other,Other Sponsor #145
NCT100002214,Industry,Industry Sponsor #312
NCT100002215,Industry,Industry Sponsor #147
NCT100002216,Other,Other Sponsor #208
NCT100002217,Other,Other Sponsor #106
NCT100002218,Industry,Industry Sponsor #110
NCT100002219,Other,Other Sponsor #130
NCT100002220,Industry,Industry Sponsor #171
NCT100002221,Industry,Industry Sponsor #386
NCT100002222,NIH,NIH Sponsor #342
NCT100002223,Other,Other Sponsor #318
NCT100002224,Other,Other Sponsor #196
NCT100002225,Industry,Industry Sponsor #217
NCT100002226,Other,Other Sponsor #18
NCT100002227,Other,Other Sponsor #105
NCT100002228,Other,Other Sponsor #58
NCT100002229,Other,Other Sponsor #140
NCT100002230,Other,Other Sponsor #34
NCT100002231,Industry,Industry Sponsor #212
NCT100002232,Industry,Industry Sponsor #395
NCT100002233,Industry,Industry Sponsor #97
NCT100002234,Other,Other Sponsor #289
NCT100002235,Industry,Industry Sponsor #381
NCT100002236,Industry,Industry Sponsor #279
NCT100002237,Industry,Industry Sponsor #328
NCT100002238,Industry,Industry Sponsor #393
NCT100002239,Industry,Industry Sponsor #45
NCT100002240,Other,Other Sponsor #277
NCT100002241,Other,Other Sponsor #75
NCT100002242,Other,Other Sponsor #294
NCT100002243,Industry,Industry Sponsor #58
NCT100002244,Industry,Industry Sponsor #341
NCT100002245,Other,Other Sponsor #281
NCT100002246,Other,Other Sponsor #55
NCT100002247,Other,Other Sponsor #367
NCT100002248,Industry,Industry Sponsor #356
NCT100002249,Industry,Industry Sponsor #98
NCT100002250,Industry,Industry Sponsor #349
NCT100002251,Industry,Industry Sponsor #339
NCT100002252,Industry,Industry Sponsor #220
NCT100002253,Industry,Industry Sponsor #164
NCT100002254,Other,Other Sponsor #276
NCT100002255,Industry,Industry Sponsor #252
NCT100002256,Industry,Industry Sponsor #48
NCT100002257,Other,Other Sponsor #241
NCT100002258,Other,Other Sponsor #315
NCT100002259,NIH,NIH Sponsor #15
NCT100002260,Industry,Industry Sponsor #275
NCT100002261,Other,Other Sponsor #232
NCT100002262,NIH,NIH Sponsor #352
NCT100002263,Industry,Industry Sponsor #398
NCT100002264,Industry,Industry Sponsor #350
NCT100002265,Industry,Industry Sponsor #60
NCT100002266,Other,Other Sponsor #13
NCT100002267,Industry,Industry Sponsor #356
NCT100002268,Industry,Industry Sponsor #286
NCT100002269,Other,Other Sponsor #244
NCT100002270,Other,Other Sponsor #83
NCT100002271,Industry,Industry Sponsor #192
NCT100002272,Other,Other Sponsor #212
NCT100002273,Industry,Industry Sponsor #360
NCT100002274,Other,Other Sponsor #341
NCT100002275,Other,Other Sponsor #125
NCT100002276,Industry,Industry Sponsor #89
NCT100002277,Industry,Industry Sponsor #262
NCT100002278,Other,Other Sponsor #85
NCT100002279,Industry,Industry Sponsor #135
NCT100002280,Industry,Industry Sponsor #99
NCT100002281,Other,Other Sponsor #66
NCT100002282,Other,Other Sponsor #81
NCT100002283,Other,Other Sponsor #16
NCT100002284,Other,Other Sponsor #329
NCT100002285,Industry,Industry Sponsor #175
NCT100002286,Other,Other Sponsor #241
NCT100002287,Other,Other Sponsor #287
NCT100002288,Industry,Industry Sponsor #176
NCT100002289,Industry,Industry Sponsor #139
NCT100002290,Other,Other Sponsor #123
NCT100002291,Industry,Industry Sponsor #347
NCT100002292,Other,Other Sponsor #314
NCT100002293,Other,Other Sponsor #284
NCT100002294,Industry,Industry Sponsor #150
NCT100002295,Other,Other Sponsor #126
NCT100002296,Industry,Industry Sponsor #131
NCT100002297,Other,Other Sponsor #2
NCT100002298,Industry,Industry Sponsor #299
NCT100002299,Industry,Industry Sponsor #322
NCT100002300,Industry,Industry Sponsor #63
NCT100002301,Industry,Industry Sponsor #275
NCT100002302,Other,Other Sponsor #339
NCT100002303,Other,Other Sponsor #146
NCT100002304,NIH,NIH Sponsor #283
NCT100002305,NIH,NIH Sponsor #113
NCT100002306,NIH,NIH Sponsor #47
NCT100002307,Industry,Industry Sponsor #49
NCT100002308,Industry,Industry Sponsor #89
NCT100002309,Industry,Industry Sponsor #308
NCT100002310,Other,Other Sponsor #228
NCT100002311,Other,Other Sponsor #392
NCT100002312,Other,Other Sponsor #11
NCT100002313,Industry,Industry Sponsor #74
NCT100002314,Industry,Industry Sponsor #181
NCT100002315,Other,Other Sponsor #241
NCT100002316,Other,Other Sponsor #177
NCT100002317,Other,Other Sponsor #46
NCT100002318,Industry,Industry Sponsor #246
NCT100002319,Other,Other Sponsor #101
NCT100002320,Industry,Industry Sponsor #82
NCT100002321,Industry,Industry Sponsor #232
NCT100002322,Industry,Industry Sponsor #118
NCT100002323,Industry,Industry Sponsor #27
NCT100002324,Industry,Industry Sponsor #86
NCT100002325,Industry,Industry Sponsor #138
NCT100002326,Industry,Industry Sponsor #371
NCT100002327,Industry,Industry Sponsor #88
NCT100002328,Other,Other Sponsor #86
NCT100002329,Industry,Industry Sponsor #189
NCT100002330,Industry,Industry Sponsor #366
NCT100002331,Industry,Industry Sponsor #1
NCT100002332,Other,Other Sponsor #278
NCT100002333,Other,Other Sponsor #311
NCT100002334,Industry,Industry Sponsor #258
NCT100002335,NIH,NIH Sponsor #153
NCT100002336,Industry,Industry Sponsor #250
NCT100002337,Other,Other Sponsor #231
NCT100002338,Industry,Industry Sponsor #225
NCT100002339,Industry,Industry Sponsor #238
NCT100002340,Industry,Industry Sponsor #52
NCT100002341,Other,Other Sponsor #222
NCT100002342,Industry,Industry Sponsor #246
NCT100002343,Other,Other Sponsor #52
NCT100002344,Industry,Industry Sponsor #267
NCT100002345,Other,Other Sponsor #319
NCT100002346,Industry,Industry Sponsor #225
NCT100002347,Other,Other Sponsor #290
NCT100002348,Industry,Industry Sponsor #226
NCT100002349,Other,Other Sponsor #197
NCT100002350,Industry,Industry Sponsor #100
NCT100002351,Other,Other Sponsor #281
NCT100002352,Industry,Industry Sponsor #136
NCT100002353,Other,Other Sponsor #253
NCT100002354,Industry,Industry Sponsor #191
NCT100002355,Other,Other Sponsor #170
NCT100002356,Other,Other Sponsor #267
NCT100002357,Industry,Industry Sponsor #169
NCT100002358,NIH,NIH Sponsor #132
NCT100002359,Other,Other Sponsor #128
NCT100002360,Other,Other Sponsor #212
NCT100002361,Industry,Industry Sponsor #247
NCT100002362,Other,Other Sponsor #243
NCT100002363,Industry,Industry Sponsor #203
NCT100002364,Industry,Industry Sponsor #85
NCT100002365,Industry,Industry Sponsor #43
NCT100002366,Industry,Industry Sponsor #358
NCT100002367,Industry,Industry Sponsor #188
NCT100002368,Industry,Industry Sponsor #52
NCT100002369,Industry,Industry Sponsor #99
NCT100002370,NIH,NIH Sponsor #270
NCT100002371,Industry,Industry Sponsor #134
NCT100002372,NIH,NIH Sponsor #17
NCT100002373,Other,Other Sponsor #184
NCT100002374,Other,Other Sponsor #159
NCT100002375,Other,Other Sponsor #31
NCT100002376,Other,Other Sponsor #371
NCT100002377,NIH,NIH Sponsor #223
NCT100002378,Industry,Industry Sponsor #243
NCT100002379,Industry,Industry Sponsor #130
NCT100002380,Other,Other Sponsor #166
NCT100002381,Other,Other Sponsor #385
NCT100002382,Other,Other Sponsor #213
NCT100002383,Other,Other Sponsor #310
NCT100002384,Other,Other Sponsor #395
NCT100002385,Other,Other Sponsor #2
NCT100002386,Industry,Industry Sponsor #378
NCT100002387,Industry,Industry Sponsor #314
NCT100002388,Other,Other Sponsor #276
NCT100002389,Industry,Industry Sponsor #33
NCT100002390,Other,Other Sponsor #119
NCT100002391,Other,Other Sponsor #118
NCT100002392,Industry,Industry Sponsor #114
NCT100002393,Industry,Industry Sponsor #141
NCT100002394,Industry,Industry Sponsor #376
NCT100002395,NIH,NIH Sponsor #283
NCT100002396,Other,Other Sponsor #372
NCT100002397,Industry,Industry Sponsor #169
NCT100002398,Other,Other Sponsor #87
NCT100002399,Industry,Industry Sponsor #186
NCT100002400,Industry,Industry Sponsor #36
NCT100002401,Other,Other Sponsor #123
NCT100002402,Industry,Industry Sponsor #63
NCT100002403,Industry,Industry Sponsor #143
NCT100002404,Industry,Industry Sponsor #129
NCT100002405,Industry,Industry Sponsor #268
NCT100002406,Other,Other Sponsor #16
NCT100002407,Industry,Industry Sponsor #398
NCT100002408,Other,Other Sponsor #383
NCT100002409,Industry,Industry Sponsor #189
NCT100002410,Industry,Industry Sponsor #9
NCT100002411,Industry,Industry Sponsor #238
NCT100002412,NIH,NIH Sponsor #70
NCT100002413,Other,Other Sponsor #320
NCT100002414,Other,Other Sponsor #55
NCT100002415,Other,Other Sponsor #195
NCT100002416,Other,Other Sponsor #256
NCT100002417,Industry,Industry Sponsor #95
NCT100002418,Other,Other Sponsor #49
NCT100002419,Industry,Industry Sponsor #119
NCT100002420,NIH,NIH Sponsor #41
NCT100002421,Industry,Industry Sponsor #337
NCT100002422,Industry,Industry Sponsor #216
NCT100002423,Industry,Industry Sponsor #302
NCT100002424,Other,Other Sponsor #55
NCT100002425,Other,Other Sponsor #172
NCT100002426,Industry,Industry Sponsor #241
NCT100002427,Other,Other Sponsor #261
NCT100002428,Industry,Industry Sponsor #374
NCT100002429,Industry,Industry Sponsor #342
NCT100002430,Industry,Industry Sponsor #211
NCT100002431,Other,Other Sponsor #131
NCT100002432,Industry,Industry Sponsor #130
NCT100002433,NIH,NIH Sponsor #128
NCT100002434,Industry,Industry Sponsor #37
NCT100002435,Industry,Industry Sponsor #108
NCT100002436,Industry,Industry Sponsor #371
NCT100002437,Industry,Industry Sponsor #349
NCT100002438,Industry,Industry Sponsor #97
NCT100002439,Industry,Industry Sponsor #2
NCT100002440,Other,Other Sponsor #235
NCT100002441,Other,Other Sponsor #144
NCT100002442,Other,Other Sponsor #233
NCT100002443,Other,Other Sponsor #245
NCT100002444,Other,Other Sponsor #121
NCT100002445,NIH,NIH Sponsor #75
NCT100002446,Other,Other Sponsor #338
NCT100002447,Industry,Industry Sponsor #55
NCT100002448,Industry,Industry Sponsor #285
NCT100002449,Other,Other Sponsor #2
NCT100002450,Other,Other Sponsor #291
NCT100002451,Industry,Industry Sponsor #392
NCT100002452,Other,Other Sponsor #309
NCT100002453,Industry,Industry Sponsor #126
NCT100002454,Other,Other Sponsor #253
NCT100002455,Industry,Industry Sponsor #71
NCT100002456,Industry,Industry Sponsor #38
NCT100002457,Industry,Industry Sponsor #112
NCT100002458,Other,Other Sponsor #144
NCT100002459,Other,Other Sponsor #48
NCT100002460,Other,Other Sponsor #244
NCT100002461,Other,Other Sponsor #251
NCT100002462,Industry,Industry Sponsor #118
NCT100002463,Other,Other Sponsor #285
NCT100002464,NIH,NIH Sponsor #99
NCT100002465,Industry,Industry Sponsor #108
NCT100002466,Other,Other Sponsor #69
NCT100002467,Other,Other Sponsor #352
NCT100002468,Industry,Industry Sponsor #88
NCT100002469,Other,Other Sponsor #44
NCT100002470,Industry,Industry Sponsor #86
NCT100002471,Other,Other Sponsor #303
NCT100002472,Industry,Industry Sponsor #273
NCT100002473,NIH,NIH Sponsor #143
NCT100002474,Other,Other Sponsor #11
NCT100002475,Industry,Industry Sponsor #298
NCT100002476,Industry,Industry Sponsor #58
NCT100002477,NIH,NIH Sponsor #70
NCT100002478,Industry,Industry Sponsor #26
NCT100002479,Industry,Industry Sponsor #43
NCT100002480,Industry,Industry Sponsor #92
NCT100002481,Industry,Industry Sponsor #113
NCT100002482,Industry,Industry Sponsor #325
NCT100002483,Other,Other Sponsor #173
NCT100002484,Other,Other Sponsor #371
NCT100002485,Other,Other Sponsor #42
NCT100002486,Other,Other Sponsor #276
NCT100002487,Other,Other Sponsor #345
NCT100002488,Other,Other Sponsor #44
NCT100002489,NIH,NIH Sponsor #252
NCT100002490,Other,Other Sponsor #319
NCT100002491,Industry,Industry Sponsor #23
NCT100002492,Other,Other Sponsor #326
NCT100002493,Industry,Industry Sponsor #194
NCT100002494,Other,Other Sponsor #165
NCT100002495,Other,Other Sponsor #193
NCT100002496,Industry,Industry Sponsor #211
NCT100002497,Industry,Industry Sponsor #396
NCT100002498,Industry,Industry Sponsor #63
NCT100002499,NIH,NIH Sponsor #3
NCT100002500,Other,Other Sponsor #243
NCT100002501,Industry,Industry Sponsor #271
NCT100002502,Other,Other Sponsor #205
NCT100002503,Other,Other Sponsor #158
NCT100002504,Other,Other Sponsor #67
NCT100002505,Industry,Industry Sponsor #129
NCT100002506,Industry,Industry Sponsor #200
NCT100002507,Other,Other Sponsor #207
NCT100002508,Industry,Industry Sponsor #374
NCT100002509,Industry,Industry Sponsor #149
NCT100002510,Other,Other Sponsor #375
NCT100002511,Industry,Industry Sponsor #142
NCT100002512,Other,Other Sponsor #353
NCT100002513,Industry,Industry Sponsor #123
NCT100002514,Other,Other Sponsor #270
NCT100002515,Industry,Industry Sponsor #73
NCT100002516,Industry,Industry Sponsor #64
NCT100002517,Industry,Industry Sponsor #348
NCT100002518,Other,Other Sponsor #21
NCT100002519,Other,Other Sponsor #259
NCT100002520,Industry,Industry Sponsor #209
NCT100002521,Industry,Industry Sponsor #16
NCT100002522,Industry,Industry Sponsor #306
NCT100002523,Industry,Industry Sponsor #360
NCT100002524,NIH,NIH Sponsor #213
NCT100002525,Other,Other Sponsor #30
NCT100002526,Industry,Industry Sponsor #396
NCT100002527,Industry,Industry Sponsor #245
NCT100002528,Other,Other Sponsor #88
NCT100002529,Industry,Industry Sponsor #232
NCT100002530,Industry,Industry Sponsor #357
NCT100002531,Industry,Industry Sponsor #188
NCT100002532,Industry,Industry Sponsor #381
NCT100002533,Industry,Industry Sponsor #10
NCT100002534,Industry,Industry Sponsor #312
NCT100002535,Other,Other Sponsor #382
NCT100002536,Industry,Industry Sponsor #27
NCT100002537,NIH,NIH Sponsor #249
NCT100002538,Industry,Industry Sponsor #269
NCT100002539,Industry,Industry Sponsor #271
NCT100002540,Other,Other Sponsor #378
NCT100002541,Industry,Industry Sponsor #371
NCT100002542,Industry,Industry Sponsor #311
NCT100002543,NIH,NIH Sponsor #149
NCT100002544,Other,Other Sponsor #131
NCT100002545,NIH,NIH Sponsor #321
NCT100002546,Industry,Industry Sponsor #152
NCT100002547,Industry,Industry Sponsor #188
NCT100002548,Industry,Industry Sponsor #11
NCT100002549,Other,Other Sponsor #90
NCT100002550,Other,Other Sponsor #400
NCT100002551,NIH,NIH Sponsor #209
NCT100002552,Industry,Industry Sponsor #392
NCT100002553,Industry,Industry Sponsor #288
NCT100002554,Other,Other Sponsor #333
NCT100002555,Other,Other Sponsor #146
NCT100002556,Industry,Industry Sponsor #356
NCT100002557,Industry,Industry Sponsor #76
NCT100002558,Industry,Industry Sponsor #48
NCT100002559,Industry,Industry Sponsor #111
NCT100002560,Industry,Industry Sponsor #75
NCT100002561,Other,Other Sponsor #129
NCT100002562,Industry,Industry Sponsor #160
NCT100002563,Other,Other Sponsor #386
NCT100002564,Industry,Industry Sponsor #200
NCT100002565,Other,Other Sponsor #104
NCT100002566,Industry,Industry Sponsor #14
NCT100002567,Industry,Industry Sponsor #42
NCT100002568,Other,Other Sponsor #209
NCT100002569,Other,Other Sponsor #322
NCT100002570,Industry,Industry Sponsor #254
NCT100002571,Industry,Industry Sponsor #230
NCT100002572,NIH,NIH Sponsor #285
NCT100002573,Other,Other Sponsor #290
NCT100002574,Industry,Industry Sponsor #269
NCT100002575,Industry,Industry Sponsor #46
NCT100002576,Other,Other Sponsor #240
NCT100002577,Industry,Industry Sponsor #85
NCT100002578,Industry,Industry Sponsor #122
NCT100002579,Industry,Industry Sponsor #193
NCT100002580,Other,Other Sponsor #158
NCT100002581,Industry,Industry Sponsor #25
NCT100002582,Industry,Industry Sponsor #221
NCT100002583,Industry,Industry Sponsor #53
NCT100002584,Industry,Industry Sponsor #256
NCT100002585,Other,Other Sponsor #252
NCT100002586,Industry,Industry Sponsor #266
NCT100002587,Other,Other Sponsor #352
NCT100002588,Industry,Industry Sponsor #125
NCT100002589,Other,Other Sponsor #174
NCT100002590,Industry,Industry Sponsor #302
NCT100002591,Other,Other Sponsor #245
NCT100002592,Industry,Industry Sponsor #76
NCT100002593,Industry,Industry Sponsor #338
NCT100002594,Industry,Industry Sponsor #202
NCT100002595,Industry,Industry Sponsor #54
NCT100002596,Industry,Industry Sponsor #90
NCT100002597,NIH,NIH Sponsor #387
NCT100002598,Industry,Industry Sponsor #121
NCT100002599,Other,Other Sponsor #82
NCT100002600,Other,Other Sponsor #355
NCT100002601,NIH,NIH Sponsor #260
NCT100002602,NIH,NIH Sponsor #34
NCT100002603,Industry,Industry Sponsor #385
NCT100002604,Industry,Industry Sponsor #230
NCT100002605,Other,Other Sponsor #316
NCT100002606,Other,Other Sponsor #322
NCT100002607,Industry,Industry Sponsor #320
NCT100002608,Other,Other Sponsor #67
NCT100002609,Other,Other Sponsor #330
NCT100002610,Other,Other Sponsor #122
NCT100002611,Other,Other Sponsor #387
NCT100002612,Industry,Industry Sponsor #144
NCT100002613,Industry,Industry Sponsor #269
NCT100002614,Industry,Industry Sponsor #314
NCT100002615,Industry,Industry Sponsor #295
NCT100002616,Industry,Industry Sponsor #294
NCT100002617,Other,Other Sponsor #96
NCT100002618,Other,Other Sponsor #176
NCT100002619,Other,Other Sponsor #356
NCT100002620,Other,Other Sponsor #259
NCT100002621,Industry,Industry Sponsor #266
NCT100002622,NIH,NIH Sponsor #165
NCT100002623,Industry,Industry Sponsor #62
NCT100002624,Other,Other Sponsor #307
NCT100002625,Other,Other Sponsor #121
NCT100002626,Industry,Industry Sponsor #46
NCT100002627,Other,Other Sponsor #111
NCT100002628,Industry,Industry Sponsor #269
NCT100002629,Industry,Industry Sponsor #318
NCT100002630,Other,Other Sponsor #395
NCT100002631,Industry,Industry Sponsor #63
NCT100002632,NIH,NIH Sponsor #388
NCT100002633,Industry,Industry Sponsor #286
NCT100002634,Industry,Industry Sponsor #398
NCT100002635,Other,Other Sponsor #213
NCT100002636,Industry,Industry Sponsor #253
NCT100002637,Other,Other Sponsor #324
NCT100002638,Industry,Industry Sponsor #365
NCT100002639,Industry,Industry Sponsor #61
NCT100002640,Other,Other Sponsor #22
NCT100002641,Industry,Industry Sponsor #119
NCT100002642,Other,Other Sponsor #60
NCT100002643,Industry,Industry Sponsor #268
NCT100002644,Industry,Industry Sponsor #156
NCT100002645,Industry,Industry Sponsor #367
NCT100002646,Other,Other Sponsor #217
NCT100002647,Industry,Industry Sponsor #383
NCT100002648,Other,Other Sponsor #189
NCT100002649,Other,Other Sponsor #279
NCT100002650,Industry,Industry Sponsor #74
NCT100002651,Industry,Industry Sponsor #47
NCT100002652,Industry,Industry Sponsor #238
NCT100002653,Industry,Industry Sponsor #45
NCT100002654,Industry,Industry Sponsor #383
NCT100002655,Industry,Industry Sponsor #17
NCT100002656,Other,Other Sponsor #380
NCT100002657,Industry,Industry Sponsor #94
NCT100002658,Industry,Industry Sponsor #227
NCT100002659,Other,Other Sponsor #15
NCT100002660,Other,Other Sponsor #110
NCT100002661,Other,Other Sponsor #300
NCT100002662,NIH,NIH Sponsor #86
NCT100002663,Industry,Industry Sponsor #277
NCT100002664,Industry,Industry Sponsor #372
NCT100002665,Industry,Industry Sponsor #11
NCT100002666,NIH,NIH Sponsor #256
NCT100002667,NIH,NIH Sponsor #299
NCT100002668,Industry,Industry Sponsor #170
NCT100002669,Industry,Industry Sponsor #58
NCT100002670,Other,Other Sponsor #266
NCT100002671,Other,Other Sponsor #69
NCT100002672,Industry,Industry Sponsor #136
NCT100002673,Industry,Industry Sponsor #179
NCT100002674,Industry,Industry Sponsor #32
NCT100002675,Other,Other Sponsor #199
NCT100002676,Industry,Industry Sponsor #84
NCT100002677,Other,Other Sponsor #374
NCT100002678,Industry,Industry Sponsor #377
NCT100002679,Industry,Industry Sponsor #213
NCT100002680,Other,Other Sponsor #25
NCT100002681,Industry,Industry Sponsor #359
NCT100002682,NIH,NIH Sponsor #46
NCT100002683,Industry,Industry Sponsor #62
NCT100002684,Industry,Industry Sponsor #271
NCT100002685,Other,Other Sponsor #151
NCT100002686,Industry,Industry Sponsor #92
NCT100002687,Industry,Industry Sponsor #145
NCT100002688,Other,Other Sponsor #321
NCT100002689,NIH,NIH Sponsor #69
NCT100002690,Industry,Industry Sponsor #100
NCT100002691,Other,Other Sponsor #380
NCT100002692,NIH,NIH Sponsor #399
NCT100002693,Industry,Industry Sponsor #73
NCT100002694,Industry,Industry Sponsor #199
NCT100002695,Industry,Industry Sponsor #381
NCT100002696,Other,Other Sponsor #186
NCT100002697,Industry,Industry Sponsor #318
NCT100002698,Other,Other Sponsor #117
NCT100002699,Other,Other Sponsor #164
NCT100002700,Other,Other Sponsor #114
NCT100002701,Industry,Industry Sponsor #208
NCT100002702,Other,Other Sponsor #190
NCT100002703,Industry,Industry Sponsor #127
NCT100002704,Other,Other Sponsor #2
NCT100002705,Industry,Industry Sponsor #63
NCT100002706,Other,Other Sponsor #118
NCT100002707,Other,Other Sponsor #217
NCT100002708,Industry,Industry Sponsor #188
NCT100002709,Other,Other Sponsor #176
NCT100002710,Industry,Industry Sponsor #127
NCT100002711,Other,Other Sponsor #148
NCT100002712,Industry,Industry Sponsor #206
NCT100002713,NIH,NIH Sponsor #273
NCT100002714,Industry,Industry Sponsor #16
NCT100002715,Industry,Industry Sponsor #398
NCT100002716,Other,Other Sponsor #131
NCT100002717,Industry,Industry Sponsor #269
NCT100002718,Industry,Industry Sponsor #137
NCT100002719,Other,Other Sponsor #13
NCT100002720,Industry,Industry Sponsor #130
NCT100002721,Industry,Industry Sponsor #35
NCT100002722,Industry,Industry Sponsor #363
NCT100002723,NIH,NIH Sponsor #302
NCT100002724,Other,Other Sponsor #311
NCT100002725,Other,Other Sponsor #303
NCT100002726,Industry,Industry Sponsor #150
NCT100002727,Industry,Industry Sponsor #26
NCT100002728,Industry,Industry Sponsor #166
NCT100002729,Other,Other Sponsor #305
NCT100002730,Other,Other Sponsor #8
NCT100002731,Industry,Industry Sponsor #339
NCT100002732,Industry,Industry Sponsor #277
NCT100002733,Other,Other Sponsor #338
NCT100002734,Other,Other Sponsor #43
NCT100002735,NIH,NIH Sponsor #400
NCT100002736,Industry,Industry Sponsor #12
NCT100002737,Other,Other Sponsor #261
NCT100002738,Other,Other Sponsor #156
NCT100002739,Industry,Industry Sponsor #183
NCT100002740,Industry,Industry Sponsor #225
NCT100002741,Industry,Industry Sponsor #243
NCT100002742,Industry,Industry Sponsor #289
NCT100002743,Other,Other Sponsor #81
NCT100002744,NIH,NIH Sponsor #308
NCT100002745,Other,Other Sponsor #344
NCT100002746,Industry,Industry Sponsor #133
NCT100002747,Industry,Industry Sponsor #283
NCT100002748,Other,Other Sponsor #286
NCT100002749,Other,Other Sponsor #338
NCT100002750,Industry,Industry Sponsor #216
NCT100002751,Industry,Industry Sponsor #314
NCT100002752,Industry,Industry Sponsor #6
NCT100002753,Industry,Industry Sponsor #183
NCT100002754,Industry,Industry Sponsor #65
NCT100002755,Other,Other Sponsor #205
NCT100002756,Industry,Industry Sponsor #133
NCT100002757,Other,Other Sponsor #295
NCT100002758,Industry,Industry Sponsor #110
NCT100002759,Other,Other Sponsor #84
NCT100002760,Industry,Industry Sponsor #1
NCT100002761,Industry,Industry Sponsor #49
NCT100002762,Industry,Industry Sponsor #385
NCT100002763,NIH,NIH Sponsor #333
NCT100002764,Industry,Industry Sponsor #214
NCT100002765,Other,Other Sponsor #383
NCT100002766,Industry,Industry Sponsor #386
NCT100002767,Other,Other Sponsor #206
NCT100002768,Industry,Industry Sponsor #212
NCT100002769,Other,Other Sponsor #202
NCT100002770,Other,Other Sponsor #128
NCT100002771,Industry,Industry Sponsor #260
NCT100002772,Other,Other Sponsor #302
NCT100002773,Industry,Industry Sponsor #70
NCT100002774,Other,Other Sponsor #127
NCT100002775,Industry,Industry Sponsor #350
NCT100002776,NIH,NIH Sponsor #216
NCT100002777,Other,Other Sponsor #297
NCT100002778,Industry,Industry Sponsor #13
NCT100002779,Industry,Industry Sponsor #298
NCT100002780,Industry,Industry Sponsor #141
NCT100002781,Industry,Industry Sponsor #224
NCT100002782,Other,Other Sponsor #187
NCT100002783,Other,Other Sponsor #158
NCT100002784,Other,Other Sponsor #67
NCT100002785,Industry,Industry Sponsor #67
NCT100002786,Industry,Industry Sponsor #324
NCT100002787,Other,Other Sponsor #346
NCT100002788,Industry,Industry Sponsor #391
NCT100002789,Industry,Industry Sponsor #392
NCT100002790,Industry,Industry Sponsor #364
NCT100002791,Industry,Industry Sponsor #328
NCT100002792,Other,Other Sponsor #56
NCT100002793,Industry,Industry Sponsor #287
NCT100002794,NIH,NIH Sponsor #228
NCT100002795,Other,Other Sponsor #85
NCT100002796,Industry,Industry Sponsor #105
NCT100002797,Other,Other Sponsor #221
NCT100002798,Other,Other Sponsor #237
NCT100002799,Industry,Industry Sponsor #159
NCT100002800,Industry,Industry Sponsor #130
NCT100002801,Other,Other Sponsor #157
NCT100002802,Industry,Industry Sponsor #40
NCT100002803,Other,Other Sponsor #395
NCT100002804,Other,Other Sponsor #44
NCT100002805,Industry,Industry Sponsor #329
NCT100002806,Industry,Industry Sponsor #276
NCT100002807,Other,Other Sponsor #7
NCT100002808,Industry,Industry Sponsor #22
NCT100002809,NIH,NIH Sponsor #118
NCT100002810,Industry,Industry Sponsor #118
NCT100002811,Industry,Industry Sponsor #359
NCT100002812,Other,Other Sponsor #259
NCT100002813,Industry,Industry Sponsor #131
NCT100002814,Industry,Industry Sponsor #108
NCT100002815,NIH,NIH Sponsor #283
NCT100002816,NIH,NIH Sponsor #234
NCT100002817,Other,Other Sponsor #218
NCT100002818,Other,Other Sponsor #157
NCT100002819,Industry,Industry Sponsor #349
NCT100002820,Other,Other Sponsor #307
NCT100002821,Industry,Industry Sponsor #105
NCT100002822,Industry,Industry Sponsor #53
NCT100002823,Other,Other Sponsor #201
NCT100002824,Industry,Industry Sponsor #26
NCT100002825,Industry,Industry Sponsor #8
NCT100002826,Industry,Industry Sponsor #198
NCT100002827,Other,Other Sponsor #324
NCT100002828,Other,Other Sponsor #63
NCT100002829,Industry,Industry Sponsor #48
NCT100002830,Industry,Industry Sponsor #125
NCT100002831,Industry,Industry Sponsor #216
NCT100002832,Industry,Industry Sponsor #302
NCT100002833,Industry,Industry Sponsor #9
NCT100002834,Industry,Industry Sponsor #143
NCT100002835,Industry,Industry Sponsor #24
NCT100002836,Industry,Industry Sponsor #332
NCT100002837,Industry,Industry Sponsor #116
NCT100002838,Industry,Industry Sponsor #303
NCT100002839,Industry,Industry Sponsor #396
NCT100002840,Industry,Industry Sponsor #73
NCT100002841,Industry,Industry Sponsor #236
NCT100002842,NIH,NIH Sponsor #326
NCT100002843,Other,Other Sponsor #315
NCT100002844,NIH,NIH Sponsor #233
NCT100002845,Industry,Industry Sponsor #65
NCT100002846,Other,Other Sponsor #184
NCT100002847,Other,Other Sponsor #8
NCT100002848,Industry,Industry Sponsor #293
NCT100002849,Other,Other Sponsor #262
NCT100002850,Industry,Industry Sponsor #344
NCT100002851,Industry,Industry Sponsor #278
NCT100002852,NIH,NIH Sponsor #71
NCT100002853,NIH,NIH Sponsor #263
NCT100002854,Other,Other Sponsor #136
NCT100002855,Industry,Industry Sponsor #349
NCT100002856,Industry,Industry Sponsor #259
NCT100002857,Other,Other Sponsor #1
NCT100002858,Industry,Industry Sponsor #176
NCT100002859,Industry,Industry Sponsor #241
NCT100002860,Other,Other Sponsor #144
NCT100002861,Other,Other Sponsor #265
NCT100002862,Industry,Industry Sponsor #215
NCT100002863,Other,Other Sponsor #247
NCT100002864,Other,Other Sponsor #31
NCT100002865,Industry,Industry Sponsor #238
NCT100002866,Industry,Industry Sponsor #23
NCT100002867,NIH,NIH Sponsor #17
NCT100002868,Other,Other Sponsor #248
NCT100002869,NIH,NIH Sponsor #365
NCT100002870,Other,Other Sponsor #268
NCT100002871,Industry,Industry Sponsor #177
NCT100002872,Industry,Industry Sponsor #376
NCT100002873,Industry,Industry Sponsor #243
NCT100002874,Industry,Industry Sponsor #372
NCT100002875,Industry,Industry Sponsor #340
NCT100002876,Other,Other Sponsor #373
NCT100002877,Other,Other Sponsor #78
NCT100002878,Industry,Industry Sponsor #20
NCT100002879,Industry,Industry Sponsor #129
NCT100002880,Industry,Industry Sponsor #117
NCT100002881,Industry,Industry Sponsor #172
NCT100002882,Other,Other Sponsor #230
NCT100002883,Industry,Industry Sponsor #94
NCT100002884,Industry,Industry Sponsor #55
NCT100002885,Other,Other Sponsor #120
NCT100002886,Industry,Industry Sponsor #199
NCT100002887,Other,Other Sponsor #228
NCT100002888,Industry,Industry Sponsor #190
NCT100002889,Other,Other Sponsor #342
NCT100002890,Other,Other Sponsor #183
NCT100002891,Industry,Industry Sponsor #26
NCT100002892,Other,Other Sponsor #178
NCT100002893,NIH,NIH Sponsor #145
NCT100002894,Industry,Industry Sponsor #67
NCT100002895,Industry,Industry Sponsor #346
NCT100002896,Other,Other Sponsor #25
NCT100002897,Other,Other Sponsor #156
NCT100002898,NIH,NIH Sponsor #179
NCT100002899,Industry,Industry Sponsor #358
NCT100002900,Other,Other Sponsor #114
NCT100002901,Other,Other Sponsor #192
NCT100002902,Industry,Industry Sponsor #209
NCT100002903,Industry,Industry Sponsor #281
NCT100002904,Industry,Industry Sponsor #399
NCT100002905,Other,Other Sponsor #112
NCT100002906,Other,Other Sponsor #116
NCT100002907,Industry,Industry Sponsor #81
NCT100002908,Other,Other Sponsor #38
NCT100002909,Industry,Industry Sponsor #147
NCT100002910,NIH,NIH Sponsor #339
NCT100002911,Other,Other Sponsor #378
NCT100002912,Other,Other Sponsor #24
NCT100002913,Other,Other Sponsor #212
NCT100002914,Other,Other Sponsor #197
NCT100002915,NIH,NIH Sponsor #348
NCT100002916,Other,Other Sponsor #279
NCT100002917,Industry,Industry Sponsor #304
NCT100002918,Industry,Industry Sponsor #215
NCT100002919,Industry,Industry Sponsor #267
NCT100002920,Industry,Industry Sponsor #306
NCT100002921,Other,Other Sponsor #116
NCT100002922,Industry,Industry Sponsor #51
NCT100002923,Other,Other Sponsor #64
NCT100002924,Other,Other Sponsor #223
NCT100002925,Industry,Industry Sponsor #282
NCT100002926,NIH,NIH Sponsor #241
NCT100002927,Industry,Industry Sponsor #385
NCT100002928,Other,Other Sponsor #111
NCT100002929,Industry,Industry Sponsor #246
NCT100002930,Other,Other Sponsor #337
NCT100002931,Other,Other Sponsor #1
NCT100002932,Industry,Industry Sponsor #118
NCT100002933,Industry,Industry Sponsor #143
NCT100002934,Industry,Industry Sponsor #185
NCT100002935,Other,Other Sponsor #377
NCT100002936,Other,Other Sponsor #366
NCT100002937,Industry,Industry Sponsor #66
NCT100002938,Industry,Industry Sponsor #389
NCT100002939,Other,Other Sponsor #203
NCT100002940,Other,Other Sponsor #226
NCT100002941,NIH,NIH Sponsor #115
NCT100002942,Other,Other Sponsor #46
NCT100002943,Industry,Industry Sponsor #82
NCT100002944,Other,Other Sponsor #127
NCT100002945,Industry,Industry Sponsor #291
NCT100002946,Industry,Industry Sponsor #29
NCT100002947,Other,Other Sponsor #202
NCT100002948,Other,Other Sponsor #44
NCT100002949,Industry,Industry Sponsor #399
NCT100002950,Industry,Industry Sponsor #101
NCT100002951,NIH,NIH Sponsor #155
NCT100002952,Industry,Industry Sponsor #69
NCT100002953,Other,Other Sponsor #211
NCT100002954,Industry,Industry Sponsor #348
NCT100002955,Other,Other Sponsor #253
NCT100002956,Industry,Industry Sponsor #365
NCT100002957,Industry,Industry Sponsor #287
NCT100002958,Other,Other Sponsor #145
NCT100002959,Industry,Industry Sponsor #104
NCT100002960,Other,Other Sponsor #271
NCT100002961,Other,Other Sponsor #240
NCT100002962,Industry,Industry Sponsor #206
NCT100002963,Other,Other Sponsor #172
NCT100002964,Industry,Industry Sponsor #202
NCT100002965,Industry,Industry Sponsor #221
NCT100002966,Industry,Industry Sponsor #12
NCT100002967,Other,Other Sponsor #157
NCT100002968,Industry,Industry Sponsor #191
NCT100002969,Industry,Industry Sponsor #123
NCT100002970,Industry,Industry Sponsor #61
NCT100002971,Other,Other Sponsor #342
NCT100002972,Other,Other Sponsor #60
NCT100002973,Industry,Industry Sponsor #232
NCT100002974,Industry,Industry Sponsor #349
NCT100002975,Industry,Industry Sponsor #86
NCT100002976,Other,Other Sponsor #286
NCT100002977,Other,Other Sponsor #379
NCT100002978,Industry,Industry Sponsor #334
NCT100002979,Industry,Industry Sponsor #332
NCT100002980,Other,Other Sponsor #114
NCT100002981,Industry,Industry Sponsor #97
NCT100002982,Other,Other Sponsor #24
NCT100002983,Industry,Industry Sponsor #189
NCT100002984,Industry,Industry Sponsor #78
NCT100002985,Industry,Industry Sponsor #238
NCT100002986,NIH,NIH Sponsor #294
NCT100002987,Industry,Industry Sponsor #45
NCT100002988,Industry,Industry Sponsor #319
NCT100002989,Industry,Industry Sponsor #14
NCT100002990,Other,Other Sponsor #177
NCT100002991,Industry,Industry Sponsor #338
NCT100002992,Other,Other Sponsor #227
NCT100002993,Industry,Industry Sponsor #1
NCT100002994,Other,Other Sponsor #114
NCT100002995,Industry,Industry Sponsor #18
NCT100002996,NIH,NIH Sponsor #262
NCT100002997,Other,Other Sponsor #82
NCT100002998,Industry,Industry Sponsor #203
NCT100002999,Other,Other Sponsor #324
NCT100003000,Other,Other Sponsor #133
NCT100003001,Other,Other Sponsor #108
NCT100003002,Other,Other Sponsor #325
NCT100003003,Other,Other Sponsor #344
NCT100003004,Other,Other Sponsor #95
NCT100003005,Industry,Industry Sponsor #317
NCT100003006,Other,Other Sponsor #326
NCT100003007,Other,Other Sponsor #140
NCT100003008,Other,Other Sponsor #343
NCT100003009,Other,Other Sponsor #166
NCT100003010,Industry,Industry Sponsor #30
NCT100003011,Industry,Industry Sponsor #243
NCT100003012,Industry,Industry Sponsor #186
NCT100003013,Industry,Industry Sponsor #35
NCT100003014,Industry,Industry Sponsor #393
NCT100003015,NIH,NIH Sponsor #296
NCT100003016,Industry,Industry Sponsor #95
NCT100003017,Industry,Industry Sponsor #82
NCT100003018,Other,Other Sponsor #158
NCT100003019,Other,Other Sponsor #318
NCT100003020,Industry,Industry Sponsor #268
NCT100003021,Industry,Industry Sponsor #41
NCT100003022,Industry,Industry Sponsor #236
NCT100003023,Other,Other Sponsor #122
NCT100003024,Other,Other Sponsor #60
NCT100003025,Industry,Industry Sponsor #372
NCT100003026,Industry,Industry Sponsor #301
NCT100003027,Industry,Industry Sponsor #145
NCT100003028,Industry,Industry Sponsor #26
NCT100003029,Industry,Industry Sponsor #279
NCT100003030,NIH,NIH Sponsor #159
NCT100003031,Industry,Industry Sponsor #354
NCT100003032,Industry,Industry Sponsor #113
NCT100003033,Industry,Industry Sponsor #219
NCT100003034,Other,Other Sponsor #184
NCT100003035,Industry,Industry Sponsor #304
NCT100003036,Industry,Industry Sponsor #83
NCT100003037,Industry,Industry Sponsor #161
NCT100003038,Other,Other Sponsor #179
NCT100003039,Industry,Industry Sponsor #150
NCT100003040,Other,Other Sponsor #63
NCT100003041,Other,Other Sponsor #362
NCT100003042,NIH,NIH Sponsor #210
NCT100003043,Other,Other Sponsor #88
NCT100003044,Industry,Industry Sponsor #371
NCT100003045,Other,Other Sponsor #395
NCT100003046,Industry,Industry Sponsor #390
NCT100003047,Industry,Industry Sponsor #390
NCT100003048,Other,Other Sponsor #147
NCT100003049,Other,Other Sponsor #399
NCT100003050,Industry,Industry Sponsor #156
NCT100003051,NIH,NIH Sponsor #15
NCT100003052,Other,Other Sponsor #237
NCT100003053,Industry,Industry Sponsor #98
NCT100003054,Other,Other Sponsor #285
NCT100003055,Industry,Industry Sponsor #153
NCT100003056,Industry,Industry Sponsor #278
NCT100003057,Industry,Industry Sponsor #209
NCT100003058,Industry,Industry Sponsor #150
NCT100003059,Industry,Industry Sponsor #340
NCT100003060,Other,Other Sponsor #337
NCT100003061,Industry,Industry Sponsor #334
NCT100003062,Industry,Industry Sponsor #26
NCT100003063,Other,Other Sponsor #147
NCT100003064,Industry,Industry Sponsor #164
NCT100003065,Other,Other Sponsor #25
NCT100003066,Industry,Industry Sponsor #93
NCT100003067,Other,Other Sponsor #102
NCT100003068,Other,Other Sponsor #70
NCT100003069,Other,Other Sponsor #6
NCT100003070,Industry,Industry Sponsor #376
NCT100003071,Other,Other Sponsor #219
NCT100003072,Industry,Industry Sponsor #128
NCT100003073,Industry,Industry Sponsor #89
NCT100003074,Industry,Industry Sponsor #139
NCT100003075,Industry,Industry Sponsor #298
NCT100003076,Industry,Industry Sponsor #68
NCT100003077,Other,Other Sponsor #133
NCT100003078,Other,Other Sponsor #244
NCT100003079,Industry,Industry Sponsor #308
NCT100003080,Other,Other Sponsor #226
NCT100003081,Industry,Industry Sponsor #33
NCT100003082,Other,Other Sponsor #353
NCT100003083,Industry,Industry Sponsor #260
NCT100003084,Other,Other Sponsor #394
NCT100003085,Other,Other Sponsor #235
NCT100003086,NIH,NIH Sponsor #381
NCT100003087,Other,Other Sponsor #356
NCT100003088,Industry,Industry Sponsor #318
NCT100003089,Other,Other Sponsor #57
NCT100003090,Other,Other Sponsor #384
NCT100003091,Industry,Industry Sponsor #149
NCT100003092,Industry,Industry Sponsor #134
NCT100003093,Industry,Industry Sponsor #377
NCT100003094,Industry,Industry Sponsor #155
NCT100003095,Other,Other Sponsor #307
NCT100003096,Industry,Industry Sponsor #6
NCT100003097,Other,Other Sponsor #393
NCT100003098,Other,Other Sponsor #204
NCT100003099,Other,Other Sponsor #213
NCT100003100,Industry,Industry Sponsor #88
NCT100003101,Industry,Industry Sponsor #205
NCT100003102,NIH,NIH Sponsor #189
NCT100003103,Industry,Industry Sponsor #394
NCT100003104,Industry,Industry Sponsor #359
NCT100003105,Industry,Industry Sponsor #79
NCT100003106,Other,Other Sponsor #194
NCT100003107,Industry,Industry Sponsor #174
NCT100003108,Industry,Industry Sponsor #21
NCT100003109,Other,Other Sponsor #81
NCT100003110,Industry,Industry Sponsor #89
NCT100003111,Other,Other Sponsor #191
NCT100003112,Industry,Industry Sponsor #153
NCT100003113,Industry,Industry Sponsor #30
NCT100003114,Other,Other Sponsor #22
NCT100003115,Other,Other Sponsor #327
NCT100003116,Industry,Industry Sponsor #199
NCT100003117,Other,Other Sponsor #223
NCT100003118,Industry,Industry Sponsor #224
NCT100003119,Industry,Industry Sponsor #24
NCT100003120,Industry,Industry Sponsor #145
NCT100003121,Other,Other Sponsor #242
NCT100003122,Industry,Industry Sponsor #314
NCT100003123,Industry,Industry Sponsor #57
NCT100003124,Industry,Industry Sponsor #378
NCT100003125,Industry,Industry Sponsor #83
NCT100003126,Industry,Industry Sponsor #165
NCT100003127,Other,Other Sponsor #282
NCT100003128,Other,Other Sponsor #316
NCT100003129,Industry,Industry Sponsor #274
NCT100003130,Other,Other Sponsor #91
NCT100003131,Industry,Industry Sponsor #105
NCT100003132,Other,Other Sponsor #326
NCT100003133,Other,Other Sponsor #91
NCT100003134,NIH,NIH Sponsor #56
NCT100003135,Other,Other Sponsor #103
NCT100003136,Other,Other Sponsor #115
NCT100003137,NIH,NIH Sponsor #271
NCT100003138,Other,Other Sponsor #49
NCT100003139,Industry,Industry Sponsor #276
NCT100003140,Industry,Industry Sponsor #311
NCT100003141,Other,Other Sponsor #181
NCT100003142,Industry,Industry Sponsor #339
NCT100003143,Other,Other Sponsor #201
NCT100003144,Other,Other Sponsor #182
NCT100003145,Industry,Industry Sponsor #260
NCT100003146,Industry,Industry Sponsor #223
NCT100003147,Other,Other Sponsor #312
NCT100003148,Industry,Industry Sponsor #217
NCT100003149,Industry,Industry Sponsor #249
NCT100003150,NIH,NIH Sponsor #349
NCT100003151,NIH,NIH Sponsor #208
NCT100003152,NIH,NIH Sponsor #155
NCT100003153,Other,Other Sponsor #323
NCT100003154,Industry,Industry Sponsor #195
NCT100003155,Industry,Industry Sponsor #310
NCT100003156,Other,Other Sponsor #88
NCT100003157,Industry,Industry Sponsor #204
NCT100003158,Industry,Industry Sponsor #92
NCT100003159,Industry,Industry Sponsor #285
NCT100003160,Other,Other Sponsor #248
NCT100003161,NIH,NIH Sponsor #135
NCT100003162,Other,Other Sponsor #77
NCT100003163,Industry,Industry Sponsor #369
NCT100003164,Other,Other Sponsor #183
NCT100003165,Industry,Industry Sponsor #290
NCT100003166,Other,Other Sponsor #151
NCT100003167,Other,Other Sponsor #10
NCT100003168,Other,Other Sponsor #16
NCT100003169,Other,Other Sponsor #119
NCT100003170,Other,Other Sponsor #305
NCT100003171,Other,Other Sponsor #206
NCT100003172,Industry,Industry Sponsor #399
NCT100003173,NIH,NIH Sponsor #245
NCT100003174,Industry,Industry Sponsor #64
NCT100003175,Other,Other Sponsor #226
NCT100003176,Other,Other Sponsor #148
NCT100003177,NIH,NIH Sponsor #50
NCT100003178,Industry,Industry Sponsor #71
NCT100003179,Industry,Industry Sponsor #306
NCT100003180,Other,Other Sponsor #35
NCT100003181,Industry,Industry Sponsor #396
NCT100003182,NIH,NIH Sponsor #365
NCT100003183,NIH,NIH Sponsor #349
NCT100003184,Industry,Industry Sponsor #251
NCT100003185,Industry,Industry Sponsor #271
NCT100003186,Industry,Industry Sponsor #158
NCT100003187,Other,Other Sponsor #73
NCT100003188,Other,Other Sponsor #237
NCT100003189,Other,Other Sponsor #103
NCT100003190,Industry,Industry Sponsor #274
NCT100003191,Industry,Industry Sponsor #36
NCT100003192,Other,Other Sponsor #20
NCT100003193,Industry,Industry Sponsor #35
NCT100003194,Industry,Industry Sponsor #285
NCT100003195,Industry,Industry Sponsor #355
NCT100003196,Industry,Industry Sponsor #116
NCT100003197,Industry,Industry Sponsor #183
NCT100003198,Industry,Industry Sponsor #45
NCT100003199,NIH,NIH Sponsor #34
NCT100003200,NIH,NIH Sponsor #193
NCT100003201,Industry,Industry Sponsor #295
NCT100003202,Industry,Industry Sponsor #284
NCT100003203,Industry,Industry Sponsor #351
NCT100003204,Industry,Industry Sponsor #268
NCT100003205,Industry,Industry Sponsor #264
NCT100003206,Industry,Industry Sponsor #190
NCT100003207,NIH,NIH Sponsor #65
NCT100003208,Industry,Industry Sponsor #237
NCT100003209,Industry,Industry Sponsor #328
NCT100003210,Other,Other Sponsor #271
NCT100003211,Other,Other Sponsor #106
NCT100003212,Industry,Industry Sponsor #43
NCT100003213,Industry,Industry Sponsor #386
NCT100003214,Industry,Industry Sponsor #252
NCT100003215,Industry,Industry Sponsor #12
NCT100003216,Industry,Industry Sponsor #240
NCT100003217,NIH,NIH Sponsor #217
NCT100003218,Industry,Industry Sponsor #337
NCT100003219,Industry,Industry Sponsor #384
NCT100003220,Other,Other Sponsor #382
NCT100003221,NIH,NIH Sponsor #273
NCT100003222,Industry,Industry Sponsor #162
NCT100003223,Industry,Industry Sponsor #272
NCT100003224,Other,Other Sponsor #22
NCT100003225,Industry,Industry Sponsor #106
NCT100003226,Other,Other Sponsor #106
NCT100003227,Industry,Industry Sponsor #179
NCT100003228,Industry,Industry Sponsor #317
NCT100003229,Industry,Industry Sponsor #385
NCT100003230,Other,Other Sponsor #127
NCT100003231,Other,Other Sponsor #250
NCT100003232,Other,Other Sponsor #149
NCT100003233,Industry,Industry Sponsor #123
NCT100003234,Other,Other Sponsor #216
NCT100003235,Industry,Industry Sponsor #43
NCT100003236,Other,Other Sponsor #40
NCT100003237,Other,Other Sponsor #166
NCT100003238,Other,Other Sponsor #210
NCT100003239,Industry,Industry Sponsor #280
NCT100003240,Industry,Industry Sponsor #215
NCT100003241,Industry,Industry Sponsor #325
NCT100003242,Industry,Industry Sponsor #304
NCT100003243,NIH,NIH Sponsor #23
NCT100003244,Other,Other Sponsor #311
NCT100003245,Industry,Industry Sponsor #143
NCT100003246,Other,Other Sponsor #362
NCT100003247,Other,Other Sponsor #252
NCT100003248,Industry,Industry Sponsor #284
NCT100003249,Other,Other Sponsor #393
NCT100003250,NIH,NIH Sponsor #34
NCT100003251,Industry,Industry Sponsor #263
NCT100003252,Industry,Industry Sponsor #8
NCT100003253,NIH,NIH Sponsor #58
NCT100003254,Other,Other Sponsor #96
NCT100003255,Industry,Industry Sponsor #21
NCT100003256,NIH,NIH Sponsor #183
NCT100003257,Other,Other Sponsor #29
NCT100003258,Industry,Industry Sponsor #82
NCT100003259,Other,Other Sponsor #248
NCT100003260,Other,Other Sponsor #142
NCT100003261,Other,Other Sponsor #78
NCT100003262,Industry,Industry Sponsor #254
NCT100003263,Industry,Industry Sponsor #331
NCT100003264,Industry,Industry Sponsor #19
NCT100003265,Industry,Industry Sponsor #26
NCT100003266,Industry,Industry Sponsor #29
NCT100003267,Other,Other Sponsor #213
NCT100003268,Industry,Industry Sponsor #16
NCT100003269,Industry,Industry Sponsor #254
NCT100003270,NIH,NIH Sponsor #237
NCT100003271,Other,Other Sponsor #232
NCT100003272,Industry,Industry Sponsor #22
NCT100003273,Industry,Industry Sponsor #13
NCT100003274,Other,Other Sponsor #209
NCT100003275,Industry,Industry Sponsor #36
NCT100003276,Industry,Industry Sponsor #75
NCT100003277,Other,Other Sponsor #185
NCT100003278,Industry,Industry Sponsor #301
NCT100003279,Other,Other Sponsor #374
NCT100003280,Other,Other Sponsor #243
NCT100003281,Industry,Industry Sponsor #181
NCT100003282,Industry,Industry Sponsor #239
NCT100003283,Other,Other Sponsor #177
NCT100003284,Industry,Industry Sponsor #55
NCT100003285,Other,Other Sponsor #47
NCT100003286,Industry,Industry Sponsor #147
NCT100003287,NIH,NIH Sponsor #264
NCT100003288,Other,Other Sponsor #257
NCT100003289,Industry,Industry Sponsor #225
NCT100003290,Industry,Industry Sponsor #150
NCT100003291,Industry,Industry Sponsor #293
NCT100003292,Other,Other Sponsor #102
NCT100003293,Industry,Industry Sponsor #21
NCT100003294,Other,Other Sponsor #141
NCT100003295,Industry,Industry Sponsor #86
NCT100003296,Other,Other Sponsor #184
NCT100003297,Industry,Industry Sponsor #193
NCT100003298,Other,Other Sponsor #304
NCT100003299,Industry,Industry Sponsor #291
NCT100003300,Industry,Industry Sponsor #48
NCT100003301,Industry,Industry Sponsor #234
NCT100003302,NIH,NIH Sponsor #367
NCT100003303,Other,Other Sponsor #43
NCT100003304,Industry,Industry Sponsor #12
NCT100003305,Industry,Industry Sponsor #50
NCT100003306,Industry,Industry Sponsor #163
NCT100003307,Industry,Industry Sponsor #257
NCT100003308,Industry,Industry Sponsor #97
NCT100003309,Industry,Industry Sponsor #212
NCT100003310,Other,Other Sponsor #129
NCT100003311,Industry,Industry Sponsor #28
NCT100003312,Other,Other Sponsor #72
NCT100003313,Industry,Industry Sponsor #114
NCT100003314,Industry,Industry Sponsor #201
NCT100003315,Other,Other Sponsor #353
NCT100003316,Other,Other Sponsor #99
NCT100003317,Industry,Industry Sponsor #9
NCT100003318,Industry,Industry Sponsor #72
NCT100003319,Industry,Industry Sponsor #36
NCT100003320,Industry,Industry Sponsor #204
NCT100003321,NIH,NIH Sponsor #136
NCT100003322,Industry,Industry Sponsor #74
NCT100003323,Other,Other Sponsor #103
NCT100003324,Industry,Industry Sponsor #136
NCT100003325,Industry,Industry Sponsor #396
NCT100003326,Industry,Industry Sponsor #336
NCT100003327,Industry,Industry Sponsor #325
NCT100003328,Industry,Industry Sponsor #188
NCT100003329,Industry,Industry Sponsor #133
NCT100003330,Industry,Industry Sponsor #274
NCT100003331,Other,Other Sponsor #235
NCT100003332,Industry,Industry Sponsor #215
NCT100003333,Other,Other Sponsor #67
NCT100003334,Other,Other Sponsor #210
NCT100003335,Industry,Industry Sponsor #243
NCT100003336,NIH,NIH Sponsor #186
NCT100003337,Industry,Industry Sponsor #257
NCT100003338,Industry,Industry Sponsor #140
NCT100003339,Industry,Industry Sponsor #194
NCT100003340,Industry,Industry Sponsor #130
NCT100003341,NIH,NIH Sponsor #205
NCT100003342,Industry,Industry Sponsor #344
NCT100003343,Industry,Industry Sponsor #128
NCT100003344,Industry,Industry Sponsor #148
NCT100003345,Other,Other Sponsor #142
NCT100003346,Other,Other Sponsor #397
NCT100003347,Other,Other Sponsor #83
NCT100003348,Other,Other Sponsor #372
NCT100003349,Industry,Industry Sponsor #381
NCT100003350,Industry,Industry Sponsor #259
NCT100003351,Industry,Industry Sponsor #54
NCT100003352,Other,Other Sponsor #26
NCT100003353,Industry,Industry Sponsor #244
NCT100003354,Industry,Industry Sponsor #239
NCT100003355,Other,Other Sponsor #388
NCT100003356,Other,Other Sponsor #316
NCT100003357,Other,Other Sponsor #326
NCT100003358,Industry,Industry Sponsor #62
NCT100003359,Industry,Industry Sponsor #62
NCT100003360,Other,Other Sponsor #268
NCT100003361,NIH,NIH Sponsor #117
NCT100003362,Industry,Industry Sponsor #57
NCT100003363,Industry,Industry Sponsor #389
NCT100003364,Industry,Industry Sponsor #102
NCT100003365,Other,Other Sponsor #55
NCT100003366,Industry,Industry Sponsor #367
NCT100003367,Other,Other Sponsor #87
NCT100003368,Industry,Industry Sponsor #96
NCT100003369,Industry,Industry Sponsor #309
NCT100003370,Industry,Industry Sponsor #242
NCT100003371,Industry,Industry Sponsor #354
NCT100003372,Other,Other Sponsor #384
NCT100003373,Industry,Industry Sponsor #153
NCT100003374,Other,Other Sponsor #187
NCT100003375,Other,Other Sponsor #109
NCT100003376,NIH,NIH Sponsor #150
NCT100003377,Industry,Industry Sponsor #218
NCT100003378,Industry,Industry Sponsor #189
NCT100003379,Other,Other Sponsor #358
NCT100003380,Other,Other Sponsor #169
NCT100003381,Industry,Industry Sponsor #61
NCT100003382,Other,Other Sponsor #259
NCT100003383,Industry,Industry Sponsor #283
NCT100003384,Other,Other Sponsor #253
NCT100003385,NIH,NIH Sponsor #255
NCT100003386,Industry,Industry Sponsor #328
NCT100003387,Industry,Industry Sponsor #79
NCT100003388,Other,Other Sponsor #396
NCT100003389,Industry,Industry Sponsor #53
NCT100003390,Industry,Industry Sponsor #197
NCT100003391,Other,Other Sponsor #371
NCT100003392,Industry,Industry Sponsor #9
NCT100003393,Other,Other Sponsor #167
NCT100003394,NIH,NIH Sponsor #395
NCT100003395,Other,Other Sponsor #265
NCT100003396,Industry,Industry Sponsor #335
NCT100003397,Industry,Industry Sponsor #106
NCT100003398,Other,Other Sponsor #65
NCT100003399,Industry,Industry Sponsor #27
NCT100003400,Industry,Industry Sponsor #202
NCT100003401,Other,Other Sponsor #399
NCT100003402,Industry,Industry Sponsor #310
NCT100003403,Other,Other Sponsor #168
NCT100003404,Industry,Industry Sponsor #99
NCT100003405,Other,Other Sponsor #238
NCT100003406,Industry,Industry Sponsor #301
NCT100003407,Industry,Industry Sponsor #93
NCT100003408,Industry,Industry Sponsor #93
NCT100003409,Other,Other Sponsor #55
NCT100003410,Industry,Industry Sponsor #252
NCT100003411,Industry,Industry Sponsor #279
NCT100003412,NIH,NIH Sponsor #120
NCT100003413,Other,Other Sponsor #5
NCT100003414,Other,Other Sponsor #292
NCT100003415,Other,Other Sponsor #204
NCT100003416,Industry,Industry Sponsor #231
NCT100003417,Other,Other Sponsor #100
NCT100003418,Other,Other Sponsor #150
NCT100003419,Other,Other Sponsor #144
NCT100003420,Other,Other Sponsor #289
NCT100003421,Industry,Industry Sponsor #277
NCT100003422,Industry,Industry Sponsor #134
NCT100003423,NIH,NIH Sponsor #167
NCT100003424,NIH,NIH Sponsor #359
NCT100003425,Other,Other Sponsor #294
NCT100003426,Other,Other Sponsor #396
NCT100003427,Other,Other Sponsor #232
NCT100003428,Industry,Industry Sponsor #330
NCT100003429,Industry,Industry Sponsor #301
NCT100003430,Industry,Industry Sponsor #155
NCT100003431,Other,Other Sponsor #12
NCT100003432,Other,Other Sponsor #88
NCT100003433,Industry,Industry Sponsor #154
NCT100003434,Industry,Industry Sponsor #300
NCT100003435,Industry,Industry Sponsor #4
NCT100003436,Other,Other Sponsor #170
NCT100003437,Other,Other Sponsor #173
NCT100003438,Industry,Industry Sponsor #284
NCT100003439,Other,Other Sponsor #84
NCT100003440,Industry,Industry Sponsor #4
NCT100003441,Other,Other Sponsor #119
NCT100003442,Industry,Industry Sponsor #30
NCT100003443,Industry,Industry Sponsor #314
NCT100003444,Industry,Industry Sponsor #102
NCT100003445,Industry,Industry Sponsor #8
NCT100003446,Industry,Industry Sponsor #105
NCT100003447,Industry,Industry Sponsor #52
NCT100003448,Industry,Industry Sponsor #141
NCT100003449,Industry,Industry Sponsor #129
NCT100003450,Other,Other Sponsor #230
NCT100003451,NIH,NIH Sponsor #273
NCT100003452,Industry,Industry Sponsor #182
NCT100003453,Industry,Industry Sponsor #396
NCT100003454,Industry,Industry Sponsor #26
NCT100003455,NIH,NIH Sponsor #134
NCT100003456,Other,Other Sponsor #79
NCT100003457,Industry,Industry Sponsor #165
NCT100003458,Other,Other Sponsor #155
NCT100003459,Industry,Industry Sponsor #295
NCT100003460,Other,Other Sponsor #286
NCT100003461,NIH,NIH Sponsor #175
NCT100003462,Other,Other Sponsor #267
NCT100003463,Industry,Industry Sponsor #99
NCT100003464,Industry,Industry Sponsor #245
NCT100003465,Industry,Industry Sponsor #65
NCT100003466,Industry,Industry Sponsor #164
NCT100003467,NIH,NIH Sponsor #180
NCT100003468,Industry,Industry Sponsor #326
NCT100003469,NIH,NIH Sponsor #390
NCT100003470,Industry,Industry Sponsor #84
NCT100003471,NIH,NIH Sponsor #6
NCT100003472,Other,Other Sponsor #69
NCT100003473,Other,Other Sponsor #27
NCT100003474,Industry,Industry Sponsor #21
NCT100003475,Industry,Industry Sponsor #295
NCT100003476,Industry,Industry Sponsor #83
NCT100003477,Other,Other Sponsor #3
NCT100003478,Industry,Industry Sponsor #20
NCT100003479,Other,Other Sponsor #29
NCT100003480,Industry,Industry Sponsor #270
NCT100003481,Industry,Industry Sponsor #103
NCT100003482,Industry,Industry Sponsor #115
NCT100003483,Industry,Industry Sponsor #317
NCT100003484,Industry,Industry Sponsor #367
NCT100003485,Other,Other Sponsor #384
NCT100003486,Other,Other Sponsor #186
NCT100003487,Other,Other Sponsor #355
NCT100003488,Industry,Industry Sponsor #143
NCT100003489,Industry,Industry Sponsor #226
NCT100003490,Industry,Industry Sponsor #97
NCT100003491,Industry,Industry Sponsor #228
NCT100003492,Industry,Industry Sponsor #177
NCT100003493,Industry,Industry Sponsor #131
NCT100003494,Other,Other Sponsor #190
NCT100003495,NIH,NIH Sponsor #240
NCT100003496,Other,Other Sponsor #7
NCT100003497,Industry,Industry Sponsor #247
NCT100003498,Other,Other Sponsor #400
NCT100003499,Industry,Industry Sponsor #245
NCT100003500,Industry,Industry Sponsor #332
NCT100003501,Industry,Industry Sponsor #135
NCT100003502,Other,Other Sponsor #386
NCT100003503,Industry,Industry Sponsor #240
NCT100003504,Industry,Industry Sponsor #35
NCT100003505,Industry,Industry Sponsor #265
NCT100003506,Industry,Industry Sponsor #357
NCT100003507,Industry,Industry Sponsor #358
NCT100003508,Industry,Industry Sponsor #211
NCT100003509,Industry,Industry Sponsor #228
NCT100003510,Industry,Industry Sponsor #248
NCT100003511,Industry,Industry Sponsor #62
NCT100003512,Industry,Industry Sponsor #244
NCT100003513,Industry,Industry Sponsor #221
NCT100003514,Other,Other Sponsor #24
NCT100003515,Industry,Industry Sponsor #87
NCT100003516,Other,Other Sponsor #162
NCT100003517,Other,Other Sponsor #72
NCT100003518,Other,Other Sponsor #359
NCT100003519,Industry,Industry Sponsor #106
NCT100003520,Industry,Industry Sponsor #347
NCT100003521,Other,Other Sponsor #393
NCT100003522,NIH,NIH Sponsor #82
NCT100003523,Other,Other Sponsor #394
NCT100003524,Industry,Industry Sponsor #4
NCT100003525,Industry,Industry Sponsor #81
NCT100003526,Other,Other Sponsor #45
NCT100003527,Other,Other Sponsor #10
NCT100003528,NIH,NIH Sponsor #14
NCT100003529,Other,Other Sponsor #2
NCT100003530,Other,Other Sponsor #288
NCT100003531,Other,Other Sponsor #380
NCT100003532,Industry,Industry Sponsor #3
NCT100003533,Industry,Industry Sponsor #59
NCT100003534,Other,Other Sponsor #27
NCT100003535,NIH,NIH Sponsor #73
NCT100003536,Other,Other Sponsor #59
NCT100003537,Industry,Industry Sponsor #229
NCT100003538,Industry,Industry Sponsor #34
NCT100003539,Industry,Industry Sponsor #282
NCT100003540,Other,Other Sponsor #16
NCT100003541,Industry,Industry Sponsor #174
NCT100003542,Industry,Industry Sponsor #304
NCT100003543,Industry,Industry Sponsor #201
NCT100003544,Industry,Industry Sponsor #320
NCT100003545,Other,Other Sponsor #216
NCT100003546,Industry,Industry Sponsor #196
NCT100003547,Industry,Industry Sponsor #249
NCT100003548,Other,Other Sponsor #337
NCT100003549,Industry,Industry Sponsor #10
NCT100003550,Industry,Industry Sponsor #94
NCT100003551,Industry,Industry Sponsor #361
NCT100003552,Other,Other Sponsor #387
NCT100003553,Other,Other Sponsor #158
NCT100003554,Other,Other Sponsor #386
NCT100003555,Other,Other Sponsor #143
NCT100003556,Industry,Industry Sponsor #262
NCT100003557,Other,Other Sponsor #256
NCT100003558,Other,Other Sponsor #102
NCT100003559,Other,Other Sponsor #320
NCT100003560,NIH,NIH Sponsor #249
NCT100003561,Industry,Industry Sponsor #95
NCT100003562,Industry,Industry Sponsor #204
NCT100003563,NIH,NIH Sponsor #97
NCT100003564,Other,Other Sponsor #80
NCT100003565,Other,Other Sponsor #165
NCT100003566,Industry,Industry Sponsor #313
NCT100003567,Industry,Industry Sponsor #89
NCT100003568,Other,Other Sponsor #103
NCT100003569,Industry,Industry Sponsor #3
NCT100003570,Other,Other Sponsor #205
NCT100003571,Other,Other Sponsor #157
NCT100003572,Other,Other Sponsor #112
NCT100003573,Other,Other Sponsor #78
NCT100003574,NIH,NIH Sponsor #168
NCT100003575,Other,Other Sponsor #70
NCT100003576,Other,Other Sponsor #29
NCT100003577,Industry,Industry Sponsor #249
NCT100003578,Other,Other Sponsor #292
NCT100003579,Industry,Industry Sponsor #243
NCT100003580,Industry,Industry Sponsor #270
NCT100003581,Industry,Industry Sponsor #376
NCT100003582,Other,Other Sponsor #132
NCT100003583,Other,Other Sponsor #247
NCT100003584,Industry,Industry Sponsor #101
NCT100003585,Industry,Industry Sponsor #45
NCT100003586,Industry,Industry Sponsor #299
NCT100003587,Industry,Industry Sponsor #236
NCT100003588,Other,Other Sponsor #159
NCT100003589,NIH,NIH Sponsor #253
NCT100003590,Industry,Industry Sponsor #397
NCT100003591,Other,Other Sponsor #241
NCT100003592,NIH,NIH Sponsor #323
NCT100003593,Other,Other Sponsor #356
NCT100003594,NIH,NIH Sponsor #181
NCT100003595,Other,Other Sponsor #182
NCT100003596,Other,Other Sponsor #49
NCT100003597,Other,Other Sponsor #343
NCT100003598,Other,Other Sponsor #252
NCT100003599,NIH,NIH Sponsor #7
NCT100003600,Industry,Industry Sponsor #390
NCT100003601,Industry,Industry Sponsor #349
NCT100003602,Industry,Industry Sponsor #375
NCT100003603,Other,Other Sponsor #351
NCT100003604,Industry,Industry Sponsor #312
NCT100003605,Industry,Industry Sponsor #105
NCT100003606,Industry,Industry Sponsor #240
NCT100003607,Industry,Industry Sponsor #394
NCT100003608,Other,Other Sponsor #22
NCT100003609,Other,Other Sponsor #315
NCT100003610,Industry,Industry Sponsor #75
NCT100003611,Industry,Industry Sponsor #288
NCT100003612,Industry,Industry Sponsor #58
NCT100003613,Other,Other Sponsor #345
NCT100003614,Other,Other Sponsor #244
NCT100003615,Industry,Industry Sponsor #358
NCT100003616,Other,Other Sponsor #385
NCT100003617,Other,Other Sponsor #374
NCT100003618,Other,Other Sponsor #209
NCT100003619,Industry,Industry Sponsor #193
NCT100003620,Industry,Industry Sponsor #155
NCT100003621,NIH,NIH Sponsor #111
NCT100003622,Other,Other Sponsor #22
NCT100003623,Industry,Industry Sponsor #375
NCT100003624,Industry,Industry Sponsor #320
NCT100003625,Industry,Industry Sponsor #61
NCT100003626,Industry,Industry Sponsor #174
NCT100003627,Industry,Industry Sponsor #240
NCT100003628,NIH,NIH Sponsor #201
NCT100003629,Industry,Industry Sponsor #238
NCT100003630,Other,Other Sponsor #140
NCT100003631,Other,Other Sponsor #145
NCT100003632,Industry,Industry Sponsor #288
NCT100003633,Industry,Industry Sponsor #109
NCT100003634,Industry,Industry Sponsor #86
NCT100003635,Industry,Industry Sponsor #162
NCT100003636,Other,Other Sponsor #216
NCT100003637,Industry,Industry Sponsor #328
NCT100003638,Industry,Industry Sponsor #181
NCT100003639,Industry,Industry Sponsor #102
NCT100003640,Other,Other Sponsor #217
NCT100003641,Industry,Industry Sponsor #293
NCT100003642,Industry,Industry Sponsor #303
NCT100003643,Industry,Industry Sponsor #136
NCT100003644,Other,Other Sponsor #240
NCT100003645,Industry,Industry Sponsor #41
NCT100003646,Industry,Industry Sponsor #154
NCT100003647,Industry,Industry Sponsor #284
NCT100003648,Industry,Industry Sponsor #287
NCT100003649,Industry,Industry Sponsor #396
NCT100003650,Other,Other Sponsor #375
NCT100003651,Industry,Industry Sponsor #289
NCT100003652,Industry,Industry Sponsor #98
NCT100003653,Other,Other Sponsor #208
NCT100003654,NIH,NIH Sponsor #123
NCT100003655,Other,Other Sponsor #133
NCT100003656,Other,Other Sponsor #115
NCT100003657,Industry,Industry Sponsor #295
NCT100003658,NIH,NIH Sponsor #90
NCT100003659,Other,Other Sponsor #37
NCT100003660,Industry,Industry Sponsor #170
NCT100003661,Other,Other Sponsor #200
NCT100003662,NIH,NIH Sponsor #36
NCT100003663,Industry,Industry Sponsor #146
NCT100003664,Industry,Industry Sponsor #399
NCT100003665,Industry,Industry Sponsor #39
NCT100003666,Industry,Industry Sponsor #153
NCT100003667,NIH,NIH Sponsor #194
NCT100003668,Industry,Industry Sponsor #323
NCT100003669,Other,Other Sponsor #28
NCT100003670,Other,Other Sponsor #243
NCT100003671,Industry,Industry Sponsor #292
NCT100003672,Industry,Industry Sponsor #261
NCT100003673,Other,Other Sponsor #374
NCT100003674,Industry,Industry Sponsor #301
NCT100003675,Other,Other Sponsor #293
NCT100003676,Other,Other Sponsor #40
NCT100003677,NIH,NIH Sponsor #162
NCT100003678,Other,Other Sponsor #214
NCT100003679,Industry,Industry Sponsor #303
NCT100003680,Industry,Industry Sponsor #300
NCT100003681,Other,Other Sponsor #148
NCT100003682,Industry,Industry Sponsor #94
NCT100003683,Industry,Industry Sponsor #272
NCT100003684,Other,Other Sponsor #83
NCT100003685,Other,Other Sponsor #263
NCT100003686,Industry,Industry Sponsor #330
NCT100003687,Other,Other Sponsor #149
NCT100003688,Other,Other Sponsor #103
NCT100003689,Industry,Industry Sponsor #295
NCT100003690,Other,Other Sponsor #220
NCT100003691,Other,Other Sponsor #348
NCT100003692,Other,Other Sponsor #104
NCT100003693,Industry,Industry Sponsor #73
NCT100003694,Industry,Industry Sponsor #183
NCT100003695,Industry,Industry Sponsor #268
NCT100003696,Industry,Industry Sponsor #89
NCT100003697,Industry,Industry Sponsor #229
NCT100003698,Other,Other Sponsor #30
NCT100003699,Industry,Industry Sponsor #90
NCT100003700,Industry,Industry Sponsor #152
NCT100003701,Industry,Industry Sponsor #219
NCT100003702,Other,Other Sponsor #374
NCT100003703,Industry,Industry Sponsor #319
NCT100003704,Industry,Industry Sponsor #32
NCT100003705,Industry,Industry Sponsor #115
NCT100003706,Industry,Industry Sponsor #138
NCT100003707,Other,Other Sponsor #244
NCT100003708,Industry,Industry Sponsor #79
NCT100003709,Industry,Industry Sponsor #7
NCT100003710,Industry,Industry Sponsor #385
NCT100003711,Industry,Industry Sponsor #328
NCT100003712,Industry,Industry Sponsor #322
NCT100003713,Industry,Industry Sponsor #316
NCT100003714,Other,Other Sponsor #120
NCT100003715,Industry,Industry Sponsor #9
NCT100003716,Industry,Industry Sponsor #226
NCT100003717,Industry,Industry Sponsor #59
NCT100003718,Other,Other Sponsor #352
NCT100003719,Industry,Industry Sponsor #67
NCT100003720,Other,Other Sponsor #142
NCT100003721,Other,Other Sponsor #220
NCT100003722,Industry,Industry Sponsor #144
NCT100003723,Industry,Industry Sponsor #51
NCT100003724,Industry,Industry Sponsor #303
NCT100003725,Other,Other Sponsor #392
NCT100003726,Industry,Industry Sponsor #196
NCT100003727,Other,Other Sponsor #12
NCT100003728,Industry,Industry Sponsor #61
NCT100003729,Industry,Industry Sponsor #88
NCT100003730,Other,Other Sponsor #220
NCT100003731,Other,Other Sponsor #230
NCT100003732,Industry,Industry Sponsor #166
NCT100003733,Industry,Industry Sponsor #269
NCT100003734,Other,Other Sponsor #384
NCT100003735,NIH,NIH Sponsor #309
NCT100003736,Industry,Industry Sponsor #365
NCT100003737,Industry,Industry Sponsor #263
NCT100003738,Other,Other Sponsor #351
NCT100003739,NIH,NIH Sponsor #93
NCT100003740,Other,Other Sponsor #281
NCT100003741,NIH,NIH Sponsor #268
NCT100003742,Other,Other Sponsor #251
NCT100003743,Other,Other Sponsor #19
NCT100003744,Industry,Industry Sponsor #302
NCT100003745,Other,Other Sponsor #362
NCT100003746,NIH,NIH Sponsor #24
NCT100003747,Industry,Industry Sponsor #315
NCT100003748,Other,Other Sponsor #98
NCT100003749,Industry,Industry Sponsor #52
NCT100003750,Industry,Industry Sponsor #394
NCT100003751,Other,Other Sponsor #317
NCT100003752,Other,Other Sponsor #160
NCT100003753,Industry,Industry Sponsor #33
NCT100003754,Other,Other Sponsor #386
NCT100003755,Other,Other Sponsor #102
NCT100003756,Other,Other Sponsor #398
NCT100003757,NIH,NIH Sponsor #231
NCT100003758,Industry,Industry Sponsor #155
NCT100003759,Industry,Industry Sponsor #243
NCT100003760,Other,Other Sponsor #396
NCT100003761,Other,Other Sponsor #112
NCT100003762,Industry,Industry Sponsor #61
NCT100003763,Other,Other Sponsor #361
NCT100003764,Industry,Industry Sponsor #381
NCT100003765,Other,Other Sponsor #189
NCT100003766,Industry,Industry Sponsor #378
NCT100003767,Other,Other Sponsor #299
NCT100003768,Industry,Industry Sponsor #150
NCT100003769,Other,Other Sponsor #324
NCT100003770,Industry,Industry Sponsor #138
NCT100003771,Industry,Industry Sponsor #83
NCT100003772,Industry,Industry Sponsor #331
NCT100003773,Other,Other Sponsor #342
NCT100003774,Industry,Industry Sponsor #356
NCT100003775,Other,Other Sponsor #369
NCT100003776,Other,Other Sponsor #104
NCT100003777,Other,Other Sponsor #384
NCT100003778,Other,Other Sponsor #97
NCT100003779,NIH,NIH Sponsor #213
NCT100003780,Other,Other Sponsor #124
NCT100003781,Other,Other Sponsor #349
NCT100003782,Industry,Industry Sponsor #107
NCT100003783,Industry,Industry Sponsor #380
NCT100003784,NIH,NIH Sponsor #326
NCT100003785,Industry,Industry Sponsor #109
NCT100003786,Industry,Industry Sponsor #185
NCT100003787,Other,Other Sponsor #57
NCT100003788,Industry,Industry Sponsor #291
NCT100003789,Other,Other Sponsor #325
NCT100003790,Other,Other Sponsor #225
NCT100003791,Industry,Industry Sponsor #111
NCT100003792,Other,Other Sponsor #33
NCT100003793,Other,Other Sponsor #282
NCT100003794,Other,Other Sponsor #1
NCT100003795,Industry,Industry Sponsor #142
NCT100003796,Industry,Industry Sponsor #102
NCT100003797,Other,Other Sponsor #270
NCT100003798,Industry,Industry Sponsor #353
NCT100003799,Industry,Industry Sponsor #334
NCT100003800,Industry,Industry Sponsor #192
NCT100003801,Other,Other Sponsor #125
NCT100003802,Industry,Industry Sponsor #129
NCT100003803,Industry,Industry Sponsor #8
NCT100003804,Industry,Industry Sponsor #344
NCT100003805,Industry,Industry Sponsor #233
NCT100003806,Industry,Industry Sponsor #297
NCT100003807,Industry,Industry Sponsor #101
NCT100003808,Industry,Industry Sponsor #258
NCT100003809,Other,Other Sponsor #357
NCT100003810,Industry,Industry Sponsor #49
NCT100003811,Industry,Industry Sponsor #162
NCT100003812,NIH,NIH Sponsor #206
NCT100003813,Other,Other Sponsor #70
NCT100003814,Industry,Industry Sponsor #301
NCT100003815,Industry,Industry Sponsor #49
NCT100003816,Industry,Industry Sponsor #108
NCT100003817,Other,Other Sponsor #265
NCT100003818,Industry,Industry Sponsor #131
NCT100003819,Industry,Industry Sponsor #96
NCT100003820,Industry,Industry Sponsor #3
NCT100003821,Industry,Industry Sponsor #382
NCT100003822,Industry,Industry Sponsor #326
NCT100003823,NIH,NIH Sponsor #91
NCT100003824,Other,Other Sponsor #91
NCT100003825,Industry,Industry Sponsor #200
NCT100003826,Other,Other Sponsor #54
NCT100003827,Industry,Industry Sponsor #190
NCT100003828,Other,Other Sponsor #202
NCT100003829,Industry,Industry Sponsor #358
NCT100003830,Other,Other Sponsor #174
NCT100003831,Other,Other Sponsor #199
NCT100003832,Industry,Industry Sponsor #81
NCT100003833,Industry,Industry Sponsor #139
NCT100003834,Industry,Industry Sponsor #127
NCT100003835,Industry,Industry Sponsor #152
NCT100003836,NIH,NIH Sponsor #389
NCT100003837,Industry,Industry Sponsor #257
NCT100003838,Industry,Industry Sponsor #237
NCT100003839,Other,Other Sponsor #195
NCT100003840,Other,Other Sponsor #141
NCT100003841,Other,Other Sponsor #10
NCT100003842,Industry,Industry Sponsor #68
NCT100003843,Industry,Industry Sponsor #204
NCT100003844,Other,Other Sponsor #325
NCT100003845,Industry,Industry Sponsor #98
NCT100003846,Other,Other Sponsor #302
NCT100003847,Other,Other Sponsor #341
NCT100003848,Industry,Industry Sponsor #368
NCT100003849,Industry,Industry Sponsor #14
NCT100003850,Industry,Industry Sponsor #17
NCT100003851,Industry,Industry Sponsor #15
NCT100003852,Industry,Industry Sponsor #390
NCT100003853,Other,Other Sponsor #341
NCT100003854,Industry,Industry Sponsor #274
NCT100003855,Industry,Industry Sponsor #46
NCT100003856,Industry,Industry Sponsor #129
NCT100003857,Industry,Industry Sponsor #303
NCT100003858,Industry,Industry Sponsor #83
NCT100003859,Other,Other Sponsor #214
NCT100003860,Industry,Industry Sponsor #21
NCT100003861,Other,Other Sponsor #257
NCT100003862,Other,Other Sponsor #108
NCT100003863,Other,Other Sponsor #344
NCT100003864,Other,Other Sponsor #41
NCT100003865,Other,Other Sponsor #254
NCT100003866,Industry,Industry Sponsor #9
NCT100003867,Other,Other Sponsor #336
NCT100003868,Other,Other Sponsor #324
NCT100003869,Other,Other Sponsor #312
NCT100003870,Industry,Industry Sponsor #151
NCT100003871,Other,Other Sponsor #327
NCT100003872,Other,Other Sponsor #296
NCT100003873,Industry,Industry Sponsor #364
NCT100003874,Industry,Industry Sponsor #222
NCT100003875,Industry,Industry Sponsor #86
NCT100003876,Industry,Industry Sponsor #145
NCT100003877,Industry,Industry Sponsor #361
NCT100003878,Industry,Industry Sponsor #145
NCT100003879,Industry,Industry Sponsor #303
NCT100003880,Other,Other Sponsor #188
NCT100003881,Industry,Industry Sponsor #230
NCT100003882,Industry,Industry Sponsor #186
NCT100003883,Other,Other Sponsor #340
NCT100003884,Other,Other Sponsor #114
NCT100003885,Other,Other Sponsor #93
NCT100003886,Other,Other Sponsor #2
NCT100003887,Other,Other Sponsor #389
NCT100003888,Industry,Industry Sponsor #99
NCT100003889,Other,Other Sponsor #72
NCT100003890,Industry,Industry Sponsor #7
NCT100003891,Industry,Industry Sponsor #311
NCT100003892,Industry,Industry Sponsor #385
NCT100003893,Industry,Industry Sponsor #53
NCT100003894,Other,Other Sponsor #161
NCT100003895,Industry,Industry Sponsor #304
NCT100003896,Industry,Industry Sponsor #359
NCT100003897,NIH,NIH Sponsor #124
NCT100003898,Industry,Industry Sponsor #53
NCT100003899,NIH,NIH Sponsor #65
NCT100003900,Industry,Industry Sponsor #210
NCT100003901,Industry,Industry Sponsor #346
NCT100003902,Industry,Industry Sponsor #255
NCT100003903,NIH,NIH Sponsor #75
NCT100003904,Other,Other Sponsor #123
NCT100003905,Other,Other Sponsor #177
NCT100003906,Industry,Industry Sponsor #96
NCT100003907,NIH,NIH Sponsor #327
NCT100003908,Industry,Industry Sponsor #279
NCT100003909,Industry,Industry Sponsor #236
NCT100003910,Industry,Industry Sponsor #43
NCT100003911,Industry,Industry Sponsor #340
NCT100003912,NIH,NIH Sponsor #113
NCT100003913,Other,Other Sponsor #83
NCT100003914,Industry,Industry Sponsor #93
NCT100003915,Other,Other Sponsor #73
NCT100003916,Other,Other Sponsor #233
NCT100003917,Industry,Industry Sponsor #204
NCT100003918,Industry,Industry Sponsor #300
NCT100003919,Industry,Industry Sponsor #85
NCT100003920,Other,Other Sponsor #74
NCT100003921,Other,Other Sponsor #165
NCT100003922,Industry,Industry Sponsor #72
NCT100003923,Other,Other Sponsor #227
NCT100003924,Industry,Industry Sponsor #68
NCT100003925,Industry,Industry Sponsor #62
NCT100003926,Other,Other Sponsor #108
NCT100003927,Other,Other Sponsor #385
NCT100003928,Industry,Industry Sponsor #24
NCT100003929,Industry,Industry Sponsor #344
NCT100003930,Other,Other Sponsor #317
NCT100003931,NIH,NIH Sponsor #331
NCT100003932,Industry,Industry Sponsor #95
NCT100003933,Industry,Industry Sponsor #182
NCT100003934,Other,Other Sponsor #117
NCT100003935,Other,Other Sponsor #120
NCT100003936,Industry,Industry Sponsor #274
NCT100003937,Industry,Industry Sponsor #126
NCT100003938,Other,Other Sponsor #347
NCT100003939,Other,Other Sponsor #216
NCT100003940,Other,Other Sponsor #389
NCT100003941,NIH,NIH Sponsor #359
NCT100003942,Other,Other Sponsor #320
NCT100003943,Other,Other Sponsor #321
NCT100003944,Other,Other Sponsor #219
NCT100003945,Industry,Industry Sponsor #277
NCT100003946,Industry,Industry Sponsor #265
NCT100003947,Other,Other Sponsor #147
NCT100003948,Industry,Industry Sponsor #126
NCT100003949,Industry,Industry Sponsor #290
NCT100003950,Industry,Industry Sponsor #338
NCT100003951,Industry,Industry Sponsor #275
NCT100003952,Industry,Industry Sponsor #212
NCT100003953,Industry,Industry Sponsor #269
NCT100003954,Industry,Industry Sponsor #199
NCT100003955,Industry,Industry Sponsor #113
NCT100003956,Industry,Industry Sponsor #162
NCT100003957,Industry,Industry Sponsor #385
NCT100003958,Industry,Industry Sponsor #151
NCT100003959,Other,Other Sponsor #363
NCT100003960,Industry,Industry Sponsor #3
NCT100003961,Industry,Industry Sponsor #57
NCT100003962,Other,Other Sponsor #214
NCT100003963,Other,Other Sponsor #300
NCT100003964,Industry,Industry Sponsor #155
NCT100003965,Industry,Industry Sponsor #150
NCT100003966,Other,Other Sponsor #343
NCT100003967,Other,Other Sponsor #238
NCT100003968,Industry,Industry Sponsor #27
NCT100003969,NIH,NIH Sponsor #150
NCT100003970,Industry,Industry Sponsor #80
NCT100003971,Other,Other Sponsor #205
NCT100003972,Industry,Industry Sponsor #72
NCT100003973,Industry,Industry Sponsor #78
NCT100003974,Other,Other Sponsor #258
NCT100003975,Other,Other Sponsor #386
NCT100003976,Industry,Industry Sponsor #261
NCT100003977,Industry,Industry Sponsor #44
NCT100003978,Other,Other Sponsor #147
NCT100003979,Other,Other Sponsor #144
NCT100003980,Industry,Industry Sponsor #190
NCT100003981,Industry,Industry Sponsor #1
NCT100003982,Industry,Industry Sponsor #272
NCT100003983,Industry,Industry Sponsor #261
NCT100003984,Other,Other Sponsor #32
NCT100003985,Industry,Industry Sponsor #39
NCT100003986,Other,Other Sponsor #331
NCT100003987,Industry,Industry Sponsor #22
NCT100003988,Industry,Industry Sponsor #145
NCT100003989,Industry,Industry Sponsor #47
NCT100003990,Other,Other Sponsor #208
NCT100003991,Industry,Industry Sponsor #224
NCT100003992,Industry,Industry Sponsor #265
NCT100003993,Industry,Industry Sponsor #377
NCT100003994,Industry,Industry Sponsor #369
NCT100003995,Other,Other Sponsor #98
NCT100003996,Industry,Industry Sponsor #362
NCT100003997,Other,Other Sponsor #297
NCT100003998,Industry,Industry Sponsor #49
NCT100003999,Industry,Industry Sponsor #277
NCT100004000,NIH,NIH Sponsor #398
NCT100004001,Industry,Industry Sponsor #237
NCT100004002,NIH,NIH Sponsor #131
NCT100004003,Other,Other Sponsor #65
NCT100004004,Other,Other Sponsor #279
NCT100004005,Industry,Industry Sponsor #242
NCT100004006,Other,Other Sponsor #367
NCT100004007,Other,Other Sponsor #60
NCT100004008,Industry,Industry Sponsor #247
NCT100004009,NIH,NIH Sponsor #43
NCT100004010,Other,Other Sponsor #100
NCT100004011,Other,Other Sponsor #179
NCT100004012,Industry,Industry Sponsor #365
NCT100004013,Industry,Industry Sponsor #180
NCT100004014,Industry,Industry Sponsor #349
NCT100004015,Other,Other Sponsor #315
NCT100004016,Other,Other Sponsor #346
NCT100004017,Industry,Industry Sponsor #356
NCT100004018,Other,Other Sponsor #320
NCT100004019,Industry,Industry Sponsor #216
NCT100004020,Other,Other Sponsor #43
NCT100004021,Industry,Industry Sponsor #78
NCT100004022,Industry,Industry Sponsor #293
NCT100004023,NIH,NIH Sponsor #105
NCT100004024,Other,Other Sponsor #46
NCT100004025,Industry,Industry Sponsor #130
NCT100004026,Other,Other Sponsor #146
NCT100004027,Industry,Industry Sponsor #254
NCT100004028,Other,Other Sponsor #202
NCT100004029,NIH,NIH Sponsor #369
NCT100004030,Industry,Industry Sponsor #377
NCT100004031,Other,Other Sponsor #342
NCT100004032,Industry,Industry Sponsor #144
NCT100004033,Industry,Industry Sponsor #104
NCT100004034,Industry,Industry Sponsor #112
NCT100004035,Industry,Industry Sponsor #370
NCT100004036,NIH,NIH Sponsor #284
NCT100004037,Other,Other Sponsor #273
NCT100004038,Other,Other Sponsor #279
NCT100004039,Industry,Industry Sponsor #26
NCT100004040,Industry,Industry Sponsor #88
NCT100004041,Other,Other Sponsor #71
NCT100004042,Other,Other Sponsor #293
NCT100004043,Other,Other Sponsor #2
NCT100004044,Other,Other Sponsor #179
NCT100004045,NIH,NIH Sponsor #104
NCT100004046,Industry,Industry Sponsor #64
NCT100004047,Industry,Industry Sponsor #183
NCT100004048,Industry,Industry Sponsor #51
NCT100004049,Other,Other Sponsor #278
NCT100004050,Industry,Industry Sponsor #341
NCT100004051,Industry,Industry Sponsor #328
NCT100004052,Industry,Industry Sponsor #223
NCT100004053,Other,Other Sponsor #330
NCT100004054,Industry,Industry Sponsor #329
NCT100004055,NIH,NIH Sponsor #163
NCT100004056,Industry,Industry Sponsor #239
NCT100004057,Other,Other Sponsor #13
NCT100004058,Industry,Industry Sponsor #13
NCT100004059,Other,Other Sponsor #396
NCT100004060,NIH,NIH Sponsor #36
NCT100004061,Industry,Industry Sponsor #273
NCT100004062,Industry,Industry Sponsor #29
NCT100004063,NIH,NIH Sponsor #305
NCT100004064,NIH,NIH Sponsor #179
NCT100004065,Other,Other Sponsor #10
NCT100004066,Industry,Industry Sponsor #201
NCT100004067,NIH,NIH Sponsor #206
NCT100004068,Industry,Industry Sponsor #97
NCT100004069,Other,Other Sponsor #87
NCT100004070,Industry,Industry Sponsor #134
NCT100004071,Other,Other Sponsor #187
NCT100004072,Other,Other Sponsor #354
NCT100004073,Other,Other Sponsor #189
NCT100004074,Industry,Industry Sponsor #107
NCT100004075,Industry,Industry Sponsor #371
NCT100004076,Other,Other Sponsor #340
NCT100004077,Other,Other Sponsor #102
NCT100004078,Other,Other Sponsor #220
NCT100004079,Other,Other Sponsor #266
NCT100004080,Other,Other Sponsor #187
NCT100004081,Other,Other Sponsor #82
NCT100004082,Other,Other Sponsor #125
NCT100004083,Industry,Industry Sponsor #371
NCT100004084,Other,Other Sponsor #273
NCT100004085,Other,Other Sponsor #101
NCT100004086,NIH,NIH Sponsor #229
NCT100004087,Other,Other Sponsor #139
NCT100004088,Other,Other Sponsor #71
NCT100004089,Industry,Industry Sponsor #357
NCT100004090,Industry,Industry Sponsor #160
NCT100004091,Industry,Industry Sponsor #136
NCT100004092,Other,Other Sponsor #170
NCT100004093,Industry,Industry Sponsor #15
NCT100004094,Industry,Industry Sponsor #136
NCT100004095,Industry,Industry Sponsor #342
NCT100004096,Industry,Industry Sponsor #284
NCT100004097,Other,Other Sponsor #388
NCT100004098,Other,Other Sponsor #300
NCT100004099,Other,Other Sponsor #177
NCT100004100,Other,Other Sponsor #214
NCT100004101,Industry,Industry Sponsor #127
NCT100004102,Other,Other Sponsor #342
NCT100004103,Industry,Industry Sponsor #383
NCT100004104,Industry,Industry Sponsor #15
NCT100004105,Other,Other Sponsor #201
NCT100004106,Industry,Industry Sponsor #43
NCT100004107,Other,Other Sponsor #307
NCT100004108,Industry,Industry Sponsor #172
NCT100004109,Other,Other Sponsor #65
NCT100004110,Industry,Industry Sponsor #390
NCT100004111,Industry,Industry Sponsor #20
NCT100004112,Industry,Industry Sponsor #78
NCT100004113,Industry,Industry Sponsor #24
NCT100004114,Other,Other Sponsor #131
NCT100004115,Industry,Industry Sponsor #311
NCT100004116,Industry,Industry Sponsor #133
NCT100004117,Other,Other Sponsor #128
NCT100004118,Other,Other Sponsor #20
NCT100004119,Industry,Industry Sponsor #165
NCT100004120,Industry,Industry Sponsor #240
NCT100004121,Other,Other Sponsor #83
NCT100004122,NIH,NIH Sponsor #375
NCT100004123,Industry,Industry Sponsor #282
NCT100004124,Other,Other Sponsor #348
NCT100004125,Industry,Industry Sponsor #264
NCT100004126,Industry,Industry Sponsor #380
NCT100004127,Industry,Industry Sponsor #27
NCT100004128,Other,Other Sponsor #267
NCT100004129,Industry,Industry Sponsor #159
NCT100004130,Industry,Industry Sponsor #204
NCT100004131,NIH,NIH Sponsor #106
NCT100004132,Industry,Industry Sponsor #365
NCT100004133,Industry,Industry Sponsor #125
NCT100004134,Industry,Industry Sponsor #52
NCT100004135,Industry,Industry Sponsor #77
NCT100004136,Industry,Industry Sponsor #121
NCT100004137,Other,Other Sponsor #386
NCT100004138,Other,Other Sponsor #5
NCT100004139,Other,Other Sponsor #360
NCT100004140,NIH,NIH Sponsor #262
NCT100004141,Industry,Industry Sponsor #22
NCT100004142,Other,Other Sponsor #26
NCT100004143,Industry,Industry Sponsor #15
NCT100004144,Industry,Industry Sponsor #191
NCT100004145,NIH,NIH Sponsor #136
NCT100004146,Industry,Industry Sponsor #73
NCT100004147,Industry,Industry Sponsor #220
NCT100004148,Other,Other Sponsor #353
NCT100004149,Industry,Industry Sponsor #300
NCT100004150,Industry,Industry Sponsor #398
NCT100004151,Industry,Industry Sponsor #235
NCT100004152,Industry,Industry Sponsor #24
NCT100004153,Other,Other Sponsor #148
NCT100004154,Industry,Industry Sponsor #254
NCT100004155,Other,Other Sponsor #235
NCT100004156,Industry,Industry Sponsor #192
NCT100004157,NIH,NIH Sponsor #378
NCT100004158,Industry,Industry Sponsor #161
NCT100004159,Industry,Industry Sponsor #12
NCT100004160,Other,Other Sponsor #143
NCT100004161,Other,Other Sponsor #374
NCT100004162,NIH,NIH Sponsor #75
NCT100004163,Industry,Industry Sponsor #197
NCT100004164,Industry,Industry Sponsor #194
NCT100004165,Industry,Industry Sponsor #263
NCT100004166,Industry,Industry Sponsor #59
NCT100004167,Other,Other Sponsor #246
NCT100004168,Other,Other Sponsor #267
NCT100004169,NIH,NIH Sponsor #308
NCT100004170,Industry,Industry Sponsor #57
NCT100004171,Other,Other Sponsor #378
NCT100004172,Industry,Industry Sponsor #5
NCT100004173,Other,Other Sponsor #362
NCT100004174,Industry,Industry Sponsor #87
NCT100004175,Industry,Industry Sponsor #386
NCT100004176,NIH,NIH Sponsor #288
NCT100004177,Other,Other Sponsor #354
NCT100004178,Industry,Industry Sponsor #358
NCT100004179,Industry,Industry Sponsor #253
NCT100004180,Industry,Industry Sponsor #100
NCT100004181,Industry,Industry Sponsor #270
NCT100004182,Other,Other Sponsor #309
NCT100004183,NIH,NIH Sponsor #191
NCT100004184,Industry,Industry Sponsor #121
NCT100004185,Industry,Industry Sponsor #143
NCT100004186,Other,Other Sponsor #55
NCT100004187,NIH,NIH Sponsor #166
NCT100004188,Other,Other Sponsor #131
NCT100004189,Industry,Industry Sponsor #94
NCT100004190,Industry,Industry Sponsor #307
NCT100004191,Industry,Industry Sponsor #129
NCT100004192,Industry,Industry Sponsor #125
NCT100004193,Industry,Industry Sponsor #397
NCT100004194,Industry,Industry Sponsor #297
NCT100004195,Other,Other Sponsor #384
NCT100004196,Other,Other Sponsor #169
NCT100004197,Industry,Industry Sponsor #111
NCT100004198,Industry,Industry Sponsor #246
NCT100004199,Industry,Industry Sponsor #88
NCT100004200,Industry,Industry Sponsor #370
NCT100004201,Other,Other Sponsor #121
NCT100004202,Industry,Industry Sponsor #333
NCT100004203,Other,Other Sponsor #139
NCT100004204,Industry,Industry Sponsor #387
NCT100004205,Industry,Industry Sponsor #47
NCT100004206,Industry,Industry Sponsor #141
NCT100004207,Industry,Industry Sponsor #318
NCT100004208,Industry,Industry Sponsor #326
NCT100004209,Other,Other Sponsor #261
NCT100004210,Other,Other Sponsor #330
NCT100004211,Industry,Industry Sponsor #304
NCT100004212,Other,Other Sponsor #340
NCT100004213,Industry,Industry Sponsor #48
NCT100004214,Other,Other Sponsor #387
NCT100004215,Other,Other Sponsor #157
NCT100004216,Industry,Industry Sponsor #263
NCT100004217,Other,Other Sponsor #276
NCT100004218,Industry,Industry Sponsor #378
NCT100004219,Industry,Industry Sponsor #223
NCT100004220,Industry,Industry Sponsor #197
NCT100004221,Industry,Industry Sponsor #12
NCT100004222,Other,Other Sponsor #268
NCT100004223,Other,Other Sponsor #5
NCT100004224,NIH,NIH Sponsor #146
NCT100004225,Other,Other Sponsor #169
NCT100004226,Industry,Industry Sponsor #20
NCT100004227,NIH,NIH Sponsor #109
NCT100004228,Industry,Industry Sponsor #276
NCT100004229,Other,Other Sponsor #329
NCT100004230,Industry,Industry Sponsor #226
NCT100004231,Industry,Industry Sponsor #367
NCT100004232,Other,Other Sponsor #373
NCT100004233,Other,Other Sponsor #11
NCT100004234,Industry,Industry Sponsor #350
NCT100004235,Other,Other Sponsor #328
NCT100004236,Other,Other Sponsor #166
NCT100004237,Industry,Industry Sponsor #118
NCT100004238,Other,Other Sponsor #136
NCT100004239,Other,Other Sponsor #170
NCT100004240,Other,Other Sponsor #350
NCT100004241,Other,Other Sponsor #89
NCT100004242,Industry,Industry Sponsor #388
NCT100004243,Other,Other Sponsor #287
NCT100004244,Industry,Industry Sponsor #44
NCT100004245,Industry,Industry Sponsor #194
NCT100004246,Industry,Industry Sponsor #189
NCT100004247,Industry,Industry Sponsor #25
NCT100004248,Industry,Industry Sponsor #217
NCT100004249,Industry,Industry Sponsor #207
NCT100004250,Other,Other Sponsor #54
NCT100004251,Industry,Industry Sponsor #46
NCT100004252,Industry,Industry Sponsor #229
NCT100004253,Other,Other Sponsor #212
NCT100004254,Industry,Industry Sponsor #22
NCT100004255,NIH,NIH Sponsor #136
NCT100004256,Other,Other Sponsor #258
NCT100004257,Industry,Industry Sponsor #130
NCT100004258,Industry,Industry Sponsor #145
NCT100004259,Other,Other Sponsor #182
NCT100004260,Industry,Industry Sponsor #163
NCT100004261,NIH,NIH Sponsor #330
NCT100004262,Other,Other Sponsor #183
NCT100004263,Other,Other Sponsor #269
NCT100004264,Other,Other Sponsor #347
NCT100004265,Industry,Industry Sponsor #344
NCT100004266,Other,Other Sponsor #41
NCT100004267,NIH,NIH Sponsor #186
NCT100004268,Other,Other Sponsor #303
NCT100004269,Industry,Industry Sponsor #258
NCT100004270,Industry,Industry Sponsor #160
NCT100004271,Industry,Industry Sponsor #332
NCT100004272,Industry,Industry Sponsor #299
NCT100004273,Industry,Industry Sponsor #380
NCT100004274,Industry,Industry Sponsor #192
NCT100004275,Other,Other Sponsor #355
NCT100004276,Industry,Industry Sponsor #147
NCT100004277,Other,Other Sponsor #217
NCT100004278,Industry,Industry Sponsor #46
NCT100004279,Industry,Industry Sponsor #125
NCT100004280,Industry,Industry Sponsor #257
NCT100004281,Other,Other Sponsor #2
NCT100004282,Industry,Industry Sponsor #383
NCT100004283,Industry,Industry Sponsor #183
NCT100004284,Other,Other Sponsor #155
NCT100004285,Other,Other Sponsor #346
NCT100004286,Industry,Industry Sponsor #215
NCT100004287,Other,Other Sponsor #398
NCT100004288,Industry,Industry Sponsor #176
NCT100004289,Industry,Industry Sponsor #347
NCT100004290,NIH,NIH Sponsor #185
NCT100004291,Other,Other Sponsor #276
NCT100004292,Industry,Industry Sponsor #293
NCT100004293,Other,Other Sponsor #34
NCT100004294,Other,Other Sponsor #89
NCT100004295,NIH,NIH Sponsor #238
NCT100004296,Other,Other Sponsor #33
NCT100004297,Industry,Industry Sponsor #45
NCT100004298,Industry,Industry Sponsor #329
NCT100004299,Other,Other Sponsor #20
NCT100004300,Industry,Industry Sponsor #344
NCT100004301,Industry,Industry Sponsor #161
NCT100004302,Other,Other Sponsor #157
NCT100004303,NIH,NIH Sponsor #306
NCT100004304,NIH,NIH Sponsor #137
NCT100004305,Other,Other Sponsor #376
NCT100004306,Other,Other Sponsor #329
NCT100004307,Industry,Industry Sponsor #360
NCT100004308,Industry,Industry Sponsor #208
NCT100004309,Other,Other Sponsor #43
NCT100004310,Industry,Industry Sponsor #196
NCT100004311,Industry,Industry Sponsor #139
NCT100004312,Industry,Industry Sponsor #72
NCT100004313,Industry,Industry Sponsor #26
NCT100004314,Other,Other Sponsor #137
NCT100004315,Industry,Industry Sponsor #285
NCT100004316,Industry,Industry Sponsor #96
NCT100004317,Other,Other Sponsor #76
NCT100004318,Industry,Industry Sponsor #89
NCT100004319,Other,Other Sponsor #245
NCT100004320,NIH,NIH Sponsor #368
NCT100004321,Other,Other Sponsor #300
NCT100004322,Other,Other Sponsor #49
NCT100004323,Industry,Industry Sponsor #272
NCT100004324,Other,Other Sponsor #357
NCT100004325,Other,Other Sponsor #332
NCT100004326,Industry,Industry Sponsor #51
NCT100004327,Other,Other Sponsor #302
NCT100004328,Industry,Industry Sponsor #8
NCT100004329,Industry,Industry Sponsor #132
NCT100004330,Other,Other Sponsor #287
NCT100004331,Industry,Industry Sponsor #63
NCT100004332,Other,Other Sponsor #226
NCT100004333,Other,Other Sponsor #210
NCT100004334,Industry,Industry Sponsor #337
NCT100004335,Industry,Industry Sponsor #265
NCT100004336,Industry,Industry Sponsor #195
NCT100004337,Industry,Industry Sponsor #340
NCT100004338,Industry,Industry Sponsor #368
NCT100004339,Industry,Industry Sponsor #126
NCT100004340,Industry,Industry Sponsor #275
NCT100004341,Other,Other Sponsor #313
NCT100004342,Other,Other Sponsor #295
NCT100004343,Industry,Industry Sponsor #326
NCT100004344,Industry,Industry Sponsor #169
NCT100004345,Other,Other Sponsor #276
NCT100004346,Industry,Industry Sponsor #270
NCT100004347,Industry,Industry Sponsor #384
NCT100004348,Industry,Industry Sponsor #209
NCT100004349,Industry,Industry Sponsor #160
NCT100004350,NIH,NIH Sponsor #370
NCT100004351,Industry,Industry Sponsor #95
NCT100004352,Industry,Industry Sponsor #389
NCT100004353,Industry,Industry Sponsor #75
NCT100004354,Other,Other Sponsor #396
NCT100004355,NIH,NIH Sponsor #267
NCT100004356,Other,Other Sponsor #18
NCT100004357,Industry,Industry Sponsor #171
NCT100004358,Other,Other Sponsor #383
NCT100004359,Industry,Industry Sponsor #177
NCT100004360,Industry,Industry Sponsor #249
NCT100004361,Industry,Industry Sponsor #106
NCT100004362,Industry,Industry Sponsor #79
NCT100004363,Other,Other Sponsor #257
NCT100004364,Industry,Industry Sponsor #183
NCT100004365,Other,Other Sponsor #164
NCT100004366,Industry,Industry Sponsor #112
NCT100004367,Industry,Industry Sponsor #2
NCT100004368,Industry,Industry Sponsor #176
NCT100004369,Other,Other Sponsor #34
NCT100004370,Industry,Industry Sponsor #142
NCT100004371,Industry,Industry Sponsor #52
NCT100004372,Industry,Industry Sponsor #390
NCT100004373,Industry,Industry Sponsor #223
NCT100004374,Industry,Industry Sponsor #167
NCT100004375,Other,Other Sponsor #157
NCT100004376,Other,Other Sponsor #211
NCT100004377,Other,Other Sponsor #314
NCT100004378,Other,Other Sponsor #58
NCT100004379,Industry,Industry Sponsor #340
NCT100004380,Other,Other Sponsor #118
NCT100004381,Industry,Industry Sponsor #135
NCT100004382,Other,Other Sponsor #257
NCT100004383,Industry,Industry Sponsor #375
NCT100004384,Industry,Industry Sponsor #240
NCT100004385,Other,Other Sponsor #191
NCT100004386,Other,Other Sponsor #177
NCT100004387,Industry,Industry Sponsor #51
NCT100004388,Other,Other Sponsor #135
NCT100004389,Industry,Industry Sponsor #336
NCT100004390,Industry,Industry Sponsor #206
NCT100004391,Other,Other Sponsor #251
NCT100004392,Industry,Industry Sponsor #175
NCT100004393,Industry,Industry Sponsor #19
NCT100004394,Other,Other Sponsor #40
NCT100004395,Other,Other Sponsor #54
NCT100004396,Industry,Industry Sponsor #139
NCT100004397,Other,Other Sponsor #271
NCT100004398,Other,Other Sponsor #187
NCT100004399,Other,Other Sponsor #218
NCT100004400,Industry,Industry Sponsor #123
NCT100004401,NIH,NIH Sponsor #30
NCT100004402,Industry,Industry Sponsor #110
NCT100004403,Other,Other Sponsor #39
NCT100004404,Other,Other Sponsor #253
NCT100004405,Other,Other Sponsor #161
NCT100004406,Other,Other Sponsor #356
NCT100004407,Other,Other Sponsor #342
NCT100004408,Other,Other Sponsor #187
NCT100004409,Industry,Industry Sponsor #263
NCT100004410,Other,Other Sponsor #374
NCT100004411,Other,Other Sponsor #73
NCT100004412,NIH,NIH Sponsor #65
NCT100004413,Other,Other Sponsor #82
NCT100004414,Other,Other Sponsor #76
NCT100004415,Other,Other Sponsor #136
NCT100004416,Other,Other Sponsor #352
NCT100004417,Industry,Industry Sponsor #396
NCT100004418,Other,Other Sponsor #10
NCT100004419,Other,Other Sponsor #52
NCT100004420,Other,Other Sponsor #400
NCT100004421,Other,Other Sponsor #344
NCT100004422,Industry,Industry Sponsor #102
NCT100004423,Other,Other Sponsor #227
NCT100004424,Industry,Industry Sponsor #247
NCT100004425,Industry,Industry Sponsor #6
NCT100004426,Industry,Industry Sponsor #74
NCT100004427,Other,Other Sponsor #34
NCT100004428,Industry,Industry Sponsor #265
NCT100004429,Industry,Industry Sponsor #295
NCT100004430,Other,Other Sponsor #153
NCT100004431,Industry,Industry Sponsor #314
NCT100004432,Other,Other Sponsor #312
NCT100004433,NIH,NIH Sponsor #369
NCT100004434,Industry,Industry Sponsor #59
NCT100004435,Industry,Industry Sponsor #192
NCT100004436,Other,Other Sponsor #201
NCT100004437,Industry,Industry Sponsor #127
NCT100004438,Industry,Industry Sponsor #175
NCT100004439,Industry,Industry Sponsor #388
NCT100004440,Other,Other Sponsor #73
NCT100004441,Other,Other Sponsor #388
NCT100004442,Other,Other Sponsor #3
NCT100004443,Other,Other Sponsor #246
NCT100004444,Industry,Industry Sponsor #177
NCT100004445,Industry,Industry Sponsor #392
NCT100004446,Industry,Industry Sponsor #263
NCT100004447,Industry,Industry Sponsor #309
NCT100004448,Industry,Industry Sponsor #14
NCT100004449,Industry,Industry Sponsor #294
NCT100004450,Other,Other Sponsor #169
NCT100004451,Other,Other Sponsor #324
NCT100004452,Industry,Industry Sponsor #60
NCT100004453,Other,Other Sponsor #32
NCT100004454,Industry,Industry Sponsor #366
NCT100004455,Industry,Industry Sponsor #117
NCT100004456,Industry,Industry Sponsor #372
NCT100004457,Industry,Industry Sponsor #60
NCT100004458,Industry,Industry Sponsor #156
NCT100004459,Industry,Industry Sponsor #199
NCT100004460,Industry,Industry Sponsor #305
NCT100004461,Other,Other Sponsor #245
NCT100004462,Industry,Industry Sponsor #295
NCT100004463,Industry,Industry Sponsor #180
NCT100004464,NIH,NIH Sponsor #86
NCT100004465,Industry,Industry Sponsor #349
NCT100004466,NIH,NIH Sponsor #351
NCT100004467,Industry,Industry Sponsor #371
NCT100004468,Other,Other Sponsor #209
NCT100004469,Industry,Industry Sponsor #18
NCT100004470,Industry,Industry Sponsor #21
NCT100004471,Other,Other Sponsor #115
NCT100004472,Other,Other Sponsor #228
NCT100004473,Industry,Industry Sponsor #184
NCT100004474,Industry,Industry Sponsor #17
NCT100004475,Industry,Industry Sponsor #398
NCT100004476,NIH,NIH Sponsor #144
NCT100004477,Other,Other Sponsor #194
NCT100004478,Other,Other Sponsor #314
NCT100004479,Industry,Industry Sponsor #166
NCT100004480,Industry,Industry Sponsor #367
NCT100004481,Industry,Industry Sponsor #285
NCT100004482,Other,Other Sponsor #60
NCT100004483,Industry,Industry Sponsor #74
NCT100004484,Other,Other Sponsor #155
NCT100004485,Other,Other Sponsor #282
NCT100004486,Industry,Industry Sponsor #118
NCT100004487,Other,Other Sponsor #18
NCT100004488,Industry,Industry Sponsor #304
NCT100004489,NIH,NIH Sponsor #82
NCT100004490,Other,Other Sponsor #81
NCT100004491,Industry,Industry Sponsor #243
NCT100004492,Industry,Industry Sponsor #390
NCT100004493,Industry,Industry Sponsor #41
NCT100004494,Industry,Industry Sponsor #11
NCT100004495,Other,Other Sponsor #371
NCT100004496,Industry,Industry Sponsor #272
NCT100004497,Other,Other Sponsor #138
NCT100004498,Industry,Industry Sponsor #400
NCT100004499,Other,Other Sponsor #142
NCT100004500,Other,Other Sponsor #274
NCT100004501,Other,Other Sponsor #294
NCT100004502,Other,Other Sponsor #274
NCT100004503,Industry,Industry Sponsor #229
NCT100004504,Industry,Industry Sponsor #273
NCT100004505,Industry,Industry Sponsor #23
NCT100004506,Other,Other Sponsor #343
NCT100004507,Industry,Industry Sponsor #62
NCT100004508,Industry,Industry Sponsor #361
NCT100004509,Industry,Industry Sponsor #332
NCT100004510,Industry,Industry Sponsor #176
NCT100004511,Other,Other Sponsor #109
NCT100004512,Industry,Industry Sponsor #239
NCT100004513,Other,Other Sponsor #159
NCT100004514,NIH,NIH Sponsor #67
NCT100004515,Industry,Industry Sponsor #92
NCT100004516,Other,Other Sponsor #373
NCT100004517,Industry,Industry Sponsor #385
NCT100004518,Industry,Industry Sponsor #156
NCT100004519,NIH,NIH Sponsor #186
NCT100004520,Other,Other Sponsor #115
NCT100004521,NIH,NIH Sponsor #116
NCT100004522,Other,Other Sponsor #242
NCT100004523,Other,Other Sponsor #291
NCT100004524,Other,Other Sponsor #245
NCT100004525,Industry,Industry Sponsor #356
NCT100004526,Industry,Industry Sponsor #212
NCT100004527,Industry,Industry Sponsor #323
NCT100004528,Industry,Industry Sponsor #386
NCT100004529,Other,Other Sponsor #169
NCT100004530,Other,Other Sponsor #65
NCT100004531,Other,Other Sponsor #157
NCT100004532,Industry,Industry Sponsor #390
NCT100004533,Other,Other Sponsor #245
NCT100004534,NIH,NIH Sponsor #86
NCT100004535,Industry,Industry Sponsor #207
NCT100004536,Industry,Industry Sponsor #295
NCT100004537,Other,Other Sponsor #331
NCT100004538,Industry,Industry Sponsor #362
NCT100004539,Industry,Industry Sponsor #91
NCT100004540,NIH,NIH Sponsor #384
NCT100004541,Industry,Industry Sponsor #293
NCT100004542,Industry,Industry Sponsor #301
NCT100004543,Other,Other Sponsor #94
NCT100004544,NIH,NIH Sponsor #234
NCT100004545,Industry,Industry Sponsor #247
NCT100004546,Other,Other Sponsor #26
NCT100004547,Industry,Industry Sponsor #151
NCT100004548,Industry,Industry Sponsor #235
NCT100004549,Industry,Industry Sponsor #205
NCT100004550,Industry,Industry Sponsor #250
NCT100004551,Other,Other Sponsor #301
NCT100004552,Other,Other Sponsor #346
NCT100004553,Industry,Industry Sponsor #81
NCT100004554,Industry,Industry Sponsor #19
NCT100004555,Other,Other Sponsor #177
NCT100004556,Industry,Industry Sponsor #36
NCT100004557,Industry,Industry Sponsor #184
NCT100004558,Industry,Industry Sponsor #89
NCT100004559,Other,Other Sponsor #382
NCT100004560,Other,Other Sponsor #367
NCT100004561,Other,Other Sponsor #224
NCT100004562,Industry,Industry Sponsor #198
NCT100004563,Industry,Industry Sponsor #40
NCT100004564,Industry,Industry Sponsor #259
NCT100004565,Industry,Industry Sponsor #392
NCT100004566,NIH,NIH Sponsor #263
NCT100004567,NIH,NIH Sponsor #201
NCT100004568,Industry,Industry Sponsor #243
NCT100004569,Other,Other Sponsor #306
NCT100004570,Other,Other Sponsor #205
NCT100004571,Industry,Industry Sponsor #246
NCT100004572,Other,Other Sponsor #343
NCT100004573,Industry,Industry Sponsor #145
NCT100004574,Other,Other Sponsor #274
NCT100004575,Other,Other Sponsor #307
NCT100004576,Other,Other Sponsor #146
NCT100004577,Industry,Industry Sponsor #135
NCT100004578,Industry,Industry Sponsor #191
NCT100004579,Industry,Industry Sponsor #218
NCT100004580,Other,Other Sponsor #206
NCT100004581,Other,Other Sponsor #321
NCT100004582,Industry,Industry Sponsor #179
NCT100004583,Other,Other Sponsor #395
NCT100004584,Industry,Industry Sponsor #51
NCT100004585,NIH,NIH Sponsor #213
NCT100004586,Other,Other Sponsor #53
NCT100004587,Industry,Industry Sponsor #173
NCT100004588,Industry,Industry Sponsor #260
NCT100004589,NIH,NIH Sponsor #324
NCT100004590,Industry,Industry Sponsor #201
NCT100004591,Other,Other Sponsor #113
NCT100004592,Industry,Industry Sponsor #81
NCT100004593,Industry,Industry Sponsor #143
NCT100004594,Other,Other Sponsor #139
NCT100004595,NIH,NIH Sponsor #184
NCT100004596,Industry,Industry Sponsor #232
NCT100004597,Industry,Industry Sponsor #115
NCT100004598,Other,Other Sponsor #53
NCT100004599,Industry,Industry Sponsor #135
NCT100004600,Industry,Industry Sponsor #7
NCT100004601,Industry,Industry Sponsor #59
NCT100004602,Industry,Industry Sponsor #142
NCT100004603,NIH,NIH Sponsor #214
NCT100004604,NIH,NIH Sponsor #145
NCT100004605,Industry,Industry Sponsor #356
NCT100004606,Other,Other Sponsor #37
NCT100004607,Industry,Industry Sponsor #116
NCT100004608,Industry,Industry Sponsor #301
NCT100004609,Industry,Industry Sponsor #4
NCT100004610,Other,Other Sponsor #257
NCT100004611,Other,Other Sponsor #316
NCT100004612,Industry,Industry Sponsor #307
NCT100004613,Industry,Industry Sponsor #398
NCT100004614,Industry,Industry Sponsor #48
NCT100004615,Industry,Industry Sponsor #288
NCT100004616,Industry,Industry Sponsor #361
NCT100004617,Industry,Industry Sponsor #2
NCT100004618,Industry,Industry Sponsor #382
NCT100004619,Other,Other Sponsor #152
NCT100004620,Industry,Industry Sponsor #135
NCT100004621,Industry,Industry Sponsor #79
NCT100004622,Other,Other Sponsor #138
NCT100004623,Other,Other Sponsor #317
NCT100004624,NIH,NIH Sponsor #312
NCT100004625,Other,Other Sponsor #46
NCT100004626,Industry,Industry Sponsor #9
NCT100004627,Industry,Industry Sponsor #34
NCT100004628,Other,Other Sponsor #45
NCT100004629,Industry,Industry Sponsor #171
NCT100004630,Industry,Industry Sponsor #148
NCT100004631,Other,Other Sponsor #307
NCT100004632,Other,Other Sponsor #266
NCT100004633,Industry,Industry Sponsor #333
NCT100004634,Industry,Industry Sponsor #240
NCT100004635,Other,Other Sponsor #114
NCT100004636,NIH,NIH Sponsor #19
NCT100004637,Other,Other Sponsor #294
NCT100004638,Industry,Industry Sponsor #48
NCT100004639,Other,Other Sponsor #304
NCT100004640,Industry,Industry Sponsor #156
NCT100004641,Industry,Industry Sponsor #56
NCT100004642,Other,Other Sponsor #1
NCT100004643,Other,Other Sponsor #197
NCT100004644,Other,Other Sponsor #315
NCT100004645,Other,Other Sponsor #291
NCT100004646,Industry,Industry Sponsor #101
NCT100004647,Industry,Industry Sponsor #339
NCT100004648,Industry,Industry Sponsor #284
NCT100004649,Industry,Industry Sponsor #124
NCT100004650,Other,Other Sponsor #312
NCT100004651,Industry,Industry Sponsor #52
NCT100004652,Industry,Industry Sponsor #368
NCT100004653,Industry,Industry Sponsor #286
NCT100004654,Industry,Industry Sponsor #274
NCT100004655,Industry,Industry Sponsor #331
NCT100004656,Other,Other Sponsor #122
NCT100004657,Other,Other Sponsor #277
NCT100004658,Industry,Industry Sponsor #333
NCT100004659,Industry,Industry Sponsor #4
NCT100004660,Other,Other Sponsor #395
NCT100004661,Industry,Industry Sponsor #236
NCT100004662,Other,Other Sponsor #321
NCT100004663,Other,Other Sponsor #345
NCT100004664,Industry,Industry Sponsor #341
NCT100004665,Industry,Industry Sponsor #112
NCT100004666,Industry,Industry Sponsor #239
NCT100004667,Other,Other Sponsor #71
NCT100004668,Industry,Industry Sponsor #72
NCT100004669,Industry,Industry Sponsor #148
NCT100004670,Other,Other Sponsor #115
NCT100004671,Other,Other Sponsor #224
NCT100004672,Other,Other Sponsor #34
NCT100004673,Industry,Industry Sponsor #116
NCT100004674,Other,Other Sponsor #72
NCT100004675,Other,Other Sponsor #233
NCT100004676,Industry,Industry Sponsor #291
NCT100004677,Industry,Industry Sponsor #213
NCT100004678,Industry,Industry Sponsor #383
NCT100004679,Other,Other Sponsor #39
NCT100004680,Industry,Industry Sponsor #363
NCT100004681,Industry,Industry Sponsor #163
NCT100004682,Other,Other Sponsor #86
NCT100004683,Industry,Industry Sponsor #296
NCT100004684,Other,Other Sponsor #121
NCT100004685,Other,Other Sponsor #203
NCT100004686,Industry,Industry Sponsor #4
NCT100004687,NIH,NIH Sponsor #251
NCT100004688,Other,Other Sponsor #101
NCT100004689,Industry,Industry Sponsor #289
NCT100004690,Industry,Industry Sponsor #346
NCT100004691,Industry,Industry Sponsor #271
NCT100004692,Other,Other Sponsor #54
NCT100004693,Industry,Industry Sponsor #106
NCT100004694,Industry,Industry Sponsor #17
NCT100004695,Industry,Industry Sponsor #327
NCT100004696,Other,Other Sponsor #88
NCT100004697,Industry,Industry Sponsor #88
NCT100004698,Other,Other Sponsor #179
NCT100004699,Industry,Industry Sponsor #12
NCT100004700,Industry,Industry Sponsor #224
NCT100004701,Industry,Industry Sponsor #323
NCT100004702,Other,Other Sponsor #170
NCT100004703,Industry,Industry Sponsor #263
NCT100004704,Other,Other Sponsor #66
NCT100004705,Industry,Industry Sponsor #6
NCT100004706,Industry,Industry Sponsor #119
NCT100004707,Other,Other Sponsor #328
NCT100004708,Industry,Industry Sponsor #223
NCT100004709,NIH,NIH Sponsor #364
NCT100004710,Other,Other Sponsor #198
NCT100004711,Industry,Industry Sponsor #192
NCT100004712,Industry,Industry Sponsor #201
NCT100004713,Other,Other Sponsor #377
NCT100004714,Other,Other Sponsor #209
NCT100004715,Other,Other Sponsor #2
NCT100004716,Industry,Industry Sponsor #10
NCT100004717,Industry,Industry Sponsor #396
NCT100004718,Other,Other Sponsor #358
NCT100004719,Other,Other Sponsor #25
NCT100004720,Industry,Industry Sponsor #156
NCT100004721,Other,Other Sponsor #157
NCT100004722,Industry,Industry Sponsor #102
NCT100004723,Industry,Industry Sponsor #398
NCT100004724,Other,Other Sponsor #238
NCT100004725,Industry,Industry Sponsor #43
NCT100004726,Industry,Industry Sponsor #184
NCT100004727,Other,Other Sponsor #279
NCT100004728,Industry,Industry Sponsor #113
NCT100004729,Other,Other Sponsor #187
NCT100004730,Other,Other Sponsor #209
NCT100004731,NIH,NIH Sponsor #55
NCT100004732,Industry,Industry Sponsor #389
NCT100004733,Industry,Industry Sponsor #393
NCT100004734,Industry,Industry Sponsor #183
NCT100004735,Industry,Industry Sponsor #86
NCT100004736,Other,Other Sponsor #193
NCT100004737,Industry,Industry Sponsor #37
NCT100004738,Other,Other Sponsor #370
NCT100004739,Other,Other Sponsor #383
NCT100004740,Other,Other Sponsor #305
NCT100004741,Other,Other Sponsor #25
NCT100004742,Other,Other Sponsor #347
NCT100004743,Other,Other Sponsor #288
NCT100004744,Industry,Industry Sponsor #133
NCT100004745,Industry,Industry Sponsor #292
NCT100004746,Industry,Industry Sponsor #299
NCT100004747,Other,Other Sponsor #159
NCT100004748,NIH,NIH Sponsor #381
NCT100004749,Other,Other Sponsor #119
NCT100004750,Other,Other Sponsor #201
NCT100004751,NIH,NIH Sponsor #108
NCT100004752,NIH,NIH Sponsor #220
NCT100004753,Other,Other Sponsor #255
NCT100004754,Industry,Industry Sponsor #112
NCT100004755,Industry,Industry Sponsor #352
NCT100004756,Other,Other Sponsor #99
NCT100004757,Industry,Industry Sponsor #112
NCT100004758,Industry,Industry Sponsor #165
NCT100004759,Industry,Industry Sponsor #175
NCT100004760,Other,Other Sponsor #115
NCT100004761,Other,Other Sponsor #101
NCT100004762,Other,Other Sponsor #61
NCT100004763,NIH,NIH Sponsor #72
NCT100004764,Industry,Industry Sponsor #169
NCT100004765,Industry,Industry Sponsor #232
NCT100004766,Industry,Industry Sponsor #100
NCT100004767,Other,Other Sponsor #141
NCT100004768,Industry,Industry Sponsor #340
NCT100004769,Other,Other Sponsor #215
NCT100004770,Industry,Industry Sponsor #77
NCT100004771,Industry,Industry Sponsor #356
NCT100004772,Industry,Industry Sponsor #175
NCT100004773,Industry,Industry Sponsor #220
NCT100004774,Industry,Industry Sponsor #160
NCT100004775,Other,Other Sponsor #371
NCT100004776,Industry,Industry Sponsor #126
NCT100004777,Other,Other Sponsor #218
NCT100004778,Other,Other Sponsor #289
NCT100004779,Industry,Industry Sponsor #311
NCT100004780,Other,Other Sponsor #348
NCT100004781,NIH,NIH Sponsor #159
NCT100004782,Other,Other Sponsor #196
NCT100004783,Industry,Industry Sponsor #352
NCT100004784,Industry,Industry Sponsor #333
NCT100004785,Industry,Industry Sponsor #82
NCT100004786,Industry,Industry Sponsor #75
NCT100004787,Industry,Industry Sponsor #28
NCT100004788,Industry,Industry Sponsor #228
NCT100004789,Industry,Industry Sponsor #339
NCT100004790,Other,Other Sponsor #296
NCT100004791,Other,Other Sponsor #297
NCT100004792,Industry,Industry Sponsor #355
NCT100004793,Other,Other Sponsor #176
NCT100004794,NIH,NIH Sponsor #241
NCT100004795,Industry,Industry Sponsor #358
NCT100004796,Industry,Industry Sponsor #223
NCT100004797,NIH,NIH Sponsor #79
NCT100004798,Industry,Industry Sponsor #263
NCT100004799,Industry,Industry Sponsor #194
NCT100004800,Industry,Industry Sponsor #39
NCT100004801,Other,Other Sponsor #264
NCT100004802,Other,Other Sponsor #194
NCT100004803,NIH,NIH Sponsor #33
NCT100004804,Other,Other Sponsor #390
NCT100004805,Industry,Industry Sponsor #345
NCT100004806,Industry,Industry Sponsor #316
NCT100004807,Industry,Industry Sponsor #360
NCT100004808,Other,Other Sponsor #249
NCT100004809,Industry,Industry Sponsor #371
NCT100004810,Industry,Industry Sponsor #297
NCT100004811,Industry,Industry Sponsor #151
NCT100004812,Industry,Industry Sponsor #293
NCT100004813,Industry,Industry Sponsor #15
NCT100004814,Industry,Industry Sponsor #243
NCT100004815,NIH,NIH Sponsor #7
NCT100004816,Other,Other Sponsor #332
NCT100004817,Other,Other Sponsor #305
NCT100004818,Other,Other Sponsor #197
NCT100004819,Industry,Industry Sponsor #208
NCT100004820,Industry,Industry Sponsor #349
NCT100004821,Other,Other Sponsor #393
NCT100004822,Other,Other Sponsor #294
NCT100004823,Industry,Industry Sponsor #193
NCT100004824,Industry,Industry Sponsor #235
NCT100004825,Industry,Industry Sponsor #201
NCT100004826,NIH,NIH Sponsor #30
NCT100004827,Industry,Industry Sponsor #346
NCT100004828,Industry,Industry Sponsor #286
NCT100004829,Other,Other Sponsor #226
NCT100004830,Industry,Industry Sponsor #359
NCT100004831,Industry,Industry Sponsor #262
NCT100004832,Industry,Industry Sponsor #296
NCT100004833,Industry,Industry Sponsor #371
NCT100004834,Other,Other Sponsor #76
NCT100004835,NIH,NIH Sponsor #340
NCT100004836,Other,Other Sponsor #265
NCT100004837,Other,Other Sponsor #33
NCT100004838,Industry,Industry Sponsor #144
NCT100004839,Industry,Industry Sponsor #234
NCT100004840,Other,Other Sponsor #42
NCT100004841,Industry,Industry Sponsor #139
NCT100004842,Other,Other Sponsor #220
NCT100004843,Industry,Industry Sponsor #269
NCT100004844,Industry,Industry Sponsor #232
NCT100004845,Industry,Industry Sponsor #70
NCT100004846,Other,Other Sponsor #169
NCT100004847,Other,Other Sponsor #298
NCT100004848,Industry,Industry Sponsor #79
NCT100004849,Industry,Industry Sponsor #369
NCT100004850,Other,Other Sponsor #210
NCT100004851,Industry,Industry Sponsor #32
NCT100004852,Industry,Industry Sponsor #162
NCT100004853,Industry,Industry Sponsor #154
NCT100004854,Industry,Industry Sponsor #334
NCT100004855,Other,Other Sponsor #153
NCT100004856,Other,Other Sponsor #54
NCT100004857,Other,Other Sponsor #96
NCT100004858,Other,Other Sponsor #214
NCT100004859,Other,Other Sponsor #206
NCT100004860,Other,Other Sponsor #268
NCT100004861,Industry,Industry Sponsor #340
NCT100004862,NIH,NIH Sponsor #162
NCT100004863,Other,Other Sponsor #390
NCT100004864,Industry,Industry Sponsor #273
NCT100004865,Industry,Industry Sponsor #346
NCT100004866,Other,Other Sponsor #376
NCT100004867,Other,Other Sponsor #222
NCT100004868,Industry,Industry Sponsor #247
NCT100004869,Industry,Industry Sponsor #174
NCT100004870,Other,Other Sponsor #370
NCT100004871,Other,Other Sponsor #116
NCT100004872,Industry,Industry Sponsor #275
NCT100004873,Other,Other Sponsor #387
NCT100004874,Other,Other Sponsor #333
NCT100004875,Other,Other Sponsor #131
NCT100004876,Other,Other Sponsor #32
NCT100004877,Industry,Industry Sponsor #230
NCT100004878,Industry,Industry Sponsor #79
NCT100004879,Industry,Industry Sponsor #359
NCT100004880,Other,Other Sponsor #151
NCT100004881,NIH,NIH Sponsor #36
NCT100004882,Other,Other Sponsor #331
NCT100004883,Other,Other Sponsor #195
NCT100004884,Other,Other Sponsor #344
NCT100004885,Other,Other Sponsor #37
NCT100004886,Industry,Industry Sponsor #354
NCT100004887,Industry,Industry Sponsor #347
NCT100004888,Other,Other Sponsor #82
NCT100004889,Industry,Industry Sponsor #166
NCT100004890,Other,Other Sponsor #126
NCT100004891,Industry,Industry Sponsor #256
NCT100004892,Industry,Industry Sponsor #282
NCT100004893,Industry,Industry Sponsor #9
NCT100004894,Other,Other Sponsor #207
NCT100004895,Industry,Industry Sponsor #393
NCT100004896,Industry,Industry Sponsor #318
NCT100004897,Industry,Industry Sponsor #175
NCT100004898,Other,Other Sponsor #176
NCT100004899,Industry,Industry Sponsor #324
NCT100004900,Industry,Industry Sponsor #147
NCT100004901,Other,Other Sponsor #68
NCT100004902,Industry,Industry Sponsor #343
NCT100004903,Industry,Industry Sponsor #50
NCT100004904,Other,Other Sponsor #152
NCT100004905,Industry,Industry Sponsor #341
NCT100004906,Other,Other Sponsor #14
NCT100004907,Other,Other Sponsor #374
NCT100004908,Other,Other Sponsor #378
NCT100004909,Other,Other Sponsor #149
NCT100004910,Industry,Industry Sponsor #283
NCT100004911,Industry,Industry Sponsor #363
NCT100004912,Industry,Industry Sponsor #336
NCT100004913,Industry,Industry Sponsor #305
NCT100004914,Industry,Industry Sponsor #120
NCT100004915,Industry,Industry Sponsor #308
NCT100004916,Other,Other Sponsor #213
NCT100004917,Other,Other Sponsor #60
NCT100004918,Other,Other Sponsor #258
NCT100004919,Industry,Industry Sponsor #287
NCT100004920,NIH,NIH Sponsor #331
NCT100004921,Other,Other Sponsor #185
NCT100004922,Industry,Industry Sponsor #303
NCT100004923,Industry,Industry Sponsor #288
NCT100004924,Industry,Industry Sponsor #321
NCT100004925,Other,Other Sponsor #357
NCT100004926,Industry,Industry Sponsor #289
NCT100004927,Other,Other Sponsor #19
NCT100004928,Other,Other Sponsor #12
NCT100004929,Industry,Industry Sponsor #15
NCT100004930,Industry,Industry Sponsor #367
NCT100004931,Industry,Industry Sponsor #335
NCT100004932,Industry,Industry Sponsor #61
NCT100004933,Other,Other Sponsor #40
NCT100004934,Other,Other Sponsor #16
NCT100004935,Industry,Industry Sponsor #7
NCT100004936,Other,Other Sponsor #204
NCT100004937,Other,Other Sponsor #127
NCT100004938,Industry,Industry Sponsor #163
NCT100004939,NIH,NIH Sponsor #34
NCT100004940,Industry,Industry Sponsor #153
NCT100004941,Industry,Industry Sponsor #399
NCT100004942,Industry,Industry Sponsor #99
NCT100004943,NIH,NIH Sponsor #296
NCT100004944,Other,Other Sponsor #355
NCT100004945,Industry,Industry Sponsor #162
NCT100004946,Other,Other Sponsor #110
NCT100004947,Industry,Industry Sponsor #281
NCT100004948,Other,Other Sponsor #124
NCT100004949,Industry,Industry Sponsor #187
NCT100004950,Other,Other Sponsor #378
NCT100004951,Industry,Industry Sponsor #67
NCT100004952,Industry,Industry Sponsor #295
NCT100004953,Industry,Industry Sponsor #3
NCT100004954,Industry,Industry Sponsor #190
NCT100004955,Industry,Industry Sponsor #195
NCT100004956,Industry,Industry Sponsor #16
NCT100004957,NIH,NIH Sponsor #384
NCT100004958,Other,Other Sponsor #180
NCT100004959,Industry,Industry Sponsor #399
NCT100004960,Industry,Industry Sponsor #149
NCT100004961,Industry,Industry Sponsor #346
NCT100004962,Industry,Industry Sponsor #45
NCT100004963,Industry,Industry Sponsor #77
NCT100004964,Other,Other Sponsor #334
NCT100004965,Industry,Industry Sponsor #337
NCT100004966,Other,Other Sponsor #300
NCT100004967,NIH,NIH Sponsor #350
NCT100004968,Industry,Industry Sponsor #133
NCT100004969,Industry,Industry Sponsor #140
NCT100004970,Industry,Industry Sponsor #89
NCT100004971,NIH,NIH Sponsor #64
NCT100004972,Industry,Industry Sponsor #384
NCT100004973,Industry,Industry Sponsor #380
NCT100004974,Industry,Industry Sponsor #257
NCT100004975,Other,Other Sponsor #368
NCT100004976,Industry,Industry Sponsor #146
NCT100004977,Industry,Industry Sponsor #210
NCT100004978,Industry,Industry Sponsor #264
NCT100004979,Industry,Industry Sponsor #53
NCT100004980,Other,Other Sponsor #39
NCT100004981,Other,Other Sponsor #290
NCT100004982,Other,Other Sponsor #321
NCT100004983,Other,Other Sponsor #278
NCT100004984,Other,Other Sponsor #366
NCT100004985,NIH,NIH Sponsor #338
NCT100004986,Industry,Industry Sponsor #234
NCT100004987,NIH,NIH Sponsor #374
NCT100004988,Industry,Industry Sponsor #38
NCT100004989,Industry,Industry Sponsor #206
NCT100004990,Industry,Industry Sponsor #299
NCT100004991,Industry,Industry Sponsor #89
NCT100004992,Other,Other Sponsor #265
NCT100004993,Other,Other Sponsor #150
NCT100004994,Industry,Industry Sponsor #62
NCT100004995,Other,Other Sponsor #385
NCT100004996,Industry,Industry Sponsor #248
NCT100004997,Industry,Industry Sponsor #373
NCT100004998,Other,Other Sponsor #282
NCT100004999,Industry,Industry Sponsor #343
NCT100005000,Industry,Industry Sponsor #350
NCT100005001,Other,Other Sponsor #398
NCT100005002,Industry,Industry Sponsor #392
NCT100005003,Industry,Industry Sponsor #386
NCT100005004,Industry,Industry Sponsor #345
NCT100005005,Industry,Industry Sponsor #351
NCT100005006,Other,Other Sponsor #345
NCT100005007,Industry,Industry Sponsor #185
NCT100005008,Industry,Industry Sponsor #139
NCT100005009,Other,Other Sponsor #100
NCT100005010,Industry,Industry Sponsor #92
NCT100005011,Industry,Industry Sponsor #340
NCT100005012,Industry,Industry Sponsor #124
NCT100005013,Industry,Industry Sponsor #133
NCT100005014,Industry,Industry Sponsor #76
NCT100005015,Industry,Industry Sponsor #176
NCT100005016,NIH,NIH Sponsor #32
NCT100005017,Other,Other Sponsor #107
NCT100005018,Industry,Industry Sponsor #77
NCT100005019,Industry,Industry Sponsor #267
NCT100005020,Other,Other Sponsor #255
NCT100005021,Industry,Industry Sponsor #118
NCT100005022,NIH,NIH Sponsor #107
NCT100005023,Industry,Industry Sponsor #98
NCT100005024,Other,Other Sponsor #264
NCT100005025,Other,Other Sponsor #66
NCT100005026,Other,Other Sponsor #238
NCT100005027,Other,Other Sponsor #191
NCT100005028,NIH,NIH Sponsor #9
NCT100005029,Other,Other Sponsor #373
NCT100005030,Other,Other Sponsor #114
NCT100005031,Industry,Industry Sponsor #75
NCT100005032,Other,Other Sponsor #268
NCT100005033,Other,Other Sponsor #285
NCT100005034,NIH,NIH Sponsor #311
NCT100005035,Other,Other Sponsor #191
NCT100005036,Industry,Industry Sponsor #346
NCT100005037,Other,Other Sponsor #373
NCT100005038,Industry,Industry Sponsor #378
NCT100005039,Industry,Industry Sponsor #254
NCT100005040,Other,Other Sponsor #273
NCT100005041,Industry,Industry Sponsor #375
NCT100005042,Industry,Industry Sponsor #196
NCT100005043,NIH,NIH Sponsor #347
NCT100005044,Other,Other Sponsor #310
NCT100005045,Industry,Industry Sponsor #289
NCT100005046,Industry,Industry Sponsor #189
NCT100005047,Industry,Industry Sponsor #77
NCT100005048,Other,Other Sponsor #105
NCT100005049,Other,Other Sponsor #377
NCT100005050,Other,Other Sponsor #374
NCT100005051,NIH,NIH Sponsor #34
NCT100005052,Industry,Industry Sponsor #309
NCT100005053,Industry,Industry Sponsor #12
NCT100005054,Industry,Industry Sponsor #397
NCT100005055,Industry,Industry Sponsor #323
NCT100005056,Other,Other Sponsor #12
NCT100005057,Industry,Industry Sponsor #395
NCT100005058,Industry,Industry Sponsor #127
NCT100005059,Other,Other Sponsor #253
NCT100005060,Industry,Industry Sponsor #395
NCT100005061,NIH,NIH Sponsor #200
NCT100005062,Industry,Industry Sponsor #156
NCT100005063,Other,Other Sponsor #122
NCT100005064,NIH,NIH Sponsor #164
NCT100005065,Other,Other Sponsor #123
NCT100005066,Other,Other Sponsor #202
NCT100005067,Industry,Industry Sponsor #184
NCT100005068,Industry,Industry Sponsor #53
NCT100005069,Industry,Industry Sponsor #267
NCT100005070,Industry,Industry Sponsor #196
NCT100005071,Industry,Industry Sponsor #133
NCT100005072,Other,Other Sponsor #380
NCT100005073,Industry,Industry Sponsor #387
NCT100005074,Industry,Industry Sponsor #180
NCT100005075,Other,Other Sponsor #327
NCT100005076,Other,Other Sponsor #267
NCT100005077,Other,Other Sponsor #367
NCT100005078,Industry,Industry Sponsor #1
NCT100005079,Other,Other Sponsor #266
NCT100005080,Other,Other Sponsor #239
NCT100005081,Industry,Industry Sponsor #383
NCT100005082,Industry,Industry Sponsor #192
NCT100005083,NIH,NIH Sponsor #379
NCT100005084,Industry,Industry Sponsor #339
NCT100005085,Industry,Industry Sponsor #76
NCT100005086,Other,Other Sponsor #286
NCT100005087,Other,Other Sponsor #43
NCT100005088,Other,Other Sponsor #100
NCT100005089,Industry,Industry Sponsor #396
NCT100005090,Other,Other Sponsor #347
NCT100005091,Industry,Industry Sponsor #80
NCT100005092,Industry,Industry Sponsor #93
NCT100005093,Other,Other Sponsor #190
NCT100005094,Industry,Industry Sponsor #221
NCT100005095,Other,Other Sponsor #68
NCT100005096,Industry,Industry Sponsor #382
NCT100005097,Other,Other Sponsor #78
NCT100005098,Industry,Industry Sponsor #337
NCT100005099,Other,Other Sponsor #325
NCT100005100,Industry,Industry Sponsor #16
NCT100005101,Other,Other Sponsor #217
NCT100005102,Industry,Industry Sponsor #353
NCT100005103,Other,Other Sponsor #22
NCT100005104,Industry,Industry Sponsor #283
NCT100005105,Industry,Industry Sponsor #181
NCT100005106,Other,Other Sponsor #171
NCT100005107,Industry,Industry Sponsor #135
NCT100005108,Industry,Industry Sponsor #280
NCT100005109,Industry,Industry Sponsor #41
NCT100005110,Industry,Industry Sponsor #334
NCT100005111,Other,Other Sponsor #322
NCT100005112,Industry,Industry Sponsor #308
NCT100005113,Other,Other Sponsor #254
NCT100005114,Other,Other Sponsor #193
NCT100005115,Industry,Industry Sponsor #352
NCT100005116,Other,Other Sponsor #389
NCT100005117,Industry,Industry Sponsor #394
NCT100005118,Industry,Industry Sponsor #281
NCT100005119,Industry,Industry Sponsor #194
NCT100005120,Other,Other Sponsor #81
NCT100005121,Industry,Industry Sponsor #45
NCT100005122,Industry,Industry Sponsor #78
NCT100005123,Industry,Industry Sponsor #268
NCT100005124,Industry,Industry Sponsor #29
NCT100005125,Industry,Industry Sponsor #117
NCT100005126,Industry,Industry Sponsor #212
NCT100005127,Other,Other Sponsor #77
NCT100005128,Other,Other Sponsor #44
NCT100005129,Other,Other Sponsor #56
NCT100005130,Industry,Industry Sponsor #249
NCT100005131,Other,Other Sponsor #326
NCT100005132,Industry,Industry Sponsor #156
NCT100005133,Industry,Industry Sponsor #76
NCT100005134,Other,Other Sponsor #382
NCT100005135,Industry,Industry Sponsor #349
NCT100005136,Industry,Industry Sponsor #238
NCT100005137,Industry,Industry Sponsor #171
NCT100005138,Industry,Industry Sponsor #178
NCT100005139,Industry,Industry Sponsor #273
NCT100005140,Industry,Industry Sponsor #383
NCT100005141,Industry,Industry Sponsor #270
NCT100005142,Industry,Industry Sponsor #173
NCT100005143,Industry,Industry Sponsor #82
NCT100005144,Industry,Industry Sponsor #194
NCT100005145,Other,Other Sponsor #362
NCT100005146,Other,Other Sponsor #242
NCT100005147,Other,Other Sponsor #200
NCT100005148,Industry,Industry Sponsor #70
NCT100005149,Industry,Industry Sponsor #365
NCT100005150,Industry,Industry Sponsor #63
NCT100005151,Other,Other Sponsor #303
NCT100005152,Industry,Industry Sponsor #139
NCT100005153,Industry,Industry Sponsor #117
NCT100005154,Other,Other Sponsor #85
NCT100005155,Industry,Industry Sponsor #106
NCT100005156,NIH,NIH Sponsor #379
NCT100005157,Other,Other Sponsor #269
NCT100005158,Industry,Industry Sponsor #67
NCT100005159,Industry,Industry Sponsor #234
NCT100005160,Industry,Industry Sponsor #24
NCT100005161,Industry,Industry Sponsor #165
NCT100005162,Industry,Industry Sponsor #106
NCT100005163,Industry,Industry Sponsor #236
NCT100005164,Industry,Industry Sponsor #198
NCT100005165,Industry,Industry Sponsor #194
NCT100005166,Industry,Industry Sponsor #352
NCT100005167,Other,Other Sponsor #258
NCT100005168,NIH,NIH Sponsor #226
NCT100005169,Industry,Industry Sponsor #6
NCT100005170,Other,Other Sponsor #206
NCT100005171,Industry,Industry Sponsor #119
NCT100005172,Other,Other Sponsor #175
NCT100005173,Other,Other Sponsor #267
NCT100005174,Other,Other Sponsor #15
NCT100005175,Industry,Industry Sponsor #10
NCT100005176,Industry,Industry Sponsor #49
NCT100005177,NIH,NIH Sponsor #378
NCT100005178,Other,Other Sponsor #387
NCT100005179,Other,Other Sponsor #353
NCT100005180,Industry,Industry Sponsor #267
NCT100005181,Industry,Industry Sponsor #218
NCT100005182,Industry,Industry Sponsor #300
NCT100005183,Industry,Industry Sponsor #153
NCT100005184,Industry,Industry Sponsor #7
NCT100005185,Other,Other Sponsor #39
NCT100005186,Industry,Industry Sponsor #158
NCT100005187,Industry,Industry Sponsor #389
NCT100005188,Industry,Industry Sponsor #269
NCT100005189,Other,Other Sponsor #322
NCT100005190,Other,Other Sponsor #339
NCT100005191,Industry,Industry Sponsor #19
NCT100005192,Other,Other Sponsor #235
NCT100005193,Industry,Industry Sponsor #199
NCT100005194,Other,Other Sponsor #318
NCT100005195,Industry,Industry Sponsor #394
NCT100005196,Other,Other Sponsor #317
NCT100005197,Industry,Industry Sponsor #374
NCT100005198,NIH,NIH Sponsor #209
NCT100005199,Other,Other Sponsor #33
NCT100005200,NIH,NIH Sponsor #178
NCT100005201,Other,Other Sponsor #151
NCT100005202,Other,Other Sponsor #196
NCT100005203,Industry,Industry Sponsor #392
NCT100005204,Other,Other Sponsor #266
NCT100005205,Industry,Industry Sponsor #136
NCT100005206,Other,Other Sponsor #227
NCT100005207,Other,Other Sponsor #254
NCT100005208,Industry,Industry Sponsor #269
NCT100005209,Industry,Industry Sponsor #122
NCT100005210,Other,Other Sponsor #247
NCT100005211,Industry,Industry Sponsor #191
NCT100005212,Industry,Industry Sponsor #195
NCT100005213,Other,Other Sponsor #15
NCT100005214,Other,Other Sponsor #45
NCT100005215,Other,Other Sponsor #16
NCT100005216,Other,Other Sponsor #265
NCT100005217,NIH,NIH Sponsor #150
NCT100005218,Other,Other Sponsor #202
NCT100005219,Other,Other Sponsor #249
NCT100005220,Industry,Industry Sponsor #76
NCT100005221,Industry,Industry Sponsor #11
NCT100005222,Industry,Industry Sponsor #350
NCT100005223,Other,Other Sponsor #237
NCT100005224,Industry,Industry Sponsor #12
NCT100005225,Other,Other Sponsor #336
NCT100005226,Industry,Industry Sponsor #177
NCT100005227,Other,Other Sponsor #207
NCT100005228,Industry,Industry Sponsor #326
NCT100005229,NIH,NIH Sponsor #369
NCT100005230,NIH,NIH Sponsor #252
NCT100005231,NIH,NIH Sponsor #345
NCT100005232,Industry,Industry Sponsor #257
NCT100005233,Industry,Industry Sponsor #251
NCT100005234,Other,Other Sponsor #187
NCT100005235,Industry,Industry Sponsor #233
NCT100005236,Industry,Industry Sponsor #138
NCT100005237,Industry,Industry Sponsor #394
NCT100005238,Other,Other Sponsor #354
NCT100005239,Industry,Industry Sponsor #315
NCT100005240,NIH,NIH Sponsor #126
NCT100005241,Other,Other Sponsor #382
NCT100005242,Industry,Industry Sponsor #137
NCT100005243,Other,Other Sponsor #301
NCT100005244,Other,Other Sponsor #321
NCT100005245,Other,Other Sponsor #318
NCT100005246,Industry,Industry Sponsor #333
NCT100005247,NIH,NIH Sponsor #196
NCT100005248,Other,Other Sponsor #126
NCT100005249,Other,Other Sponsor #16
NCT100005250,Industry,Industry Sponsor #31
NCT100005251,Industry,Industry Sponsor #322
NCT100005252,Other,Other Sponsor #150
NCT100005253,Industry,Industry Sponsor #389
NCT100005254,Industry,Industry Sponsor #64
NCT100005255,Other,Other Sponsor #178
NCT100005256,Industry,Industry Sponsor #228
NCT100005257,NIH,NIH Sponsor #384
NCT100005258,Industry,Industry Sponsor #54
NCT100005259,Industry,Industry Sponsor #97
NCT100005260,Other,Other Sponsor #51
NCT100005261,Industry,Industry Sponsor #215
NCT100005262,Industry,Industry Sponsor #28
NCT100005263,Other,Other Sponsor #156
NCT100005264,Industry,Industry Sponsor #8
NCT100005265,NIH,NIH Sponsor #366
NCT100005266,Other,Other Sponsor #365
NCT100005267,Industry,Industry Sponsor #212
NCT100005268,Industry,Industry Sponsor #397
NCT100005269,Other,Other Sponsor #365
NCT100005270,Other,Other Sponsor #394
NCT100005271,NIH,NIH Sponsor #146
NCT100005272,Industry,Industry Sponsor #378
NCT100005273,Industry,Industry Sponsor #253
NCT100005274,Other,Other Sponsor #146
NCT100005275,Other,Other Sponsor #136
NCT100005276,Other,Other Sponsor #216
NCT100005277,Industry,Industry Sponsor #16
NCT100005278,Other,Other Sponsor #155
NCT100005279,Other,Other Sponsor #348
NCT100005280,Industry,Industry Sponsor #189
NCT100005281,Other,Other Sponsor #29
NCT100005282,Industry,Industry Sponsor #183
NCT100005283,Other,Other Sponsor #218
NCT100005284,Other,Other Sponsor #392
NCT100005285,Other,Other Sponsor #389
NCT100005286,Industry,Industry Sponsor #27
NCT100005287,Industry,Industry Sponsor #242
NCT100005288,Other,Other Sponsor #119
NCT100005289,Industry,Industry Sponsor #350
NCT100005290,Other,Other Sponsor #260
NCT100005291,Industry,Industry Sponsor #391
NCT100005292,Industry,Industry Sponsor #89
NCT100005293,Industry,Industry Sponsor #352
NCT100005294,Industry,Industry Sponsor #22
NCT100005295,Other,Other Sponsor #326
NCT100005296,Other,Other Sponsor #273
NCT100005297,Other,Other Sponsor #386
NCT100005298,Other,Other Sponsor #70
NCT100005299,Other,Other Sponsor #96
NCT100005300,Industry,Industry Sponsor #212
NCT100005301,Other,Other Sponsor #351
NCT100005302,Industry,Industry Sponsor #168
NCT100005303,Other,Other Sponsor #313
NCT100005304,Industry,Industry Sponsor #132
NCT100005305,Other,Other Sponsor #172
NCT100005306,Industry,Industry Sponsor #74
NCT100005307,Industry,Industry Sponsor #299
NCT100005308,Industry,Industry Sponsor #199
NCT100005309,Other,Other Sponsor #276
NCT100005310,Other,Other Sponsor #396
NCT100005311,Industry,Industry Sponsor #27
NCT100005312,Other,Other Sponsor #28
NCT100005313,Other,Other Sponsor #267
NCT100005314,Industry,Industry Sponsor #300
NCT100005315,Industry,Industry Sponsor #342
NCT100005316,Other,Other Sponsor #181
NCT100005317,Other,Other Sponsor #218
NCT100005318,Industry,Industry Sponsor #115
NCT100005319,Industry,Industry Sponsor #182
NCT100005320,Industry,Industry Sponsor #78
NCT100005321,Industry,Industry Sponsor #189
NCT100005322,Other,Other Sponsor #271
NCT100005323,Industry,Industry Sponsor #121
NCT100005324,Industry,Industry Sponsor #97
NCT100005325,Industry,Industry Sponsor #364
NCT100005326,Industry,Industry Sponsor #50
NCT100005327,Other,Other Sponsor #40
NCT100005328,Industry,Industry Sponsor #271
NCT100005329,Other,Other Sponsor #152
NCT100005330,NIH,NIH Sponsor #68
NCT100005331,Other,Other Sponsor #58
NCT100005332,Industry,Industry Sponsor #160
NCT100005333,Other,Other Sponsor #114
NCT100005334,Other,Other Sponsor #72
NCT100005335,Industry,Industry Sponsor #103
NCT100005336,Industry,Industry Sponsor #23
NCT100005337,Industry,Industry Sponsor #45
NCT100005338,Industry,Industry Sponsor #114
NCT100005339,Other,Other Sponsor #12
NCT100005340,Industry,Industry Sponsor #216
NCT100005341,Other,Other Sponsor #243
NCT100005342,Industry,Industry Sponsor #183
NCT100005343,NIH,NIH Sponsor #39
NCT100005344,Industry,Industry Sponsor #353
NCT100005345,Industry,Industry Sponsor #295
NCT100005346,Industry,Industry Sponsor #376
NCT100005347,Other,Other Sponsor #243
NCT100005348,Industry,Industry Sponsor #271
NCT100005349,Industry,Industry Sponsor #384
NCT100005350,Other,Other Sponsor #294
NCT100005351,Other,Other Sponsor #34
NCT100005352,Industry,Industry Sponsor #26
NCT100005353,Industry,Industry Sponsor #214
NCT100005354,Industry,Industry Sponsor #359
NCT100005355,Industry,Industry Sponsor #277
NCT100005356,Industry,Industry Sponsor #230
NCT100005357,Industry,Industry Sponsor #383
NCT100005358,Industry,Industry Sponsor #319
NCT100005359,Other,Other Sponsor #290
NCT100005360,Other,Other Sponsor #271
NCT100005361,Industry,Industry Sponsor #49
NCT100005362,Other,Other Sponsor #391
NCT100005363,Other,Other Sponsor #397
NCT100005364,Other,Other Sponsor #302
NCT100005365,Industry,Industry Sponsor #366
NCT100005366,Other,Other Sponsor #152
NCT100005367,Other,Other Sponsor #11
NCT100005368,Industry,Industry Sponsor #7
NCT100005369,Other,Other Sponsor #231
NCT100005370,Other,Other Sponsor #324
NCT100005371,Industry,Industry Sponsor #379
NCT100005372,Other,Other Sponsor #2
NCT100005373,Other,Other Sponsor #285
NCT100005374,Other,Other Sponsor #256
NCT100005375,Other,Other Sponsor #342
NCT100005376,Other,Other Sponsor #44
NCT100005377,Other,Other Sponsor #52
NCT100005378,Other,Other Sponsor #206
NCT100005379,Industry,Industry Sponsor #305
NCT100005380,Other,Other Sponsor #77
NCT100005381,Industry,Industry Sponsor #374
NCT100005382,Other,Other Sponsor #181
NCT100005383,Industry,Industry Sponsor #370
NCT100005384,Industry,Industry Sponsor #375
NCT100005385,Industry,Industry Sponsor #256
NCT100005386,Other,Other Sponsor #342
NCT100005387,Industry,Industry Sponsor #310
NCT100005388,Industry,Industry Sponsor #19
NCT100005389,Industry,Industry Sponsor #328
NCT100005390,Industry,Industry Sponsor #292
NCT100005391,Industry,Industry Sponsor #20
NCT100005392,NIH,NIH Sponsor #21
NCT100005393,Industry,Industry Sponsor #245
NCT100005394,Industry,Industry Sponsor #88
NCT100005395,Other,Other Sponsor #130
NCT100005396,NIH,NIH Sponsor #341
NCT100005397,Industry,Industry Sponsor #85
NCT100005398,Industry,Industry Sponsor #221
NCT100005399,NIH,NIH Sponsor #370
NCT100005400,Other,Other Sponsor #167
NCT100005401,Industry,Industry Sponsor #343
NCT100005402,Industry,Industry Sponsor #357
NCT100005403,Industry,Industry Sponsor #236
NCT100005404,Industry,Industry Sponsor #195
NCT100005405,Industry,Industry Sponsor #314
NCT100005406,Industry,Industry Sponsor #236
NCT100005407,Industry,Industry Sponsor #117
NCT100005408,Industry,Industry Sponsor #35
NCT100005409,Other,Other Sponsor #134
NCT100005410,Industry,Industry Sponsor #1
NCT100005411,Industry,Industry Sponsor #315
NCT100005412,Industry,Industry Sponsor #322
NCT100005413,Other,Other Sponsor #158
NCT100005414,Other,Other Sponsor #97
NCT100005415,Other,Other Sponsor #211
NCT100005416,Industry,Industry Sponsor #166
NCT100005417,Industry,Industry Sponsor #119
NCT100005418,Other,Other Sponsor #74
NCT100005419,Other,Other Sponsor #228
NCT100005420,Industry,Industry Sponsor #320
NCT100005421,Industry,Industry Sponsor #128
NCT100005422,Other,Other Sponsor #201
NCT100005423,Other,Other Sponsor #379
NCT100005424,Other,Other Sponsor #205
NCT100005425,NIH,NIH Sponsor #341
NCT100005426,Industry,Industry Sponsor #223
NCT100005427,Industry,Industry Sponsor #35
NCT100005428,Other,Other Sponsor #225
NCT100005429,Industry,Industry Sponsor #361
NCT100005430,Industry,Industry Sponsor #60
NCT100005431,NIH,NIH Sponsor #258
NCT100005432,Other,Other Sponsor #263
NCT100005433,Industry,Industry Sponsor #165
NCT100005434,Other,Other Sponsor #231
NCT100005435,NIH,NIH Sponsor #155
NCT100005436,Industry,Industry Sponsor #320
NCT100005437,Industry,Industry Sponsor #308
NCT100005438,Other,Other Sponsor #53
NCT100005439,Other,Other Sponsor #77
NCT100005440,Industry,Industry Sponsor #162
NCT100005441,Other,Other Sponsor #88
NCT100005442,Industry,Industry Sponsor #7
NCT100005443,Other,Other Sponsor #42
NCT100005444,Industry,Industry Sponsor #388
NCT100005445,Industry,Industry Sponsor #230
NCT100005446,Industry,Industry Sponsor #102
NCT100005447,Other,Other Sponsor #363
NCT100005448,Other,Other Sponsor #256
NCT100005449,Industry,Industry Sponsor #150
NCT100005450,Industry,Industry Sponsor #190
NCT100005451,Industry,Industry Sponsor #71
NCT100005452,Industry,Industry Sponsor #382
NCT100005453,NIH,NIH Sponsor #223
NCT100005454,Other,Other Sponsor #337
NCT100005455,Other,Other Sponsor #196
NCT100005456,Industry,Industry Sponsor #378
NCT100005457,Other,Other Sponsor #119
NCT100005458,NIH,NIH Sponsor #42
NCT100005459,Industry,Industry Sponsor #128
NCT100005460,Industry,Industry Sponsor #336
NCT100005461,Other,Other Sponsor #397
NCT100005462,Industry,Industry Sponsor #214
NCT100005463,Industry,Industry Sponsor #167
NCT100005464,Other,Other Sponsor #88
NCT100005465,Industry,Industry Sponsor #97
NCT100005466,Industry,Industry Sponsor #338
NCT100005467,Industry,Industry Sponsor #55
NCT100005468,Industry,Industry Sponsor #172
NCT100005469,Industry,Industry Sponsor #73
NCT100005470,Other,Other Sponsor #258
NCT100005471,Industry,Industry Sponsor #348
NCT100005472,Industry,Industry Sponsor #270
NCT100005473,Other,Other Sponsor #380
NCT100005474,Industry,Industry Sponsor #226
NCT100005475,Other,Other Sponsor #112
NCT100005476,Other,Other Sponsor #54
NCT100005477,Other,Other Sponsor #222
NCT100005478,Other,Other Sponsor #121
NCT100005479,Industry,Industry Sponsor #153
NCT100005480,Other,Other Sponsor #67
NCT100005481,Other,Other Sponsor #45
NCT100005482,Other,Other Sponsor #325
NCT100005483,Other,Other Sponsor #389
NCT100005484,Industry,Industry Sponsor #6
NCT100005485,Industry,Industry Sponsor #341
NCT100005486,Industry,Industry Sponsor #23
NCT100005487,Other,Other Sponsor #203
NCT100005488,Industry,Industry Sponsor #173
NCT100005489,Industry,Industry Sponsor #390
NCT100005490,Industry,Industry Sponsor #355
NCT100005491,Other,Other Sponsor #268
NCT100005492,NIH,NIH Sponsor #233
NCT100005493,Other,Other Sponsor #112
NCT100005494,Industry,Industry Sponsor #275
NCT100005495,Industry,Industry Sponsor #83
NCT100005496,Industry,Industry Sponsor #301
NCT100005497,Industry,Industry Sponsor #44
NCT100005498,Industry,Industry Sponsor #16
NCT100005499,Other,Other Sponsor #21
NCT100005500,Industry,Industry Sponsor #170
NCT100005501,Industry,Industry Sponsor #339
NCT100005502,Other,Other Sponsor #308
NCT100005503,Industry,Industry Sponsor #162
NCT100005504,Industry,Industry Sponsor #234
NCT100005505,Other,Other Sponsor #182
NCT100005506,Industry,Industry Sponsor #178
NCT100005507,Other,Other Sponsor #137
NCT100005508,Other,Other Sponsor #304
NCT100005509,Industry,Industry Sponsor #301
NCT100005510,Industry,Industry Sponsor #400
NCT100005511,Industry,Industry Sponsor #159
NCT100005512,Other,Other Sponsor #55
NCT100005513,Industry,Industry Sponsor #49
NCT100005514,Industry,Industry Sponsor #132
NCT100005515,Industry,Industry Sponsor #255
NCT100005516,Industry,Industry Sponsor #9
NCT100005517,Industry,Industry Sponsor #238
NCT100005518,Other,Other Sponsor #69
NCT100005519,Other,Other Sponsor #315
NCT100005520,Other,Other Sponsor #117
NCT100005521,Industry,Industry Sponsor #380
NCT100005522,Industry,Industry Sponsor #83
NCT100005523,Industry,Industry Sponsor #349
NCT100005524,Other,Other Sponsor #70
NCT100005525,Other,Other Sponsor #50
NCT100005526,Industry,Industry Sponsor #244
NCT100005527,Other,Other Sponsor #102
NCT100005528,Other,Other Sponsor #15
NCT100005529,Industry,Industry Sponsor #80
NCT100005530,Industry,Industry Sponsor #59
NCT100005531,Industry,Industry Sponsor #53
NCT100005532,Industry,Industry Sponsor #185
NCT100005533,Industry,Industry Sponsor #218
NCT100005534,Industry,Industry Sponsor #136
NCT100005535,Other,Other Sponsor #351
NCT100005536,NIH,NIH Sponsor #73
NCT100005537,Other,Other Sponsor #108
NCT100005538,Industry,Industry Sponsor #369
NCT100005539,Industry,Industry Sponsor #337
NCT100005540,Industry,Industry Sponsor #285
NCT100005541,Industry,Industry Sponsor #343
NCT100005542,Industry,Industry Sponsor #254
NCT100005543,Industry,Industry Sponsor #323
NCT100005544,Other,Other Sponsor #68
NCT100005545,Industry,Industry Sponsor #130
NCT100005546,Industry,Industry Sponsor #18
NCT100005547,Industry,Industry Sponsor #291
NCT100005548,Industry,Industry Sponsor #65
NCT100005549,Industry,Industry Sponsor #288
NCT100005550,Industry,Industry Sponsor #72
NCT100005551,Industry,Industry Sponsor #182
NCT100005552,Other,Other Sponsor #315
NCT100005553,Other,Other Sponsor #226
NCT100005554,Industry,Industry Sponsor #54
NCT100005555,Industry,Industry Sponsor #68
NCT100005556,Other,Other Sponsor #153
NCT100005557,Industry,Industry Sponsor #80
NCT100005558,Other,Other Sponsor #47
NCT100005559,NIH,NIH Sponsor #173
NCT100005560,Other,Other Sponsor #89
NCT100005561,Industry,Industry Sponsor #349
NCT100005562,Industry,Industry Sponsor #75
NCT100005563,Other,Other Sponsor #341
NCT100005564,Other,Other Sponsor #16
NCT100005565,Other,Other Sponsor #188
NCT100005566,Industry,Industry Sponsor #63
NCT100005567,Other,Other Sponsor #309
NCT100005568,Industry,Industry Sponsor #301
NCT100005569,Other,Other Sponsor #216
NCT100005570,Other,Other Sponsor #136
NCT100005571,Other,Other Sponsor #375
NCT100005572,NIH,NIH Sponsor #297
NCT100005573,Industry,Industry Sponsor #251
NCT100005574,Industry,Industry Sponsor #129
NCT100005575,Other,Other Sponsor #255
NCT100005576,Industry,Industry Sponsor #93
NCT100005577,Industry,Industry Sponsor #16
NCT100005578,Other,Other Sponsor #240
NCT100005579,Industry,Industry Sponsor #99
NCT100005580,Industry,Industry Sponsor #393
NCT100005581,Other,Other Sponsor #357
NCT100005582,Other,Other Sponsor #31
NCT100005583,Other,Other Sponsor #81
NCT100005584,Industry,Industry Sponsor #359
NCT100005585,Industry,Industry Sponsor #168
NCT100005586,Other,Other Sponsor #185
NCT100005587,Industry,Industry Sponsor #283
NCT100005588,Other,Other Sponsor #145
NCT100005589,Other,Other Sponsor #114
NCT100005590,Industry,Industry Sponsor #265
NCT100005591,Industry,Industry Sponsor #3
NCT100005592,Industry,Industry Sponsor #317
NCT100005593,Industry,Industry Sponsor #347
NCT100005594,Industry,Industry Sponsor #277
NCT100005595,Other,Other Sponsor #284
NCT100005596,Other,Other Sponsor #206
NCT100005597,Industry,Industry Sponsor #152
NCT100005598,Industry,Industry Sponsor #367
NCT100005599,Industry,Industry Sponsor #348
NCT100005600,Other,Other Sponsor #357
NCT100005601,Industry,Industry Sponsor #385
NCT100005602,Other,Other Sponsor #78
NCT100005603,Industry,Industry Sponsor #276
NCT100005604,Industry,Industry Sponsor #143
NCT100005605,Industry,Industry Sponsor #306
NCT100005606,Industry,Industry Sponsor #225
NCT100005607,Industry,Industry Sponsor #302
NCT100005608,Industry,Industry Sponsor #202
NCT100005609,Other,Other Sponsor #26
NCT100005610,Industry,Industry Sponsor #255
NCT100005611,Industry,Industry Sponsor #38
NCT100005612,NIH,NIH Sponsor #338
NCT100005613,NIH,NIH Sponsor #73
NCT100005614,Industry,Industry Sponsor #277
NCT100005615,Other,Other Sponsor #335
NCT100005616,Other,Other Sponsor #126
NCT100005617,Industry,Industry Sponsor #223
NCT100005618,Other,Other Sponsor #228
NCT100005619,Other,Other Sponsor #13
NCT100005620,Industry,Industry Sponsor #228
NCT100005621,Other,Other Sponsor #339
NCT100005622,Industry,Industry Sponsor #225
NCT100005623,Other,Other Sponsor #96
NCT100005624,Other,Other Sponsor #379
NCT100005625,Industry,Industry Sponsor #77
NCT100005626,Industry,Industry Sponsor #251
NCT100005627,Industry,Industry Sponsor #310
NCT100005628,Industry,Industry Sponsor #293
NCT100005629,Other,Other Sponsor #300
NCT100005630,NIH,NIH Sponsor #237
NCT100005631,Industry,Industry Sponsor #149
NCT100005632,Industry,Industry Sponsor #248
NCT100005633,Other,Other Sponsor #195
NCT100005634,Industry,Industry Sponsor #296
NCT100005635,Other,Other Sponsor #226
NCT100005636,Industry,Industry Sponsor #243
NCT100005637,Industry,Industry Sponsor #288
NCT100005638,Other,Other Sponsor #329
NCT100005639,Other,Other Sponsor #37
NCT100005640,Other,Other Sponsor #271
NCT100005641,Other,Other Sponsor #154
NCT100005642,Industry,Industry Sponsor #186
NCT100005643,Industry,Industry Sponsor #119
NCT100005644,Industry,Industry Sponsor #157
NCT100005645,Industry,Industry Sponsor #45
NCT100005646,Industry,Industry Sponsor #291
NCT100005647,Other,Other Sponsor #58
NCT100005648,Industry,Industry Sponsor #273
NCT100005649,Industry,Industry Sponsor #183
NCT100005650,Industry,Industry Sponsor #312
NCT100005651,Other,Other Sponsor #163
NCT100005652,Other,Other Sponsor #257
NCT100005653,Industry,Industry Sponsor #218
NCT100005654,Industry,Industry Sponsor #182
NCT100005655,Industry,Industry Sponsor #73
NCT100005656,Other,Other Sponsor #384
NCT100005657,Other,Other Sponsor #136
NCT100005658,Industry,Industry Sponsor #304
NCT100005659,Industry,Industry Sponsor #60
NCT100005660,Industry,Industry Sponsor #311
NCT100005661,Industry,Industry Sponsor #254
NCT100005662,Other,Other Sponsor #369
NCT100005663,Other,Other Sponsor #52
NCT100005664,Other,Other Sponsor #375
NCT100005665,Other,Other Sponsor #94
NCT100005666,Industry,Industry Sponsor #121
NCT100005667,Industry,Industry Sponsor #197
NCT100005668,Industry,Industry Sponsor #121
NCT100005669,Other,Other Sponsor #270
NCT100005670,Industry,Industry Sponsor #271
NCT100005671,Industry,Industry Sponsor #382
NCT100005672,Other,Other Sponsor #290
NCT100005673,Industry,Industry Sponsor #104
NCT100005674,Industry,Industry Sponsor #90
NCT100005675,Industry,Industry Sponsor #388
NCT100005676,Industry,Industry Sponsor #204
NCT100005677,Industry,Industry Sponsor #165
NCT100005678,Other,Other Sponsor #200
NCT100005679,Other,Other Sponsor #396
NCT100005680,Industry,Industry Sponsor #72
NCT100005681,Industry,Industry Sponsor #326
NCT100005682,Industry,Industry Sponsor #277
NCT100005683,Other,Other Sponsor #111
NCT100005684,NIH,NIH Sponsor #23
NCT100005685,Industry,Industry Sponsor #178
NCT100005686,Industry,Industry Sponsor #45
NCT100005687,Other,Other Sponsor #18
NCT100005688,Industry,Industry Sponsor #129
NCT100005689,Industry,Industry Sponsor #108
NCT100005690,Industry,Industry Sponsor #390
NCT100005691,Industry,Industry Sponsor #227
NCT100005692,Industry,Industry Sponsor #322
NCT100005693,Industry,Industry Sponsor #29
NCT100005694,Industry,Industry Sponsor #23
NCT100005695,Industry,Industry Sponsor #176
NCT100005696,Industry,Industry Sponsor #170
NCT100005697,Industry,Industry Sponsor #337
NCT100005698,Industry,Industry Sponsor #216
NCT100005699,Other,Other Sponsor #390
NCT100005700,Other,Other Sponsor #384
NCT100005701,Industry,Industry Sponsor #161
NCT100005702,Other,Other Sponsor #203
NCT100005703,Other,Other Sponsor #297
NCT100005704,Other,Other Sponsor #394
NCT100005705,Industry,Industry Sponsor #203
NCT100005706,Industry,Industry Sponsor #95
NCT100005707,Industry,Industry Sponsor #301
NCT100005708,Industry,Industry Sponsor #24
NCT100005709,Industry,Industry Sponsor #95
NCT100005710,Industry,Industry Sponsor #92
NCT100005711,NIH,NIH Sponsor #327
NCT100005712,Industry,Industry Sponsor #17
NCT100005713,Other,Other Sponsor #14
NCT100005714,Other,Other Sponsor #102
NCT100005715,Industry,Industry Sponsor #151
NCT100005716,Industry,Industry Sponsor #225
NCT100005717,Industry,Industry Sponsor #312
NCT100005718,Other,Other Sponsor #349
NCT100005719,Industry,Industry Sponsor #183
NCT100005720,Industry,Industry Sponsor #219
NCT100005721,Industry,Industry Sponsor #75
NCT100005722,Other,Other Sponsor #126
NCT100005723,Other,Other Sponsor #85
NCT100005724,Industry,Industry Sponsor #400
NCT100005725,Other,Other Sponsor #214
NCT100005726,Other,Other Sponsor #374
NCT100005727,Industry,Industry Sponsor #87
NCT100005728,Other,Other Sponsor #268
NCT100005729,NIH,NIH Sponsor #10
NCT100005730,Other,Other Sponsor #166
NCT100005731,Industry,Industry Sponsor #288
NCT100005732,Industry,Industry Sponsor #297
NCT100005733,Industry,Industry Sponsor #105
NCT100005734,Other,Other Sponsor #313
NCT100005735,Other,Other Sponsor #15
NCT100005736,Other,Other Sponsor #4
NCT100005737,Industry,Industry Sponsor #100
NCT100005738,Other,Other Sponsor #150
NCT100005739,Industry,Industry Sponsor #126
NCT100005740,Industry,Industry Sponsor #58
NCT100005741,Other,Other Sponsor #51
NCT100005742,Industry,Industry Sponsor #353
NCT100005743,Other,Other Sponsor #385
NCT100005744,Other,Other Sponsor #388
NCT100005745,Industry,Industry Sponsor #112
NCT100005746,Other,Other Sponsor #369
NCT100005747,Industry,Industry Sponsor #30
NCT100005748,Industry,Industry Sponsor #96
NCT100005749,Other,Other Sponsor #267
NCT100005750,Industry,Industry Sponsor #291
NCT100005751,Industry,Industry Sponsor #13
NCT100005752,Industry,Industry Sponsor #39
NCT100005753,Other,Other Sponsor #231
NCT100005754,Other,Other Sponsor #46
NCT100005755,NIH,NIH Sponsor #85
NCT100005756,Industry,Industry Sponsor #52
NCT100005757,Industry,Industry Sponsor #240
NCT100005758,Other,Other Sponsor #164
NCT100005759,Other,Other Sponsor #222
NCT100005760,Industry,Industry Sponsor #43
NCT100005761,Other,Other Sponsor #345
NCT100005762,Industry,Industry Sponsor #32
NCT100005763,Industry,Industry Sponsor #257
NCT100005764,Other,Other Sponsor #120
NCT100005765,NIH,NIH Sponsor #4
NCT100005766,Other,Other Sponsor #338
NCT100005767,Industry,Industry Sponsor #368
NCT100005768,Industry,Industry Sponsor #305
NCT100005769,Industry,Industry Sponsor #281
NCT100005770,Other,Other Sponsor #99
NCT100005771,Other,Other Sponsor #38
NCT100005772,Industry,Industry Sponsor #162
NCT100005773,Other,Other Sponsor #244
NCT100005774,Industry,Industry Sponsor #226
NCT100005775,Other,Other Sponsor #46
NCT100005776,Industry,Industry Sponsor #13
NCT100005777,Industry,Industry Sponsor #337
NCT100005778,Industry,Industry Sponsor #141
NCT100005779,Other,Other Sponsor #214
NCT100005780,Industry,Industry Sponsor #248
NCT100005781,Industry,Industry Sponsor #39
NCT100005782,Industry,Industry Sponsor #3
NCT100005783,Industry,Industry Sponsor #84
NCT100005784,Industry,Industry Sponsor #317
NCT100005785,NIH,NIH Sponsor #121
NCT100005786,Other,Other Sponsor #318
NCT100005787,Industry,Industry Sponsor #351
NCT100005788,Other,Other Sponsor #258
NCT100005789,NIH,NIH Sponsor #393
NCT100005790,Industry,Industry Sponsor #300
NCT100005791,Industry,Industry Sponsor #68
NCT100005792,NIH,NIH Sponsor #208
NCT100005793,Industry,Industry Sponsor #116
NCT100005794,Other,Other Sponsor #54
NCT100005795,Other,Other Sponsor #354
NCT100005796,Industry,Industry Sponsor #176
NCT100005797,Industry,Industry Sponsor #285
NCT100005798,Industry,Industry Sponsor #137
NCT100005799,Other,Other Sponsor #105
NCT100005800,Industry,Industry Sponsor #174
NCT100005801,Other,Other Sponsor #329
NCT100005802,Industry,Industry Sponsor #321
NCT100005803,Other,Other Sponsor #320
NCT100005804,Industry,Industry Sponsor #129
NCT100005805,Other,Other Sponsor #89
NCT100005806,Other,Other Sponsor #271
NCT100005807,Industry,Industry Sponsor #32
NCT100005808,Other,Other Sponsor #271
NCT100005809,NIH,NIH Sponsor #121
NCT100005810,NIH,NIH Sponsor #379
NCT100005811,Industry,Industry Sponsor #208
NCT100005812,Other,Other Sponsor #87
NCT100005813,Other,Other Sponsor #324
NCT100005814,Other,Other Sponsor #372
NCT100005815,Industry,Industry Sponsor #159
NCT100005816,Industry,Industry Sponsor #322
NCT100005817,Industry,Industry Sponsor #225
NCT100005818,Industry,Industry Sponsor #2
NCT100005819,Industry,Industry Sponsor #390
NCT100005820,Other,Other Sponsor #213
NCT100005821,Industry,Industry Sponsor #284
NCT100005822,Other,Other Sponsor #73
NCT100005823,Other,Other Sponsor #326
NCT100005824,Industry,Industry Sponsor #332
NCT100005825,Industry,Industry Sponsor #8
NCT100005826,Other,Other Sponsor #217
NCT100005827,Industry,Industry Sponsor #165
NCT100005828,Industry,Industry Sponsor #224
NCT100005829,NIH,NIH Sponsor #118
NCT100005830,NIH,NIH Sponsor #308
NCT100005831,Industry,Industry Sponsor #321
NCT100005832,NIH,NIH Sponsor #275
NCT100005833,Other,Other Sponsor #29
NCT100005834,Industry,Industry Sponsor #324
NCT100005835,Industry,Industry Sponsor #109
NCT100005836,Industry,Industry Sponsor #168
NCT100005837,Industry,Industry Sponsor #85
NCT100005838,Industry,Industry Sponsor #12
NCT100005839,Industry,Industry Sponsor #311
NCT100005840,Industry,Industry Sponsor #329
NCT100005841,Other,Other Sponsor #229
NCT100005842,Industry,Industry Sponsor #249
NCT100005843,Other,Other Sponsor #384
NCT100005844,Other,Other Sponsor #382
NCT100005845,Other,Other Sponsor #27
NCT100005846,Other,Other Sponsor #246
NCT100005847,NIH,NIH Sponsor #220
NCT100005848,Other,Other Sponsor #348
NCT100005849,Other,Other Sponsor #174
NCT100005850,NIH,NIH Sponsor #176
NCT100005851,Industry,Industry Sponsor #379
NCT100005852,Other,Other Sponsor #363
NCT100005853,Industry,Industry Sponsor #214
NCT100005854,Other,Other Sponsor #31
NCT100005855,Other,Other Sponsor #209
NCT100005856,Industry,Industry Sponsor #74
NCT100005857,Other,Other Sponsor #97
NCT100005858,Other,Other Sponsor #247
NCT100005859,Industry,Industry Sponsor #378
NCT100005860,Industry,Industry Sponsor #271
NCT100005861,Other,Other Sponsor #93
NCT100005862,Industry,Industry Sponsor #25
NCT100005863,Other,Other Sponsor #371
NCT100005864,Other,Other Sponsor #234
NCT100005865,Industry,Industry Sponsor #107
NCT100005866,Industry,Industry Sponsor #129
NCT100005867,Industry,Industry Sponsor #105
NCT100005868,Other,Other Sponsor #375
NCT100005869,Other,Other Sponsor #187
NCT100005870,Industry,Industry Sponsor #15
NCT100005871,Industry,Industry Sponsor #217
NCT100005872,Industry,Industry Sponsor #64
NCT100005873,Industry,Industry Sponsor #216
NCT100005874,Industry,Industry Sponsor #297
NCT100005875,Industry,Industry Sponsor #168
NCT100005876,Industry,Industry Sponsor #397
NCT100005877,Industry,Industry Sponsor #93
NCT100005878,NIH,NIH Sponsor #303
NCT100005879,Industry,Industry Sponsor #348
NCT100005880,Other,Other Sponsor #161
NCT100005881,Industry,Industry Sponsor #74
NCT100005882,Industry,Industry Sponsor #87
NCT100005883,Other,Other Sponsor #193
NCT100005884,Industry,Industry Sponsor #36
NCT100005885,NIH,NIH Sponsor #24
NCT100005886,Other,Other Sponsor #316
NCT100005887,Other,Other Sponsor #23
NCT100005888,Other,Other Sponsor #237
NCT100005889,Industry,Industry Sponsor #217
NCT100005890,Industry,Industry Sponsor #7
NCT100005891,Other,Other Sponsor #138
NCT100005892,Industry,Industry Sponsor #92
NCT100005893,Other,Other Sponsor #258
NCT100005894,Other,Other Sponsor #201
NCT100005895,Industry,Industry Sponsor #355
NCT100005896,Industry,Industry Sponsor #287
NCT100005897,Other,Other Sponsor #209
NCT100005898,Industry,Industry Sponsor #60
NCT100005899,Industry,Industry Sponsor #96
NCT100005900,Industry,Industry Sponsor #311
NCT100005901,Other,Other Sponsor #220
NCT100005902,Other,Other Sponsor #249
NCT100005903,Other,Other Sponsor #311
NCT100005904,Industry,Industry Sponsor #322
NCT100005905,Other,Other Sponsor #93
NCT100005906,Industry,Industry Sponsor #62
NCT100005907,Other,Other Sponsor #57
NCT100005908,Other,Other Sponsor #258
NCT100005909,Other,Other Sponsor #186
NCT100005910,Other,Other Sponsor #7
NCT100005911,Industry,Industry Sponsor #252
NCT100005912,Industry,Industry Sponsor #267
NCT100005913,Industry,Industry Sponsor #364
NCT100005914,Industry,Industry Sponsor #158
NCT100005915,Other,Other Sponsor #384
NCT100005916,Other,Other Sponsor #286
NCT100005917,Industry,Industry Sponsor #2
NCT100005918,Other,Other Sponsor #72
NCT100005919,Other,Other Sponsor #33
NCT100005920,Industry,Industry Sponsor #309
NCT100005921,Industry,Industry Sponsor #201
NCT100005922,Industry,Industry Sponsor #82
NCT100005923,Industry,Industry Sponsor #103
NCT100005924,NIH,NIH Sponsor #16
NCT100005925,Other,Other Sponsor #381
NCT100005926,Industry,Industry Sponsor #353
NCT100005927,Other,Other Sponsor #176
NCT100005928,Industry,Industry Sponsor #32
NCT100005929,Other,Other Sponsor #78
NCT100005930,Industry,Industry Sponsor #183
NCT100005931,Industry,Industry Sponsor #87
NCT100005932,Industry,Industry Sponsor #138
NCT100005933,Industry,Industry Sponsor #226
NCT100005934,Other,Other Sponsor #69
NCT100005935,Other,Other Sponsor #363
NCT100005936,Industry,Industry Sponsor #98
NCT100005937,Other,Other Sponsor #203
NCT100005938,Industry,Industry Sponsor #321
NCT100005939,NIH,NIH Sponsor #189
NCT100005940,Industry,Industry Sponsor #107
NCT100005941,Other,Other Sponsor #197
NCT100005942,Industry,Industry Sponsor #16
NCT100005943,Industry,Industry Sponsor #18
NCT100005944,Other,Other Sponsor #343
NCT100005945,Other,Other Sponsor #282
NCT100005946,Other,Other Sponsor #219
NCT100005947,Industry,Industry Sponsor #9
NCT100005948,Other,Other Sponsor #193
NCT100005949,Other,Other Sponsor #357
NCT100005950,Industry,Industry Sponsor #100
NCT100005951,Industry,Industry Sponsor #231
NCT100005952,Industry,Industry Sponsor #303
NCT100005953,Other,Other Sponsor #124
NCT100005954,Industry,Industry Sponsor #30
NCT100005955,Industry,Industry Sponsor #91
NCT100005956,Industry,Industry Sponsor #261
NCT100005957,Industry,Industry Sponsor #47
NCT100005958,NIH,NIH Sponsor #376
NCT100005959,NIH,NIH Sponsor #18
NCT100005960,Industry,Industry Sponsor #389
NCT100005961,Other,Other Sponsor #119
NCT100005962,Industry,Industry Sponsor #272
NCT100005963,Industry,Industry Sponsor #56
NCT100005964,Industry,Industry Sponsor #327
NCT100005965,Industry,Industry Sponsor #299
NCT100005966,Other,Other Sponsor #151
NCT100005967,Other,Other Sponsor #230
NCT100005968,Industry,Industry Sponsor #127
NCT100005969,Other,Other Sponsor #221
NCT100005970,Other,Other Sponsor #164
NCT100005971,Other,Other Sponsor #109
NCT100005972,Industry,Industry Sponsor #343
NCT100005973,Industry,Industry Sponsor #83
NCT100005974,Other,Other Sponsor #362
NCT100005975,Industry,Industry Sponsor #3
NCT100005976,NIH,NIH Sponsor #61
NCT100005977,Industry,Industry Sponsor #175
NCT100005978,Industry,Industry Sponsor #70
NCT100005979,Other,Other Sponsor #80
NCT100005980,Industry,Industry Sponsor #258
NCT100005981,Industry,Industry Sponsor #194
NCT100005982,NIH,NIH Sponsor #137
NCT100005983,Industry,Industry Sponsor #33
NCT100005984,Other,Other Sponsor #133
NCT100005985,Industry,Industry Sponsor #182
NCT100005986,Industry,Industry Sponsor #266
NCT100005987,Industry,Industry Sponsor #310
NCT100005988,Other,Other Sponsor #54
NCT100005989,Industry,Industry Sponsor #119
NCT100005990,Industry,Industry Sponsor #216
NCT100005991,Industry,Industry Sponsor #273
NCT100005992,Industry,Industry Sponsor #35
NCT100005993,Other,Other Sponsor #249
NCT100005994,Other,Other Sponsor #382
NCT100005995,Other,Other Sponsor #296
NCT100005996,Other,Other Sponsor #394
NCT100005997,Industry,Industry Sponsor #173
NCT100005998,Industry,Industry Sponsor #328
NCT100005999,Other,Other Sponsor #75
NCT100006000,Industry,Industry Sponsor #396
NCT100006001,Industry,Industry Sponsor #377
NCT100006002,Industry,Industry Sponsor #111
NCT100006003,Industry,Industry Sponsor #241
NCT100006004,Other,Other Sponsor #50
NCT100006005,Other,Other Sponsor #371
NCT100006006,Other,Other Sponsor #360
NCT100006007,Industry,Industry Sponsor #201
NCT100006008,Industry,Industry Sponsor #257
NCT100006009,Industry,Industry Sponsor #85
NCT100006010,Other,Other Sponsor #393
NCT100006011,Industry,Industry Sponsor #82
NCT100006012,Industry,Industry Sponsor #314
NCT100006013,Other,Other Sponsor #185
NCT100006014,Industry,Industry Sponsor #335
NCT100006015,Other,Other Sponsor #269
NCT100006016,Industry,Industry Sponsor #321
NCT100006017,Other,Other Sponsor #276
NCT100006018,Other,Other Sponsor #91
NCT100006019,Other,Other Sponsor #202
NCT100006020,Industry,Industry Sponsor #199
NCT100006021,Industry,Industry Sponsor #264
NCT100006022,Industry,Industry Sponsor #264
NCT100006023,Industry,Industry Sponsor #123
NCT100006024,Other,Other Sponsor #49
NCT100006025,Industry,Industry Sponsor #92
NCT100006026,Industry,Industry Sponsor #385
NCT100006027,Other,Other Sponsor #194
NCT100006028,Other,Other Sponsor #1
NCT100006029,Industry,Industry Sponsor #397
NCT100006030,Other,Other Sponsor #200
NCT100006031,Other,Other Sponsor #314
NCT100006032,Other,Other Sponsor #369
NCT100006033,Industry,Industry Sponsor #214
NCT100006034,Industry,Industry Sponsor #114
NCT100006035,Industry,Industry Sponsor #350
NCT100006036,NIH,NIH Sponsor #381
NCT100006037,Other,Other Sponsor #8
NCT100006038,Industry,Industry Sponsor #14
NCT100006039,Industry,Industry Sponsor #114
NCT100006040,Industry,Industry Sponsor #163
NCT100006041,Other,Other Sponsor #356
NCT100006042,Industry,Industry Sponsor #260
NCT100006043,Industry,Industry Sponsor #349
NCT100006044,Other,Other Sponsor #62
NCT100006045,Other,Other Sponsor #389
NCT100006046,Industry,Industry Sponsor #308
NCT100006047,Industry,Industry Sponsor #353
NCT100006048,Industry,Industry Sponsor #204
NCT100006049,Other,Other Sponsor #389
NCT100006050,Industry,Industry Sponsor #137
NCT100006051,Other,Other Sponsor #116
NCT100006052,Industry,Industry Sponsor #126
NCT100006053,Other,Other Sponsor #30
NCT100006054,Other,Other Sponsor #15
NCT100006055,Industry,Industry Sponsor #54
NCT100006056,Industry,Industry Sponsor #354
NCT100006057,Industry,Industry Sponsor #129
NCT100006058,Industry,Industry Sponsor #348
NCT100006059,Other,Other Sponsor #107
NCT100006060,Industry,Industry Sponsor #227
NCT100006061,Industry,Industry Sponsor #241
NCT100006062,Industry,Industry Sponsor #224
NCT100006063,Industry,Industry Sponsor #68
NCT100006064,Industry,Industry Sponsor #187
NCT100006065,NIH,NIH Sponsor #248
NCT100006066,Industry,Industry Sponsor #27
NCT100006067,Industry,Industry Sponsor #236
NCT100006068,NIH,NIH Sponsor #125
NCT100006069,Other,Other Sponsor #118
NCT100006070,Other,Other Sponsor #124
NCT100006071,Other,Other Sponsor #268
NCT100006072,Other,Other Sponsor #122
NCT100006073,Industry,Industry Sponsor #251
NCT100006074,Industry,Industry Sponsor #345
NCT100006075,Other,Other Sponsor #21
NCT100006076,Industry,Industry Sponsor #200
NCT100006077,Industry,Industry Sponsor #400
NCT100006078,Industry,Industry Sponsor #278
NCT100006079,Other,Other Sponsor #57
NCT100006080,Other,Other Sponsor #17
NCT100006081,Other,Other Sponsor #260
NCT100006082,Other,Other Sponsor #296
NCT100006083,Industry,Industry Sponsor #127
NCT100006084,Industry,Industry Sponsor #226
NCT100006085,Industry,Industry Sponsor #356
NCT100006086,Industry,Industry Sponsor #61
NCT100006087,Other,Other Sponsor #261
NCT100006088,Other,Other Sponsor #320
NCT100006089,Other,Other Sponsor #287
NCT100006090,Industry,Industry Sponsor #143
NCT100006091,Industry,Industry Sponsor #207
NCT100006092,Other,Other Sponsor #281
NCT100006093,Industry,Industry Sponsor #376
NCT100006094,Industry,Industry Sponsor #63
NCT100006095,Other,Other Sponsor #311
NCT100006096,Other,Other Sponsor #288
NCT100006097,Industry,Industry Sponsor #106
NCT100006098,NIH,NIH Sponsor #77
NCT100006099,Other,Other Sponsor #354
NCT100006100,Other,Other Sponsor #142
NCT100006101,Other,Other Sponsor #360
NCT100006102,Other,Other Sponsor #301
NCT100006103,NIH,NIH Sponsor #355
NCT100006104,Industry,Industry Sponsor #394
NCT100006105,Other,Other Sponsor #81
NCT100006106,Industry,Industry Sponsor #210
NCT100006107,Industry,Industry Sponsor #225
NCT100006108,NIH,NIH Sponsor #353
NCT100006109,Other,Other Sponsor #211
NCT100006110,Industry,Industry Sponsor #312
NCT100006111,Industry,Industry Sponsor #209
NCT100006112,Industry,Industry Sponsor #18
NCT100006113,Other,Other Sponsor #119
NCT100006114,Other,Other Sponsor #248
NCT100006115,Industry,Industry Sponsor #263
NCT100006116,Industry,Industry Sponsor #356
NCT100006117,Industry,Industry Sponsor #122
NCT100006118,Industry,Industry Sponsor #70
NCT100006119,Other,Other Sponsor #223
NCT100006120,Industry,Industry Sponsor #326
NCT100006121,Other,Other Sponsor #211
NCT100006122,Industry,Industry Sponsor #382
NCT100006123,Other,Other Sponsor #35
NCT100006124,Industry,Industry Sponsor #60
NCT100006125,Other,Other Sponsor #287
NCT100006126,Industry,Industry Sponsor #162
NCT100006127,Other,Other Sponsor #255
NCT100006128,Industry,Industry Sponsor #273
NCT100006129,Industry,Industry Sponsor #345
NCT100006130,Other,Other Sponsor #163
NCT100006131,Industry,Industry Sponsor #13
NCT100006132,Industry,Industry Sponsor #248
NCT100006133,Industry,Industry Sponsor #103
NCT100006134,Industry,Industry Sponsor #89
NCT100006135,Other,Other Sponsor #172
NCT100006136,Other,Other Sponsor #353
NCT100006137,Industry,Industry Sponsor #142
NCT100006138,Other,Other Sponsor #395
NCT100006139,Industry,Industry Sponsor #134
NCT100006140,Other,Other Sponsor #271
NCT100006141,Industry,Industry Sponsor #140
NCT100006142,Other,Other Sponsor #230
NCT100006143,Other,Other Sponsor #376
NCT100006144,Industry,Industry Sponsor #128
NCT100006145,Industry,Industry Sponsor #304
NCT100006146,Other,Other Sponsor #280
NCT100006147,Industry,Industry Sponsor #175
NCT100006148,Other,Other Sponsor #175
NCT100006149,Other,Other Sponsor #36
NCT100006150,Industry,Industry Sponsor #326
NCT100006151,Other,Other Sponsor #398
NCT100006152,Other,Other Sponsor #178
NCT100006153,Industry,Industry Sponsor #137
NCT100006154,Other,Other Sponsor #39
NCT100006155,Industry,Industry Sponsor #41
NCT100006156,Other,Other Sponsor #367
NCT100006157,Other,Other Sponsor #324
NCT100006158,NIH,NIH Sponsor #30
NCT100006159,Other,Other Sponsor #52
NCT100006160,Industry,Industry Sponsor #362
NCT100006161,Other,Other Sponsor #76
NCT100006162,Other,Other Sponsor #112
NCT100006163,Other,Other Sponsor #129
NCT100006164,Other,Other Sponsor #259
NCT100006165,Other,Other Sponsor #189
NCT100006166,Other,Other Sponsor #272
NCT100006167,Industry,Industry Sponsor #222
NCT100006168,Industry,Industry Sponsor #307
NCT100006169,Industry,Industry Sponsor #123
NCT100006170,Industry,Industry Sponsor #131
NCT100006171,NIH,NIH Sponsor #177
NCT100006172,Other,Other Sponsor #69
NCT100006173,Industry,Industry Sponsor #14
NCT100006174,Other,Other Sponsor #384
NCT100006175,Industry,Industry Sponsor #342
NCT100006176,Other,Other Sponsor #127
NCT100006177,Industry,Industry Sponsor #271
NCT100006178,Other,Other Sponsor #218
NCT100006179,Industry,Industry Sponsor #325
NCT100006180,Industry,Industry Sponsor #32
NCT100006181,Industry,Industry Sponsor #286
NCT100006182,Other,Other Sponsor #365
NCT100006183,Other,Other Sponsor #383
NCT100006184,Industry,Industry Sponsor #69
NCT100006185,Industry,Industry Sponsor #93
NCT100006186,Other,Other Sponsor #55
NCT100006187,Industry,Industry Sponsor #145
NCT100006188,Industry,Industry Sponsor #272
NCT100006189,Industry,Industry Sponsor #259
NCT100006190,Other,Other Sponsor #170
NCT100006191,Industry,Industry Sponsor #229
NCT100006192,Other,Other Sponsor #350
NCT100006193,Industry,Industry Sponsor #77
NCT100006194,Industry,Industry Sponsor #331
NCT100006195,Other,Other Sponsor #269
NCT100006196,NIH,NIH Sponsor #111
NCT100006197,Industry,Industry Sponsor #400
NCT100006198,Industry,Industry Sponsor #172
NCT100006199,Industry,Industry Sponsor #45
NCT100006200,NIH,NIH Sponsor #346
NCT100006201,Other,Other Sponsor #289
NCT100006202,NIH,NIH Sponsor #70
NCT100006203,Industry,Industry Sponsor #50
NCT100006204,Other,Other Sponsor #203
NCT100006205,Industry,Industry Sponsor #130
NCT100006206,Industry,Industry Sponsor #344
NCT100006207,Industry,Industry Sponsor #264
NCT100006208,Industry,Industry Sponsor #329
NCT100006209,Industry,Industry Sponsor #66
NCT100006210,Other,Other Sponsor #234
NCT100006211,Industry,Industry Sponsor #112
NCT100006212,Industry,Industry Sponsor #222
NCT100006213,Industry,Industry Sponsor #370
NCT100006214,Other,Other Sponsor #247
NCT100006215,Industry,Industry Sponsor #303
NCT100006216,Industry,Industry Sponsor #323
NCT100006217,Other,Other Sponsor #339
NCT100006218,Other,Other Sponsor #363
NCT100006219,Other,Other Sponsor #384
NCT100006220,Industry,Industry Sponsor #189
NCT100006221,Industry,Industry Sponsor #26
NCT100006222,Industry,Industry Sponsor #294
NCT100006223,Industry,Industry Sponsor #377
NCT100006224,Industry,Industry Sponsor #389
NCT100006225,Industry,Industry Sponsor #335
NCT100006226,Industry,Industry Sponsor #384
NCT100006227,Industry,Industry Sponsor #328
NCT100006228,Industry,Industry Sponsor #203
NCT100006229,Other,Other Sponsor #298
NCT100006230,Other,Other Sponsor #202
NCT100006231,Industry,Industry Sponsor #200
NCT100006232,Industry,Industry Sponsor #200
NCT100006233,Other,Other Sponsor #365
NCT100006234,Industry,Industry Sponsor #380
NCT100006235,Other,Other Sponsor #310
NCT100006236,Other,Other Sponsor #305
NCT100006237,Industry,Industry Sponsor #172
NCT100006238,Other,Other Sponsor #46
NCT100006239,Other,Other Sponsor #245
NCT100006240,Industry,Industry Sponsor #54
NCT100006241,NIH,NIH Sponsor #135
NCT100006242,Industry,Industry Sponsor #275
NCT100006243,Industry,Industry Sponsor #312
NCT100006244,Other,Other Sponsor #303
NCT100006245,Industry,Industry Sponsor #187
NCT100006246,Industry,Industry Sponsor #67
NCT100006247,Industry,Industry Sponsor #224
NCT100006248,Industry,Industry Sponsor #91
NCT100006249,Industry,Industry Sponsor #270
NCT100006250,Industry,Industry Sponsor #307
NCT100006251,Industry,Industry Sponsor #378
NCT100006252,Industry,Industry Sponsor #351
NCT100006253,Other,Other Sponsor #63
NCT100006254,Other,Other Sponsor #207
NCT100006255,Industry,Industry Sponsor #7
NCT100006256,NIH,NIH Sponsor #349
NCT100006257,Industry,Industry Sponsor #41
NCT100006258,Other,Other Sponsor #219
NCT100006259,Industry,Industry Sponsor #125
NCT100006260,Other,Other Sponsor #118
NCT100006261,Other,Other Sponsor #355
NCT100006262,NIH,NIH Sponsor #1
NCT100006263,Industry,Industry Sponsor #126
NCT100006264,Other,Other Sponsor #149
NCT100006265,Industry,Industry Sponsor #320
NCT100006266,NIH,NIH Sponsor #301
NCT100006267,Industry,Industry Sponsor #273
NCT100006268,NIH,NIH Sponsor #153
NCT100006269,Industry,Industry Sponsor #331
NCT100006270,Other,Other Sponsor #305
NCT100006271,Industry,Industry Sponsor #314
NCT100006272,Other,Other Sponsor #200
NCT100006273,NIH,NIH Sponsor #246
NCT100006274,Industry,Industry Sponsor #41
NCT100006275,Industry,Industry Sponsor #38
NCT100006276,Other,Other Sponsor #241
NCT100006277,Other,Other Sponsor #114
NCT100006278,Industry,Industry Sponsor #31
NCT100006279,Industry,Industry Sponsor #118
NCT100006280,Industry,Industry Sponsor #35
NCT100006281,Industry,Industry Sponsor #337
NCT100006282,Industry,Industry Sponsor #29
NCT100006283,Industry,Industry Sponsor #366
NCT100006284,Other,Other Sponsor #278
NCT100006285,Industry,Industry Sponsor #361
NCT100006286,Industry,Industry Sponsor #392
NCT100006287,NIH,NIH Sponsor #244
NCT100006288,Other,Other Sponsor #298
NCT100006289,Other,Other Sponsor #292
NCT100006290,Industry,Industry Sponsor #172
NCT100006291,Other,Other Sponsor #72
NCT100006292,Industry,Industry Sponsor #119
NCT100006293,Industry,Industry Sponsor #149
NCT100006294,Industry,Industry Sponsor #180
NCT100006295,Industry,Industry Sponsor #283
NCT100006296,Other,Other Sponsor #367
NCT100006297,Other,Other Sponsor #156
NCT100006298,Other,Other Sponsor #2
NCT100006299,Other,Other Sponsor #268
NCT100006300,Industry,Industry Sponsor #358
NCT100006301,Industry,Industry Sponsor #94
NCT100006302,Industry,Industry Sponsor #284
NCT100006303,Industry,Industry Sponsor #267
NCT100006304,Industry,Industry Sponsor #372
NCT100006305,Industry,Industry Sponsor #2
NCT100006306,Other,Other Sponsor #272
NCT100006307,Other,Other Sponsor #218
NCT100006308,Industry,Industry Sponsor #218
NCT100006309,Industry,Industry Sponsor #180
NCT100006310,Other,Other Sponsor #168
NCT100006311,Other,Other Sponsor #227
NCT100006312,Industry,Industry Sponsor #169
NCT100006313,Industry,Industry Sponsor #164
NCT100006314,Industry,Industry Sponsor #388
NCT100006315,Industry,Industry Sponsor #148
NCT100006316,Other,Other Sponsor #391
NCT100006317,Industry,Industry Sponsor #61
NCT100006318,Other,Other Sponsor #224
NCT100006319,Industry,Industry Sponsor #183
NCT100006320,Industry,Industry Sponsor #18
NCT100006321,Industry,Industry Sponsor #293
NCT100006322,Other,Other Sponsor #171
NCT100006323,Other,Other Sponsor #260
NCT100006324,Industry,Industry Sponsor #85
NCT100006325,Other,Other Sponsor #20
NCT100006326,Industry,Industry Sponsor #152
NCT100006327,Other,Other Sponsor #323
NCT100006328,Other,Other Sponsor #21
NCT100006329,Other,Other Sponsor #10
NCT100006330,Industry,Industry Sponsor #254
NCT100006331,Other,Other Sponsor #379
NCT100006332,Other,Other Sponsor #255
NCT100006333,Other,Other Sponsor #274
NCT100006334,Other,Other Sponsor #309
NCT100006335,Industry,Industry Sponsor #130
NCT100006336,Industry,Industry Sponsor #58
NCT100006337,Industry,Industry Sponsor #304
NCT100006338,Other,Other Sponsor #300
NCT100006339,Other,Other Sponsor #251
NCT100006340,Other,Other Sponsor #316
NCT100006341,Other,Other Sponsor #173
NCT100006342,Industry,Industry Sponsor #43
NCT100006343,Other,Other Sponsor #136
NCT100006344,Industry,Industry Sponsor #177
NCT100006345,Other,Other Sponsor #147
NCT100006346,Other,Other Sponsor #59
NCT100006347,NIH,NIH Sponsor #220
NCT100006348,Industry,Industry Sponsor #127
NCT100006349,Industry,Industry Sponsor #244
NCT100006350,Other,Other Sponsor #134
NCT100006351,Industry,Industry Sponsor #181
NCT100006352,Industry,Industry Sponsor #102
NCT100006353,Other,Other Sponsor #131
NCT100006354,NIH,NIH Sponsor #68
NCT100006355,Industry,Industry Sponsor #278
NCT100006356,Industry,Industry Sponsor #89
NCT100006357,Industry,Industry Sponsor #158
NCT100006358,Industry,Industry Sponsor #54
NCT100006359,Industry,Industry Sponsor #80
NCT100006360,Other,Other Sponsor #223
NCT100006361,Other,Other Sponsor #150
NCT100006362,Industry,Industry Sponsor #352
NCT100006363,NIH,NIH Sponsor #38
NCT100006364,Other,Other Sponsor #373
NCT100006365,Other,Other Sponsor #3
NCT100006366,Other,Other Sponsor #108
NCT100006367,Industry,Industry Sponsor #398
NCT100006368,NIH,NIH Sponsor #155
NCT100006369,Industry,Industry Sponsor #53
NCT100006370,Industry,Industry Sponsor #6
NCT100006371,Industry,Industry Sponsor #306
NCT100006372,Other,Other Sponsor #188
NCT100006373,Other,Other Sponsor #289
NCT100006374,Industry,Industry Sponsor #163
NCT100006375,Industry,Industry Sponsor #257
NCT100006376,Industry,Industry Sponsor #204
NCT100006377,Other,Other Sponsor #74
NCT100006378,NIH,NIH Sponsor #173
NCT100006379,Industry,Industry Sponsor #219
NCT100006380,Industry,Industry Sponsor #272
NCT100006381,Industry,Industry Sponsor #298
NCT100006382,Other,Other Sponsor #33
NCT100006383,Industry,Industry Sponsor #217
NCT100006384,Industry,Industry Sponsor #215
NCT100006385,Other,Other Sponsor #59
NCT100006386,Industry,Industry Sponsor #270
NCT100006387,Other,Other Sponsor #100
NCT100006388,Industry,Industry Sponsor #379
NCT100006389,Industry,Industry Sponsor #334
NCT100006390,Other,Other Sponsor #268
NCT100006391,Industry,Industry Sponsor #61
NCT100006392,Other,Other Sponsor #295
NCT100006393,Industry,Industry Sponsor #152
NCT100006394,Other,Other Sponsor #251
NCT100006395,Industry,Industry Sponsor #160
NCT100006396,Industry,Industry Sponsor #323
NCT100006397,Industry,Industry Sponsor #205
NCT100006398,Industry,Industry Sponsor #185
NCT100006399,Industry,Industry Sponsor #253
NCT100006400,Industry,Industry Sponsor #17
NCT100006401,Other,Other Sponsor #40
NCT100006402,Industry,Industry Sponsor #122
NCT100006403,NIH,NIH Sponsor #60
NCT100006404,Industry,Industry Sponsor #103
NCT100006405,Other,Other Sponsor #90
NCT100006406,Industry,Industry Sponsor #381
NCT100006407,Other,Other Sponsor #195
NCT100006408,Other,Other Sponsor #4
NCT100006409,Industry,Industry Sponsor #152
NCT100006410,Other,Other Sponsor #327
NCT100006411,NIH,NIH Sponsor #3
NCT100006412,Other,Other Sponsor #184
NCT100006413,Industry,Industry Sponsor #242
NCT100006414,Industry,Industry Sponsor #15
NCT100006415,Other,Other Sponsor #193
NCT100006416,Industry,Industry Sponsor #12
NCT100006417,Industry,Industry Sponsor #226
NCT100006418,NIH,NIH Sponsor #44
NCT100006419,Other,Other Sponsor #320
NCT100006420,Industry,Industry Sponsor #268
NCT100006421,Other,Other Sponsor #51
NCT100006422,Other,Other Sponsor #133
NCT100006423,Industry,Industry Sponsor #160
NCT100006424,Other,Other Sponsor #228
NCT100006425,Other,Other Sponsor #294
NCT100006426,Industry,Industry Sponsor #163
NCT100006427,Other,Other Sponsor #4
NCT100006428,Other,Other Sponsor #199
NCT100006429,Other,Other Sponsor #273
NCT100006430,Industry,Industry Sponsor #45
NCT100006431,Other,Other Sponsor #195
NCT100006432,Industry,Industry Sponsor #341
NCT100006433,Other,Other Sponsor #364
NCT100006434,Industry,Industry Sponsor #63
NCT100006435,Other,Other Sponsor #339
NCT100006436,Other,Other Sponsor #150
NCT100006437,Other,Other Sponsor #118
NCT100006438,Industry,Industry Sponsor #262
NCT100006439,Other,Other Sponsor #179
NCT100006440,Industry,Industry Sponsor #217
NCT100006441,Other,Other Sponsor #132
NCT100006442,Industry,Industry Sponsor #298
NCT100006443,Industry,Industry Sponsor #53
NCT100006444,Other,Other Sponsor #115
NCT100006445,Other,Other Sponsor #388
NCT100006446,Other,Other Sponsor #275
NCT100006447,Industry,Industry Sponsor #393
NCT100006448,Other,Other Sponsor #143
NCT100006449,Industry,Industry Sponsor #115
NCT100006450,Industry,Industry Sponsor #18
NCT100006451,Industry,Industry Sponsor #186
NCT100006452,Industry,Industry Sponsor #3
NCT100006453,Other,Other Sponsor #168
NCT100006454,Industry,Industry Sponsor #318
NCT100006455,Other,Other Sponsor #182
NCT100006456,NIH,NIH Sponsor #272
NCT100006457,Industry,Industry Sponsor #106
NCT100006458,Industry,Industry Sponsor #47
NCT100006459,Other,Other Sponsor #326
NCT100006460,Industry,Industry Sponsor #314
NCT100006461,Other,Other Sponsor #258
NCT100006462,Other,Other Sponsor #299
NCT100006463,Industry,Industry Sponsor #83
NCT100006464,Industry,Industry Sponsor #178
NCT100006465,Industry,Industry Sponsor #220
NCT100006466,Other,Other Sponsor #134
NCT100006467,Industry,Industry Sponsor #97
NCT100006468,Industry,Industry Sponsor #131
NCT100006469,Industry,Industry Sponsor #312
NCT100006470,Industry,Industry Sponsor #58
NCT100006471,NIH,NIH Sponsor #74
NCT100006472,Industry,Industry Sponsor #169
NCT100006473,NIH,NIH Sponsor #379
NCT100006474,Other,Other Sponsor #203
NCT100006475,Industry,Industry Sponsor #77
NCT100006476,Other,Other Sponsor #66
NCT100006477,Industry,Industry Sponsor #326
NCT100006478,Industry,Industry Sponsor #191
NCT100006479,NIH,NIH Sponsor #398
NCT100006480,Other,Other Sponsor #117
NCT100006481,Industry,Industry Sponsor #361
NCT100006482,Other,Other Sponsor #156
NCT100006483,Industry,Industry Sponsor #181
NCT100006484,Industry,Industry Sponsor #64
NCT100006485,Other,Other Sponsor #72
NCT100006486,NIH,NIH Sponsor #108
NCT100006487,Industry,Industry Sponsor #279
NCT100006488,Other,Other Sponsor #277
NCT100006489,Other,Other Sponsor #380
NCT100006490,Other,Other Sponsor #344
NCT100006491,Industry,Industry Sponsor #158
NCT100006492,Industry,Industry Sponsor #120
NCT100006493,Industry,Industry Sponsor #371
NCT100006494,Industry,Industry Sponsor #92
NCT100006495,Industry,Industry Sponsor #70
NCT100006496,NIH,NIH Sponsor #85
NCT100006497,Industry,Industry Sponsor #395
NCT100006498,Other,Other Sponsor #381
NCT100006499,Industry,Industry Sponsor #32
NCT100006500,Industry,Industry Sponsor #36
NCT100006501,NIH,NIH Sponsor #113
NCT100006502,Other,Other Sponsor #131
NCT100006503,Industry,Industry Sponsor #397
NCT100006504,Industry,Industry Sponsor #71
NCT100006505,Industry,Industry Sponsor #245
NCT100006506,Other,Other Sponsor #355
NCT100006507,Industry,Industry Sponsor #76
NCT100006508,Industry,Industry Sponsor #69
NCT100006509,Other,Other Sponsor #226
NCT100006510,Industry,Industry Sponsor #383
NCT100006511,Other,Other Sponsor #12
NCT100006512,Other,Other Sponsor #310
NCT100006513,Other,Other Sponsor #143
NCT100006514,Industry,Industry Sponsor #357
NCT100006515,Other,Other Sponsor #162
NCT100006516,Other,Other Sponsor #354
NCT100006517,Industry,Industry Sponsor #90
NCT100006518,Other,Other Sponsor #306
NCT100006519,Other,Other Sponsor #41
NCT100006520,Other,Other Sponsor #323
NCT100006521,Industry,Industry Sponsor #222
NCT100006522,Other,Other Sponsor #151
NCT100006523,Industry,Industry Sponsor #320
NCT100006524,Industry,Industry Sponsor #226
NCT100006525,Industry,Industry Sponsor #298
NCT100006526,Industry,Industry Sponsor #43
NCT100006527,Other,Other Sponsor #260
NCT100006528,Industry,Industry Sponsor #337
NCT100006529,Industry,Industry Sponsor #12
NCT100006530,Industry,Industry Sponsor #37
NCT100006531,Other,Other Sponsor #248
NCT100006532,Other,Other Sponsor #21
NCT100006533,Industry,Industry Sponsor #242
NCT100006534,Industry,Industry Sponsor #131
NCT100006535,Other,Other Sponsor #311
NCT100006536,Other,Other Sponsor #261
NCT100006537,Other,Other Sponsor #324
NCT100006538,Other,Other Sponsor #364
NCT100006539,Other,Other Sponsor #48
NCT100006540,Other,Other Sponsor #157
NCT100006541,Industry,Industry Sponsor #390
NCT100006542,Other,Other Sponsor #330
NCT100006543,Industry,Industry Sponsor #385
NCT100006544,Other,Other Sponsor #131
NCT100006545,Industry,Industry Sponsor #76
NCT100006546,Industry,Industry Sponsor #65
NCT100006547,Industry,Industry Sponsor #218
NCT100006548,Industry,Industry Sponsor #98
NCT100006549,Industry,Industry Sponsor #333
NCT100006550,NIH,NIH Sponsor #8
NCT100006551,Other,Other Sponsor #60
NCT100006552,Industry,Industry Sponsor #376
NCT100006553,Other,Other Sponsor #229
NCT100006554,Other,Other Sponsor #182
NCT100006555,Industry,Industry Sponsor #10
NCT100006556,Industry,Industry Sponsor #328
NCT100006557,Other,Other Sponsor #200
NCT100006558,Industry,Industry Sponsor #138
NCT100006559,Other,Other Sponsor #386
NCT100006560,Other,Other Sponsor #2
NCT100006561,Other,Other Sponsor #400
NCT100006562,Other,Other Sponsor #271
NCT100006563,Industry,Industry Sponsor #285
NCT100006564,Industry,Industry Sponsor #81
NCT100006565,Industry,Industry Sponsor #313
NCT100006566,Industry,Industry Sponsor #136
NCT100006567,Other,Other Sponsor #355
NCT100006568,NIH,NIH Sponsor #53
NCT100006569,Other,Other Sponsor #270
NCT100006570,Industry,Industry Sponsor #34
NCT100006571,Other,Other Sponsor #12
NCT100006572,Industry,Industry Sponsor #199
NCT100006573,Industry,Industry Sponsor #261
NCT100006574,Industry,Industry Sponsor #101
NCT100006575,NIH,NIH Sponsor #395
NCT100006576,Other,Other Sponsor #367
NCT100006577,Industry,Industry Sponsor #357
NCT100006578,Other,Other Sponsor #61
NCT100006579,Industry,Industry Sponsor #127
NCT100006580,NIH,NIH Sponsor #49
NCT100006581,Industry,Industry Sponsor #75
NCT100006582,NIH,NIH Sponsor #31
NCT100006583,Other,Other Sponsor #112
NCT100006584,NIH,NIH Sponsor #247
NCT100006585,Industry,Industry Sponsor #125
NCT100006586,Other,Other Sponsor #167
NCT100006587,Other,Other Sponsor #230
NCT100006588,Industry,Industry Sponsor #105
NCT100006589,Other,Other Sponsor #102
NCT100006590,Industry,Industry Sponsor #336
NCT100006591,Industry,Industry Sponsor #368
NCT100006592,Industry,Industry Sponsor #341
NCT100006593,Industry,Industry Sponsor #270
NCT100006594,Industry,Industry Sponsor #197
NCT100006595,Industry,Industry Sponsor #85
NCT100006596,Industry,Industry Sponsor #384
NCT100006597,Industry,Industry Sponsor #73
NCT100006598,Other,Other Sponsor #53
NCT100006599,Other,Other Sponsor #353
NCT100006600,Industry,Industry Sponsor #271
NCT100006601,Industry,Industry Sponsor #108
NCT100006602,Industry,Industry Sponsor #166
NCT100006603,Other,Other Sponsor #47
NCT100006604,Other,Other Sponsor #341
NCT100006605,Other,Other Sponsor #213
NCT100006606,Industry,Industry Sponsor #228
NCT100006607,NIH,NIH Sponsor #338
NCT100006608,Other,Other Sponsor #88
NCT100006609,Other,Other Sponsor #81
NCT100006610,Industry,Industry Sponsor #196
NCT100006611,Industry,Industry Sponsor #333
NCT100006612,Industry,Industry Sponsor #370
NCT100006613,Industry,Industry Sponsor #365
NCT100006614,Industry,Industry Sponsor #125
NCT100006615,Other,Other Sponsor #322
NCT100006616,NIH,NIH Sponsor #360
NCT100006617,Industry,Industry Sponsor #132
NCT100006618,Industry,Industry Sponsor #87
NCT100006619,Other,Other Sponsor #135
NCT100006620,Other,Other Sponsor #173
NCT100006621,Other,Other Sponsor #60
NCT100006622,Industry,Industry Sponsor #285
NCT100006623,Other,Other Sponsor #182
NCT100006624,Other,Other Sponsor #167
NCT100006625,Industry,Industry Sponsor #143
NCT100006626,Other,Other Sponsor #323
NCT100006627,Industry,Industry Sponsor #169
NCT100006628,Other,Other Sponsor #91
NCT100006629,Other,Other Sponsor #151
NCT100006630,NIH,NIH Sponsor #151
NCT100006631,Industry,Industry Sponsor #225
NCT100006632,Other,Other Sponsor #185
NCT100006633,Industry,Industry Sponsor #240
NCT100006634,Industry,Industry Sponsor #236
NCT100006635,Industry,Industry Sponsor #353
NCT100006636,Industry,Industry Sponsor #4
NCT100006637,NIH,NIH Sponsor #146
NCT100006638,Other,Other Sponsor #247
NCT100006639,Other,Other Sponsor #82
NCT100006640,Industry,Industry Sponsor #133
NCT100006641,Industry,Industry Sponsor #91
NCT100006642,Industry,Industry Sponsor #238
NCT100006643,Industry,Industry Sponsor #24
NCT100006644,Other,Other Sponsor #322
NCT100006645,Industry,Industry Sponsor #15
NCT100006646,Industry,Industry Sponsor #273
NCT100006647,Other,Other Sponsor #77
NCT100006648,Other,Other Sponsor #87
NCT100006649,Industry,Industry Sponsor #173
NCT100006650,Industry,Industry Sponsor #386
NCT100006651,NIH,NIH Sponsor #178
NCT100006652,Other,Other Sponsor #28
NCT100006653,Other,Other Sponsor #97
NCT100006654,Industry,Industry Sponsor #282
NCT100006655,Industry,Industry Sponsor #238
NCT100006656,Other,Other Sponsor #103
NCT100006657,Other,Other Sponsor #224
NCT100006658,Industry,Industry Sponsor #124
NCT100006659,Other,Other Sponsor #32
NCT100006660,Other,Other Sponsor #274
NCT100006661,NIH,NIH Sponsor #126
NCT100006662,Industry,Industry Sponsor #313
NCT100006663,Industry,Industry Sponsor #336
NCT100006664,Industry,Industry Sponsor #59
NCT100006665,Other,Other Sponsor #61
NCT100006666,Industry,Industry Sponsor #278
NCT100006667,Industry,Industry Sponsor #196
NCT100006668,Other,Other Sponsor #177
NCT100006669,Other,Other Sponsor #185
NCT100006670,Industry,Industry Sponsor #130
NCT100006671,NIH,NIH Sponsor #390
NCT100006672,Other,Other Sponsor #355
NCT100006673,Industry,Industry Sponsor #384
NCT100006674,Industry,Industry Sponsor #2
NCT100006675,Other,Other Sponsor #170
NCT100006676,Industry,Industry Sponsor #79
NCT100006677,Other,Other Sponsor #299
NCT100006678,Other,Other Sponsor #291
NCT100006679,Industry,Industry Sponsor #212
NCT100006680,Industry,Industry Sponsor #64
NCT100006681,Industry,Industry Sponsor #331
NCT100006682,Other,Other Sponsor #148
NCT100006683,Industry,Industry Sponsor #100
NCT100006684,Other,Other Sponsor #306
NCT100006685,Industry,Industry Sponsor #279
NCT100006686,Industry,Industry Sponsor #335
NCT100006687,NIH,NIH Sponsor #400
NCT100006688,Industry,Industry Sponsor #108
NCT100006689,Industry,Industry Sponsor #54
NCT100006690,Industry,Industry Sponsor #366
NCT100006691,Industry,Industry Sponsor #397
NCT100006692,Industry,Industry Sponsor #256
NCT100006693,Industry,Industry Sponsor #260
NCT100006694,Industry,Industry Sponsor #249
NCT100006695,Other,Other Sponsor #76
NCT100006696,Industry,Industry Sponsor #298
NCT100006697,Industry,Industry Sponsor #186
NCT100006698,Industry,Industry Sponsor #321
NCT100006699,Industry,Industry Sponsor #90
NCT100006700,Industry,Industry Sponsor #6
NCT100006701,Industry,Industry Sponsor #33
NCT100006702,Industry,Industry Sponsor #190
NCT100006703,Industry,Industry Sponsor #280
NCT100006704,Industry,Industry Sponsor #313
NCT100006705,Industry,Industry Sponsor #272
NCT100006706,NIH,NIH Sponsor #178
NCT100006707,Other,Other Sponsor #23
NCT100006708,Industry,Industry Sponsor #277
NCT100006709,Other,Other Sponsor #94
NCT100006710,Industry,Industry Sponsor #361
NCT100006711,Industry,Industry Sponsor #296
NCT100006712,Industry,Industry Sponsor #285
NCT100006713,Industry,Industry Sponsor #398
NCT100006714,Industry,Industry Sponsor #270
NCT100006715,Other,Other Sponsor #164
NCT100006716,Other,Other Sponsor #40
NCT100006717,Industry,Industry Sponsor #174
NCT100006718,NIH,NIH Sponsor #370
NCT100006719,Industry,Industry Sponsor #231
NCT100006720,Other,Other Sponsor #223
NCT100006721,Industry,Industry Sponsor #267
NCT100006722,Industry,Industry Sponsor #227
NCT100006723,Industry,Industry Sponsor #358
NCT100006724,Industry,Industry Sponsor #176
NCT100006725,NIH,NIH Sponsor #233
NCT100006726,Industry,Industry Sponsor #70
NCT100006727,Other,Other Sponsor #397
NCT100006728,Industry,Industry Sponsor #120
NCT100006729,Other,Other Sponsor #104
NCT100006730,Industry,Industry Sponsor #130
NCT100006731,Industry,Industry Sponsor #221
NCT100006732,Industry,Industry Sponsor #27
NCT100006733,Other,Other Sponsor #157
NCT100006734,Industry,Industry Sponsor #3
NCT100006735,Industry,Industry Sponsor #147
NCT100006736,Industry,Industry Sponsor #19
NCT100006737,NIH,NIH Sponsor #183
NCT100006738,Other,Other Sponsor #128
NCT100006739,Industry,Industry Sponsor #205
NCT100006740,Other,Other Sponsor #81
NCT100006741,Other,Other Sponsor #346
NCT100006742,Industry,Industry Sponsor #102
NCT100006743,Industry,Industry Sponsor #397
NCT100006744,Industry,Industry Sponsor #342
NCT100006745,Other,Other Sponsor #343
NCT100006746,Industry,Industry Sponsor #76
NCT100006747,NIH,NIH Sponsor #344
NCT100006748,Other,Other Sponsor #32
NCT100006749,Industry,Industry Sponsor #41
NCT100006750,Industry,Industry Sponsor #181
NCT100006751,Industry,Industry Sponsor #328
NCT100006752,Other,Other Sponsor #166
NCT100006753,Other,Other Sponsor #117
NCT100006754,Other,Other Sponsor #11
NCT100006755,Industry,Industry Sponsor #148
NCT100006756,Industry,Industry Sponsor #269
NCT100006757,Other,Other Sponsor #28
NCT100006758,Industry,Industry Sponsor #392
NCT100006759,Industry,Industry Sponsor #379
NCT100006760,Other,Other Sponsor #322
NCT100006761,NIH,NIH Sponsor #150
NCT100006762,Industry,Industry Sponsor #133
NCT100006763,Industry,Industry Sponsor #310
NCT100006764,Other,Other Sponsor #265
NCT100006765,Industry,Industry Sponsor #291
NCT100006766,Industry,Industry Sponsor #180
NCT100006767,Other,Other Sponsor #105
NCT100006768,Industry,Industry Sponsor #334
NCT100006769,NIH,NIH Sponsor #166
NCT100006770,Other,Other Sponsor #354
NCT100006771,Industry,Industry Sponsor #37
NCT100006772,Industry,Industry Sponsor #41
NCT100006773,Other,Other Sponsor #112
NCT100006774,Industry,Industry Sponsor #13
NCT100006775,Industry,Industry Sponsor #228
NCT100006776,Other,Other Sponsor #104
NCT100006777,Industry,Industry Sponsor #311
NCT100006778,Industry,Industry Sponsor #381
NCT100006779,Industry,Industry Sponsor #169
NCT100006780,Other,Other Sponsor #100
NCT100006781,Industry,Industry Sponsor #56
NCT100006782,Other,Other Sponsor #232
NCT100006783,Other,Other Sponsor #10
NCT100006784,NIH,NIH Sponsor #85
NCT100006785,Other,Other Sponsor #253
NCT100006786,Industry,Industry Sponsor #229
NCT100006787,Other,Other Sponsor #254
NCT100006788,NIH,NIH Sponsor #49
NCT100006789,Industry,Industry Sponsor #11
NCT100006790,Industry,Industry Sponsor #289
NCT100006791,Other,Other Sponsor #29
NCT100006792,Other,Other Sponsor #334
NCT100006793,NIH,NIH Sponsor #111
NCT100006794,NIH,NIH Sponsor #351
NCT100006795,Other,Other Sponsor #96
NCT100006796,Industry,Industry Sponsor #40
NCT100006797,Other,Other Sponsor #252
NCT100006798,Industry,Industry Sponsor #50
NCT100006799,NIH,NIH Sponsor #59
NCT100006800,Industry,Industry Sponsor #295
NCT100006801,NIH,NIH Sponsor #295
NCT100006802,Industry,Industry Sponsor #118
NCT100006803,Other,Other Sponsor #346
NCT100006804,Industry,Industry Sponsor #16
NCT100006805,Other,Other Sponsor #297
NCT100006806,Industry,Industry Sponsor #40
NCT100006807,Other,Other Sponsor #369
NCT100006808,Other,Other Sponsor #1
NCT100006809,Other,Other Sponsor #215
NCT100006810,Other,Other Sponsor #302
NCT100006811,Industry,Industry Sponsor #267
NCT100006812,Other,Other Sponsor #125
NCT100006813,Industry,Industry Sponsor #61
NCT100006814,Other,Other Sponsor #193
NCT100006815,Other,Other Sponsor #105
NCT100006816,Industry,Industry Sponsor #271
NCT100006817,Industry,Industry Sponsor #333
NCT100006818,Industry,Industry Sponsor #26
NCT100006819,Industry,Industry Sponsor #236
NCT100006820,Industry,Industry Sponsor #294
NCT100006821,Other,Other Sponsor #295
NCT100006822,Other,Other Sponsor #282
NCT100006823,Industry,Industry Sponsor #310
NCT100006824,Other,Other Sponsor #265
NCT100006825,NIH,NIH Sponsor #259
NCT100006826,Other,Other Sponsor #380
NCT100006827,Industry,Industry Sponsor #258
NCT100006828,Other,Other Sponsor #366
NCT100006829,Other,Other Sponsor #182
NCT100006830,Other,Other Sponsor #232
NCT100006831,Industry,Industry Sponsor #268
NCT100006832,Industry,Industry Sponsor #386
NCT100006833,Industry,Industry Sponsor #167
NCT100006834,Industry,Industry Sponsor #111
NCT100006835,Industry,Industry Sponsor #44
NCT100006836,Industry,Industry Sponsor #124
NCT100006837,Industry,Industry Sponsor #305
NCT100006838,Industry,Industry Sponsor #395
NCT100006839,Industry,Industry Sponsor #316
NCT100006840,NIH,NIH Sponsor #361
NCT100006841,Other,Other Sponsor #11
NCT100006842,Other,Other Sponsor #150
NCT100006843,Other,Other Sponsor #200
NCT100006844,Other,Other Sponsor #143
NCT100006845,Other,Other Sponsor #16
NCT100006846,Industry,Industry Sponsor #348
NCT100006847,Industry,Industry Sponsor #360
NCT100006848,Other,Other Sponsor #31
NCT100006849,Other,Other Sponsor #48
NCT100006850,Industry,Industry Sponsor #352
NCT100006851,Industry,Industry Sponsor #52
NCT100006852,Other,Other Sponsor #186
NCT100006853,Industry,Industry Sponsor #207
NCT100006854,Other,Other Sponsor #227
NCT100006855,NIH,NIH Sponsor #85
NCT100006856,Other,Other Sponsor #190
NCT100006857,Other,Other Sponsor #268
NCT100006858,Other,Other Sponsor #309
NCT100006859,Industry,Industry Sponsor #108
NCT100006860,Industry,Industry Sponsor #105
NCT100006861,Industry,Industry Sponsor #61
NCT100006862,Industry,Industry Sponsor #113
NCT100006863,Industry,Industry Sponsor #292
NCT100006864,Other,Other Sponsor #224
NCT100006865,Other,Other Sponsor #7
NCT100006866,Industry,Industry Sponsor #268
NCT100006867,Industry,Industry Sponsor #22
NCT100006868,Industry,Industry Sponsor #178
NCT100006869,Other,Other Sponsor #12
NCT100006870,Other,Other Sponsor #195
NCT100006871,Industry,Industry Sponsor #70
NCT100006872,Other,Other Sponsor #236
NCT100006873,Industry,Industry Sponsor #326
NCT100006874,Other,Other Sponsor #228
NCT100006875,Other,Other Sponsor #357
NCT100006876,Other,Other Sponsor #301
NCT100006877,Other,Other Sponsor #171
NCT100006878,NIH,NIH Sponsor #39
NCT100006879,Other,Other Sponsor #170
NCT100006880,Other,Other Sponsor #389
NCT100006881,Industry,Industry Sponsor #197
NCT100006882,Industry,Industry Sponsor #106
NCT100006883,Other,Other Sponsor #290
NCT100006884,Industry,Industry Sponsor #348
NCT100006885,Industry,Industry Sponsor #334
NCT100006886,Industry,Industry Sponsor #337
NCT100006887,NIH,NIH Sponsor #75
NCT100006888,Industry,Industry Sponsor #359
NCT100006889,Industry,Industry Sponsor #325
NCT100006890,Other,Other Sponsor #213
NCT100006891,Industry,Industry Sponsor #87
NCT100006892,Other,Other Sponsor #347
NCT100006893,Other,Other Sponsor #47
NCT100006894,NIH,NIH Sponsor #105
NCT100006895,Industry,Industry Sponsor #333
NCT100006896,Industry,Industry Sponsor #140
NCT100006897,Industry,Industry Sponsor #221
NCT100006898,Industry,Industry Sponsor #115
NCT100006899,Other,Other Sponsor #156
NCT100006900,Industry,Industry Sponsor #241
NCT100006901,Other,Other Sponsor #134
NCT100006902,Other,Other Sponsor #270
NCT100006903,NIH,NIH Sponsor #355
NCT100006904,Industry,Industry Sponsor #226
NCT100006905,Industry,Industry Sponsor #69
NCT100006906,Other,Other Sponsor #91
NCT100006907,Industry,Industry Sponsor #41
NCT100006908,Industry,Industry Sponsor #134
NCT100006909,Industry,Industry Sponsor #46
NCT100006910,NIH,NIH Sponsor #22
NCT100006911,Other,Other Sponsor #166
NCT100006912,Industry,Industry Sponsor #334
NCT100006913,Other,Other Sponsor #290
NCT100006914,Industry,Industry Sponsor #387
NCT100006915,Other,Other Sponsor #207
NCT100006916,Other,Other Sponsor #324
NCT100006917,NIH,NIH Sponsor #223
NCT100006918,Other,Other Sponsor #58
NCT100006919,Industry,Industry Sponsor #296
NCT100006920,Industry,Industry Sponsor #341
NCT100006921,Industry,Industry Sponsor #303
NCT100006922,Other,Other Sponsor #77
NCT100006923,Industry,Industry Sponsor #174
NCT100006924,Industry,Industry Sponsor #114
NCT100006925,Industry,Industry Sponsor #114
NCT100006926,Industry,Industry Sponsor #283
NCT100006927,Industry,Industry Sponsor #48
NCT100006928,Industry,Industry Sponsor #3
NCT100006929,Other,Other Sponsor #185
NCT100006930,Other,Other Sponsor #31
NCT100006931,Other,Other Sponsor #110
NCT100006932,Industry,Industry Sponsor #281
NCT100006933,Industry,Industry Sponsor #179
NCT100006934,Other,Other Sponsor #83
NCT100006935,Industry,Industry Sponsor #206
NCT100006936,Other,Other Sponsor #264
NCT100006937,Other,Other Sponsor #276
NCT100006938,Industry,Industry Sponsor #2
NCT100006939,Industry,Industry Sponsor #117
NCT100006940,Industry,Industry Sponsor #46
NCT100006941,Other,Other Sponsor #59
NCT100006942,Industry,Industry Sponsor #152
NCT100006943,Other,Other Sponsor #26
NCT100006944,Other,Other Sponsor #180
NCT100006945,Industry,Industry Sponsor #70
NCT100006946,Industry,Industry Sponsor #313
NCT100006947,Industry,Industry Sponsor #268
NCT100006948,Industry,Industry Sponsor #102
NCT100006949,Industry,Industry Sponsor #7
NCT100006950,Industry,Industry Sponsor #339
NCT100006951,Industry,Industry Sponsor #96
NCT100006952,Other,Other Sponsor #137
NCT100006953,Other,Other Sponsor #180
NCT100006954,Industry,Industry Sponsor #105
NCT100006955,NIH,NIH Sponsor #14
NCT100006956,Industry,Industry Sponsor #182
NCT100006957,Industry,Industry Sponsor #196
NCT100006958,Other,Other Sponsor #193
NCT100006959,Industry,Industry Sponsor #25
NCT100006960,Other,Other Sponsor #157
NCT100006961,Industry,Industry Sponsor #8
NCT100006962,Industry,Industry Sponsor #177
NCT100006963,Other,Other Sponsor #350
NCT100006964,Other,Other Sponsor #372
NCT100006965,NIH,NIH Sponsor #63
NCT100006966,Industry,Industry Sponsor #106
NCT100006967,Other,Other Sponsor #8
NCT100006968,Industry,Industry Sponsor #149
NCT100006969,Industry,Industry Sponsor #73
NCT100006970,Industry,Industry Sponsor #7
NCT100006971,NIH,NIH Sponsor #151
NCT100006972,Industry,Industry Sponsor #60
NCT100006973,Industry,Industry Sponsor #330
NCT100006974,Other,Other Sponsor #191
NCT100006975,NIH,NIH Sponsor #84
NCT100006976,Industry,Industry Sponsor #112
NCT100006977,Industry,Industry Sponsor #347
NCT100006978,Other,Other Sponsor #208
NCT100006979,Industry,Industry Sponsor #230
NCT100006980,NIH,NIH Sponsor #197
NCT100006981,Other,Other Sponsor #182
NCT100006982,Other,Other Sponsor #138
NCT100006983,Industry,Industry Sponsor #339
NCT100006984,Industry,Industry Sponsor #270
NCT100006985,Other,Other Sponsor #62
NCT100006986,Industry,Industry Sponsor #147
NCT100006987,Industry,Industry Sponsor #247
NCT100006988,Industry,Industry Sponsor #179
NCT100006989,Other,Other Sponsor #334
NCT100006990,Industry,Industry Sponsor #207
NCT100006991,Other,Other Sponsor #310
NCT100006992,Industry,Industry Sponsor #188
NCT100006993,Other,Other Sponsor #272
NCT100006994,Industry,Industry Sponsor #67
NCT100006995,Industry,Industry Sponsor #88
NCT100006996,Other,Other Sponsor #280
NCT100006997,Industry,Industry Sponsor #354
NCT100006998,Other,Other Sponsor #302
NCT100006999,Industry,Industry Sponsor #398
NCT100007000,Industry,Industry Sponsor #147
NCT100007001,Other,Other Sponsor #354
NCT100007002,Other,Other Sponsor #68
NCT100007003,Other,Other Sponsor #39
NCT100007004,Industry,Industry Sponsor #274
NCT100007005,Industry,Industry Sponsor #27
NCT100007006,Other,Other Sponsor #267
NCT100007007,Industry,Industry Sponsor #8
NCT100007008,Other,Other Sponsor #37
NCT100007009,Industry,Industry Sponsor #39
NCT100007010,Industry,Industry Sponsor #309
NCT100007011,Other,Other Sponsor #285
NCT100007012,Industry,Industry Sponsor #293
NCT100007013,Other,Other Sponsor #265
NCT100007014,Industry,Industry Sponsor #262
NCT100007015,Other,Other Sponsor #400
NCT100007016,Industry,Industry Sponsor #34
NCT100007017,Other,Other Sponsor #40
NCT100007018,Industry,Industry Sponsor #82
NCT100007019,Industry,Industry Sponsor #229
NCT100007020,Industry,Industry Sponsor #332
NCT100007021,Other,Other Sponsor #232
NCT100007022,Industry,Industry Sponsor #313
NCT100007023,Industry,Industry Sponsor #299
NCT100007024,Industry,Industry Sponsor #304
NCT100007025,Industry,Industry Sponsor #125
NCT100007026,Industry,Industry Sponsor #140
NCT100007027,Industry,Industry Sponsor #269
NCT100007028,Industry,Industry Sponsor #120
NCT100007029,Other,Other Sponsor #358
NCT100007030,Other,Other Sponsor #98
NCT100007031,Industry,Industry Sponsor #94
NCT100007032,Industry,Industry Sponsor #246
NCT100007033,NIH,NIH Sponsor #37
NCT100007034,Industry,Industry Sponsor #302
NCT100007035,Industry,Industry Sponsor #16
NCT100007036,Other,Other Sponsor #282
NCT100007037,Industry,Industry Sponsor #398
NCT100007038,Other,Other Sponsor #372
NCT100007039,Industry,Industry Sponsor #17
NCT100007040,NIH,NIH Sponsor #22
NCT100007041,Industry,Industry Sponsor #155
NCT100007042,NIH,NIH Sponsor #351
NCT100007043,Other,Other Sponsor #162
NCT100007044,Other,Other Sponsor #60
NCT100007045,Industry,Industry Sponsor #195
NCT100007046,Industry,Industry Sponsor #194
NCT100007047,Other,Other Sponsor #238
NCT100007048,Industry,Industry Sponsor #199
NCT100007049,Other,Other Sponsor #202
NCT100007050,Other,Other Sponsor #11
NCT100007051,Industry,Industry Sponsor #159
NCT100007052,Industry,Industry Sponsor #361
NCT100007053,Industry,Industry Sponsor #148
NCT100007054,Other,Other Sponsor #270
NCT100007055,Other,Other Sponsor #289
NCT100007056,Industry,Industry Sponsor #311
NCT100007057,Other,Other Sponsor #36
NCT100007058,Other,Other Sponsor #226
NCT100007059,Industry,Industry Sponsor #199
NCT100007060,Industry,Industry Sponsor #108
NCT100007061,Industry,Industry Sponsor #349
NCT100007062,Industry,Industry Sponsor #248
NCT100007063,Other,Other Sponsor #308
NCT100007064,NIH,NIH Sponsor #169
NCT100007065,Industry,Industry Sponsor #172
NCT100007066,Industry,Industry Sponsor #353
NCT100007067,Other,Other Sponsor #194
NCT100007068,Other,Other Sponsor #199
NCT100007069,Industry,Industry Sponsor #310
NCT100007070,Industry,Industry Sponsor #41
NCT100007071,Industry,Industry Sponsor #372
NCT100007072,Other,Other Sponsor #143
NCT100007073,Industry,Industry Sponsor #372
NCT100007074,Industry,Industry Sponsor #236
NCT100007075,Other,Other Sponsor #47
NCT100007076,Industry,Industry Sponsor #230
NCT100007077,Industry,Industry Sponsor #268
NCT100007078,Other,Other Sponsor #246
NCT100007079,Industry,Industry Sponsor #345
NCT100007080,Industry,Industry Sponsor #314
NCT100007081,Industry,Industry Sponsor #399
NCT100007082,Industry,Industry Sponsor #377
NCT100007083,Other,Other Sponsor #392
NCT100007084,Industry,Industry Sponsor #102
NCT100007085,Other,Other Sponsor #216
NCT100007086,Industry,Industry Sponsor #142
NCT100007087,Industry,Industry Sponsor #138
NCT100007088,Industry,Industry Sponsor #195
NCT100007089,Other,Other Sponsor #272
NCT100007090,Industry,Industry Sponsor #346
NCT100007091,Other,Other Sponsor #148
NCT100007092,Industry,Industry Sponsor #41
NCT100007093,Other,Other Sponsor #154
NCT100007094,Industry,Industry Sponsor #234
NCT100007095,Industry,Industry Sponsor #214
NCT100007096,Other,Other Sponsor #293
NCT100007097,Other,Other Sponsor #316
NCT100007098,NIH,NIH Sponsor #165
NCT100007099,Other,Other Sponsor #90
NCT100007100,Industry,Industry Sponsor #40
NCT100007101,Other,Other Sponsor #126
NCT100007102,Industry,Industry Sponsor #220
NCT100007103,Other,Other Sponsor #338
NCT100007104,Other,Other Sponsor #89
NCT100007105,Industry,Industry Sponsor #386
NCT100007106,Industry,Industry Sponsor #154
NCT100007107,Other,Other Sponsor #93
NCT100007108,Other,Other Sponsor #217
NCT100007109,Industry,Industry Sponsor #128
NCT100007110,Industry,Industry Sponsor #38
NCT100007111,Industry,Industry Sponsor #46
NCT100007112,Other,Other Sponsor #71
NCT100007113,Industry,Industry Sponsor #365
NCT100007114,NIH,NIH Sponsor #331
NCT100007115,Other,Other Sponsor #304
NCT100007116,Industry,Industry Sponsor #61
NCT100007117,Industry,Industry Sponsor #129
NCT100007118,Other,Other Sponsor #9
NCT100007119,Other,Other Sponsor #295
NCT100007120,NIH,NIH Sponsor #176
NCT100007121,Industry,Industry Sponsor #375
NCT100007122,Industry,Industry Sponsor #13
NCT100007123,Other,Other Sponsor #196
NCT100007124,Industry,Industry Sponsor #376
NCT100007125,NIH,NIH Sponsor #107
NCT100007126,Industry,Industry Sponsor #261
NCT100007127,Industry,Industry Sponsor #272
NCT100007128,Other,Other Sponsor #125
NCT100007129,Other,Other Sponsor #288
NCT100007130,NIH,NIH Sponsor #268
NCT100007131,Other,Other Sponsor #215
NCT100007132,Industry,Industry Sponsor #108
NCT100007133,Industry,Industry Sponsor #232
NCT100007134,Industry,Industry Sponsor #249
NCT100007135,Industry,Industry Sponsor #25
NCT100007136,Other,Other Sponsor #273
NCT100007137,Industry,Industry Sponsor #323
NCT100007138,Industry,Industry Sponsor #248
NCT100007139,Other,Other Sponsor #35
NCT100007140,Industry,Industry Sponsor #349
NCT100007141,Other,Other Sponsor #327
NCT100007142,Industry,Industry Sponsor #15
NCT100007143,Industry,Industry Sponsor #188
NCT100007144,Industry,Industry Sponsor #391
NCT100007145,Industry,Industry Sponsor #269
NCT100007146,Other,Other Sponsor #31
NCT100007147,Other,Other Sponsor #365
NCT100007148,Industry,Industry Sponsor #285
NCT100007149,Industry,Industry Sponsor #154
NCT100007150,Industry,Industry Sponsor #25
NCT100007151,Other,Other Sponsor #233
NCT100007152,Industry,Industry Sponsor #21
NCT100007153,Industry,Industry Sponsor #242
NCT100007154,Other,Other Sponsor #377
NCT100007155,Other,Other Sponsor #379
NCT100007156,Industry,Industry Sponsor #116
NCT100007157,Other,Other Sponsor #302
NCT100007158,Other,Other Sponsor #11
NCT100007159,Industry,Industry Sponsor #248
NCT100007160,Industry,Industry Sponsor #395
NCT100007161,Other,Other Sponsor #109
NCT100007162,Industry,Industry Sponsor #17
NCT100007163,Other,Other Sponsor #135
NCT100007164,Other,Other Sponsor #149
NCT100007165,Industry,Industry Sponsor #242
NCT100007166,Other,Other Sponsor #84
NCT100007167,Other,Other Sponsor #15
NCT100007168,Other,Other Sponsor #327
NCT100007169,Other,Other Sponsor #86
NCT100007170,Other,Other Sponsor #204
NCT100007171,Industry,Industry Sponsor #208
NCT100007172,Other,Other Sponsor #338
NCT100007173,Other,Other Sponsor #171
NCT100007174,Other,Other Sponsor #38
NCT100007175,Industry,Industry Sponsor #222
NCT100007176,Industry,Industry Sponsor #311
NCT100007177,Industry,Industry Sponsor #96
NCT100007178,Other,Other Sponsor #292
NCT100007179,Industry,Industry Sponsor #192
NCT100007180,Other,Other Sponsor #334
NCT100007181,Industry,Industry Sponsor #371
NCT100007182,Other,Other Sponsor #226
NCT100007183,Other,Other Sponsor #195
NCT100007184,Other,Other Sponsor #252
NCT100007185,Other,Other Sponsor #329
NCT100007186,Other,Other Sponsor #47
NCT100007187,Other,Other Sponsor #223
NCT100007188,Other,Other Sponsor #204
NCT100007189,Other,Other Sponsor #180
NCT100007190,Industry,Industry Sponsor #209
NCT100007191,Other,Other Sponsor #256
NCT100007192,Industry,Industry Sponsor #134
NCT100007193,Industry,Industry Sponsor #252
NCT100007194,Industry,Industry Sponsor #309
NCT100007195,Other,Other Sponsor #13
NCT100007196,Industry,Industry Sponsor #287
NCT100007197,Industry,Industry Sponsor #194
NCT100007198,Industry,Industry Sponsor #96
NCT100007199,Other,Other Sponsor #239
NCT100007200,Industry,Industry Sponsor #319
NCT100007201,Other,Other Sponsor #367
NCT100007202,Other,Other Sponsor #170
NCT100007203,Industry,Industry Sponsor #127
NCT100007204,Industry,Industry Sponsor #233
NCT100007205,Industry,Industry Sponsor #226
NCT100007206,Other,Other Sponsor #215
NCT100007207,Industry,Industry Sponsor #128
NCT100007208,Industry,Industry Sponsor #101
NCT100007209,Other,Other Sponsor #66
NCT100007210,Other,Other Sponsor #61
NCT100007211,Other,Other Sponsor #159
NCT100007212,Industry,Industry Sponsor #135
NCT100007213,Industry,Industry Sponsor #345
NCT100007214,Other,Other Sponsor #87
NCT100007215,Industry,Industry Sponsor #287
NCT100007216,Industry,Industry Sponsor #251
NCT100007217,Other,Other Sponsor #309
NCT100007218,Industry,Industry Sponsor #292
NCT100007219,Industry,Industry Sponsor #388
NCT100007220,Other,Other Sponsor #134
NCT100007221,Other,Other Sponsor #356
NCT100007222,Industry,Industry Sponsor #328
NCT100007223,Industry,Industry Sponsor #122
NCT100007224,Industry,Industry Sponsor #7
NCT100007225,Industry,Industry Sponsor #270
NCT100007226,Industry,Industry Sponsor #100
NCT100007227,Industry,Industry Sponsor #246
NCT100007228,Other,Other Sponsor #37
NCT100007229,Other,Other Sponsor #88
NCT100007230,Other,Other Sponsor #188
NCT100007231,Other,Other Sponsor #288
NCT100007232,Other,Other Sponsor #376
NCT100007233,Other,Other Sponsor #80
NCT100007234,Other,Other Sponsor #299
NCT100007235,NIH,NIH Sponsor #277
NCT100007236,Industry,Industry Sponsor #313
NCT100007237,Industry,Industry Sponsor #259
NCT100007238,Other,Other Sponsor #336
NCT100007239,Industry,Industry Sponsor #340
NCT100007240,Other,Other Sponsor #107
NCT100007241,Industry,Industry Sponsor #308
NCT100007242,Industry,Industry Sponsor #338
NCT100007243,NIH,NIH Sponsor #315
NCT100007244,Industry,Industry Sponsor #37
NCT100007245,Industry,Industry Sponsor #144
NCT100007246,Other,Other Sponsor #132
NCT100007247,Industry,Industry Sponsor #400
NCT100007248,Industry,Industry Sponsor #253
NCT100007249,Other,Other Sponsor #11
NCT100007250,Industry,Industry Sponsor #341
NCT100007251,NIH,NIH Sponsor #358
NCT100007252,Other,Other Sponsor #308
NCT100007253,Other,Other Sponsor #400
NCT100007254,Industry,Industry Sponsor #350
NCT100007255,Industry,Industry Sponsor #177
NCT100007256,Other,Other Sponsor #158
NCT100007257,Industry,Industry Sponsor #353
NCT100007258,Industry,Industry Sponsor #235
NCT100007259,Industry,Industry Sponsor #68
NCT100007260,Industry,Industry Sponsor #30
NCT100007261,Other,Other Sponsor #395
NCT100007262,Other,Other Sponsor #348
NCT100007263,Other,Other Sponsor #177
NCT100007264,Other,Other Sponsor #397
NCT100007265,Industry,Industry Sponsor #185
NCT100007266,Industry,Industry Sponsor #197
NCT100007267,Industry,Industry Sponsor #257
NCT100007268,Industry,Industry Sponsor #243
NCT100007269,Industry,Industry Sponsor #208
NCT100007270,Industry,Industry Sponsor #70
NCT100007271,Industry,Industry Sponsor #61
NCT100007272,Other,Other Sponsor #392
NCT100007273,Other,Other Sponsor #34
NCT100007274,Industry,Industry Sponsor #226
NCT100007275,Industry,Industry Sponsor #269
NCT100007276,NIH,NIH Sponsor #237
NCT100007277,Industry,Industry Sponsor #227
NCT100007278,Industry,Industry Sponsor #136
NCT100007279,Industry,Industry Sponsor #225
NCT100007280,Industry,Industry Sponsor #241
NCT100007281,Other,Other Sponsor #200
NCT100007282,Other,Other Sponsor #201
NCT100007283,Other,Other Sponsor #373
NCT100007284,Industry,Industry Sponsor #213
NCT100007285,Industry,Industry Sponsor #19
NCT100007286,Industry,Industry Sponsor #11
NCT100007287,Industry,Industry Sponsor #273
NCT100007288,Industry,Industry Sponsor #227
NCT100007289,Other,Other Sponsor #88
NCT100007290,Industry,Industry Sponsor #108
NCT100007291,Industry,Industry Sponsor #158
NCT100007292,Other,Other Sponsor #368
NCT100007293,Other,Other Sponsor #384
NCT100007294,Industry,Industry Sponsor #393
NCT100007295,Industry,Industry Sponsor #171
NCT100007296,Industry,Industry Sponsor #69
NCT100007297,Industry,Industry Sponsor #18
NCT100007298,Industry,Industry Sponsor #249
NCT100007299,Industry,Industry Sponsor #2
NCT100007300,Industry,Industry Sponsor #204
NCT100007301,NIH,NIH Sponsor #254
NCT100007302,Industry,Industry Sponsor #46
NCT100007303,Other,Other Sponsor #67
NCT100007304,Industry,Industry Sponsor #338
NCT100007305,Industry,Industry Sponsor #73
NCT100007306,Industry,Industry Sponsor #132
NCT100007307,Other,Other Sponsor #122
NCT100007308,Other,Other Sponsor #314
NCT100007309,Industry,Industry Sponsor #243
NCT100007310,Industry,Industry Sponsor #386
NCT100007311,Other,Other Sponsor #113
NCT100007312,Industry,Industry Sponsor #33
NCT100007313,Other,Other Sponsor #399
NCT100007314,NIH,NIH Sponsor #177
NCT100007315,Other,Other Sponsor #2
NCT100007316,Industry,Industry Sponsor #148
NCT100007317,Other,Other Sponsor #233
NCT100007318,Other,Other Sponsor #166
NCT100007319,Other,Other Sponsor #166
NCT100007320,Industry,Industry Sponsor #365
NCT100007321,Industry,Industry Sponsor #10
NCT100007322,NIH,NIH Sponsor #220
NCT100007323,Industry,Industry Sponsor #175
NCT100007324,Other,Other Sponsor #26
NCT100007325,Other,Other Sponsor #284
NCT100007326,Other,Other Sponsor #148
NCT100007327,NIH,NIH Sponsor #123
NCT100007328,Other,Other Sponsor #14
NCT100007329,Other,Other Sponsor #338
NCT100007330,Other,Other Sponsor #291
NCT100007331,Other,Other Sponsor #195
NCT100007332,Industry,Industry Sponsor #378
NCT100007333,Other,Other Sponsor #394
NCT100007334,Industry,Industry Sponsor #111
NCT100007335,Industry,Industry Sponsor #21
NCT100007336,Other,Other Sponsor #66
NCT100007337,Other,Other Sponsor #241
NCT100007338,Other,Other Sponsor #102
NCT100007339,Industry,Industry Sponsor #280
NCT100007340,Industry,Industry Sponsor #94
NCT100007341,Industry,Industry Sponsor #82
NCT100007342,Other,Other Sponsor #370
NCT100007343,Industry,Industry Sponsor #112
NCT100007344,Industry,Industry Sponsor #298
NCT100007345,Other,Other Sponsor #154
NCT100007346,Industry,Industry Sponsor #80
NCT100007347,Other,Other Sponsor #331
NCT100007348,Other,Other Sponsor #179
NCT100007349,Other,Other Sponsor #97
NCT100007350,Industry,Industry Sponsor #176
NCT100007351,Industry,Industry Sponsor #299
NCT100007352,Other,Other Sponsor #12
NCT100007353,Other,Other Sponsor #247
NCT100007354,Other,Other Sponsor #245
NCT100007355,Other,Other Sponsor #247
NCT100007356,Industry,Industry Sponsor #156
NCT100007357,Industry,Industry Sponsor #323
NCT100007358,Industry,Industry Sponsor #331
NCT100007359,Other,Other Sponsor #70
NCT100007360,Other,Other Sponsor #383
NCT100007361,Industry,Industry Sponsor #343
NCT100007362,Industry,Industry Sponsor #189
NCT100007363,Industry,Industry Sponsor #217
NCT100007364,Industry,Industry Sponsor #292
NCT100007365,Industry,Industry Sponsor #103
NCT100007366,Industry,Industry Sponsor #389
NCT100007367,Industry,Industry Sponsor #376
NCT100007368,Industry,Industry Sponsor #31
NCT100007369,Industry,Industry Sponsor #137
NCT100007370,Industry,Industry Sponsor #211
NCT100007371,Other,Other Sponsor #373
NCT100007372,Industry,Industry Sponsor #206
NCT100007373,Industry,Industry Sponsor #225
NCT100007374,Industry,Industry Sponsor #120
NCT100007375,Industry,Industry Sponsor #36
NCT100007376,Other,Other Sponsor #395
NCT100007377,Industry,Industry Sponsor #58
NCT100007378,Other,Other Sponsor #132
NCT100007379,Other,Other Sponsor #87
NCT100007380,Industry,Industry Sponsor #292
NCT100007381,Other,Other Sponsor #38
NCT100007382,Industry,Industry Sponsor #39
NCT100007383,Industry,Industry Sponsor #373
NCT100007384,Industry,Industry Sponsor #395
NCT100007385,Industry,Industry Sponsor #117
NCT100007386,Industry,Industry Sponsor #137
NCT100007387,Industry,Industry Sponsor #118
NCT100007388,Industry,Industry Sponsor #364
NCT100007389,Industry,Industry Sponsor #316
NCT100007390,Industry,Industry Sponsor #167
NCT100007391,Other,Other Sponsor #163
NCT100007392,Industry,Industry Sponsor #39
NCT100007393,Industry,Industry Sponsor #332
NCT100007394,Industry,Industry Sponsor #18
NCT100007395,Other,Other Sponsor #121
NCT100007396,Other,Other Sponsor #336
NCT100007397,NIH,NIH Sponsor #396
NCT100007398,NIH,NIH Sponsor #59
NCT100007399,Other,Other Sponsor #301
NCT100007400,Industry,Industry Sponsor #376
NCT100007401,Industry,Industry Sponsor #183
NCT100007402,Industry,Industry Sponsor #208
NCT100007403,Industry,Industry Sponsor #321
NCT100007404,Other,Other Sponsor #43
NCT100007405,Industry,Industry Sponsor #70
NCT100007406,Industry,Industry Sponsor #253
NCT100007407,Other,Other Sponsor #260
NCT100007408,Other,Other Sponsor #28
NCT100007409,Industry,Industry Sponsor #113
NCT100007410,Industry,Industry Sponsor #288
NCT100007411,Industry,Industry Sponsor #199
NCT100007412,Other,Other Sponsor #167
NCT100007413,Other,Other Sponsor #350
NCT100007414,Industry,Industry Sponsor #45
NCT100007415,Other,Other Sponsor #381
NCT100007416,Industry,Industry Sponsor #11
NCT100007417,Industry,Industry Sponsor #305
NCT100007418,Other,Other Sponsor #253
NCT100007419,Industry,Industry Sponsor #19
NCT100007420,Industry,Industry Sponsor #214
NCT100007421,Other,Other Sponsor #19
NCT100007422,Other,Other Sponsor #40
NCT100007423,Other,Other Sponsor #214
NCT100007424,Other,Other Sponsor #385
NCT100007425,NIH,NIH Sponsor #259
NCT100007426,Industry,Industry Sponsor #268
NCT100007427,Other,Other Sponsor #227
NCT100007428,Other,Other Sponsor #171
NCT100007429,Other,Other Sponsor #102
NCT100007430,Industry,Industry Sponsor #68
NCT100007431,Industry,Industry Sponsor #202
NCT100007432,Industry,Industry Sponsor #150
NCT100007433,Other,Other Sponsor #189
NCT100007434,Industry,Industry Sponsor #253
NCT100007435,Industry,Industry Sponsor #88
NCT100007436,Other,Other Sponsor #253
NCT100007437,Industry,Industry Sponsor #3
NCT100007438,Industry,Industry Sponsor #5
NCT100007439,Industry,Industry Sponsor #267
NCT100007440,Industry,Industry Sponsor #10
NCT100007441,Industry,Industry Sponsor #144
NCT100007442,Other,Other Sponsor #205
NCT100007443,Industry,Industry Sponsor #228
NCT100007444,Industry,Industry Sponsor #20
NCT100007445,Other,Other Sponsor #155
NCT100007446,NIH,NIH Sponsor #363
NCT100007447,Industry,Industry Sponsor #129
NCT100007448,Other,Other Sponsor #231
NCT100007449,Industry,Industry Sponsor #285
NCT100007450,Industry,Industry Sponsor #375
NCT100007451,Industry,Industry Sponsor #19
NCT100007452,Industry,Industry Sponsor #240
NCT100007453,Industry,Industry Sponsor #335
NCT100007454,Industry,Industry Sponsor #85
NCT100007455,Industry,Industry Sponsor #338
NCT100007456,Other,Other Sponsor #387
NCT100007457,Other,Other Sponsor #210
NCT100007458,Other,Other Sponsor #259
NCT100007459,Other,Other Sponsor #190
NCT100007460,NIH,NIH Sponsor #169
NCT100007461,Industry,Industry Sponsor #173
NCT100007462,NIH,NIH Sponsor #102
NCT100007463,Industry,Industry Sponsor #132
NCT100007464,Industry,Industry Sponsor #208
NCT100007465,Other,Other Sponsor #40
NCT100007466,Industry,Industry Sponsor #54
NCT100007467,Industry,Industry Sponsor #39
NCT100007468,Other,Other Sponsor #123
NCT100007469,Industry,Industry Sponsor #331
NCT100007470,Industry,Industry Sponsor #255
NCT100007471,Industry,Industry Sponsor #158
NCT100007472,Other,Other Sponsor #270
NCT100007473,Other,Other Sponsor #365
NCT100007474,Industry,Industry Sponsor #1
NCT100007475,Other,Other Sponsor #327
NCT100007476,Industry,Industry Sponsor #112
NCT100007477,Industry,Industry Sponsor #183
NCT100007478,Industry,Industry Sponsor #213
NCT100007479,Other,Other Sponsor #359
NCT100007480,Industry,Industry Sponsor #271
NCT100007481,Other,Other Sponsor #31
NCT100007482,Industry,Industry Sponsor #343
NCT100007483,Industry,Industry Sponsor #31
NCT100007484,Industry,Industry Sponsor #104
NCT100007485,Industry,Industry Sponsor #286
NCT100007486,Industry,Industry Sponsor #153
NCT100007487,Other,Other Sponsor #338
NCT100007488,Industry,Industry Sponsor #331
NCT100007489,Other,Other Sponsor #186
NCT100007490,Industry,Industry Sponsor #133
NCT100007491,Other,Other Sponsor #294
NCT100007492,Industry,Industry Sponsor #337
NCT100007493,Industry,Industry Sponsor #225
NCT100007494,Industry,Industry Sponsor #259
NCT100007495,NIH,NIH Sponsor #198
NCT100007496,Industry,Industry Sponsor #262
NCT100007497,Industry,Industry Sponsor #181
NCT100007498,Other,Other Sponsor #116
NCT100007499,Other,Other Sponsor #123
NCT100007500,Other,Other Sponsor #32
NCT100007501,Industry,Industry Sponsor #358
NCT100007502,Other,Other Sponsor #365
NCT100007503,Industry,Industry Sponsor #131
NCT100007504,Other,Other Sponsor #180
NCT100007505,Other,Other Sponsor #175
NCT100007506,Other,Other Sponsor #243
NCT100007507,Industry,Industry Sponsor #358
NCT100007508,Other,Other Sponsor #213
NCT100007509,Other,Other Sponsor #317
NCT100007510,Industry,Industry Sponsor #202
NCT100007511,Industry,Industry Sponsor #323
NCT100007512,Other,Other Sponsor #283
NCT100007513,Industry,Industry Sponsor #227
NCT100007514,NIH,NIH Sponsor #73
NCT100007515,Industry,Industry Sponsor #78
NCT100007516,Industry,Industry Sponsor #150
NCT100007517,Industry,Industry Sponsor #147
NCT100007518,Industry,Industry Sponsor #96
NCT100007519,NIH,NIH Sponsor #48
NCT100007520,Industry,Industry Sponsor #219
NCT100007521,Other,Other Sponsor #153
NCT100007522,Industry,Industry Sponsor #179
NCT100007523,Other,Other Sponsor #356
NCT100007524,Industry,Industry Sponsor #207
NCT100007525,NIH,NIH Sponsor #184
NCT100007526,Industry,Industry Sponsor #1
NCT100007527,Industry,Industry Sponsor #96
NCT100007528,Industry,Industry Sponsor #199
NCT100007529,NIH,NIH Sponsor #118
NCT100007530,Other,Other Sponsor #343
NCT100007531,Industry,Industry Sponsor #339
NCT100007532,Other,Other Sponsor #390
NCT100007533,Industry,Industry Sponsor #12
NCT100007534,NIH,NIH Sponsor #388
NCT100007535,Industry,Industry Sponsor #109
NCT100007536,Other,Other Sponsor #87
NCT100007537,Industry,Industry Sponsor #61
NCT100007538,Industry,Industry Sponsor #259
NCT100007539,Other,Other Sponsor #2
NCT100007540,Industry,Industry Sponsor #223
NCT100007541,Other,Other Sponsor #122
NCT100007542,Other,Other Sponsor #357
NCT100007543,Industry,Industry Sponsor #103
NCT100007544,Industry,Industry Sponsor #184
NCT100007545,Other,Other Sponsor #177
NCT100007546,Other,Other Sponsor #67
NCT100007547,Other,Other Sponsor #319
NCT100007548,Industry,Industry Sponsor #214
NCT100007549,Other,Other Sponsor #294
NCT100007550,Industry,Industry Sponsor #14
NCT100007551,Industry,Industry Sponsor #175
NCT100007552,Industry,Industry Sponsor #154
NCT100007553,Other,Other Sponsor #65
NCT100007554,Other,Other Sponsor #172
NCT100007555,Industry,Industry Sponsor #222
NCT100007556,Other,Other Sponsor #353
NCT100007557,Industry,Industry Sponsor #23
NCT100007558,Other,Other Sponsor #50
NCT100007559,Industry,Industry Sponsor #392
NCT100007560,Other,Other Sponsor #190
NCT100007561,Industry,Industry Sponsor #297
NCT100007562,Industry,Industry Sponsor #14
NCT100007563,Industry,Industry Sponsor #347
NCT100007564,Other,Other Sponsor #97
NCT100007565,Other,Other Sponsor #339
NCT100007566,Other,Other Sponsor #325
NCT100007567,NIH,NIH Sponsor #279
NCT100007568,Industry,Industry Sponsor #43
NCT100007569,Other,Other Sponsor #329
NCT100007570,Industry,Industry Sponsor #235
NCT100007571,Other,Other Sponsor #335
NCT100007572,Industry,Industry Sponsor #52
NCT100007573,Other,Other Sponsor #142
NCT100007574,Other,Other Sponsor #395
NCT100007575,Industry,Industry Sponsor #299
NCT100007576,Industry,Industry Sponsor #293
NCT100007577,Industry,Industry Sponsor #52
NCT100007578,Other,Other Sponsor #98
NCT100007579,Industry,Industry Sponsor #221
NCT100007580,Industry,Industry Sponsor #81
NCT100007581,Other,Other Sponsor #70
NCT100007582,Other,Other Sponsor #366
NCT100007583,Other,Other Sponsor #1
NCT100007584,Industry,Industry Sponsor #63
NCT100007585,Industry,Industry Sponsor #200
NCT100007586,Other,Other Sponsor #99
NCT100007587,Industry,Industry Sponsor #87
NCT100007588,Industry,Industry Sponsor #330
NCT100007589,Other,Other Sponsor #399
NCT100007590,Other,Other Sponsor #139
NCT100007591,Industry,Industry Sponsor #229
NCT100007592,Industry,Industry Sponsor #147
NCT100007593,Other,Other Sponsor #380
NCT100007594,Other,Other Sponsor #192
NCT100007595,NIH,NIH Sponsor #189
NCT100007596,Other,Other Sponsor #50
NCT100007597,Industry,Industry Sponsor #246
NCT100007598,Industry,Industry Sponsor #317
NCT100007599,Industry,Industry Sponsor #335
NCT100007600,Other,Other Sponsor #265
NCT100007601,Other,Other Sponsor #71
NCT100007602,Other,Other Sponsor #34
NCT100007603,Industry,Industry Sponsor #155
NCT100007604,Industry,Industry Sponsor #348
NCT100007605,Other,Other Sponsor #69
NCT100007606,Industry,Industry Sponsor #157
NCT100007607,Other,Other Sponsor #377
NCT100007608,NIH,NIH Sponsor #157
NCT100007609,Other,Other Sponsor #149
NCT100007610,Industry,Industry Sponsor #112
NCT100007611,Industry,Industry Sponsor #55
NCT100007612,Other,Other Sponsor #326
NCT100007613,Industry,Industry Sponsor #248
NCT100007614,Other,Other Sponsor #292
NCT100007615,NIH,NIH Sponsor #119
NCT100007616,Other,Other Sponsor #208
NCT100007617,Industry,Industry Sponsor #299
NCT100007618,NIH,NIH Sponsor #368
NCT100007619,Industry,Industry Sponsor #233
NCT100007620,Industry,Industry Sponsor #332
NCT100007621,Industry,Industry Sponsor #108
NCT100007622,Industry,Industry Sponsor #276
NCT100007623,Other,Other Sponsor #144
NCT100007624,Other,Other Sponsor #12
NCT100007625,Industry,Industry Sponsor #255
NCT100007626,Industry,Industry Sponsor #134
NCT100007627,Industry,Industry Sponsor #312
NCT100007628,Industry,Industry Sponsor #387
NCT100007629,Industry,Industry Sponsor #35
NCT100007630,Other,Other Sponsor #229
NCT100007631,Other,Other Sponsor #192
NCT100007632,Industry,Industry Sponsor #53
NCT100007633,Industry,Industry Sponsor #62
NCT100007634,Other,Other Sponsor #339
NCT100007635,Industry,Industry Sponsor #369
NCT100007636,Other,Other Sponsor #192
NCT100007637,Industry,Industry Sponsor #54
NCT100007638,Industry,Industry Sponsor #90
NCT100007639,NIH,NIH Sponsor #354
NCT100007640,Industry,Industry Sponsor #321
NCT100007641,Industry,Industry Sponsor #221
NCT100007642,Industry,Industry Sponsor #139
NCT100007643,Other,Other Sponsor #13
NCT100007644,Industry,Industry Sponsor #293
NCT100007645,Industry,Industry Sponsor #352
NCT100007646,Industry,Industry Sponsor #232
NCT100007647,NIH,NIH Sponsor #61
NCT100007648,Other,Other Sponsor #92
NCT100007649,Industry,Industry Sponsor #291
NCT100007650,Other,Other Sponsor #277
NCT100007651,Industry,Industry Sponsor #298
NCT100007652,Other,Other Sponsor #17
NCT100007653,Other,Other Sponsor #211
NCT100007654,Industry,Industry Sponsor #239
NCT100007655,NIH,NIH Sponsor #296
NCT100007656,Industry,Industry Sponsor #139
NCT100007657,Industry,Industry Sponsor #24
NCT100007658,Industry,Industry Sponsor #288
NCT100007659,NIH,NIH Sponsor #260
NCT100007660,Industry,Industry Sponsor #204
NCT100007661,Other,Other Sponsor #242
NCT100007662,Other,Other Sponsor #265
NCT100007663,Industry,Industry Sponsor #89
NCT100007664,Industry,Industry Sponsor #85
NCT100007665,Industry,Industry Sponsor #269
NCT100007666,Industry,Industry Sponsor #313
NCT100007667,Industry,Industry Sponsor #366
NCT100007668,Other,Other Sponsor #160
NCT100007669,Other,Other Sponsor #29
NCT100007670,Industry,Industry Sponsor #382
NCT100007671,Industry,Industry Sponsor #313
NCT100007672,NIH,NIH Sponsor #136
NCT100007673,Industry,Industry Sponsor #235
NCT100007674,Industry,Industry Sponsor #87
NCT100007675,Other,Other Sponsor #342
NCT100007676,Other,Other Sponsor #276
NCT100007677,NIH,NIH Sponsor #164
NCT100007678,Other,Other Sponsor #37
NCT100007679,Industry,Industry Sponsor #365
NCT100007680,Other,Other Sponsor #306
NCT100007681,Industry,Industry Sponsor #73
NCT100007682,Industry,Industry Sponsor #245
NCT100007683,Other,Other Sponsor #343
NCT100007684,Other,Other Sponsor #121
NCT100007685,NIH,NIH Sponsor #340
NCT100007686,Other,Other Sponsor #262
NCT100007687,Other,Other Sponsor #200
NCT100007688,Industry,Industry Sponsor #12
NCT100007689,Industry,Industry Sponsor #96
NCT100007690,Industry,Industry Sponsor #9
NCT100007691,NIH,NIH Sponsor #114
NCT100007692,Other,Other Sponsor #242
NCT100007693,NIH,NIH Sponsor #324
NCT100007694,Other,Other Sponsor #293
NCT100007695,Industry,Industry Sponsor #313
NCT100007696,Other,Other Sponsor #262
NCT100007697,Industry,Industry Sponsor #264
NCT100007698,NIH,NIH Sponsor #342
NCT100007699,Industry,Industry Sponsor #385
NCT100007700,Industry,Industry Sponsor #107
NCT100007701,Other,Other Sponsor #169
NCT100007702,Industry,Industry Sponsor #120
NCT100007703,Industry,Industry Sponsor #179
NCT100007704,Industry,Industry Sponsor #297
NCT100007705,Other,Other Sponsor #50
NCT100007706,Other,Other Sponsor #36
NCT100007707,Other,Other Sponsor #304
NCT100007708,Industry,Industry Sponsor #3
NCT100007709,Other,Other Sponsor #381
NCT100007710,Other,Other Sponsor #109
NCT100007711,Other,Other Sponsor #364
NCT100007712,Industry,Industry Sponsor #28
NCT100007713,Other,Other Sponsor #33
NCT100007714,NIH,NIH Sponsor #39
NCT100007715,Industry,Industry Sponsor #71
NCT100007716,NIH,NIH Sponsor #178
NCT100007717,Industry,Industry Sponsor #349
NCT100007718,Industry,Industry Sponsor #221
NCT100007719,Other,Other Sponsor #140
NCT100007720,Industry,Industry Sponsor #331
NCT100007721,Industry,Industry Sponsor #343
NCT100007722,Industry,Industry Sponsor #233
NCT100007723,NIH,NIH Sponsor #122
NCT100007724,Industry,Industry Sponsor #52
NCT100007725,Other,Other Sponsor #112
NCT100007726,Other,Other Sponsor #116
NCT100007727,NIH,NIH Sponsor #34
NCT100007728,Industry,Industry Sponsor #229
NCT100007729,Industry,Industry Sponsor #325
NCT100007730,Industry,Industry Sponsor #279
NCT100007731,Industry,Industry Sponsor #277
NCT100007732,Industry,Industry Sponsor #353
NCT100007733,Industry,Industry Sponsor #286
NCT100007734,Other,Other Sponsor #44
NCT100007735,Industry,Industry Sponsor #55
NCT100007736,Industry,Industry Sponsor #223
NCT100007737,Other,Other Sponsor #42
NCT100007738,Industry,Industry Sponsor #232
NCT100007739,Industry,Industry Sponsor #133
NCT100007740,Other,Other Sponsor #123
NCT100007741,Industry,Industry Sponsor #155
NCT100007742,NIH,NIH Sponsor #73
NCT100007743,Industry,Industry Sponsor #316
NCT100007744,NIH,NIH Sponsor #232
NCT100007745,Industry,Industry Sponsor #8
NCT100007746,Industry,Industry Sponsor #232
NCT100007747,Industry,Industry Sponsor #362
NCT100007748,NIH,NIH Sponsor #194
NCT100007749,Industry,Industry Sponsor #30
NCT100007750,Industry,Industry Sponsor #32
NCT100007751,Other,Other Sponsor #170
NCT100007752,Industry,Industry Sponsor #108
NCT100007753,Industry,Industry Sponsor #159
NCT100007754,Other,Other Sponsor #297
NCT100007755,Other,Other Sponsor #263
NCT100007756,Other,Other Sponsor #172
NCT100007757,Industry,Industry Sponsor #91
NCT100007758,Other,Other Sponsor #224
NCT100007759,Industry,Industry Sponsor #178
NCT100007760,Industry,Industry Sponsor #316
NCT100007761,Industry,Industry Sponsor #32
NCT100007762,Industry,Industry Sponsor #63
NCT100007763,Other,Other Sponsor #113
NCT100007764,Industry,Industry Sponsor #183
NCT100007765,Industry,Industry Sponsor #160
NCT100007766,Industry,Industry Sponsor #190
NCT100007767,Industry,Industry Sponsor #11
NCT100007768,Industry,Industry Sponsor #119
NCT100007769,Other,Other Sponsor #312
NCT100007770,Industry,Industry Sponsor #361
NCT100007771,Industry,Industry Sponsor #117
NCT100007772,Other,Other Sponsor #365
NCT100007773,NIH,NIH Sponsor #301
NCT100007774,Other,Other Sponsor #3
NCT100007775,Other,Other Sponsor #226
NCT100007776,NIH,NIH Sponsor #190
NCT100007777,Industry,Industry Sponsor #130
NCT100007778,Other,Other Sponsor #279
NCT100007779,Industry,Industry Sponsor #126
NCT100007780,Other,Other Sponsor #176
NCT100007781,Industry,Industry Sponsor #28
NCT100007782,Industry,Industry Sponsor #26
NCT100007783,Other,Other Sponsor #22
NCT100007784,Other,Other Sponsor #61
NCT100007785,Other,Other Sponsor #385
NCT100007786,Other,Other Sponsor #52
NCT100007787,Industry,Industry Sponsor #223
NCT100007788,Industry,Industry Sponsor #237
NCT100007789,Other,Other Sponsor #32
NCT100007790,NIH,NIH Sponsor #296
NCT100007791,Other,Other Sponsor #312
NCT100007792,Industry,Industry Sponsor #36
NCT100007793,Other,Other Sponsor #268
NCT100007794,Other,Other Sponsor #9
NCT100007795,Other,Other Sponsor #116
NCT100007796,Industry,Industry Sponsor #23
NCT100007797,Industry,Industry Sponsor #267
NCT100007798,Industry,Industry Sponsor #46
NCT100007799,Industry,Industry Sponsor #228
NCT100007800,Other,Other Sponsor #343
NCT100007801,NIH,NIH Sponsor #316
NCT100007802,NIH,NIH Sponsor #371
NCT100007803,Industry,Industry Sponsor #325
NCT100007804,Industry,Industry Sponsor #252
NCT100007805,Industry,Industry Sponsor #373
NCT100007806,Industry,Industry Sponsor #53
NCT100007807,NIH,NIH Sponsor #399
NCT100007808,Industry,Industry Sponsor #14
NCT100007809,Industry,Industry Sponsor #328
NCT100007810,Industry,Industry Sponsor #386
NCT100007811,Other,Other Sponsor #183
NCT100007812,Industry,Industry Sponsor #253
NCT100007813,Industry,Industry Sponsor #179
NCT100007814,Other,Other Sponsor #90
NCT100007815,Industry,Industry Sponsor #107
NCT100007816,Other,Other Sponsor #328
NCT100007817,Industry,Industry Sponsor #88
NCT100007818,Industry,Industry Sponsor #291
NCT100007819,Industry,Industry Sponsor #107
NCT100007820,Other,Other Sponsor #90
NCT100007821,Other,Other Sponsor #220
NCT100007822,Other,Other Sponsor #255
NCT100007823,NIH,NIH Sponsor #27
NCT100007824,NIH,NIH Sponsor #173
NCT100007825,Industry,Industry Sponsor #170
NCT100007826,Other,Other Sponsor #194
NCT100007827,Industry,Industry Sponsor #154
NCT100007828,Other,Other Sponsor #361
NCT100007829,Other,Other Sponsor #73
NCT100007830,Other,Other Sponsor #328
NCT100007831,Industry,Industry Sponsor #115
NCT100007832,Other,Other Sponsor #359
NCT100007833,Industry,Industry Sponsor #151
NCT100007834,Industry,Industry Sponsor #344
NCT100007835,Industry,Industry Sponsor #287
NCT100007836,Other,Other Sponsor #117
NCT100007837,Other,Other Sponsor #315
NCT100007838,Industry,Industry Sponsor #391
NCT100007839,NIH,NIH Sponsor #348
NCT100007840,NIH,NIH Sponsor #281
NCT100007841,Industry,Industry Sponsor #63
NCT100007842,Industry,Industry Sponsor #290
NCT100007843,Industry,Industry Sponsor #145
NCT100007844,Industry,Industry Sponsor #333
NCT100007845,Industry,Industry Sponsor #135
NCT100007846,Industry,Industry Sponsor #9
NCT100007847,Industry,Industry Sponsor #209
NCT100007848,Industry,Industry Sponsor #167
NCT100007849,Industry,Industry Sponsor #311
NCT100007850,Other,Other Sponsor #2
NCT100007851,Industry,Industry Sponsor #206
NCT100007852,Industry,Industry Sponsor #52
NCT100007853,Other,Other Sponsor #308
NCT100007854,Industry,Industry Sponsor #249
NCT100007855,NIH,NIH Sponsor #70
NCT100007856,Industry,Industry Sponsor #129
NCT100007857,Other,Other Sponsor #255
NCT100007858,Other,Other Sponsor #40
NCT100007859,NIH,NIH Sponsor #299
NCT100007860,Industry,Industry Sponsor #100
NCT100007861,Industry,Industry Sponsor #263
NCT100007862,Industry,Industry Sponsor #243
NCT100007863,Industry,Industry Sponsor #323
NCT100007864,Industry,Industry Sponsor #167
NCT100007865,Industry,Industry Sponsor #42
NCT100007866,Other,Other Sponsor #75
NCT100007867,Industry,Industry Sponsor #262
NCT100007868,Other,Other Sponsor #99
NCT100007869,Other,Other Sponsor #93
NCT100007870,Other,Other Sponsor #163
NCT100007871,Other,Other Sponsor #213
NCT100007872,Other,Other Sponsor #149
NCT100007873,Other,Other Sponsor #262
NCT100007874,Industry,Industry Sponsor #64
NCT100007875,Other,Other Sponsor #253
NCT100007876,Other,Other Sponsor #175
NCT100007877,Other,Other Sponsor #255
NCT100007878,Industry,Industry Sponsor #257
NCT100007879,Other,Other Sponsor #80
NCT100007880,Other,Other Sponsor #42
NCT100007881,Industry,Industry Sponsor #264
NCT100007882,Industry,Industry Sponsor #397
NCT100007883,Other,Other Sponsor #110
NCT100007884,Other,Other Sponsor #371
NCT100007885,Industry,Industry Sponsor #194
NCT100007886,NIH,NIH Sponsor #43
NCT100007887,NIH,NIH Sponsor #183
NCT100007888,NIH,NIH Sponsor #151
NCT100007889,Other,Other Sponsor #129
NCT100007890,Industry,Industry Sponsor #119
NCT100007891,Industry,Industry Sponsor #52
NCT100007892,Other,Other Sponsor #159
NCT100007893,Industry,Industry Sponsor #262
NCT100007894,Industry,Industry Sponsor #287
NCT100007895,Industry,Industry Sponsor #151
NCT100007896,Industry,Industry Sponsor #360
NCT100007897,Industry,Industry Sponsor #249
NCT100007898,Other,Other Sponsor #186
NCT100007899,Industry,Industry Sponsor #391
NCT100007900,Industry,Industry Sponsor #148
NCT100007901,Other,Other Sponsor #75
NCT100007902,NIH,NIH Sponsor #245
NCT100007903,Industry,Industry Sponsor #310
NCT100007904,Other,Other Sponsor #191
NCT100007905,Other,Other Sponsor #328
NCT100007906,Industry,Industry Sponsor #92
NCT100007907,Industry,Industry Sponsor #393
NCT100007908,NIH,NIH Sponsor #260
NCT100007909,Other,Other Sponsor #63
NCT100007910,Industry,Industry Sponsor #287
NCT100007911,Industry,Industry Sponsor #103
NCT100007912,Other,Other Sponsor #146
NCT100007913,Other,Other Sponsor #321
NCT100007914,Other,Other Sponsor #111
NCT100007915,Industry,Industry Sponsor #396
NCT100007916,Industry,Industry Sponsor #391
NCT100007917,Industry,Industry Sponsor #117
NCT100007918,Other,Other Sponsor #88
NCT100007919,Other,Other Sponsor #249
NCT100007920,Other,Other Sponsor #318
NCT100007921,Other,Other Sponsor #156
NCT100007922,Other,Other Sponsor #84
NCT100007923,Industry,Industry Sponsor #322
NCT100007924,Industry,Industry Sponsor #397
NCT100007925,Industry,Industry Sponsor #184
NCT100007926,Industry,Industry Sponsor #152
NCT100007927,Industry,Industry Sponsor #114
NCT100007928,Industry,Industry Sponsor #18
NCT100007929,Other,Other Sponsor #160
NCT100007930,Industry,Industry Sponsor #231
NCT100007931,Industry,Industry Sponsor #199
NCT100007932,Industry,Industry Sponsor #40
NCT100007933,Other,Other Sponsor #69
NCT100007934,NIH,NIH Sponsor #17
NCT100007935,Industry,Industry Sponsor #13
NCT100007936,Other,Other Sponsor #90
NCT100007937,Industry,Industry Sponsor #202
NCT100007938,Industry,Industry Sponsor #309
NCT100007939,NIH,NIH Sponsor #106
NCT100007940,Other,Other Sponsor #145
NCT100007941,Other,Other Sponsor #218
NCT100007942,Industry,Industry Sponsor #358
NCT100007943,Other,Other Sponsor #143
NCT100007944,Industry,Industry Sponsor #355
NCT100007945,Industry,Industry Sponsor #188
NCT100007946,Industry,Industry Sponsor #43
NCT100007947,Industry,Industry Sponsor #262
NCT100007948,Industry,Industry Sponsor #176
NCT100007949,Industry,Industry Sponsor #396
NCT100007950,Industry,Industry Sponsor #12
NCT100007951,Industry,Industry Sponsor #32
NCT100007952,Other,Other Sponsor #270
NCT100007953,Other,Other Sponsor #219
NCT100007954,Industry,Industry Sponsor #230
NCT100007955,Industry,Industry Sponsor #83
NCT100007956,Industry,Industry Sponsor #168
NCT100007957,Industry,Industry Sponsor #168
NCT100007958,Other,Other Sponsor #247
NCT100007959,Industry,Industry Sponsor #279
NCT100007960,Other,Other Sponsor #192
NCT100007961,Other,Other Sponsor #146
NCT100007962,Other,Other Sponsor #80
NCT100007963,Other,Other Sponsor #5
NCT100007964,Other,Other Sponsor #38
NCT100007965,Industry,Industry Sponsor #93
NCT100007966,Industry,Industry Sponsor #34
NCT100007967,Other,Other Sponsor #247
NCT100007968,Other,Other Sponsor #30
NCT100007969,Other,Other Sponsor #400
NCT100007970,Industry,Industry Sponsor #47
NCT100007971,Other,Other Sponsor #249
NCT100007972,Industry,Industry Sponsor #303
NCT100007973,Other,Other Sponsor #327
NCT100007974,Other,Other Sponsor #313
NCT100007975,Industry,Industry Sponsor #205
NCT100007976,Industry,Industry Sponsor #29
NCT100007977,Other,Other Sponsor #204
NCT100007978,Industry,Industry Sponsor #174
NCT100007979,Industry,Industry Sponsor #4
NCT100007980,Industry,Industry Sponsor #315
NCT100007981,Industry,Industry Sponsor #40
NCT100007982,NIH,NIH Sponsor #372
NCT100007983,Other,Other Sponsor #266
NCT100007984,Industry,Industry Sponsor #398
NCT100007985,Industry,Industry Sponsor #196
NCT100007986,Other,Other Sponsor #260
NCT100007987,Industry,Industry Sponsor #249
NCT100007988,Industry,Industry Sponsor #305
NCT100007989,Industry,Industry Sponsor #379
NCT100007990,Other,Other Sponsor #167
NCT100007991,Other,Other Sponsor #317
NCT100007992,Industry,Industry Sponsor #129
NCT100007993,Other,Other Sponsor #60
NCT100007994,Industry,Industry Sponsor #352
NCT100007995,Industry,Industry Sponsor #327
NCT100007996,Industry,Industry Sponsor #375
NCT100007997,Other,Other Sponsor #382
NCT100007998,Industry,Industry Sponsor #154
NCT100007999,Other,Other Sponsor #230
NCT100008000,Industry,Industry Sponsor #364
NCT100008001,NIH,NIH Sponsor #327
NCT100008002,Industry,Industry Sponsor #305
NCT100008003,Other,Other Sponsor #136
NCT100008004,Other,Other Sponsor #353
NCT100008005,Industry,Industry Sponsor #383
NCT100008006,Other,Other Sponsor #75
NCT100008007,Industry,Industry Sponsor #274
NCT100008008,Other,Other Sponsor #149
NCT100008009,Industry,Industry Sponsor #369
NCT100008010,Industry,Industry Sponsor #388
NCT100008011,Other,Other Sponsor #284
NCT100008012,Industry,Industry Sponsor #171
NCT100008013,Industry,Industry Sponsor #68
NCT100008014,Other,Other Sponsor #156
NCT100008015,Other,Other Sponsor #315
NCT100008016,Other,Other Sponsor #204
NCT100008017,Industry,Industry Sponsor #5
NCT100008018,Industry,Industry Sponsor #384
NCT100008019,Industry,Industry Sponsor #313
NCT100008020,Industry,Industry Sponsor #370
NCT100008021,Other,Other Sponsor #327
NCT100008022,Other,Other Sponsor #389
NCT100008023,Other,Other Sponsor #48
NCT100008024,Industry,Industry Sponsor #72
NCT100008025,Industry,Industry Sponsor #204
NCT100008026,Industry,Industry Sponsor #5
NCT100008027,Industry,Industry Sponsor #202
NCT100008028,Industry,Industry Sponsor #41
NCT100008029,NIH,NIH Sponsor #244
NCT100008030,Other,Other Sponsor #150
NCT100008031,Industry,Industry Sponsor #132
NCT100008032,Industry,Industry Sponsor #373
NCT100008033,Industry,Industry Sponsor #354
NCT100008034,Other,Other Sponsor #183
NCT100008035,NIH,NIH Sponsor #251
NCT100008036,Industry,Industry Sponsor #334
NCT100008037,NIH,NIH Sponsor #279
NCT100008038,Other,Other Sponsor #334
NCT100008039,Industry,Industry Sponsor #205
NCT100008040,Industry,Industry Sponsor #107
NCT100008041,Industry,Industry Sponsor #195
NCT100008042,Industry,Industry Sponsor #111
NCT100008043,Other,Other Sponsor #5
NCT100008044,Other,Other Sponsor #305
NCT100008045,Industry,Industry Sponsor #233
NCT100008046,Other,Other Sponsor #186
NCT100008047,Industry,Industry Sponsor #378
NCT100008048,Industry,Industry Sponsor #187
NCT100008049,Industry,Industry Sponsor #91
NCT100008050,NIH,NIH Sponsor #284
NCT100008051,Industry,Industry Sponsor #166
NCT100008052,Other,Other Sponsor #43
NCT100008053,Other,Other Sponsor #222
NCT100008054,Industry,Industry Sponsor #345
NCT100008055,Industry,Industry Sponsor #316
NCT100008056,Industry,Industry Sponsor #244
NCT100008057,Industry,Industry Sponsor #162
NCT100008058,Industry,Industry Sponsor #384
NCT100008059,Industry,Industry Sponsor #66
NCT100008060,NIH,NIH Sponsor #41
NCT100008061,Industry,Industry Sponsor #45
NCT100008062,Other,Other Sponsor #384
NCT100008063,Other,Other Sponsor #6
NCT100008064,Other,Other Sponsor #282
NCT100008065,Other,Other Sponsor #182
NCT100008066,Industry,Industry Sponsor #124
NCT100008067,Other,Other Sponsor #349
NCT100008068,Other,Other Sponsor #238
NCT100008069,Industry,Industry Sponsor #332
NCT100008070,Industry,Industry Sponsor #126
NCT100008071,Industry,Industry Sponsor #125
NCT100008072,Other,Other Sponsor #259
NCT100008073,Industry,Industry Sponsor #173
NCT100008074,Industry,Industry Sponsor #329
NCT100008075,Other,Other Sponsor #25
NCT100008076,Industry,Industry Sponsor #108
NCT100008077,Other,Other Sponsor #133
NCT100008078,Other,Other Sponsor #292
NCT100008079,Industry,Industry Sponsor #396
NCT100008080,Industry,Industry Sponsor #80
NCT100008081,Industry,Industry Sponsor #283
NCT100008082,NIH,NIH Sponsor #245
NCT100008083,NIH,NIH Sponsor #55
NCT100008084,Industry,Industry Sponsor #269
NCT100008085,Industry,Industry Sponsor #267
NCT100008086,Industry,Industry Sponsor #211
NCT100008087,Industry,Industry Sponsor #315
NCT100008088,Other,Other Sponsor #224
NCT100008089,Industry,Industry Sponsor #43
NCT100008090,Industry,Industry Sponsor #366
NCT100008091,Industry,Industry Sponsor #252
NCT100008092,Other,Other Sponsor #165
NCT100008093,Industry,Industry Sponsor #306
NCT100008094,Other,Other Sponsor #355
NCT100008095,Other,Other Sponsor #100
NCT100008096,Industry,Industry Sponsor #206
NCT100008097,NIH,NIH Sponsor #259
NCT100008098,Other,Other Sponsor #162
NCT100008099,Industry,Industry Sponsor #251
NCT100008100,Industry,Industry Sponsor #169
NCT100008101,Industry,Industry Sponsor #399
NCT100008102,Industry,Industry Sponsor #392
NCT100008103,Other,Other Sponsor #215
NCT100008104,Other,Other Sponsor #252
NCT100008105,Industry,Industry Sponsor #266
NCT100008106,Industry,Industry Sponsor #398
NCT100008107,Other,Other Sponsor #229
NCT100008108,Other,Other Sponsor #396
NCT100008109,Other,Other Sponsor #311
NCT100008110,Other,Other Sponsor #160
NCT100008111,NIH,NIH Sponsor #384
NCT100008112,Other,Other Sponsor #112
NCT100008113,Industry,Industry Sponsor #262
NCT100008114,Industry,Industry Sponsor #70
NCT100008115,Industry,Industry Sponsor #145
NCT100008116,Industry,Industry Sponsor #256
NCT100008117,Industry,Industry Sponsor #257
NCT100008118,NIH,NIH Sponsor #150
NCT100008119,NIH,NIH Sponsor #35
NCT100008120,NIH,NIH Sponsor #91
NCT100008121,Industry,Industry Sponsor #371
NCT100008122,Other,Other Sponsor #201
NCT100008123,Other,Other Sponsor #269
NCT100008124,Industry,Industry Sponsor #170
NCT100008125,Other,Other Sponsor #134
NCT100008126,Industry,Industry Sponsor #209
NCT100008127,Industry,Industry Sponsor #289
NCT100008128,Industry,Industry Sponsor #323
NCT100008129,Industry,Industry Sponsor #324
NCT100008130,Industry,Industry Sponsor #268
NCT100008131,Other,Other Sponsor #211
NCT100008132,Other,Other Sponsor #172
NCT100008133,Industry,Industry Sponsor #117
NCT100008134,Other,Other Sponsor #351
NCT100008135,Other,Other Sponsor #34
NCT100008136,Other,Other Sponsor #22
NCT100008137,Industry,Industry Sponsor #231
NCT100008138,Industry,Industry Sponsor #252
NCT100008139,Other,Other Sponsor #33
NCT100008140,Industry,Industry Sponsor #202
NCT100008141,Other,Other Sponsor #338
NCT100008142,Other,Other Sponsor #18
NCT100008143,Industry,Industry Sponsor #42
NCT100008144,Other,Other Sponsor #252
NCT100008145,Industry,Industry Sponsor #340
NCT100008146,Industry,Industry Sponsor #358
NCT100008147,Industry,Industry Sponsor #142
NCT100008148,Industry,Industry Sponsor #353
NCT100008149,Other,Other Sponsor #110
NCT100008150,Industry,Industry Sponsor #238
NCT100008151,NIH,NIH Sponsor #356
NCT100008152,Other,Other Sponsor #341
NCT100008153,Industry,Industry Sponsor #218
NCT100008154,Industry,Industry Sponsor #149
NCT100008155,Industry,Industry Sponsor #21
NCT100008156,Other,Other Sponsor #158
NCT100008157,Other,Other Sponsor #156
NCT100008158,NIH,NIH Sponsor #92
NCT100008159,Industry,Industry Sponsor #207
NCT100008160,Industry,Industry Sponsor #378
NCT100008161,Industry,Industry Sponsor #356
NCT100008162,Industry,Industry Sponsor #215
NCT100008163,Industry,Industry Sponsor #89
NCT100008164,Industry,Industry Sponsor #216
NCT100008165,Industry,Industry Sponsor #293
NCT100008166,Other,Other Sponsor #119
NCT100008167,Other,Other Sponsor #75
NCT100008168,Industry,Industry Sponsor #78
NCT100008169,Industry,Industry Sponsor #131
NCT100008170,Industry,Industry Sponsor #236
NCT100008171,NIH,NIH Sponsor #388
NCT100008172,Industry,Industry Sponsor #229
NCT100008173,Other,Other Sponsor #298
NCT100008174,Other,Other Sponsor #369
NCT100008175,Other,Other Sponsor #381
NCT100008176,Other,Other Sponsor #364
NCT100008177,Industry,Industry Sponsor #185
NCT100008178,Industry,Industry Sponsor #131
NCT100008179,Other,Other Sponsor #91
NCT100008180,Industry,Industry Sponsor #79
NCT100008181,Industry,Industry Sponsor #207
NCT100008182,Industry,Industry Sponsor #227
NCT100008183,Other,Other Sponsor #24
NCT100008184,Other,Other Sponsor #294
NCT100008185,Industry,Industry Sponsor #22
NCT100008186,Industry,Industry Sponsor #124
NCT100008187,Industry,Industry Sponsor #56
NCT100008188,Industry,Industry Sponsor #210
NCT100008189,Industry,Industry Sponsor #187
NCT100008190,Industry,Industry Sponsor #244
NCT100008191,Industry,Industry Sponsor #347
NCT100008192,Other,Other Sponsor #5
NCT100008193,Other,Other Sponsor #352
NCT100008194,Other,Other Sponsor #9
NCT100008195,Other,Other Sponsor #177
NCT100008196,Other,Other Sponsor #165
NCT100008197,NIH,NIH Sponsor #367
NCT100008198,NIH,NIH Sponsor #234
NCT100008199,Industry,Industry Sponsor #194
NCT100008200,Industry,Industry Sponsor #76
NCT100008201,Industry,Industry Sponsor #244
NCT100008202,Other,Other Sponsor #125
NCT100008203,Industry,Industry Sponsor #194
NCT100008204,Industry,Industry Sponsor #80
NCT100008205,Industry,Industry Sponsor #314
NCT100008206,Industry,Industry Sponsor #178
NCT100008207,Other,Other Sponsor #183
NCT100008208,Industry,Industry Sponsor #275
NCT100008209,Other,Other Sponsor #192
NCT100008210,Industry,Industry Sponsor #123
NCT100008211,Industry,Industry Sponsor #247
NCT100008212,Other,Other Sponsor #221
NCT100008213,Other,Other Sponsor #72
NCT100008214,Other,Other Sponsor #58
NCT100008215,Other,Other Sponsor #308
NCT100008216,Industry,Industry Sponsor #226
NCT100008217,NIH,NIH Sponsor #70
NCT100008218,Other,Other Sponsor #29
NCT100008219,Industry,Industry Sponsor #27
NCT100008220,NIH,NIH Sponsor #210
NCT100008221,Other,Other Sponsor #167
NCT100008222,Other,Other Sponsor #8
NCT100008223,Other,Other Sponsor #158
NCT100008224,Other,Other Sponsor #27
NCT100008225,Industry,Industry Sponsor #173
NCT100008226,Other,Other Sponsor #25
NCT100008227,Other,Other Sponsor #201
NCT100008228,Industry,Industry Sponsor #400
NCT100008229,Industry,Industry Sponsor #193
NCT100008230,Other,Other Sponsor #179
NCT100008231,Other,Other Sponsor #249
NCT100008232,Other,Other Sponsor #128
NCT100008233,Industry,Industry Sponsor #291
NCT100008234,Industry,Industry Sponsor #393
NCT100008235,Industry,Industry Sponsor #140
NCT100008236,Other,Other Sponsor #42
NCT100008237,Industry,Industry Sponsor #345
NCT100008238,Other,Other Sponsor #56
NCT100008239,Other,Other Sponsor #135
NCT100008240,Industry,Industry Sponsor #7
NCT100008241,Industry,Industry Sponsor #264
NCT100008242,Industry,Industry Sponsor #283
NCT100008243,Other,Other Sponsor #284
NCT100008244,Other,Other Sponsor #180
NCT100008245,Other,Other Sponsor #28
NCT100008246,Other,Other Sponsor #171
NCT100008247,Industry,Industry Sponsor #318
NCT100008248,Other,Other Sponsor #59
NCT100008249,Industry,Industry Sponsor #306
NCT100008250,Industry,Industry Sponsor #209
NCT100008251,Industry,Industry Sponsor #161
NCT100008252,Other,Other Sponsor #222
NCT100008253,NIH,NIH Sponsor #340
NCT100008254,Other,Other Sponsor #288
NCT100008255,Industry,Industry Sponsor #262
NCT100008256,Industry,Industry Sponsor #83
NCT100008257,Other,Other Sponsor #31
NCT100008258,Industry,Industry Sponsor #40
NCT100008259,Other,Other Sponsor #3
NCT100008260,Industry,Industry Sponsor #296
NCT100008261,Industry,Industry Sponsor #383
NCT100008262,Other,Other Sponsor #286
NCT100008263,Industry,Industry Sponsor #268
NCT100008264,Other,Other Sponsor #349
NCT100008265,Industry,Industry Sponsor #232
NCT100008266,Other,Other Sponsor #250
NCT100008267,NIH,NIH Sponsor #29
NCT100008268,Other,Other Sponsor #169
NCT100008269,Industry,Industry Sponsor #40
NCT100008270,Industry,Industry Sponsor #222
NCT100008271,Industry,Industry Sponsor #396
NCT100008272,Other,Other Sponsor #129
NCT100008273,Industry,Industry Sponsor #353
NCT100008274,Industry,Industry Sponsor #223
NCT100008275,Industry,Industry Sponsor #97
NCT100008276,Other,Other Sponsor #137
NCT100008277,Industry,Industry Sponsor #57
NCT100008278,Other,Other Sponsor #177
NCT100008279,Industry,Industry Sponsor #334
NCT100008280,Industry,Industry Sponsor #197
NCT100008281,Industry,Industry Sponsor #265
NCT100008282,Industry,Industry Sponsor #196
NCT100008283,Industry,Industry Sponsor #101
NCT100008284,Industry,Industry Sponsor #198
NCT100008285,Industry,Industry Sponsor #344
NCT100008286,Industry,Industry Sponsor #25
NCT100008287,Industry,Industry Sponsor #253
NCT100008288,Industry,Industry Sponsor #94
NCT100008289,Industry,Industry Sponsor #31
NCT100008290,Other,Other Sponsor #170
NCT100008291,Industry,Industry Sponsor #73
NCT100008292,Industry,Industry Sponsor #390
NCT100008293,NIH,NIH Sponsor #394
NCT100008294,Other,Other Sponsor #315
NCT100008295,Industry,Industry Sponsor #32
NCT100008296,Industry,Industry Sponsor #6
NCT100008297,Industry,Industry Sponsor #199
NCT100008298,Other,Other Sponsor #223
NCT100008299,Other,Other Sponsor #81
NCT100008300,Industry,Industry Sponsor #386
NCT100008301,Industry,Industry Sponsor #237
NCT100008302,NIH,NIH Sponsor #154
NCT100008303,Industry,Industry Sponsor #248
NCT100008304,NIH,NIH Sponsor #235
NCT100008305,Industry,Industry Sponsor #263
NCT100008306,Industry,Industry Sponsor #252
NCT100008307,Industry,Industry Sponsor #2
NCT100008308,Industry,Industry Sponsor #359
NCT100008309,Other,Other Sponsor #38
NCT100008310,Other,Other Sponsor #398
NCT100008311,Industry,Industry Sponsor #317
NCT100008312,NIH,NIH Sponsor #78
NCT100008313,Other,Other Sponsor #175
NCT100008314,Industry,Industry Sponsor #349
NCT100008315,Industry,Industry Sponsor #294
NCT100008316,Other,Other Sponsor #165
NCT100008317,Industry,Industry Sponsor #20
NCT100008318,Industry,Industry Sponsor #299
NCT100008319,Industry,Industry Sponsor #306
NCT100008320,NIH,NIH Sponsor #51
NCT100008321,Industry,Industry Sponsor #69
NCT100008322,Industry,Industry Sponsor #244
NCT100008323,Industry,Industry Sponsor #251
NCT100008324,Industry,Industry Sponsor #41
NCT100008325,Industry,Industry Sponsor #101
NCT100008326,Industry,Industry Sponsor #21
NCT100008327,NIH,NIH Sponsor #18
NCT100008328,Industry,Industry Sponsor #361
NCT100008329,Industry,Industry Sponsor #287
NCT100008330,Industry,Industry Sponsor #111
NCT100008331,Other,Other Sponsor #319
NCT100008332,NIH,NIH Sponsor #371
NCT100008333,Industry,Industry Sponsor #201
NCT100008334,Other,Other Sponsor #292
NCT100008335,Other,Other Sponsor #140
NCT100008336,Other,Other Sponsor #340
NCT100008337,Industry,Industry Sponsor #168
NCT100008338,Other,Other Sponsor #108
NCT100008339,Industry,Industry Sponsor #397
NCT100008340,Industry,Industry Sponsor #273
NCT100008341,Industry,Industry Sponsor #198
NCT100008342,Other,Other Sponsor #387
NCT100008343,Industry,Industry Sponsor #207
NCT100008344,Industry,Industry Sponsor #34
NCT100008345,Other,Other Sponsor #294
NCT100008346,Industry,Industry Sponsor #170
NCT100008347,Industry,Industry Sponsor #267
NCT100008348,Industry,Industry Sponsor #142
NCT100008349,Other,Other Sponsor #281
NCT100008350,Other,Other Sponsor #320
NCT100008351,Industry,Industry Sponsor #369
NCT100008352,Industry,Industry Sponsor #382
NCT100008353,Industry,Industry Sponsor #341
NCT100008354,Industry,Industry Sponsor #83
NCT100008355,Other,Other Sponsor #211
NCT100008356,Industry,Industry Sponsor #295
NCT100008357,NIH,NIH Sponsor #7
NCT100008358,Other,Other Sponsor #363
NCT100008359,Other,Other Sponsor #375
NCT100008360,Other,Other Sponsor #222
NCT100008361,Industry,Industry Sponsor #53
NCT100008362,Other,Other Sponsor #133
NCT100008363,Industry,Industry Sponsor #312
NCT100008364,NIH,NIH Sponsor #184
NCT100008365,Industry,Industry Sponsor #110
NCT100008366,Other,Other Sponsor #105
NCT100008367,Industry,Industry Sponsor #332
NCT100008368,NIH,NIH Sponsor #189
NCT100008369,Industry,Industry Sponsor #118
NCT100008370,Other,Other Sponsor #196
NCT100008371,Other,Other Sponsor #35
NCT100008372,Industry,Industry Sponsor #213
NCT100008373,Industry,Industry Sponsor #155
NCT100008374,Industry,Industry Sponsor #109
NCT100008375,Industry,Industry Sponsor #160
NCT100008376,Other,Other Sponsor #101
NCT100008377,Industry,Industry Sponsor #362
NCT100008378,Industry,Industry Sponsor #264
NCT100008379,Industry,Industry Sponsor #159
NCT100008380,Other,Other Sponsor #391
NCT100008381,Industry,Industry Sponsor #234
NCT100008382,Industry,Industry Sponsor #343
NCT100008383,Other,Other Sponsor #74
NCT100008384,Industry,Industry Sponsor #236
NCT100008385,Industry,Industry Sponsor #55
NCT100008386,Industry,Industry Sponsor #138
NCT100008387,Industry,Industry Sponsor #195
NCT100008388,Industry,Industry Sponsor #374
NCT100008389,Industry,Industry Sponsor #146
NCT100008390,Other,Other Sponsor #313
NCT100008391,Other,Other Sponsor #306
NCT100008392,Other,Other Sponsor #106
NCT100008393,NIH,NIH Sponsor #369
NCT100008394,Other,Other Sponsor #329
NCT100008395,Other,Other Sponsor #49
NCT100008396,Industry,Industry Sponsor #64
NCT100008397,Other,Other Sponsor #77
NCT100008398,Industry,Industry Sponsor #257
NCT100008399,Industry,Industry Sponsor #386
NCT100008400,Other,Other Sponsor #87
NCT100008401,Other,Other Sponsor #307
NCT100008402,Other,Other Sponsor #292
NCT100008403,Other,Other Sponsor #377
NCT100008404,Industry,Industry Sponsor #13
NCT100008405,Other,Other Sponsor #327
NCT100008406,Other,Other Sponsor #72
NCT100008407,Industry,Industry Sponsor #101
NCT100008408,Other,Other Sponsor #115
NCT100008409,Industry,Industry Sponsor #124
NCT100008410,Other,Other Sponsor #125
NCT100008411,Industry,Industry Sponsor #200
NCT100008412,Other,Other Sponsor #94
NCT100008413,Other,Other Sponsor #169
NCT100008414,Other,Other Sponsor #236
NCT100008415,Industry,Industry Sponsor #271
NCT100008416,Other,Other Sponsor #64
NCT100008417,Industry,Industry Sponsor #41
NCT100008418,Industry,Industry Sponsor #332
NCT100008419,Other,Other Sponsor #282
NCT100008420,Other,Other Sponsor #128
NCT100008421,Other,Other Sponsor #144
NCT100008422,Industry,Industry Sponsor #88
NCT100008423,NIH,NIH Sponsor #4
NCT100008424,Other,Other Sponsor #58
NCT100008425,NIH,NIH Sponsor #210
NCT100008426,Industry,Industry Sponsor #59
NCT100008427,Industry,Industry Sponsor #377
NCT100008428,Industry,Industry Sponsor #82
NCT100008429,Industry,Industry Sponsor #185
NCT100008430,Other,Other Sponsor #253
NCT100008431,Other,Other Sponsor #223
NCT100008432,Industry,Industry Sponsor #88
NCT100008433,Industry,Industry Sponsor #92
NCT100008434,Other,Other Sponsor #175
NCT100008435,Industry,Industry Sponsor #28
NCT100008436,Industry,Industry Sponsor #128
NCT100008437,Industry,Industry Sponsor #139
NCT100008438,Industry,Industry Sponsor #42
NCT100008439,Industry,Industry Sponsor #288
NCT100008440,Other,Other Sponsor #240
NCT100008441,Industry,Industry Sponsor #102
NCT100008442,Other,Other Sponsor #24
NCT100008443,Other,Other Sponsor #131
NCT100008444,NIH,NIH Sponsor #265
NCT100008445,Other,Other Sponsor #262
NCT100008446,Industry,Industry Sponsor #141
NCT100008447,Industry,Industry Sponsor #76
NCT100008448,NIH,NIH Sponsor #9
NCT100008449,Industry,Industry Sponsor #116
NCT100008450,Industry,Industry Sponsor #46
NCT100008451,Industry,Industry Sponsor #200
NCT100008452,Other,Other Sponsor #371
NCT100008453,Industry,Industry Sponsor #346
NCT100008454,Industry,Industry Sponsor #37
NCT100008455,Industry,Industry Sponsor #400
NCT100008456,Industry,Industry Sponsor #159
NCT100008457,Other,Other Sponsor #210
NCT100008458,Other,Other Sponsor #4
NCT100008459,Industry,Industry Sponsor #100
NCT100008460,Industry,Industry Sponsor #200
NCT100008461,Industry,Industry Sponsor #52
NCT100008462,Other,Other Sponsor #129
NCT100008463,Other,Other Sponsor #356
NCT100008464,Industry,Industry Sponsor #197
NCT100008465,Industry,Industry Sponsor #235
NCT100008466,Other,Other Sponsor #61
NCT100008467,Industry,Industry Sponsor #355
NCT100008468,Industry,Industry Sponsor #217
NCT100008469,Other,Other Sponsor #94
NCT100008470,Industry,Industry Sponsor #15
NCT100008471,Other,Other Sponsor #263
NCT100008472,Industry,Industry Sponsor #345
NCT100008473,Other,Other Sponsor #75
NCT100008474,Other,Other Sponsor #112
NCT100008475,Industry,Industry Sponsor #113
NCT100008476,Industry,Industry Sponsor #127
NCT100008477,Industry,Industry Sponsor #337
NCT100008478,Industry,Industry Sponsor #222
NCT100008479,Industry,Industry Sponsor #20
NCT100008480,NIH,NIH Sponsor #237
NCT100008481,Industry,Industry Sponsor #35
NCT100008482,Industry,Industry Sponsor #137
NCT100008483,Industry,Industry Sponsor #213
NCT100008484,Industry,Industry Sponsor #35
NCT100008485,NIH,NIH Sponsor #349
NCT100008486,Other,Other Sponsor #319
NCT100008487,Other,Other Sponsor #277
NCT100008488,Industry,Industry Sponsor #133
NCT100008489,Other,Other Sponsor #186
NCT100008490,Industry,Industry Sponsor #21
NCT100008491,Other,Other Sponsor #279
NCT100008492,Other,Other Sponsor #303
NCT100008493,NIH,NIH Sponsor #103
NCT100008494,Industry,Industry Sponsor #153
NCT100008495,Other,Other Sponsor #276
NCT100008496,Other,Other Sponsor #392
NCT100008497,Industry,Industry Sponsor #352
NCT100008498,Industry,Industry Sponsor #84
NCT100008499,Industry,Industry Sponsor #124
NCT100008500,Other,Other Sponsor #128
NCT100008501,NIH,NIH Sponsor #308
NCT100008502,Industry,Industry Sponsor #97
NCT100008503,Industry,Industry Sponsor #356
NCT100008504,Other,Other Sponsor #204
NCT100008505,NIH,NIH Sponsor #48
NCT100008506,Other,Other Sponsor #355
NCT100008507,Other,Other Sponsor #18
NCT100008508,Other,Other Sponsor #360
NCT100008509,Industry,Industry Sponsor #141
NCT100008510,Other,Other Sponsor #122
NCT100008511,Other,Other Sponsor #223
NCT100008512,Industry,Industry Sponsor #291
NCT100008513,Other,Other Sponsor #236
NCT100008514,Other,Other Sponsor #15
NCT100008515,Industry,Industry Sponsor #143
NCT100008516,Other,Other Sponsor #239
NCT100008517,Industry,Industry Sponsor #193
NCT100008518,Other,Other Sponsor #391
NCT100008519,Other,Other Sponsor #261
NCT100008520,Other,Other Sponsor #224
NCT100008521,Industry,Industry Sponsor #154
NCT100008522,Industry,Industry Sponsor #136
NCT100008523,NIH,NIH Sponsor #186
NCT100008524,Other,Other Sponsor #107
NCT100008525,Industry,Industry Sponsor #133
NCT100008526,Industry,Industry Sponsor #154
NCT100008527,NIH,NIH Sponsor #40
NCT100008528,Industry,Industry Sponsor #92
NCT100008529,Other,Other Sponsor #342
NCT100008530,Industry,Industry Sponsor #145
NCT100008531,Other,Other Sponsor #167
NCT100008532,Industry,Industry Sponsor #108
NCT100008533,Industry,Industry Sponsor #163
NCT100008534,Industry,Industry Sponsor #347
NCT100008535,Industry,Industry Sponsor #320
NCT100008536,Industry,Industry Sponsor #328
NCT100008537,Other,Other Sponsor #8
NCT100008538,Industry,Industry Sponsor #353
NCT100008539,Industry,Industry Sponsor #135
NCT100008540,Other,Other Sponsor #368
NCT100008541,Other,Other Sponsor #163
NCT100008542,Industry,Industry Sponsor #82
NCT100008543,Other,Other Sponsor #31
NCT100008544,Industry,Industry Sponsor #274
NCT100008545,Industry,Industry Sponsor #249
NCT100008546,Industry,Industry Sponsor #35
NCT100008547,Other,Other Sponsor #200
NCT100008548,Industry,Industry Sponsor #329
NCT100008549,Industry,Industry Sponsor #106
NCT100008550,Industry,Industry Sponsor #219
NCT100008551,Industry,Industry Sponsor #74
NCT100008552,NIH,NIH Sponsor #289
NCT100008553,NIH,NIH Sponsor #15
NCT100008554,Other,Other Sponsor #76
NCT100008555,Industry,Industry Sponsor #290
NCT100008556,Industry,Industry Sponsor #200
NCT100008557,Other,Other Sponsor #352
NCT100008558,Industry,Industry Sponsor #23
NCT100008559,Industry,Industry Sponsor #385
NCT100008560,Other,Other Sponsor #41
NCT100008561,Industry,Industry Sponsor #367
NCT100008562,Industry,Industry Sponsor #393
NCT100008563,Industry,Industry Sponsor #385
NCT100008564,Other,Other Sponsor #124
NCT100008565,Industry,Industry Sponsor #240
NCT100008566,Other,Other Sponsor #32
NCT100008567,Industry,Industry Sponsor #182
NCT100008568,Other,Other Sponsor #29
NCT100008569,Industry,Industry Sponsor #381
NCT100008570,NIH,NIH Sponsor #71
NCT100008571,Other,Other Sponsor #77
NCT100008572,Industry,Industry Sponsor #377
NCT100008573,Industry,Industry Sponsor #398
NCT100008574,Industry,Industry Sponsor #256
NCT100008575,Other,Other Sponsor #377
NCT100008576,Other,Other Sponsor #119
NCT100008577,Other,Other Sponsor #345
NCT100008578,Other,Other Sponsor #372
NCT100008579,Other,Other Sponsor #191
NCT100008580,Other,Other Sponsor #178
NCT100008581,Industry,Industry Sponsor #349
NCT100008582,Other,Other Sponsor #37
NCT100008583,Other,Other Sponsor #282
NCT100008584,Industry,Industry Sponsor #223
NCT100008585,Other,Other Sponsor #297
NCT100008586,Industry,Industry Sponsor #137
NCT100008587,Industry,Industry Sponsor #14
NCT100008588,Other,Other Sponsor #242
NCT100008589,Industry,Industry Sponsor #92
NCT100008590,Industry,Industry Sponsor #278
NCT100008591,Industry,Industry Sponsor #271
NCT100008592,Industry,Industry Sponsor #60
NCT100008593,Other,Other Sponsor #239
NCT100008594,Other,Other Sponsor #23
NCT100008595,Industry,Industry Sponsor #373
NCT100008596,Other,Other Sponsor #101
NCT100008597,Other,Other Sponsor #353
NCT100008598,Other,Other Sponsor #65
NCT100008599,Other,Other Sponsor #339
NCT100008600,Industry,Industry Sponsor #194
NCT100008601,Other,Other Sponsor #85
NCT100008602,Other,Other Sponsor #358
NCT100008603,Industry,Industry Sponsor #375
NCT100008604,Other,Other Sponsor #93
NCT100008605,Industry,Industry Sponsor #395
NCT100008606,Industry,Industry Sponsor #61
NCT100008607,Industry,Industry Sponsor #224
NCT100008608,Other,Other Sponsor #63
NCT100008609,Other,Other Sponsor #386
NCT100008610,Industry,Industry Sponsor #341
NCT100008611,Industry,Industry Sponsor #346
NCT100008612,Industry,Industry Sponsor #325
NCT100008613,Industry,Industry Sponsor #256
NCT100008614,Other,Other Sponsor #391
NCT100008615,Industry,Industry Sponsor #380
NCT100008616,Industry,Industry Sponsor #9
NCT100008617,Industry,Industry Sponsor #367
NCT100008618,Industry,Industry Sponsor #207
NCT100008619,Industry,Industry Sponsor #230
NCT100008620,Industry,Industry Sponsor #99
NCT100008621,Other,Other Sponsor #43
NCT100008622,Other,Other Sponsor #199
NCT100008623,Industry,Industry Sponsor #373
NCT100008624,Industry,Industry Sponsor #60
NCT100008625,Industry,Industry Sponsor #197
NCT100008626,Other,Other Sponsor #282
NCT100008627,Other,Other Sponsor #221
NCT100008628,Industry,Industry Sponsor #165
NCT100008629,Industry,Industry Sponsor #297
NCT100008630,Industry,Industry Sponsor #265
NCT100008631,Industry,Industry Sponsor #129
NCT100008632,Other,Other Sponsor #15
NCT100008633,NIH,NIH Sponsor #397
NCT100008634,Industry,Industry Sponsor #274
NCT100008635,Industry,Industry Sponsor #126
NCT100008636,Other,Other Sponsor #260
NCT100008637,NIH,NIH Sponsor #44
NCT100008638,Industry,Industry Sponsor #227
NCT100008639,Industry,Industry Sponsor #321
NCT100008640,NIH,NIH Sponsor #243
NCT100008641,Industry,Industry Sponsor #146
NCT100008642,Industry,Industry Sponsor #34
NCT100008643,Other,Other Sponsor #321
NCT100008644,Industry,Industry Sponsor #15
NCT100008645,Other,Other Sponsor #87
NCT100008646,Industry,Industry Sponsor #48
NCT100008647,Industry,Industry Sponsor #372
NCT100008648,Industry,Industry Sponsor #148
NCT100008649,Other,Other Sponsor #39
NCT100008650,NIH,NIH Sponsor #353
NCT100008651,Other,Other Sponsor #227
NCT100008652,Other,Other Sponsor #150
NCT100008653,Other,Other Sponsor #8
NCT100008654,Other,Other Sponsor #193
NCT100008655,Industry,Industry Sponsor #298
NCT100008656,Industry,Industry Sponsor #298
NCT100008657,Other,Other Sponsor #235
NCT100008658,Industry,Industry Sponsor #182
NCT100008659,Other,Other Sponsor #306
NCT100008660,Other,Other Sponsor #247
NCT100008661,Other,Other Sponsor #375
NCT100008662,Other,Other Sponsor #121
NCT100008663,Industry,Industry Sponsor #48
NCT100008664,Industry,Industry Sponsor #27
NCT100008665,Industry,Industry Sponsor #2
NCT100008666,Industry,Industry Sponsor #108
NCT100008667,Other,Other Sponsor #225
NCT100008668,Industry,Industry Sponsor #85
NCT100008669,Other,Other Sponsor #204
NCT100008670,Industry,Industry Sponsor #351
NCT100008671,Other,Other Sponsor #345
NCT100008672,Other,Other Sponsor #178
NCT100008673,Industry,Industry Sponsor #159
NCT100008674,Other,Other Sponsor #381
NCT100008675,Industry,Industry Sponsor #151
NCT100008676,Industry,Industry Sponsor #371
NCT100008677,Other,Other Sponsor #400
NCT100008678,Industry,Industry Sponsor #84
NCT100008679,Other,Other Sponsor #52
NCT100008680,Industry,Industry Sponsor #318
NCT100008681,Industry,Industry Sponsor #171
NCT100008682,Industry,Industry Sponsor #265
NCT100008683,Industry,Industry Sponsor #285
NCT100008684,Industry,Industry Sponsor #198
NCT100008685,Industry,Industry Sponsor #248
NCT100008686,Other,Other Sponsor #154
NCT100008687,Other,Other Sponsor #175
NCT100008688,Other,Other Sponsor #318
NCT100008689,Industry,Industry Sponsor #103
NCT100008690,Industry,Industry Sponsor #28
NCT100008691,Industry,Industry Sponsor #163
NCT100008692,Industry,Industry Sponsor #204
NCT100008693,Other,Other Sponsor #321
NCT100008694,Industry,Industry Sponsor #136
NCT100008695,Other,Other Sponsor #222
NCT100008696,Other,Other Sponsor #13
NCT100008697,Industry,Industry Sponsor #267
NCT100008698,NIH,NIH Sponsor #132
NCT100008699,Other,Other Sponsor #234
NCT100008700,Other,Other Sponsor #89
NCT100008701,Industry,Industry Sponsor #388
NCT100008702,NIH,NIH Sponsor #82
NCT100008703,Industry,Industry Sponsor #109
NCT100008704,Other,Other Sponsor #66
NCT100008705,NIH,NIH Sponsor #383
NCT100008706,Other,Other Sponsor #72
NCT100008707,Industry,Industry Sponsor #123
NCT100008708,Other,Other Sponsor #88
NCT100008709,NIH,NIH Sponsor #205
NCT100008710,Industry,Industry Sponsor #49
NCT100008711,Other,Other Sponsor #361
NCT100008712,Industry,Industry Sponsor #192
NCT100008713,Other,Other Sponsor #369
NCT100008714,Other,Other Sponsor #395
NCT100008715,Industry,Industry Sponsor #341
NCT100008716,Industry,Industry Sponsor #89
NCT100008717,Industry,Industry Sponsor #50
NCT100008718,Industry,Industry Sponsor #221
NCT100008719,Industry,Industry Sponsor #112
NCT100008720,Industry,Industry Sponsor #285
NCT100008721,Industry,Industry Sponsor #151
NCT100008722,Other,Other Sponsor #278
NCT100008723,Industry,Industry Sponsor #357
NCT100008724,Industry,Industry Sponsor #177
NCT100008725,Industry,Industry Sponsor #94
NCT100008726,Other,Other Sponsor #138
NCT100008727,Industry,Industry Sponsor #189
NCT100008728,Other,Other Sponsor #248
NCT100008729,Other,Other Sponsor #381
NCT100008730,Industry,Industry Sponsor #366
NCT100008731,Industry,Industry Sponsor #338
NCT100008732,Other,Other Sponsor #244
NCT100008733,Other,Other Sponsor #179
NCT100008734,Other,Other Sponsor #3
NCT100008735,Other,Other Sponsor #287
NCT100008736,Industry,Industry Sponsor #3
NCT100008737,Industry,Industry Sponsor #67
NCT100008738,Other,Other Sponsor #393
NCT100008739,Industry,Industry Sponsor #26
NCT100008740,Other,Other Sponsor #86
NCT100008741,Other,Other Sponsor #246
NCT100008742,Other,Other Sponsor #293
NCT100008743,NIH,NIH Sponsor #342
NCT100008744,Other,Other Sponsor #88
NCT100008745,Other,Other Sponsor #17
NCT100008746,Industry,Industry Sponsor #178
NCT100008747,Industry,Industry Sponsor #260
NCT100008748,Industry,Industry Sponsor #346
NCT100008749,Industry,Industry Sponsor #72
NCT100008750,Other,Other Sponsor #294
NCT100008751,Industry,Industry Sponsor #57
NCT100008752,Other,Other Sponsor #121
NCT100008753,Industry,Industry Sponsor #177
NCT100008754,NIH,NIH Sponsor #143
NCT100008755,Industry,Industry Sponsor #289
NCT100008756,Industry,Industry Sponsor #337
NCT100008757,Other,Other Sponsor #166
NCT100008758,Other,Other Sponsor #27
NCT100008759,Industry,Industry Sponsor #382
NCT100008760,Other,Other Sponsor #320
NCT100008761,Industry,Industry Sponsor #386
NCT100008762,Other,Other Sponsor #223
NCT100008763,Other,Other Sponsor #278
NCT100008764,Industry,Industry Sponsor #60
NCT100008765,Other,Other Sponsor #132
NCT100008766,Other,Other Sponsor #344
NCT100008767,Industry,Industry Sponsor #217
NCT100008768,Industry,Industry Sponsor #136
NCT100008769,NIH,NIH Sponsor #60
NCT100008770,Industry,Industry Sponsor #139
NCT100008771,Industry,Industry Sponsor #376
NCT100008772,Other,Other Sponsor #297
NCT100008773,Industry,Industry Sponsor #58
NCT100008774,NIH,NIH Sponsor #329
NCT100008775,Industry,Industry Sponsor #105
NCT100008776,Industry,Industry Sponsor #36
NCT100008777,Industry,Industry Sponsor #48
NCT100008778,Other,Other Sponsor #204
NCT100008779,Industry,Industry Sponsor #359
NCT100008780,Industry,Industry Sponsor #295
NCT100008781,Industry,Industry Sponsor #230
NCT100008782,Other,Other Sponsor #10
NCT100008783,Industry,Industry Sponsor #111
NCT100008784,Other,Other Sponsor #101
NCT100008785,Other,Other Sponsor #198
NCT100008786,Other,Other Sponsor #237
NCT100008787,Industry,Industry Sponsor #241
NCT100008788,Other,Other Sponsor #91
NCT100008789,Other,Other Sponsor #252
NCT100008790,Industry,Industry Sponsor #368
NCT100008791,Industry,Industry Sponsor #380
NCT100008792,Industry,Industry Sponsor #186
NCT100008793,Industry,Industry Sponsor #65
NCT100008794,Other,Other Sponsor #32
NCT100008795,Industry,Industry Sponsor #211
NCT100008796,Industry,Industry Sponsor #280
NCT100008797,Other,Other Sponsor #305
NCT100008798,Other,Other Sponsor #35
NCT100008799,Other,Other Sponsor #293
NCT100008800,Industry,Industry Sponsor #283
NCT100008801,Other,Other Sponsor #345
NCT100008802,Industry,Industry Sponsor #78
NCT100008803,Other,Other Sponsor #393
NCT100008804,Industry,Industry Sponsor #178
NCT100008805,Industry,Industry Sponsor #243
NCT100008806,Industry,Industry Sponsor #320
NCT100008807,Industry,Industry Sponsor #75
NCT100008808,Industry,Industry Sponsor #331
NCT100008809,Industry,Industry Sponsor #323
NCT100008810,Industry,Industry Sponsor #66
NCT100008811,Other,Other Sponsor #70
NCT100008812,Other,Other Sponsor #66
NCT100008813,Other,Other Sponsor #167
NCT100008814,Other,Other Sponsor #242
NCT100008815,Other,Other Sponsor #191
NCT100008816,Industry,Industry Sponsor #260
NCT100008817,Other,Other Sponsor #236
NCT100008818,Industry,Industry Sponsor #122
NCT100008819,Industry,Industry Sponsor #361
NCT100008820,Other,Other Sponsor #33
NCT100008821,Industry,Industry Sponsor #68
NCT100008822,NIH,NIH Sponsor #24
NCT100008823,Other,Other Sponsor #359
NCT100008824,Other,Other Sponsor #45
NCT100008825,Industry,Industry Sponsor #355
NCT100008826,Industry,Industry Sponsor #38
NCT100008827,Other,Other Sponsor #188
NCT100008828,Other,Other Sponsor #177
NCT100008829,Industry,Industry Sponsor #70
NCT100008830,Other,Other Sponsor #138
NCT100008831,Industry,Industry Sponsor #317
NCT100008832,Industry,Industry Sponsor #150
NCT100008833,Other,Other Sponsor #112
NCT100008834,Other,Other Sponsor #232
NCT100008835,Industry,Industry Sponsor #315
NCT100008836,Other,Other Sponsor #297
NCT100008837,Industry,Industry Sponsor #65
NCT100008838,Industry,Industry Sponsor #356
NCT100008839,Industry,Industry Sponsor #16
NCT100008840,Industry,Industry Sponsor #24
NCT100008841,Other,Other Sponsor #206
NCT100008842,Other,Other Sponsor #242
NCT100008843,Other,Other Sponsor #294
NCT100008844,Industry,Industry Sponsor #271
NCT100008845,Other,Other Sponsor #372
NCT100008846,Industry,Industry Sponsor #293
NCT100008847,NIH,NIH Sponsor #217
NCT100008848,Other,Other Sponsor #351
NCT100008849,Other,Other Sponsor #34
NCT100008850,Other,Other Sponsor #62
NCT100008851,Other,Other Sponsor #139
NCT100008852,Other,Other Sponsor #275
NCT100008853,Industry,Industry Sponsor #377
NCT100008854,Industry,Industry Sponsor #189
NCT100008855,Industry,Industry Sponsor #368
NCT100008856,Other,Other Sponsor #120
NCT100008857,Other,Other Sponsor #393
NCT100008858,Industry,Industry Sponsor #327
NCT100008859,Industry,Industry Sponsor #6
NCT100008860,Other,Other Sponsor #318
NCT100008861,NIH,NIH Sponsor #131
NCT100008862,Other,Other Sponsor #109
NCT100008863,Other,Other Sponsor #98
NCT100008864,Other,Other Sponsor #262
NCT100008865,Industry,Industry Sponsor #273
NCT100008866,Industry,Industry Sponsor #178
NCT100008867,Industry,Industry Sponsor #171
NCT100008868,Industry,Industry Sponsor #386
NCT100008869,Other,Other Sponsor #118
NCT100008870,Industry,Industry Sponsor #180
NCT100008871,Industry,Industry Sponsor #18
NCT100008872,Industry,Industry Sponsor #165
NCT100008873,Industry,Industry Sponsor #72
NCT100008874,Other,Other Sponsor #258
NCT100008875,Industry,Industry Sponsor #184
NCT100008876,Industry,Industry Sponsor #13
NCT100008877,Industry,Industry Sponsor #159
NCT100008878,Other,Other Sponsor #349
NCT100008879,Industry,Industry Sponsor #194
NCT100008880,Other,Other Sponsor #307
NCT100008881,Other,Other Sponsor #210
NCT100008882,Industry,Industry Sponsor #47
NCT100008883,Industry,Industry Sponsor #114
NCT100008884,Industry,Industry Sponsor #114
NCT100008885,Industry,Industry Sponsor #149
NCT100008886,Industry,Industry Sponsor #318
NCT100008887,Other,Other Sponsor #164
NCT100008888,Other,Other Sponsor #399
NCT100008889,Industry,Industry Sponsor #199
NCT100008890,Industry,Industry Sponsor #107
NCT100008891,Other,Other Sponsor #297
NCT100008892,Other,Other Sponsor #287
NCT100008893,Industry,Industry Sponsor #205
NCT100008894,Industry,Industry Sponsor #101
NCT100008895,Other,Other Sponsor #131
NCT100008896,Other,Other Sponsor #228
NCT100008897,Industry,Industry Sponsor #15
NCT100008898,Other,Other Sponsor #3
NCT100008899,Industry,Industry Sponsor #243
NCT100008900,Industry,Industry Sponsor #52
NCT100008901,Industry,Industry Sponsor #285
NCT100008902,Industry,Industry Sponsor #256
NCT100008903,Other,Other Sponsor #250
NCT100008904,Other,Other Sponsor #83
NCT100008905,Industry,Industry Sponsor #299
NCT100008906,Industry,Industry Sponsor #158
NCT100008907,Other,Other Sponsor #298
NCT100008908,Industry,Industry Sponsor #296
NCT100008909,Industry,Industry Sponsor #195
NCT100008910,Industry,Industry Sponsor #228
NCT100008911,Other,Other Sponsor #176
NCT100008912,Industry,Industry Sponsor #335
NCT100008913,Industry,Industry Sponsor #71
NCT100008914,Industry,Industry Sponsor #281
NCT100008915,Industry,Industry Sponsor #89
NCT100008916,Industry,Industry Sponsor #286
NCT100008917,NIH,NIH Sponsor #139
NCT100008918,Industry,Industry Sponsor #332
NCT100008919,Other,Other Sponsor #161
NCT100008920,NIH,NIH Sponsor #67
NCT100008921,Other,Other Sponsor #165
NCT100008922,Other,Other Sponsor #261
NCT100008923,Other,Other Sponsor #138
NCT100008924,Industry,Industry Sponsor #348
NCT100008925,Other,Other Sponsor #339
NCT100008926,Other,Other Sponsor #1
NCT100008927,Industry,Industry Sponsor #397
NCT100008928,Industry,Industry Sponsor #14
NCT100008929,Industry,Industry Sponsor #155
NCT100008930,Industry,Industry Sponsor #24
NCT100008931,Industry,Industry Sponsor #263
NCT100008932,NIH,NIH Sponsor #71
NCT100008933,Other,Other Sponsor #103
NCT100008934,NIH,NIH Sponsor #142
NCT100008935,Other,Other Sponsor #235
NCT100008936,Industry,Industry Sponsor #252
NCT100008937,Industry,Industry Sponsor #11
NCT100008938,Industry,Industry Sponsor #9
NCT100008939,Industry,Industry Sponsor #247
NCT100008940,Industry,Industry Sponsor #104
NCT100008941,Other,Other Sponsor #264
NCT100008942,Industry,Industry Sponsor #275
NCT100008943,Industry,Industry Sponsor #133
NCT100008944,Other,Other Sponsor #265
NCT100008945,Other,Other Sponsor #279
NCT100008946,Other,Other Sponsor #344
NCT100008947,Industry,Industry Sponsor #218
NCT100008948,NIH,NIH Sponsor #261
NCT100008949,Other,Other Sponsor #123
NCT100008950,Other,Other Sponsor #399
NCT100008951,Industry,Industry Sponsor #245
NCT100008952,Other,Other Sponsor #349
NCT100008953,Industry,Industry Sponsor #176
NCT100008954,Industry,Industry Sponsor #187
NCT100008955,Industry,Industry Sponsor #114
NCT100008956,Other,Other Sponsor #205
NCT100008957,Other,Other Sponsor #223
NCT100008958,Other,Other Sponsor #266
NCT100008959,Other,Other Sponsor #163
NCT100008960,Industry,Industry Sponsor #109
NCT100008961,Industry,Industry Sponsor #384
NCT100008962,Industry,Industry Sponsor #375
NCT100008963,Industry,Industry Sponsor #238
NCT100008964,Other,Other Sponsor #324
NCT100008965,Other,Other Sponsor #181
NCT100008966,Other,Other Sponsor #60
NCT100008967,Industry,Industry Sponsor #355
NCT100008968,Industry,Industry Sponsor #356
NCT100008969,Industry,Industry Sponsor #23
NCT100008970,Industry,Industry Sponsor #311
NCT100008971,Industry,Industry Sponsor #205
NCT100008972,Other,Other Sponsor #27
NCT100008973,Other,Other Sponsor #70
NCT100008974,Industry,Industry Sponsor #155
NCT100008975,Other,Other Sponsor #362
NCT100008976,Industry,Industry Sponsor #29
NCT100008977,Other,Other Sponsor #190
NCT100008978,Industry,Industry Sponsor #56
NCT100008979,Other,Other Sponsor #139
NCT100008980,Other,Other Sponsor #56
NCT100008981,NIH,NIH Sponsor #237
NCT100008982,Industry,Industry Sponsor #269
NCT100008983,Industry,Industry Sponsor #359
NCT100008984,NIH,NIH Sponsor #215
NCT100008985,Other,Other Sponsor #101
NCT100008986,NIH,NIH Sponsor #387
NCT100008987,Industry,Industry Sponsor #314
NCT100008988,NIH,NIH Sponsor #180
NCT100008989,Other,Other Sponsor #90
NCT100008990,Other,Other Sponsor #383
NCT100008991,Industry,Industry Sponsor #115
NCT100008992,Industry,Industry Sponsor #93
NCT100008993,Other,Other Sponsor #87
NCT100008994,Other,Other Sponsor #114
NCT100008995,Other,Other Sponsor #214
NCT100008996,Industry,Industry Sponsor #239
NCT100008997,Industry,Industry Sponsor #97
NCT100008998,Industry,Industry Sponsor #147
NCT100008999,Industry,Industry Sponsor #274
